{"type":"FeatureCollection","features":[{"type":"Feature","properties":{"name":"中华人民共和国","adcode":"100000","level":"country"},"geometry":{"type":"MultiPolygon","coordinates":[[[[109.72701790085563,7.517915951560212],[109.50957352849582,7.321564705646949],[109.46360224494777,7.311097713089282],[109.6494038649966,7.56100665443347],[109.94669028153146,7.514711743552311],[109.72701790085563,7.517915951560212]]],[[[111.55914721337342,7.604084442143403],[111.579216292598,7.544770470480785],[111.53869851142747,7.526016876377923],[111.55914721337342,7.604084442143403]]],[[[111.68681694324727,7.713295909878582],[111.7338298845417,7.683143878287638],[111.6717709121981,7.645303528135287],[111.68681694324727,7.713295909878582]]],[[[110.45818128883565,7.807103457758387],[110.50778300418261,7.80732122409546],[110.46130337165351,7.784595484594206],[110.45818128883565,7.807103457758387]]],[[[111.61539141937874,7.8422496800789645],[111.54941719724604,7.809396027504704],[111.60512688309944,7.863463273411583],[111.61539141937874,7.8422496800789645]]],[[[110.0528961268547,7.954745480019994],[110.05553335997672,7.854842904676502],[109.9330478961437,7.8255552384836164],[109.94919772629424,7.890301600038811],[110.0528961268547,7.954745480019994]]],[[[111.65170733772362,7.9359181891733215],[111.70828011103845,7.888964175056856],[111.63448775860348,7.908799123880726],[111.65170733772362,7.9359181891733215]]],[[[110.61500747561468,8.038429205843215],[110.63885986599024,7.9907898372813975],[110.60955728993713,7.989677911906142],[110.61500747561468,8.038429205843215]]],[[[110.59108390030207,8.175006871670064],[110.5506157086482,8.095469194048292],[110.46736107455422,8.073648449516497],[110.45766874811449,8.129869950338104],[110.59108390030207,8.175006871670064]]],[[[111.4733508352731,8.549108427512067],[111.49270308557914,8.526032582837672],[111.45881792141017,8.524117690579203],[111.4733508352731,8.549108427512067]]],[[[111.65375741247482,8.67483357850682],[111.71340083817836,8.651852908185106],[111.65362529936823,8.629137835542906],[111.65375741247482,8.67483357850682]]],[[[111.5513452447874,9.286971556991944],[111.52467031688172,9.264174504849734],[111.51625866550523,9.265762173385554],[111.5513452447874,9.286971556991944]]],[[[111.21608352043842,15.803387779422735],[111.19701704769875,15.773022129168169],[111.18807216040216,15.779731352220153],[111.21608352043842,15.803387779422735]]],[[[111.70541271532466,16.215708210965204],[111.71890032379122,16.20363431966814],[111.69850571067025,16.208583665703713],[111.70541271532466,16.215708210965204]]],[[[111.60925437738786,16.17958348039332],[111.69587383660843,16.200330434401963],[111.5635929624454,16.164784642397592],[111.57318543266177,16.21042476858827],[111.67642296574746,16.264127457216603],[111.60925437738786,16.17958348039332]]],[[[111.53690416519532,16.43432884889728],[111.52851577118588,16.463141820538794],[111.54598652825592,16.455435523630797],[111.53690416519532,16.43432884889728]]],[[[111.71172427885267,16.455680606874807],[111.70159966089585,16.44536214904423],[111.69295885866461,16.451166003908156],[111.71172427885267,16.455680606874807]]],[[[111.57373834035224,16.449409178290864],[111.6022049426042,16.474105485280177],[111.60958441149171,16.44237187985857],[111.57373834035224,16.449409178290864]]],[[[111.5887336397459,16.50765852172367],[111.58233064304505,16.502870700222786],[111.58484941297013,16.50962128129737],[111.5887336397459,16.50765852172367]]],[[[111.60798641514117,16.546298256759428],[111.61349601812697,16.53094825845534],[111.59523388013969,16.53071131767331],[111.60798641514117,16.546298256759428]]],[[[111.7170835574604,16.54626063901742],[111.71804651823248,16.54307317458762],[111.7163795897464,16.54351402495257],[111.7170835574604,16.54626063901742]]],[[[111.68723812723806,16.56690699666052],[111.68570322462438,16.56568507340745],[111.6860833779458,16.567534953675477],[111.68723812723806,16.56690699666052]]],[[[111.65089420850114,16.567368438802646],[111.6623078850011,16.556348261563073],[111.65065799796844,16.56059937935811],[111.65089420850114,16.567368438802646]]],[[[111.6999520084787,16.57571106721224],[111.71815595943013,16.59155387780936],[111.72661727406825,16.562427483441866],[111.6999520084787,16.57571106721224]]],[[[111.4634289254048,17.077572941637982],[111.46374950673464,17.060360759441664],[111.45402801528087,17.07455247321826],[111.4634289254048,17.077572941637982]]],[[[111.48886930717276,17.06030449065986],[111.5318489563644,17.106463966339106],[111.44513000784383,17.092870854806392],[111.55467810171331,17.11034683693714],[111.48886930717276,17.06030449065986]]],[[[109.69940259505393,18.18435490055839],[109.69083860481783,18.185338669843986],[109.69780757006362,18.188874164711194],[109.69940259505393,18.18435490055839]]],[[[109.41808056486633,18.215479535452346],[109.41189192966897,18.217070620513027],[109.41364721025082,18.222618834991295],[109.41808056486633,18.215479535452346]]],[[[109.66047292488588,18.222429300172337],[109.6622165349653,18.213191765387762],[109.65776048505865,18.221145724795463],[109.66047292488588,18.222429300172337]]],[[[109.36341290008534,18.229593404811965],[109.37722089472868,18.233111270269035],[109.37316028481956,18.226609949789577],[109.36341290008534,18.229593404811965]]],[[[109.47324199971871,18.23067200041271],[109.48266104467177,18.23708887005546],[109.49427073470667,18.244508445108863],[109.47324199971871,18.23067200041271]]],[[[109.27474143526928,18.29169497534275],[109.27394579965892,18.283622979916743],[109.27156232464176,18.29065067538852],[109.27474143526928,18.29169497534275]]],[[[109.27745690491241,18.29156415546163],[109.28240069043966,18.297582615545537],[109.28293911005204,18.29371633474102],[109.27745690491241,18.29156415546163]]],[[[109.75544999971794,18.31527352035681],[109.76246796542449,18.30603057974747],[109.75570546023897,18.311415530402655],[109.75544999971794,18.31527352035681]]],[[[109.11109668046771,18.352391630369652],[109.11637827473788,18.344140790365316],[109.1074173453344,18.351339625023854],[109.11109668046771,18.352391630369652]]],[[[110.2000079304218,18.5793936350085],[110.19286585467569,18.575128445521386],[110.1984854096741,18.582279000076085],[110.2000079304218,18.5793936350085]]],[[[110.19774899981672,18.60473699971294],[110.19759199977125,18.612131999892085],[110.1996330003629,18.610547999690482],[110.19774899981672,18.60473699971294]]],[[[110.20748500003288,18.61115290528261],[110.20207886045137,18.61693380495143],[110.20766350017061,18.61631629985743],[110.20748500003288,18.61115290528261]]],[[[110.35385406970954,18.642054775407757],[110.36278252459414,18.63986567985745],[110.35292670500365,18.63838360971596],[110.35385406970954,18.642054775407757]]],[[[110.47477763507993,18.667733730227724],[110.49458802521735,18.667035080204926],[110.47917145459917,18.65544422017456],[110.47477763507993,18.667733730227724]]],[[[110.47575361983377,18.690444035563928],[110.47326676504946,18.67538175016756],[110.47056956513359,18.689399155546766],[110.47575361983377,18.690444035563928]]],[[[110.46726499997999,18.87708400002657],[110.46715100011869,18.87144399984095],[110.46335300034093,18.874557000405275],[110.46726499997999,18.87708400002657]]],[[[110.57572068466214,19.143550425212027],[110.56034550534099,19.143603750512852],[110.57495244959603,19.15087511009841],[110.57572068466214,19.143550425212027]]],[[[110.68740034534994,20.159881304878354],[110.78123681992332,20.011925555020525],[110.93273494985829,20.011712535305207],[111.04219469972571,19.6430625402042],[110.86443421486729,19.52422324540663],[110.82309769540251,19.59705945483023],[110.8737887100811,19.609666605429425],[110.90262392015808,19.64906446984935],[110.77945642037781,19.623897849806156],[110.83640336022705,19.529612535290312],[110.67155959959604,19.382162904994175],[110.55559946544315,19.14213504519637],[110.5145384451933,18.891481095576296],[110.50808263490586,18.894546375415132],[110.49162652984074,18.888843439772984],[110.47185235989878,18.869772835548133],[110.468859624772,18.87877007507916],[110.46506392995667,18.876539605318783],[110.46275983000208,18.874492885038762],[110.46931900027181,18.84945268539326],[110.43490579466697,18.835675225431544],[110.51253742036585,18.80176655028629],[110.50778472008898,18.891772670172543],[110.53924240990932,18.781853079855807],[110.4134904654129,18.660371700094117],[110.19769285963798,18.617928259981397],[110.04950206476877,18.38614465535153],[109.96784481458673,18.389478155292863],[110.01847241536984,18.409490835333827],[110.02362022019724,18.446683870564357],[109.76650418032403,18.391828720519243],[109.73741487489684,18.272335685143958],[109.70045205981489,18.28732493479805],[109.67394478532378,18.275896930299268],[109.72735742460577,18.21265292039601],[109.63227728027249,18.22861861525712],[109.5740172699812,18.159388555037992],[109.5657422903746,18.25749327499483],[109.48166680547894,18.188397159801298],[109.49655186507664,18.250111715183607],[109.46076290538394,18.28111467540225],[109.30933407540743,18.306293980383032],[109.17600353503536,18.286626864838013],[109.10701977034637,18.361679564960127],[108.68766255478334,18.506078714661214],[108.63975471970474,19.300299540092],[109.18158218976623,19.65488425980101],[109.20827863035476,19.678751290240143],[109.21137328474953,19.721346939709804],[109.30322455986578,19.695745744770477],[109.28708962518607,19.793997940053146],[109.15109683974765,19.70756574486353],[109.26182631003638,19.901118225026266],[109.53528689047783,19.836468400296724],[109.53770029493279,19.94626591034364],[109.71076864975367,20.01276427535123],[109.8037854651273,19.939361625238746],[109.940604785083,19.993209455452018],[109.99673523494334,19.896886269985487],[110.15320549973433,20.060285999999053],[110.28242244034357,20.02276691556085],[110.36687642470747,20.091435760152365],[110.58589129484767,19.99616964051677],[110.59996699967746,19.90909112505568],[110.57134928524158,20.091351564723084],[110.68740034534994,20.159881304878354]]],[[[110.61829999974532,19.210800000219933],[110.62459999979035,19.214200000529672],[110.62010000001527,19.21039999976034],[110.61829999974532,19.210800000219933]]],[[[108.66904928010035,19.32272116035324],[108.6613515402417,19.317041170014193],[108.66893182504384,19.325289200536417],[108.66904928010035,19.32272116035324]]],[[[109.1538054646507,19.660202514934156],[109.15827190982105,19.64760678032883],[109.14832100491049,19.65584447494274],[109.1538054646507,19.660202514934156]]],[[[109.16583823984291,19.675310135154803],[109.1727123248142,19.65479851034297],[109.16174506997925,19.66010475053389],[109.16583823984291,19.675310135154803]]],[[[109.19017117036339,19.6901828047927],[109.19965799991695,19.676593000067044],[109.18533000017953,19.668284000006793],[109.19017117036339,19.6901828047927]]],[[[111.20404057481278,19.908014929745207],[111.1969657296849,19.910209469791255],[111.19828859014643,19.914251819865854],[111.20404057481278,19.908014929745207]]],[[[110.55673076491308,20.02362002054747],[110.56095384544386,20.014928455184247],[110.55285863491832,20.01463464487324],[110.55673076491308,20.02362002054747]]],[[[110.22576163958826,20.06749325051311],[110.24631423481435,20.07629725541426],[110.24084147525411,20.06252612488089],[110.22576163958826,20.06749325051311]]],[[[110.58572837996093,20.380392760218],[110.56303592976428,20.333359335065552],[110.55367801532844,20.333355764756902],[110.58572837996093,20.380392760218]]],[[[110.55212360012422,20.552314000091258],[110.54837070044749,20.54418719997949],[110.54680470017706,20.55347500057104],[110.55212360012422,20.552314000091258]]],[[[110.40830987490091,20.610919395014207],[110.42275489981898,20.60383617989595],[110.41864992995062,20.590976630067587],[110.40830987490091,20.610919395014207]]],[[[110.37281264988411,20.67030511009301],[110.35315354460033,20.675944434888038],[110.34944158476145,20.68565263526108],[110.37281264988411,20.67030511009301]]],[[[110.40997055040077,20.710419725190206],[110.42721820995274,20.67857115043836],[110.40161490520387,20.68239502011437],[110.40997055040077,20.710419725190206]]],[[[109.73868040537633,20.797996505534513],[109.73956588505774,20.780696570190855],[109.75068119528112,20.763619889746224],[109.73508148042629,20.78185851495863],[109.73868040537633,20.797996505534513]]],[[[110.54917067528658,20.903108605278135],[110.63607206027751,20.916761795121033],[110.56153878518677,20.871214925028994],[110.54917067528658,20.903108605278135]]],[[[109.2038024446274,20.912267569892435],[109.2184559099125,20.910052324755213],[109.21237323463737,20.90231914980916],[109.2038024446274,20.912267569892435]]],[[[110.48139553017978,20.9251916451783],[110.4941559747187,20.925150254780704],[110.49950359991146,20.91703447046467],[110.48139553017978,20.9251916451783]]],[[[110.20880639459966,20.982736545155717],[110.20492433519007,20.944540104841906],[110.20037546535565,20.94651415000817],[110.20880639459966,20.982736545155717]]],[[[110.304526910189,21.07166331491021],[110.55028707029237,21.062061554697152],[110.52434994529403,20.926146570507854],[110.45650047032069,20.998306694798202],[110.25183493003817,20.959125120028432],[110.304526910189,21.07166331491021]]],[[[109.12775957474486,21.023855165183875],[109.08300896529175,21.049154634878505],[109.12953733478042,21.07020921008717],[109.12775957474486,21.023855165183875]]],[[[110.4235133754421,21.100187009722674],[110.40877300507015,21.102549610576318],[110.39146585536514,21.103582704977782],[110.41226958537334,21.1127521952576],[110.4235133754421,21.100187009722674]]],[[[110.42974015988074,21.17284564980713],[110.50174486963027,21.181541129919424],[110.6201753101426,21.209603959955018],[110.56547179029093,21.093414535552597],[110.42974015988074,21.17284564980713]]],[[[110.43702377542718,21.150966665179737],[110.42406300960039,21.164515094796002],[110.44164886010685,21.163468874789032],[110.43702377542718,21.150966665179737]]],[[[110.50751246023202,21.207244790015068],[110.51034918996345,21.211534025575077],[110.51416039538617,21.206541525571254],[110.50751246023202,21.207244790015068]]],[[[111.18936293485177,21.382457765313575],[111.17738727020657,21.38233457528065],[111.1890943397321,21.389472010525083],[111.18936293485177,21.382457765313575]]],[[[109.50883230546674,21.455990700210577],[109.51043572023246,21.458310805399265],[109.53283630984805,21.444911930341448],[109.50883230546674,21.455990700210577]]],[[[109.08585222500034,21.485728055305742],[109.10730960025808,21.4857061846929],[109.08462947527022,21.483344234948675],[109.08585222500034,21.485728055305742]]],[[[111.04059133981866,21.501587204785835],[111.03659347021261,21.49297852004281],[111.03645775981806,21.49987032525536],[111.04059133981866,21.501587204785835]]],[[[108.67310376472699,21.59348757479188],[108.6942449950107,21.6132446153469],[108.700003550124,21.60737319531671],[108.67310376472699,21.59348757479188]]],[[[108.38070151496322,21.664534185504465],[108.35039596460228,21.5835500553909],[108.35256755484909,21.55629046473325],[108.32927642506712,21.61526612493168],[108.38070151496322,21.664534185504465]]],[[[109.05863565970816,21.619218530211185],[109.03319894537526,21.614735290201736],[109.06694646470777,21.633863395279548],[109.05863565970816,21.619218530211185]]],[[[109.06908052534618,21.651636519709882],[109.0701235248809,21.64509459034332],[109.06989958469825,21.64414409057747],[109.06735184491203,21.64983345544988],[109.06878702979776,21.653009815051178],[109.0716951351227,21.65508386033207],[109.06908052534618,21.651636519709882]]],[[[108.34922044007124,21.668952210276416],[108.34412233987427,21.67172684002179],[108.34753577515608,21.6750265605275],[108.34922044007124,21.668952210276416]]],[[[108.85353462002695,21.724468635419328],[108.85561593542735,21.712778974969922],[108.85079176962472,21.711416619881277],[108.85353462002695,21.724468635419328]]],[[[108.59519491041704,21.736342860135153],[108.58484907542459,21.719582384919306],[108.58016606001587,21.74151195551252],[108.59519491041704,21.736342860135153]]],[[[108.55581250983971,21.73979695016942],[108.54023251981522,21.735313954775336],[108.55236229498422,21.746727130352724],[108.55581250983971,21.73979695016942]]],[[[108.57535954520694,21.746315284922616],[108.56995033983657,21.748564455185488],[108.56999214032533,21.751935130402103],[108.57535954520694,21.746315284922616]]],[[[108.5806754701971,21.75118018012148],[108.5830243402014,21.768295070061413],[108.58944057492272,21.75565840551093],[108.5806754701971,21.75118018012148]]],[[[108.56442271983292,21.77756175996751],[108.57488288024098,21.772494449859096],[108.56519290462904,21.768001790350525],[108.56442271983292,21.77756175996751]]],[[[108.57482445038835,21.88376366536096],[108.59953806033337,21.86934981993852],[108.58381973479317,21.837540890000298],[108.57262675012464,21.83805485524755],[108.57482445038835,21.88376366536096]]],[[[121.6305035198219,28.51880803526285],[121.62494859460219,28.265680590287218],[121.46181175980496,28.328338270095173],[121.24703946479951,28.05475263532611],[121.15290011025206,28.04070093969682],[121.1291889503101,28.13587259004811],[121.20342548509836,28.170378514856793],[121.23796644029926,28.34922109547739],[121.1710085550011,28.389894055566515],[121.07144323981368,28.29017288517059],[121.1299048097593,28.241229290099568],[120.9713174554364,27.939912749773782],[120.59183114499149,27.59391029542394],[120.68819027546112,27.476348685443725],[120.64509903029625,27.364502609707927],[120.5418410996873,27.400454260356128],[120.5192570402802,27.195983470061265],[120.41638070010924,27.16245518475921],[120.39052372988635,27.237651400491927],[120.36731695021751,27.25011200476547],[120.30554532026065,27.228445129739043],[120.29550468459377,27.241951665337297],[120.32805847981501,27.291681145568646],[120.18679542526888,27.275382615215563],[120.19471396487779,27.201317730429082],[120.35743247462926,27.239419640304277],[120.38716250024947,27.170936389702888],[120.43953679488743,27.150008084705576],[120.38473406002902,27.085417859846302],[120.26048622985581,27.113885585351568],[120.29216493526383,27.04100864473338],[120.18592733038224,26.978542694989585],[120.24310551021131,26.965382839946187],[120.2252479403403,26.912608255266775],[120.04642185508476,26.887917255177115],[120.1348263804332,26.79804267013327],[120.09274960471066,26.757678905057332],[120.12674004981363,26.642142925355927],[119.84502266506422,26.520947605547747],[120.0760440951592,26.800717855544576],[119.93779621022713,26.79559677497133],[119.86715537991688,26.64785584527118],[119.7851378999942,26.710134465333454],[119.85205529961252,26.851999839920722],[119.74547270490166,26.736002134790965],[119.68319085537394,26.81935321038253],[119.72688838479144,26.704389714813544],[119.62269234977236,26.79912268036759],[119.56594567994944,26.79799799541138],[119.55777149995504,26.738075500184436],[119.6475963048257,26.74180040486499],[119.59300135472893,26.719995074713154],[119.560022094744,26.616421429905245],[119.78143462041169,26.58391548041527],[119.82663711491114,26.449683435342422],[119.76338077979949,26.40860630014066],[119.62933059473153,26.479340060095694],[119.65290059528627,26.36132626469555],[119.83634509045385,26.429522779952492],[119.85876069964684,26.350732685365358],[119.94844247004414,26.370604019859854],[119.63587492978445,26.26745608533031],[119.48217094003701,26.016107170209978],[119.53663056015239,26.07417038995169],[119.6237766947387,26.027366950224632],[119.713827435388,26.009274669890317],[119.60397529512409,25.698102950291116],[119.46045369038575,25.66520433970851],[119.59655819500495,25.589566560448702],[119.6533760596576,25.355918459769384],[119.59193770046477,25.34059063514968],[119.56131106515386,25.461677185553924],[119.55986130495558,25.38944433488814],[119.48522373009132,25.365956405563963],[119.49940198461411,25.4626785150017],[119.43240844479396,25.434232230233476],[119.45457271505893,25.506561230116915],[119.35402381045083,25.558106919998295],[119.34368299997061,25.411542000462987],[119.25953668537011,25.50184391996089],[119.1184929853631,25.40770529476373],[119.36915158987426,25.2656241899046],[119.27538757008051,25.17323950529908],[119.13279318525758,25.248416044764838],[119.15881337973383,25.141084359755553],[119.0689704948926,25.102566204966422],[119.07778815959603,25.222592264921047],[118.97065677968692,25.235364795449073],[119.03024471002573,25.278556524563896],[118.87056174492875,25.24639343980556],[118.97722684973951,25.172786800070753],[118.85723106546152,25.087471655492436],[119.01121256980446,25.05960107982628],[119.02734499987218,24.96049599989078],[118.90279215473436,24.94603013498289],[118.98118302497676,24.880419874777658],[118.71635441542412,24.84871235509138],[118.69902839974111,24.938557200454625],[118.6698789998162,24.95690599981225],[118.6503699302283,24.7910696700294],[118.77917215027458,24.765313494922054],[118.64861509031437,24.677752250366098],[118.66559455494496,24.57770848505868],[118.57086592502253,24.521327914851668],[118.4422300300921,24.69791827470874],[118.3923915996927,24.582586700116337],[118.28859391487742,24.586181540346104],[118.24066732983374,24.536045950560265],[118.18096875500407,24.663777474650942],[118.0291474096257,24.551802955042604],[118.04143393033178,24.441005299954725],[117.95970812483029,24.456975094825054],[117.9539287450159,24.46515139991743],[117.91082235526767,24.47938230524943],[117.90519387539723,24.477699670103902],[117.87937093462119,24.428833844806263],[117.90610827008084,24.393821160118534],[118.06526746462214,24.409141250568496],[118.04037619990197,24.3442998999206],[118.13824028466172,24.268734765197223],[117.96897403502385,24.153566570441058],[117.95537482968484,24.205225605477608],[117.89861537509955,24.034629639846287],[117.7479859947581,23.90686630493599],[117.79164323994382,24.0010776852871],[117.76905848985768,24.038532850411002],[117.74338010520796,24.01027590980567],[117.70818027519988,24.043513134923444],[117.70266634017969,24.04553372989801],[117.69732971459484,24.044005174699294],[117.59027312500484,23.71905978038467],[117.59213202007675,23.879230110581318],[117.43343632532628,23.9437688105823],[117.40240009468891,23.93899258494008],[117.50425567016327,23.86552944013181],[117.40362351531326,23.77403076041128],[117.53597713024067,23.736565350210924],[117.43756823528611,23.58326261997422],[117.31635262497389,23.57408439008276],[117.37570344995459,23.635079959972416],[117.38852897483264,23.78848275057868],[117.27449584500755,23.735471360015424],[117.24886596529234,23.607694414765604],[117.22968841458896,23.606514005117333],[117.2469016247104,23.672157950329165],[117.23981560460675,23.684944645179314],[117.23022325040313,23.69135658473874],[117.08221416984827,23.545063735303188],[117.07419589002859,23.620038220487686],[116.98779203967092,23.630279375293128],[116.99419170528324,23.510758155164808],[116.96196947481155,23.544951185149102],[116.87690453511652,23.55359754519077],[116.87546046043212,23.553009500088535],[116.88288375957802,23.548207310119494],[116.89557004961819,23.543972714668996],[116.87229600515673,23.463151719775965],[116.81989522458514,23.454928700299433],[116.8666657949907,23.41678229017083],[116.75871571006212,23.317048585024395],[116.7970952100759,23.216358235044424],[116.72669587021835,23.265478560387464],[116.63790566521448,23.16431912043123],[116.60702109534759,23.183983760142667],[116.61876318537304,23.202138945356182],[116.61871669491973,23.21852702480237],[116.61181069031124,23.216501079761315],[116.49807083030475,22.939396205370883],[116.28676080017112,22.95786469010335],[115.8157087853325,22.741223045407196],[115.80945433504985,22.819815295439753],[115.6086780451559,22.865581840229993],[115.52151065509292,22.75372497982397],[115.60102965469503,22.752139220548827],[115.57016955987751,22.653774459823694],[115.35148483535716,22.712012864801864],[115.41373998491258,22.787900714946034],[115.23030826461502,22.781295379778157],[115.31680308499472,22.868135209772277],[115.31630794525552,22.897284775172466],[115.3281566948757,22.91310160525512],[115.32505659508604,22.91629016056254],[115.18426714511293,22.779423945458802],[115.04845517017009,22.79763327525552],[114.97830762969352,22.68831971018676],[114.93624588973637,22.751477119873357],[114.86753759998055,22.758732049744424],[114.968588230063,22.679118659998153],[114.88380012507605,22.544237415024895],[114.73522901500735,22.608150970191275],[114.74319910465522,22.743424049780288],[114.82534336470485,22.793885485527028],[114.77053969994745,22.832686084994805],[114.76740232505745,22.787307510433493],[114.57026648541,22.737328105008203],[114.49783845488093,22.65660476479826],[114.59553789985443,22.654465759687298],[114.49847351024448,22.55750489013883],[114.61071566989256,22.499268344958296],[114.50060314531902,22.450986694980145],[114.4860997499037,22.53651416499673],[114.3884280696999,22.61476134965676],[114.20941453964963,22.53503685047042],[114.25640691974388,22.54947249545927],[114.2744171000694,22.509718434758156],[114.30439110546536,22.49929449544487],[114.33663421999358,22.508240569846464],[114.17710582047755,22.44945492020838],[114.21884432970239,22.406981850132297],[114.32149425025966,22.48048159554935],[114.4056902002427,22.412797085017758],[114.35704780521223,22.33533722533292],[114.32089722542673,22.39333391502845],[114.27755720979758,22.393693419915678],[114.25077624462801,22.35375215004194],[114.31184411461425,22.299964090570427],[114.2973937603141,22.261682505143483],[114.10570130027497,22.368979335128472],[113.92961348967083,22.364034699741808],[114.04390012489102,22.504832999943062],[113.88687055463254,22.44637889976667],[113.76430129466928,22.74373944471978],[113.55708810992849,22.74996518504554],[113.65856661495764,22.600610840118406],[113.55411052478098,22.583190710383064],[113.61473784027942,22.56829113482803],[113.62550544472072,22.50539207518409],[113.56914811479385,22.563578844688095],[113.56466470031592,22.391145850101168],[113.62419884040457,22.373146270084476],[113.52201580018937,22.17339613002747],[113.55468021472029,22.07936942995525],[113.36218285515486,22.15408074473055],[113.40613110476681,22.00824112482826],[113.29852026479864,22.00538357039568],[113.2775771101957,22.068222075088897],[113.26090000033503,22.083299999695157],[113.26174554022464,21.87468112513386],[113.10860661520326,22.059209895120716],[113.08710221979186,22.226604554856294],[113.02919517541716,21.94994839000634],[112.92789455538968,21.855543100533964],[112.82281104959054,21.963398060572217],[112.56373537528748,21.755192275203626],[112.42884363972234,21.818877139968265],[112.42234015547399,21.91673977052409],[112.44928404002655,21.932493155235136],[112.50207695019128,21.941445610326866],[112.50756745967078,21.948257410051667],[112.46010481508517,21.953033005269276],[112.40868915548026,21.90417402021501],[112.39873068547308,22.067421229706156],[112.36777287481857,22.011933010000575],[112.36649795002063,21.990328180101585],[112.41651393537006,21.774568659716124],[112.34542871046688,21.709927240050263],[112.23940207034934,21.707164439987196],[112.15383925967433,21.806814775281623],[111.83056857478022,21.67382000039288],[111.84070558539457,21.751866705484076],[111.68784673983521,21.773723980477598],[111.78664457538696,21.713500355357155],[111.78521387542031,21.619923065397302],[111.64525777502655,21.516251075226933],[111.47455368030825,21.502705000035974],[111.4858272748092,21.526000014889064],[111.43276455004411,21.58006434519342],[111.25758446025486,21.415314679728795],[111.27388215513758,21.498382539922204],[111.10058181479917,21.46080447524662],[111.03199514486033,21.538037645520888],[110.99814672968807,21.487606620349368],[111.08437041526264,21.466961265450323],[110.74675241499227,21.386038380067248],[110.62995044525712,21.227036895136848],[110.4867220797604,21.220675689931227],[110.44383880461743,21.189733729827992],[110.4333573851352,21.386186820365708],[110.37492236047876,21.414810875022056],[110.40386837512568,21.145902120486596],[110.22230112030064,21.033889750211983],[110.22588080965176,21.103654469977982],[110.19953999967129,21.11413099984594],[110.16314318461059,20.92093372041495],[110.18425020018663,20.842817570574596],[110.38514568532537,20.819507109865526],[110.38578805487509,20.716821930487868],[110.35572863546838,20.71421860540454],[110.32959397528197,20.78081156470199],[110.32298495469217,20.780131929944844],[110.29141000047133,20.654552950258505],[110.46193639994516,20.67477433506781],[110.48419516017873,20.581328730137045],[110.42390673530787,20.637718899707465],[110.39593385546323,20.605304445444006],[110.53198204993191,20.47535582541127],[110.28345935506547,20.24332424531758],[109.98106832993966,20.29048828530631],[109.91902107036617,20.22352270540847],[109.87374225490134,20.399427780068095],[109.97998769017994,20.346375945193984],[110.01049164987,20.426418535487244],[109.82207101516553,20.51237295504785],[109.73723135024693,20.664224649847995],[109.76488886033286,20.692668000128037],[109.79463251517859,20.68057357011446],[109.82686781010136,20.710194964825973],[109.66488143483053,20.934028399790975],[109.7575130849612,21.347071139821537],[109.91672446985854,21.358331810164884],[109.93362118516973,21.433231950194283],[109.79269651043575,21.47043200013661],[109.77739741465939,21.577380205232487],[109.75403575015002,21.460034575535303],[109.6516374347201,21.51896702510828],[109.68249117492797,21.612986075547212],[109.61552316506226,21.57192882975187],[109.5549037600008,21.693995210410662],[109.60027556536528,21.73788591510305],[109.59932523467205,21.772817210246046],[109.4847728102173,21.659654429908073],[109.58634349035998,21.579646504882476],[109.55049608462679,21.47774784468743],[109.25216201006896,21.43060984007201],[109.24200238510224,21.480957130267257],[109.15597416987231,21.4025007848835],[109.04271360534875,21.449514715431746],[109.07373652961718,21.488066924848965],[109.08662750535507,21.481300910508878],[109.1016751650771,21.483592710435232],[109.12327683475837,21.49058406520271],[109.167320989872,21.528192620492973],[109.07588954976319,21.59978842469627],[109.1243989251704,21.665130720206832],[109.06571053001716,21.594579810410096],[109.08686273472762,21.666331770194972],[108.91005379015058,21.61655316000042],[108.85006446989956,21.686568494740527],[108.9074433100609,21.755895224885023],[108.82773044540397,21.813522540532915],[108.81993404542004,21.70788844009951],[108.86566920027354,21.62663640014995],[108.74400063022512,21.60593237977571],[108.71623991034386,21.733531195408545],[108.63539527497227,21.6835315750223],[108.65708840480625,21.781694750013003],[108.59497668992253,21.712882469850342],[108.59699396999582,21.736631015509204],[108.59230690493996,21.762388009898984],[108.56156212029555,21.790836345121477],[108.63383258510589,21.8815294355353],[108.55426465968645,21.916270165236085],[108.45491592463014,21.86672089475377],[108.56730862539274,21.665038804997153],[108.40208993470287,21.53940984009222],[108.471285004999,21.666549645350074],[108.33886655524759,21.71279838054113],[108.32324503543032,21.58826407043074],[108.21784456987098,21.499468484782994],[108.22666771504316,21.62704942549061],[108.13703957481675,21.57372426506305],[108.18766544530433,21.53262900492473],[108.12136844479818,21.517379620073655],[107.95477269510405,21.536783635356755],[107.85719983960104,21.65501283007825],[107.54230374502208,21.58934826521056],[107.4646337803249,21.66182447511966],[107.3635542748101,21.59919706019633],[107.29921364959046,21.741584004698325],[107.21260126983293,21.712459405377444],[107.01156841505059,21.82336131976905],[107.01831489971306,21.94434051000667],[106.68162745044674,21.98016509004708],[106.68884860537906,22.27573176990552],[106.55914172041417,22.351817954734884],[106.55725006483891,22.462421185389587],[106.60941217523191,22.610395130331085],[106.72057296487066,22.583357459979084],[106.82164674530122,22.813707244893692],[106.52149300499838,22.950665414777234],[106.28290613970688,22.870683970289235],[106.08484432030929,23.00012403539597],[105.87590802013915,22.918670540113624],[105.72390492986881,23.065041744780785],[105.56294638526742,23.076451059569024],[105.55447550544051,23.1852400204109],[105.32301190477585,23.39262443516975],[105.23449305491067,23.265998929706825],[104.8010153797564,23.115631815056133],[104.8610452153647,22.949691180104026],[104.7326169298276,22.82462183542941],[104.5741203350857,22.848433300356703],[104.36949507543761,22.691826585029162],[104.26957971533187,22.74203033533189],[104.25865878997138,22.843226240099057],[104.11874648476271,22.80924753474585],[103.97732601018754,22.507014874836614],[103.65909654516969,22.78954605520653],[103.52582752022414,22.596166424741],[103.33155546011642,22.813052509665738],[103.07450742517767,22.452270325215466],[102.49839751543323,22.78303480531224],[102.2657480903024,22.417159435459666],[102.02281521974675,22.456577344868776],[101.88904221023,22.386481500121306],[101.77751490009285,22.50621237020499],[101.67240226974911,22.47868462509564],[101.54644420513614,22.233906205407322],[101.60548214518502,21.967091050112174],[101.77586932510957,21.828943220153633],[101.74716707530047,21.73391349541174],[101.8267747498549,21.618011509623727],[101.74340300514484,21.579416270344893],[101.72537027521832,21.350315589792785],[101.83408864467538,21.210501039991243],[101.7446356699005,21.144433095011493],[101.54019396008346,21.253353835311486],[101.28549175993692,21.181371554653822],[101.14109888480584,21.410515790271745],[101.2226509448854,21.50323743465981],[101.13804321961902,21.572359345107827],[101.12061747002053,21.776205879997633],[100.88447999465632,21.687242319877328],[100.6600605452582,21.483514630396087],[100.4821720401078,21.4630988553281],[100.42504118530246,21.542781054901923],[100.23638038484705,21.46841850980661],[100.12512207002766,21.512108490314688],[100.14957288458118,21.6872699245676],[99.98563825490186,21.71392677969726],[99.97121615010542,22.05595019534519],[99.70515270483355,22.038638094872397],[99.64139412983548,22.105298890031747],[99.15487088538333,22.16380824455507],[99.24910159036608,22.39415590976739],[99.38087850513915,22.496592024602535],[99.31412655020034,22.739535050302266],[99.46148305030277,22.847541100042008],[99.43973087458045,22.93572088481119],[99.56091672992312,22.931451749998416],[99.51509130472022,23.074392919697686],[99.32573771512375,23.136161654736668],[99.1037468102673,23.090877685257226],[99.05626162957077,23.167515960293542],[98.88499149975809,23.1828177549354],[98.91364775014387,23.425469385004135],[98.80066246989713,23.537052405444342],[98.88487604029729,23.61501245546043],[98.79309069537953,23.77962158027185],[98.66995823498473,23.81129168995966],[98.6723607054821,23.96396483001314],[98.85376167476164,24.062144299819636],[98.87752233968422,24.155050395159833],[98.59201393029883,24.081185675178972],[98.10070333019473,24.09504050471577],[97.71046956461896,23.86100613982171],[97.52772782038272,23.929675835171793],[97.72869597973585,24.1149331954108],[97.76602698535737,24.261879129818226],[97.66393441514145,24.30019283992783],[97.67006623476897,24.454656450135133],[97.53120163974415,24.43757035019172],[97.54614921481465,24.741310594908327],[97.79748363016546,24.850084965149165],[97.7197567599668,25.0836189148813],[97.83827301019141,25.273411110134816],[97.94614644500268,25.221507029625855],[98.13855083535304,25.38828961977009],[98.17091150476244,25.626473669724078],[98.31320327491142,25.551520645061828],[98.52354763011925,25.842290779995665],[98.70069793486203,25.85649503032164],[98.57257707537201,26.121460524783572],[98.71894500021176,26.132838835444204],[98.67192685004431,26.243816895433554],[98.7794784903403,26.62491136996374],[98.70381824961277,27.561474670220093],[98.43593420509978,27.66640746043612],[98.42890898546159,27.55324666040525],[98.32014963030133,27.519214000226214],[98.13854916531187,27.96193651535816],[98.14235870968696,28.135828659964886],[97.91243189031968,28.363644874811314],[97.79467443048082,28.332636640069097],[97.68639171510563,28.521147010026766],[97.5080943754553,28.496045109694194],[97.51621557998516,28.322792759878098],[97.34985394540354,28.23567439006132],[97.30652536015748,28.071766230127707],[97.41034600466469,28.01848533972668],[97.38348212470055,27.882853884799204],[97.26449192006623,27.900670434792914],[97.08982435031368,27.74185415984175],[96.45097620488815,28.155774675061366],[96.29710856011212,28.14404862984054],[96.26845760493472,28.23237338982034],[95.98354941027702,28.199582705077944],[95.82674293034216,28.29452319548915],[95.39558459505326,28.143665370260692],[95.27928471501775,27.936209634767124],[94.89024284523134,27.74632864495112],[94.27015530502354,27.578576644996474],[93.87564225488643,27.211100620397588],[93.81996286989084,27.027644175038915],[93.09536940537407,26.880117595151034],[92.64945841047745,26.954142625581937],[92.10544858528414,26.85703682039309],[92.0230719296261,27.10748175497929],[92.12510835966327,27.283317734725983],[92.0440887351071,27.429525420162292],[91.58377019993503,27.544374389766574],[91.64317068547899,27.762226414917393],[91.54144372025172,27.828794540335878],[91.61810995521046,27.880904735565366],[91.33712038010157,28.065381100257753],[91.09556990512726,27.85123583506595],[90.70128577022211,28.07773050515891],[90.46131712538505,28.04786827020473],[90.29521489485177,28.157394835203775],[90.03664319522721,28.13824529478461],[89.79724155045733,28.247183724749277],[89.6051000697127,28.16538975513305],[89.23759866534635,27.792041060446877],[89.0945930601219,27.484852640537213],[89.17858803501002,27.37373181497145],[88.97884808517125,27.213847645452688],[88.78192389017568,27.466070510046166],[88.88776231477914,27.8555406855545],[88.75676206981382,28.074530915169873],[88.63988294544151,28.114886575555204],[88.40677974039289,27.981535509956075],[88.14479347503914,27.961333824796327],[88.10365733531773,27.86859561489598],[87.83710897020296,27.95061050027465],[87.72976596542702,27.8064814052928],[87.56036109518857,27.865946894733668],[87.19212946020667,27.81722121528702],[86.70719673514151,28.10489981017838],[86.56633264503574,28.10704132529702],[86.4113951604586,27.909267674763555],[86.22698693020283,27.977528460070573],[86.18598850996204,28.171885925195568],[86.08122083977014,28.084845239716344],[86.12560269031218,27.928869944692394],[85.99594681039724,27.91394444528015],[85.70894273491956,28.385231890039847],[85.59987366044135,28.255796555366885],[85.50225866000937,28.33222873007213],[85.37541207960396,28.279554909931107],[85.1271398648131,28.334308184775125],[85.18432174535252,28.64548047994043],[85.05725090010907,28.67860965960824],[84.85706173531105,28.57303524538048],[84.63549671520144,28.730496924593695],[84.48089385486747,28.74184253500522],[84.40389497507334,28.86104709035112],[84.22947511458511,28.894630100299196],[84.20012779995812,29.24059559970732],[84.09816857492001,29.29717238040132],[83.91293307989764,29.32806672050293],[83.5788567546357,29.18377620530788],[83.270211250449,29.574507115211475],[82.94540040460498,29.714512560506364],[82.82850938040389,29.694287140439485],[82.5595742100819,29.960063020292353],[82.17246439971245,30.07336649057129],[82.20829908543453,30.1563144999144],[82.10464976537457,30.239214925228907],[82.10166056458354,30.349141065308174],[81.41812627490782,30.421463449778514],[81.3956641599732,30.20597946008428],[81.25936863485487,30.15325060503153],[81.25346756957293,30.015812934619476],[81.14496414977589,30.01524186512023],[81.00799466012569,30.265403165224143],[80.61173881469472,30.473131985252962],[80.09493416038333,30.577255540311228],[79.89276087531442,30.854797530182168],[79.67385046502721,30.98233663982421],[79.5988736452025,30.93177309505245],[79.40106905529296,31.074659725366246],[79.31807345472646,30.963681665376726],[79.09097769486499,31.00042054477251],[78.87244799547881,31.309369759906588],[78.7561399397066,31.356387910074204],[78.79097525020785,31.442238859935685],[78.72606355458959,31.51400340483343],[78.84389446475802,31.609718305055992],[78.6541086546909,31.82523690515933],[78.76699028537354,31.94554245552007],[78.45146616003541,32.14210460054716],[78.5092870601498,32.3003387551297],[78.39412114967149,32.53352593527387],[78.73319434474331,32.70556096546636],[78.78006972483814,32.478560385353546],[78.96757124971367,32.33008201517305],[79.27166636960754,32.54161609970345],[79.29807838520935,32.73054530552167],[79.22411237998256,32.78816944476432],[79.24899010540923,32.947290405528065],[79.16116960968998,33.01390172988113],[79.1534287797146,33.183058120136366],[78.8376624651508,33.43025162511259],[78.68093569482676,33.660530955339595],[78.77554306466101,33.74428798040611],[78.65828322489119,34.08674001024332],[78.91309375467313,34.150842690138234],[79.03938365023544,34.3310273749135],[78.88947760540725,34.35743939051571],[78.70439570469819,34.525905989969715],[78.27160677533266,34.62523687528176],[78.1983193751393,34.96930694016322],[78.01010400979243,35.23390300032338],[78.01368540515762,35.36243190470884],[78.13760754495246,35.49180294505015],[77.81338409490024,35.52098715503337],[77.69005519019504,35.450430045310554],[77.18905372504929,35.51916672486465],[76.76214444541012,35.65651873035529],[76.59217954485035,35.7715894655816],[76.56975981046719,35.92376095480438],[76.36352002492947,35.82358564476186],[76.15936226975316,35.82691689010255],[76.1006036402461,36.017275095269724],[75.94934759971227,36.07038676024098],[75.93289046042662,36.13471919983135],[76.06715280006188,36.23442248001351],[75.98535104501502,36.337029305058536],[76.01226350995324,36.47257464000785],[75.85930589005488,36.670494815283746],[75.64169735544874,36.77185029035883],[75.45126003512274,36.72557082533325],[75.4026459102808,36.95602244498002],[75.13820954003853,37.02730786976264],[74.89883294498469,36.93571169993527],[74.84925300492239,37.05609454972398],[74.50065731498307,37.066824969896686],[74.51559895992432,37.2441978046852],[74.73506324467331,37.287483244956036],[74.8802374004357,37.22537908977347],[75.11929071529454,37.31769723533944],[75.15284405480935,37.412180120116375],[74.89276647998929,37.6597988902069],[75.00969285024502,37.777536605430214],[74.8165698449227,38.11464264504218],[74.79099636978691,38.3362396702247],[74.86012875463848,38.485635380368706],[74.40949695032418,38.6499316849995],[74.1384785652337,38.67554547044733],[73.99840440004306,38.52507410458651],[73.80530733026922,38.60494681024733],[73.69572016985012,38.86684176473585],[73.82230781475408,38.920613620222696],[73.8364913249149,39.00463347035867],[73.73428921007923,39.024874869579776],[73.50188568028022,39.38235982014976],[73.62711113467128,39.47068294965857],[73.86402296498807,39.47659598491697],[73.94869339998058,39.5944468852158],[73.84122619523293,39.76119882556554],[73.94151073513262,40.021822205230876],[74.03890607975194,40.09489343988059],[74.36499765461832,40.096439075003616],[74.70477649014322,40.3480052204647],[74.9027636649115,40.33688471485783],[74.79336834517318,40.44294811476385],[74.83735142013217,40.5207927251044],[75.2238862048846,40.44765710529134],[75.59373696488916,40.659577025059775],[75.72879517485757,40.47198032043559],[75.70238315475893,40.281671024898],[76.27404425503858,40.43851667480487],[76.33857523525899,40.34076841553019],[76.53808709004733,40.46459953494059],[76.75682875514315,40.95220551547237],[76.87716602998842,41.02717519018307],[77.76593804460526,41.019688815286884],[77.82898949976584,41.14973075976701],[78.12937974467974,41.229686950392704],[78.15903049506147,41.378181685536504],[78.64576256479063,41.467848340129024],[79.3217456996046,41.809308184824886],[79.77004416520623,41.8924560702917],[79.9153616549167,42.04262195533926],[80.15505666033687,42.03664950457119],[80.16776298007761,42.20311659995127],[80.2859907601657,42.23912917966794],[80.20453360014568,42.434447930128044],[80.27776849522019,42.50915221490294],[80.1624868303029,42.62149606988794],[80.2580381699259,42.823362550341585],[80.59297947482315,42.88958659514543],[80.3740800947208,43.02394002531207],[80.79866205031357,43.17388926457818],[80.77248798003654,43.30639549985261],[80.68343427457228,43.32991766456877],[80.75174266998823,43.49071256493295],[80.3907190454479,44.1159214150415],[80.34667371042366,44.48024173027187],[80.40293526974705,44.623379144632054],[80.16653123982502,44.845432135085105],[80.00140032026883,44.79415959988586],[79.89098255500119,44.91323193960261],[80.10499276540406,45.05370896509692],[80.37513588980966,45.04350672485566],[80.72301665469502,45.178241365047086],[80.8962331746215,45.12961949974033],[81.77681223499667,45.385657614907245],[81.92407515524451,45.2322121802481],[82.54937486026188,45.199720774594255],[82.59684073521191,45.346805420434066],[82.54466767467375,45.42477784512164],[82.27784207465209,45.538715594649034],[82.26275001989774,45.61825343504813],[82.33868457003706,45.93617916483686],[82.45568669018877,45.977245254565105],[83.02518545964148,47.22179411490663],[83.36418068529053,47.17759750492115],[83.91780339980733,46.96823111027771],[84.74736411476238,47.008191280303265],[84.9290954499952,46.86304415996017],[85.21497689996426,47.053391840361314],[85.5371007199227,47.055556200058845],[85.69663558466453,47.281812164899634],[85.52653477046351,48.02415190009032],[85.59182128462476,48.19830951557185],[85.78745399020966,48.417476405312016],[86.22429546526354,48.43194642508746],[86.58700794466114,48.54107082495881],[86.81808193023716,48.831927509747004],[86.74001844469564,49.003958515473414],[86.88692725958566,49.131808439807855],[87.11027127000341,49.15600545039149],[87.43283544030379,49.0764020602071],[87.81915757046556,49.172683769840205],[87.9076901601727,48.979126454921925],[87.7378874100761,48.87790087522541],[88.09699567021431,48.71477918051505],[87.98190731996709,48.56832439015841],[88.51246120991698,48.41040033980386],[88.63907590013275,48.180546590352776],[88.93755976487148,48.109412280452545],[89.06246564517357,47.987878165345194],[89.56146750462193,48.037132930340704],[89.76274694541547,47.83022282522336],[90.06738556519196,47.88186968523797],[90.13029315040887,47.72628387040436],[90.39172869971969,47.64522351015711],[90.56105445479949,47.20590634989827],[90.76173432477941,46.992057074974184],[90.90374000979375,46.956406265537],[91.05290504023554,46.714989974807736],[91.01467888991914,46.58459871026247],[91.07382353542812,46.55409906012363],[90.89608849508801,46.31061269551975],[91.02227468532868,46.02357321553177],[90.71406056973973,45.726144470491136],[90.66665787036453,45.54117173039111],[90.87950670976704,45.189384010164076],[91.1236723646881,45.214204540507296],[91.55968555964097,45.07022684998935],[92.09644037492359,45.07948501971816],[92.2399754901769,45.01299932525893],[92.8835707349017,45.04507268555619],[93.5083369198133,44.96876352012055],[94.2148861601683,44.66745187030779],[94.35202745989966,44.5184223452153],[94.7295410696646,44.339072890501654],[94.99753120989772,44.250872615578885],[95.40981424043508,44.293923744685344],[95.32315320465665,44.02591240473379],[95.52280433025572,44.00506077503502],[95.87588855001678,43.27894302979723],[96.36070164006878,42.89762265995796],[96.38478322536565,42.725351340092516],[97.17172008991048,42.794532425031605],[99.50531852043349,42.56748510535351],[100.32077227462105,42.6895992049395],[100.848258815392,42.67251516983947],[101.80147927494892,42.505943055228045],[102.07468083535247,42.228642570198645],[102.70978872017349,42.15428639500135],[103.41761606982595,41.88018909005473],[103.8582402453913,41.799747510139696],[104.52523124522622,41.87465996548519],[104.51804500017687,41.65894945994984],[104.91835353518769,41.65130271524839],[105.00428824520657,41.57848435556872],[105.2243650851808,41.74940351056381],[105.71612872506091,41.93819252466551],[107.46120838046284,42.46209098990755],[108.83833045039006,42.39370091536517],[109.53516581475083,42.47047132509175],[110.4333312697226,42.77982084015986],[111.01217033499302,43.32885883516735],[111.55846040022749,43.4879669554108],[111.78491219514166,43.67110861017443],[111.94213508007005,43.69267247505485],[111.86383296481966,43.937251325288514],[111.65633116515136,44.05861387043393],[111.4082723549854,44.356046495149656],[111.61730800506069,44.77804390530224],[111.88364107517572,45.0461139853723],[112.42484947981995,45.07249626039436],[112.70401035009786,44.87929687025462],[113.62264635514532,44.74441022485229],[114.10661682001057,44.95469558543317],[114.45378018490771,45.21072559051379],[114.54408073024172,45.38502110533989],[114.73723116488668,45.4373023552198],[115.35785638996072,45.39120770537147],[115.68975116498439,45.45863092957393],[116.02708795984165,45.68082835474502],[116.17078770498881,45.68922168513291],[116.28195576474695,45.7767874649698],[116.26314612489398,45.9653478498235],[116.57937649502935,46.29014428043439],[116.82844657484986,46.381485839599975],[117.36045300480248,46.359566999717515],[117.40861865482736,46.57871341009576],[117.587197205287,46.60131828970748],[117.71116711976708,46.515508980255504],[118.30662724015531,46.73670962474938],[118.77758205986447,46.68317175037612],[118.8972689450062,46.77144975460277],[119.36370279005189,46.59932549457591],[119.67028492031307,46.581174344620536],[119.90408578972756,46.66608605512732],[119.92085222025389,46.90256180508351],[119.71486758497122,47.17738861039635],[119.31632143968272,47.42224880004227],[119.35603387976005,47.47503362530176],[119.14229879984998,47.538404620377094],[119.12392104502032,47.659370964698496],[118.76545165966638,47.76826055518069],[118.55608174507665,47.99096183002467],[117.80441481988817,48.01438146033638],[117.37678936513726,47.63913739047831],[116.78495099539225,47.89740235473511],[116.25891858462523,47.874257880097105],[115.9316237249551,47.680034375286425],[115.57359423038963,47.919778005250976],[115.52484594018813,48.104491375476584],[115.81131501527591,48.25735510975068],[115.79067823990897,48.520385325222776],[116.07075310017558,48.82162666513841],[116.03910637016304,48.87010764984842],[116.7154091096429,49.85053282522989],[117.05376785989893,49.69435123472198],[117.80238380536855,49.51697276478137],[118.56603059503618,49.92965674546258],[119.04782616014938,49.97825999480318],[119.28517580471987,50.10835500557914],[119.37842000018316,50.32095667980707],[119.11824309973929,50.38917870523329],[119.49230066524387,50.74810325006524],[119.48338635489642,50.87766538554928],[119.75621088982086,51.09063227535938],[119.75286274531959,51.21307885970191],[119.93947275966048,51.36041389028895],[120.07994909987133,51.677287129997126],[120.65111102515414,51.92584197023086],[120.7791418301315,52.15758395513558],[120.6131258247973,52.35303001991974],[120.72259587010353,52.54375559544462],[120.45563946458992,52.64370598054677],[120.05900054034282,52.58723640983271],[120.02930941489763,52.77792286035202],[120.28492800532342,52.86387603974765],[120.87673078979412,53.29339236496588],[121.22839429026453,53.27975822995859],[122.34159301540558,53.50154293016226],[122.43739430540302,53.44145297037841],[122.82456384964223,53.455121609674734],[123.26636181044921,53.560901050443306],[123.48723309533148,53.494638979605384],[123.6005506004301,53.55010154974673],[124.1109845553932,53.347690580156325],[124.23979730470217,53.37728956016514],[124.43256414971586,53.21758292491222],[124.70776175000492,53.19302544536794],[124.86380385026757,53.09661807526419],[124.96997482977497,53.19473891017287],[125.19056551988308,53.195789654669056],[125.50646598002129,53.04888732479037],[125.61879437026414,53.07546456473801],[125.74337505031849,52.98319365965983],[125.66716854519245,52.8610371345564],[125.82950325487172,52.895779675491724],[125.96229196540219,52.75886109016733],[126.10635814471266,52.76916168026747],[125.96695914015254,52.6147514897894],[126.16790798026943,52.555697315179145],[126.1875114202162,52.46697529497419],[126.34151178963782,52.396350690232396],[126.31533289539698,52.31358551036317],[126.43118728546494,52.293583815540956],[126.29783743035352,52.20529804476905],[126.55679336981837,52.12871796036586],[126.44024901987666,52.02231085036567],[126.45817472508384,51.946532690531456],[126.72461666532718,51.71399460506717],[126.66924243019434,51.59585876536988],[126.83832026466882,51.5292976951327],[126.77933899539858,51.43568405547478],[126.91706352526171,51.38381050515096],[126.82049384011896,51.26964896472805],[126.89870318490432,51.24518484470508],[126.86862603536349,51.3161940553116],[126.97483990983415,51.326745850340956],[126.89433106512672,51.206589605426075],[126.91785003994744,51.059294500241265],[127.29897801962011,50.7454066652856],[127.3650120601585,50.579718510501095],[127.28639809509593,50.47336364481663],[127.36103752526185,50.43228723536765],[127.32899044495332,50.33273750003576],[127.60310435498207,50.22851711047656],[127.48862458046028,50.01444916989357],[127.53801641022937,49.80636962505838],[127.66059213002302,49.77327862970526],[127.81355577987563,49.58612807515061],[128.18244957039167,49.53630215971708],[128.7511950703963,49.594449354554285],[128.80453585474618,49.56314248014144],[128.74628664980935,49.48147937986971],[128.99660595000466,49.45711369963766],[129.10149258971137,49.351275269638165],[129.51095023996197,49.42075553474041],[129.56267700474018,49.28587478529329],[129.71587507997128,49.287711239582336],[129.91221773016434,49.042667599929985],[130.23149413015028,48.863559394650565],[130.6756220850914,48.87479968006147],[130.5221565649739,48.61654973538214],[130.62258588043437,48.48918851973468],[130.75513873476518,48.50083652988201],[130.83793330987464,48.29861674087016],[130.65851394546246,48.10285301935136],[130.88354387624906,47.924966098806635],[130.99022959621902,47.702914678569755],[131.44759546375985,47.74457082158614],[131.61063332007177,47.65654579215459],[132.31243962498888,47.75620448484909],[132.53907613525575,47.714585650207766],[132.68197892998376,47.87084913028332],[132.66096987485992,47.950833449903826],[132.81098610012873,47.932394544772535],[133.09488817015313,48.12626022552911],[133.54224075490708,48.1160400797861],[133.58551586016915,48.1924257154746],[134.20627046531,48.38411784546247],[135.0885114800211,48.431674569925406],[134.67285667979206,48.250758680568765],[134.54380724960504,47.98575714487657],[134.76994892500306,47.71481020552682],[134.56095839031775,47.4769103404401],[134.17622024956506,47.327505074999465],[134.22094546036487,47.112014260350065],[134.05467661963053,46.977602449793494],[134.0075995350909,46.642483789595474],[133.84176290493417,46.472452355391965],[133.9409498501558,46.39760844997011],[133.86215228490028,46.344520404793],[133.90962000525906,46.259819189604116],[133.68969294467388,46.1576397152009],[133.73761825987503,46.059445414674144],[133.6695609596709,45.9422185503459],[133.4601470502464,45.83410268529093],[133.4687015103666,45.61855370518953],[133.1338432200887,45.42707573975389],[133.1329502598469,45.125765800451575],[132.9492934347445,45.015522275233025],[131.87179098516617,45.341994364948164],[131.4887776199913,44.96692128498955],[131.13438480031846,44.943843735200346],[130.951469289976,44.846613630215074],[131.09805368972638,44.70973865031857],[131.29911851540749,44.047078320508376],[131.1873982098598,43.557652079779814],[131.3081837751613,43.493521904912086],[131.30560255001785,43.404901165456636],[131.0882410798621,43.02216901019176],[131.10903739495996,42.914388120115916],[130.39924650961893,42.7281381754367],[130.58870001479397,42.66332513544677],[130.56792933037445,42.49969348556607],[130.63636998458742,42.41700965027536],[130.56338076541033,42.44064151519399],[130.50840708471947,42.582595874999924],[130.5170204603262,42.611525119988414],[130.43651693510878,42.546544225135904],[130.24982399967791,42.707659089895344],[130.2319974753034,42.736462405515795],[130.24196222977332,42.766772324783176],[130.22431143022845,42.79054974047824],[130.26112884022405,42.90405582981293],[129.89608710503626,43.003407949917175],[129.7051456400593,42.42735325494897],[129.60989415958807,42.461937214830755],[129.5456933897383,42.36022998972254],[129.35141393000913,42.45438262545804],[129.19286622499646,42.31471320555022],[129.2211685301038,42.20431360478926],[128.9132423504543,42.00971794972378],[128.02786586471814,41.99782859481377],[128.16095590479142,41.71271268014635],[128.3109068896415,41.599628434904446],[128.1093168302076,41.36108015502532],[127.93237679505319,41.45653458460367],[127.64996986501762,41.40349410996515],[127.25350920528581,41.478001630271194],[127.09772341000757,41.54318078966196],[127.17840359984643,41.592910654802836],[126.93995940480295,41.80744136043063],[126.79355375969828,41.69177745486587],[126.69722071046783,41.74691489490664],[126.69618648022208,41.66375681022879],[126.56696796489985,41.60921926475726],[126.52917084965532,41.35224972534468],[126.4313279852986,41.35076963551052],[126.28221678018053,41.160530335106955],[126.11783067464614,41.08889977030839],[125.9737803800607,40.914654175050316],[126.02191918981896,40.898378420028166],[125.76539098011006,40.8891481454707],[125.64291881545125,40.81267197053518],[125.68524631046887,40.76355611482302],[125.55861683000285,40.767450895142986],[125.41312632961672,40.62242512481981],[125.28244631524547,40.651401210097845],[125.01177336514888,40.520367455493954],[125.04135700002576,40.45528902556805],[124.89697935491358,40.47915317008278],[124.7247206300533,40.31703291543698],[124.71962228524035,40.31428425991089],[124.71379452010126,40.31693869976118],[124.67400675011163,40.29906192486811],[124.61601990979125,40.285020275565216],[124.5914566503044,40.2665274704666],[124.5835823699307,40.235841725415526],[124.57620177509204,40.229008510134804],[124.51480367045326,40.20724046047883],[124.51987926961272,40.19773058040221],[124.52434652507213,40.17092776530433],[124.5221849101058,40.166061340358624],[124.49173208047148,40.15935597000208],[124.52334262536203,40.16980912469165],[124.5164975102523,40.20208719047167],[124.512929295351,40.20663010049867],[124.48375307044807,40.172206440275204],[124.46137465991296,40.17322055988109],[124.45082322461235,40.156005784939225],[124.43758600539013,40.142694799725405],[124.40632002494954,40.133368759960604],[124.45651931011821,40.12983921500796],[124.46488427498957,40.13857800017473],[124.47031242547826,40.15146047012473],[124.46847233972699,40.15877331993289],[124.46963051004025,40.16025028012655],[124.46993673998884,40.161919900283124],[124.47059335030303,40.16265640007282],[124.47037850046752,40.149316435105675],[124.46001092526421,40.128196935140636],[124.36600437540187,40.08618933976652],[124.37655639975821,40.06762538030728],[124.37900868010661,40.02734086528869],[124.36644288033483,39.950222565419324],[124.31107045463796,39.91489713969145],[124.40948884463478,39.80659162470391],[124.26860061492664,39.81940296547475],[124.26640451995286,39.93263315989236],[124.14086960974475,39.746430079784375],[124.12376971959714,39.829393910001215],[123.62862535008014,39.83291865527178],[123.38701359530148,39.72538571997512],[123.40864068521955,39.79928902536835],[123.26830219489057,39.789335520517795],[123.2756013750037,39.693787240388986],[123.00264438972692,39.67872476973264],[122.96555042021578,39.603592455327714],[122.63635315987051,39.5361162655534],[122.56715309473975,39.43047998516329],[122.2372452251874,39.32652143501633],[122.08528881962366,39.180111529823535],[122.16274127518977,39.15187584019799],[122.03307043505276,39.123931485050264],[122.05884807517873,39.061325795049584],[121.83756825976752,39.04327577026061],[121.86201001005418,38.943966390436856],[121.76131311480856,39.03236519969448],[121.65623883965088,39.01560475055908],[121.60672046537752,38.933173229960744],[121.71419480984275,38.91728098542933],[121.69299770018392,38.864476654773966],[121.22905978498125,38.803579905088554],[121.19788496521915,38.72360861034912],[121.1096036946551,38.77576026972076],[121.09604190471055,38.92941070484045],[121.33718246509886,38.97421847520263],[121.37329542984037,39.060294695344055],[121.5064220849116,39.031321780176256],[121.61270078521329,39.094114650570816],[121.58662164467341,39.151783514897545],[121.63609352039987,39.11133439516635],[121.5871585750084,39.064101744999675],[121.6598533849259,39.08564048552023],[121.59143747016344,39.27264380486787],[121.72803394980724,39.30389394015344],[121.73744140519682,39.382405900512026],[121.84850103459542,39.36806548473453],[121.92428403997667,39.400524715343636],[121.7065168047069,39.41046052513332],[121.48089361005225,39.28342778056788],[121.4394133654348,39.42896315532539],[121.39921645967206,39.361935600447794],[121.31652567981621,39.379155220037546],[121.36492245470777,39.44651530553722],[121.24474711538733,39.3889423305244],[121.24552092984732,39.45386470469265],[121.40160250495182,39.48478671513493],[121.47814612544346,39.529684354749236],[121.22414288468656,39.48492905982852],[121.22962980497164,39.555073195471834],[121.48496391465301,39.6594323801005],[121.53436116463638,39.59058637985777],[121.55740358510764,39.59900298020352],[121.47299829993187,39.80981659985645],[121.77952771463254,39.935692470031654],[121.8227501097299,40.003382520387106],[121.76272030469852,39.9912987302522],[122.00259391547706,40.13103460556283],[121.95532459005801,40.20099863487934],[122.10026201008395,40.23643490025046],[122.03889817501113,40.316237414725094],[122.25284544006524,40.4452926797137],[122.15845263498113,40.67925823028338],[122.05416442484852,40.65816871011816],[121.95663300021306,40.754821999835485],[121.96227392490198,40.68280920967749],[121.95272510507982,40.801229309784844],[121.85031366044745,40.83463225477493],[121.84874167968496,40.979425720320876],[121.67828437512412,40.83092887536753],[121.42528743526714,40.90292456042033],[121.4292858399698,40.83335230546464],[121.30209145485696,40.84813288002857],[121.255881504728,40.91437094526293],[121.23335671963719,40.85188188024483],[121.1736074698091,40.90474192480019],[121.0772463446433,40.86654299516317],[121.0596877049237,40.798471759964],[120.97166134989152,40.819509155423304],[120.93040638994319,40.74691277990104],[121.03149400014809,40.711594000163245],[120.82834193972894,40.67705577530393],[120.59412006528885,40.46920142970242],[120.49694377033893,40.23311640549787],[119.94312116530966,40.05521018010603],[119.85690599991221,39.952688000151056],[119.5391919651372,39.893240304696235],[119.53076583467578,39.80974508037116],[119.3419915199928,39.715315900408655],[119.26709782990122,39.372979355213374],[118.91110923520318,39.12180671530791],[118.98107751021905,39.18960842998524],[118.53555179028308,39.15137591516651],[118.5760065253811,39.11058851005197],[118.4806353451454,39.05052073474428],[118.56782801964766,38.99092447038805],[118.64738852026426,39.045112335166095],[118.51543978461848,38.91862427489053],[118.46126078985378,39.02133789532763],[118.41837833039585,38.95968072478581],[118.47417266043999,39.054219385516205],[118.40388709021738,38.96663697991295],[118.06604364969496,39.217819284832274],[117.7243275054102,39.08981497028469],[117.80483974955507,39.05847316530435],[117.82904137995592,38.97372804521319],[117.76277663543351,39.05031824968762],[117.7866290446949,38.973628924635136],[117.71413392024442,38.98844064991613],[117.87381704542042,38.92911483508152],[117.70649338985822,38.9855161949165],[117.84528058473154,38.87319446505256],[117.61862839478488,38.84135134019226],[117.60883986966451,38.71454384971918],[117.68769711483026,38.75797329033537],[117.7195709947058,38.70135965992063],[117.57576486965331,38.61396613532912],[117.7431219098487,38.34253495962099],[118.00377534485654,38.40935487542731],[117.84454014501182,38.26435014474356],[118.34211467515217,38.08030856538818],[118.48779728511681,38.0961530649123],[118.50686833000964,38.0191041801138],[118.63466362502629,38.11186088547157],[118.78819957465078,38.072102624936406],[118.80223045457194,38.146460009721864],[118.88681888488395,38.1332487746115],[119.0886929700049,37.91243204530281],[119.07687780466722,37.77765891502719],[119.16466095963574,37.76730185020023],[119.29450885470021,37.7947086598769],[119.1784843452765,37.74866732993348],[119.2725143602496,37.68000778523134],[119.19289686509853,37.725987460353224],[119.2422409399677,37.68371173480898],[119.26025875014147,37.65541472041332],[119.02204618987992,37.722994495000194],[118.88746206472274,37.5270711555097],[118.91812950497297,37.38072789997284],[119.00507072543394,37.37298295469981],[118.88026121018697,37.371893044728495],[118.86947080973027,37.32921660466275],[119.28182950023142,37.20394558971742],[119.25026271455283,37.089390514960485],[119.55035047519448,37.12437053537212],[119.5441840253726,37.05537076005277],[119.56096716530271,37.05002515024074],[119.59425274966486,37.14800214488332],[119.74977265498421,37.12223148529512],[119.898425189671,37.26463389543801],[119.83782713541416,37.370884290477875],[120.16071163523372,37.481796490415945],[120.32387483545551,37.64397672984245],[120.22164001047827,37.68676339981124],[120.74627906472722,37.828036259665794],[121.13771929960615,37.71184163988005],[121.17466023508211,37.5836651447309],[121.38666520013919,37.61899079528928],[121.37310778000017,37.555047990572575],[121.5557317553164,37.44108204999685],[121.9734558398153,37.443051774819764],[122.11758084468045,37.564438115126904],[122.17004355976269,37.42852538014222],[122.7056044054192,37.3959267051535],[122.55436448972955,37.316008675460296],[122.62201212535945,37.20016392972178],[122.57679046001181,37.148089569777824],[122.4470892200917,37.114427465355334],[122.4368888396483,37.021704210281314],[122.57270476980943,37.04208983018157],[122.51154893983187,36.90094855013575],[122.18067314974621,36.846065664998605],[122.25329377009166,36.90714709496268],[122.1423881603854,36.93819800973063],[122.22715804960444,37.03548276022144],[122.19199800020783,37.04978124960502],[122.03815452471179,36.90232504526483],[121.95075583981043,36.9798621099485],[121.62310431531216,36.82385330528598],[121.64299275041526,36.737265905097615],[121.47917395521415,36.77876815522643],[121.59614764509797,36.852346604812],[121.46919421534108,36.82292520043768],[121.3911708503548,36.70516134012399],[121.20799425962753,36.692389885185264],[121.01325956487722,36.5793025201952],[120.89518521002958,36.659683629695735],[120.78239204475744,36.62884853962868],[120.97450161036136,36.54436404486506],[120.88546597497498,36.37597449482729],[120.75521163041265,36.46336900057918],[120.68788993966928,36.38268119977778],[120.72911967543291,36.329348815095955],[120.64598590032938,36.327711475204524],[120.7118506300028,36.13405669536019],[120.28869653521724,36.05242667035475],[120.36969714001123,36.15161357510664],[120.31211084513961,36.259604679912],[120.30642240477039,36.18958754472965],[120.11475257527127,36.194530385069356],[120.10591738547919,36.10033284978135],[120.23688552015074,36.05889022020756],[120.188057219965,35.99885809042871],[120.29646155515695,35.97765815510007],[120.06661299029747,35.886709839787386],[120.01256219478967,35.72247527991044],[119.91632475967992,35.76075825029301],[119.87285947028863,35.61350308489972],[119.64025119004066,35.61243911047649],[119.53010081030436,35.30620008506605],[119.40822638543955,35.26969785507225],[119.42272106012899,35.11383303456705],[119.22962908501461,35.0559269803461],[119.18438087977381,34.88691320458088],[119.22342943492083,34.78826251520309],[119.51904355041972,34.73309439029401],[119.44938821519418,34.67546986973878],[119.64188790040646,34.51510693983346],[120.27546453476066,34.29802165057873],[120.58111782003152,33.657096500203295],[120.54176211492995,33.555642464828054],[120.83616944456435,33.21526969544033],[120.81233774039458,33.04666939467705],[120.90527800007976,33.02515599974987],[120.90989074516199,32.87225586541615],[120.96868676488248,32.87601609007078],[120.8923617497951,32.69693898964272],[120.94164624997472,32.602010380175045],[121.41271447958968,32.40418771479136],[121.48323100021082,32.23230900026044],[121.41216344518705,32.17607078014248],[121.51484812544095,32.158011334955404],[121.43988224047314,32.13399298998473],[121.73240779538378,32.058448644889324],[121.95771841537271,31.73437883501532],[121.87543346538246,31.61320618531738],[121.98514309997438,31.479784000431493],[121.8872068401239,31.45133788473578],[121.87342730003002,31.362997814697678],[122.11241069979417,31.307431499664176],[121.85449898024399,31.298795460242445],[121.77298080482058,31.21648632478434],[121.91987190036798,31.09561409991096],[121.97249050483322,30.884988534793308],[121.52507013008278,30.819084969695723],[121.25498636003272,30.666609739847615],[121.22732835531963,30.367157664994465],[121.373884019932,30.358300469691187],[121.69144772043614,29.991949354879125],[121.92922795500635,29.89109547487641],[122.01274236996471,29.87691247553039],[122.11184342003787,29.907069740276256],[122.13830923488354,29.889533300321716],[121.88914694037942,29.741509860291956],[121.88626760526597,29.71703636483636],[121.77555681029867,29.652085900344275],[121.70110989530576,29.56109745998009],[121.5686982048586,29.548018370351713],[121.52576204508239,29.50779536536396],[121.4566361452421,29.51421753021509],[121.42719126496513,29.466624994747633],[121.43622606468148,29.410956475361104],[121.52291506038193,29.479033705441452],[121.53308420017584,29.461944605359406],[121.48760398963259,29.411254700444317],[121.48620219027919,29.397399225194306],[121.48819298531828,29.389082540426955],[121.72264891011923,29.540780249708916],[121.80188183987514,29.475691259943858],[121.84280131043238,29.537125395021235],[121.74338228976103,29.54595043056821],[121.79616126493056,29.60484086021779],[121.99071727518242,29.595207405197584],[121.91857537475391,29.360389590507282],[121.97313988999406,29.222502580130197],[121.78944052965699,29.167863170249348],[121.80738811986589,29.379142810492567],[121.7475491500735,29.15031047055203],[121.54052352973724,29.277904790473826],[121.59725543539048,29.141619885449643],[121.43699994479186,29.162357859727365],[121.64832776981098,29.104942919880102],[121.63008386467891,29.04207179497763],[121.5760345053883,29.05526956993498],[121.54421936023562,29.053100020249985],[121.5295839803166,29.002123270272705],[121.66214117477568,29.053678060394475],[121.72789245047636,28.94442584977321],[121.51384529502468,28.9416411098494],[121.68749047500557,28.80563027052085],[121.65958892488925,28.71754448469028],[121.48166960536821,28.674703209685617],[121.6305035198219,28.51880803526285]],[[121.60850296034369,28.47058852034411],[121.60850278497571,28.470588719993657],[121.60864930522143,28.470375374723858],[121.60850296034369,28.47058852034411]],[[124.71665558009124,40.317230810353806],[124.72424736992036,40.31826091001324],[124.72738590493589,40.32644975525193],[124.71665558009124,40.317230810353806]],[[124.68249860482695,40.30600136537083],[124.67784550536601,40.30282430969436],[124.68626906016925,40.30703209005901],[124.68249860482695,40.30600136537083]],[[124.64500683459801,40.29354883521074],[124.6409546603295,40.300642299902506],[124.62517304500034,40.29135418994417],[124.64500683459801,40.29354883521074]],[[124.57967340010748,40.26255487540732],[124.58133393531318,40.25343905486869],[124.58502175465048,40.26396357975551],[124.57967340010748,40.26255487540732]],[[124.581251454891,40.23567358546751],[124.54829015526673,40.23758943550399],[124.55049614008487,40.22205876969673],[124.581251454891,40.23567358546751]],[[124.54437073981785,40.220803415045566],[124.52190885960636,40.229451749998304],[124.50269448526251,40.20208612477484],[124.54437073981785,40.220803415045566]],[[124.56915635038536,40.25198841513344],[124.56805740492553,40.255168655309376],[124.55811071513767,40.247765884987814],[124.56915635038536,40.25198841513344]],[[124.45966862980356,40.173552770344145],[124.45601730045826,40.172576639900285],[124.45689950031203,40.17036371051694],[124.45966862980356,40.173552770344145]],[[124.44663950021311,40.154857990104404],[124.45068609508735,40.156194809842646],[124.4528812853431,40.15965420497781],[124.44663950021311,40.154857990104404]],[[124.43903021047595,40.15284163543322],[124.43597310007874,40.14657608481872],[124.44173414001875,40.15240307474238],[124.43903021047595,40.15284163543322]],[[124.3396698345955,40.059103304774],[124.36540963484708,40.04155532022202],[124.3574064699327,40.07924802057988],[124.3396698345955,40.059103304774]],[[124.369298135201,40.06488801487018],[124.37465784548351,40.070340615227394],[124.36953607962641,40.07285920978501],[124.369298135201,40.06488801487018]],[[124.34516888043981,39.98784171472346],[124.28334254472281,39.961288224971895],[124.28219867992527,39.93046924535969],[124.34516888043981,39.98784171472346]],[[124.32675929500579,39.94553150017873],[124.32270469526554,39.9390212952967],[124.3305465802606,39.943032470372145],[124.32675929500579,39.94553150017873]],[[124.29710779998504,39.92188882001324],[124.30214644959904,39.91355566506212],[124.31125477518788,39.927508849853496],[124.29710779998504,39.92188882001324]],[[124.33722320019092,39.84844081529167],[124.3492384404019,39.843595955189244],[124.33741699509835,39.850960134702746],[124.33722320019092,39.84844081529167]],[[130.2264272903874,42.78842992510113],[130.25270307488722,42.7878373402213],[130.2402577096259,42.80339153049488],[130.2264272903874,42.78842992510113]],[[130.2407089003956,42.75216825026479],[130.2387238448298,42.75244138516206],[130.23932370972148,42.750978605478565],[130.2407089003956,42.75216825026479]],[[130.24207736997482,42.72383206050131],[130.24283074014681,42.72284957005178],[130.24299717048336,42.72339988050015],[130.24207736997482,42.72383206050131]],[[130.5493422700299,42.51655480985664],[130.53510776471182,42.53284178482073],[130.54673482515216,42.508243719772054],[130.5493422700299,42.51655480985664]],[[130.5818188899301,42.47594931510906],[130.56813699013014,42.48142207556862],[130.5659954750115,42.470060150555696],[130.5818188899301,42.47594931510906]]],[[[112.00915888117777,3.8689409512641646],[112.05079413384249,3.841003740330507],[112.01006122314709,3.8394995225849584],[112.00915888117777,3.8689409512641646]]],[[[112.2198997429789,3.889716510908329],[112.2623134227266,3.873452921015769],[112.23335111865936,3.8628758829156027],[112.2198997429789,3.889716510908329]]],[[[112.24643496300337,3.9676326569215234],[112.27610943570221,3.9438510674730765],[112.24589453430565,3.943047657223815],[112.24643496300337,3.9676326569215234]]],[[[112.58072129525192,4.9596737663313775],[112.63808508346017,4.9818943107740665],[112.6061340732291,4.9412235729097915],[112.58072129525192,4.9596737663313775]]],[[[112.91003071094883,5.044450860918687],[112.93944770414828,4.992917609560209],[112.90308255691468,4.994055098164495],[112.91003071094883,5.044450860918687]]],[[[112.46103618717052,5.013494707714642],[112.49475972158416,5.035540341214016],[112.49590519796664,5.001600864288605],[112.46103618717052,5.013494707714642]]],[[[112.63723068165075,5.006449842386587],[112.6437557838027,5.038700528306833],[112.67406516887274,5.003564464728527],[112.63723068165075,5.006449842386587]]],[[[112.64680617986164,5.108017439653281],[112.71462522717263,5.063727010593141],[112.65185739570245,5.056807627669798],[112.64680617986164,5.108017439653281]]],[[[112.59742498097842,5.121021068068046],[112.56513591109388,5.073102099382368],[112.55296007624668,5.110736246680631],[112.59742498097842,5.121021068068046]]],[[[112.641219397957,5.410697466415229],[112.63599283590077,5.349104653157383],[112.60769985046807,5.36901426189894],[112.641219397957,5.410697466415229]]],[[[112.5790371141718,5.5627344350461385],[112.63842746885291,5.490688582212329],[112.61350201460652,5.46283369611848],[112.5790371141718,5.5627344350461385]]],[[[112.35594668199406,5.641342071579288],[112.38135334548053,5.616503817397529],[112.34671620059237,5.619802631386619],[112.35594668199406,5.641342071579288]]],[[[112.51890691782023,5.657200693157733],[112.56170030932196,5.631675838969045],[112.54535083147573,5.6166696550806705],[112.51890691782023,5.657200693157733]]],[[[112.47349596856441,5.772181052813551],[112.49271022239918,5.737829995757977],[112.46904618423423,5.738081191693652],[112.47349596856441,5.772181052813551]]],[[[112.53389789147468,5.814074414502727],[112.56329435225268,5.76580016954216],[112.53264945081185,5.761716993844345],[112.53389789147468,5.814074414502727]]],[[[112.55015596402677,5.97994891511064],[112.54906196573745,5.943842390414147],[112.53064214601852,5.9524261198695285],[112.55015596402677,5.97994891511064]]],[[[113.23932128405022,6.327165668260989],[113.22620453800926,6.286457915200856],[113.21302098133344,6.307694103100573],[113.23932128405022,6.327165668260989]]],[[[112.88895680930943,7.85572632940665],[112.92533632411221,7.829459518342333],[112.89406366530636,7.829164904936647],[112.88895680930943,7.85572632940665]]],[[[111.9345663254756,8.102466010398246],[112.01148331660215,8.061930952351759],[111.92285389149419,8.066841345152227],[111.9345663254756,8.102466010398246]]],[[[113.23368501155437,8.099253533124],[113.2789376639422,8.11264341496161],[113.2181429774165,8.071629767400111],[113.23368501155437,8.099253533124]]],[[[113.2844438773833,8.120974853107214],[113.33307379252165,8.201428965074967],[113.26144018801449,8.127944623246037],[113.37067737636005,8.310993641543519],[113.38084122903967,8.238025025834531],[113.2844438773833,8.120974853107214]]],[[[112.9512059370046,8.438940510996076],[112.97037559615694,8.408034031845375],[112.94089847878206,8.411990164814313],[112.9512059370046,8.438940510996076]]],[[[111.9186703028924,8.646229660570555],[111.9214814918775,8.643919229388871],[111.91827969495228,8.641844617535185],[111.9186703028924,8.646229660570555]]],[[[112.599798811666,8.859188800922539],[112.5576395312396,8.820116813040443],[112.53313420967618,8.848412936208035],[112.599798811666,8.859188800922539]]],[[[112.20597839778509,8.844103838221542],[112.23148826836905,8.829363099127988],[112.20855711381978,8.828656633996616],[112.20597839778509,8.844103838221542]]],[[[112.1951399411555,8.853320221850765],[112.20147608855086,8.889549776501156],[112.22306577926247,8.88684332166224],[112.1951399411555,8.853320221850765]]],[[[112.26088547468521,8.89144795306072],[112.2731476534417,8.85477521340539],[112.23982830313389,8.876412691392886],[112.26088547468521,8.89144795306072]]],[[[112.81884554568569,8.912572170869112],[112.86863598915988,8.910297935601477],[112.86427593468682,8.893348180074497],[112.81884554568569,8.912572170869112]]],[[[112.34688644315509,8.938921269001469],[112.38808848609483,8.92127890959415],[112.34709206954369,8.912824026008195],[112.34688644315509,8.938921269001469]]],[[[112.56437500100571,9.518915459481036],[112.50760375361051,9.546686742799182],[112.56288146181032,9.555942583283809],[112.56437500100571,9.518915459481036]]],[[[112.89620786220325,9.563540304141952],[112.88200701581127,9.53624018823416],[112.87435566208433,9.537364848908794],[112.89620786220325,9.563540304141952]]],[[[112.87208609519735,9.579357622556302],[112.87289615053714,9.570586943832552],[112.86879317446585,9.573437171488422],[112.87208609519735,9.579357622556302]]],[[[112.9009872417679,9.590447980190163],[112.88917266998294,9.57113194198547],[112.88726033719502,9.59039326723564],[112.9009872417679,9.590447980190163]]],[[[112.93001015294624,9.62854939453922],[112.92649155004528,9.621619733264367],[112.92284013706296,9.625701876540404],[112.93001015294624,9.62854939453922]]],[[[112.94254618605771,9.637932551146491],[112.93134582155267,9.634808423270272],[112.93946029105985,9.639680034606101],[112.94254618605771,9.637932551146491]]],[[[112.9615973487389,9.635131877934043],[112.9534023494391,9.643272774019465],[112.96430548890737,9.6445173404029],[112.9615973487389,9.635131877934043]]],[[[112.97361009782787,9.648748412309601],[112.98872600709956,9.65474081363783],[112.98474028283795,9.646046432496917],[112.97361009782787,9.648748412309601]]],[[[112.99730053289329,9.660260827175648],[113.00661309361942,9.65002731480871],[112.99702282134638,9.65082638762783],[112.99730053289329,9.660260827175648]]],[[[113.0233250836859,9.659944811703895],[113.01349608907356,9.662839538714024],[113.01867837660598,9.665814845878572],[113.0233250836859,9.659944811703895]]],[[[113.01516736308338,9.67136585455063],[113.03633232108007,9.67472038154034],[113.03742891031618,9.659313446258636],[113.01516736308338,9.67136585455063]]],[[[112.24704000169504,15.744773463224874],[112.22631965322955,15.696474345714421],[112.19887158085908,15.706082276176346],[112.24704000169504,15.744773463224874]]],[[[112.59394975417797,16.02617626242477],[112.43977358618224,16.022359416454094],[112.60309821021451,16.06881741399269],[112.59394975417797,16.02617626242477]]],[[[111.75687366478803,16.063542989117707],[111.8025995674164,16.036785267826076],[111.75235758153735,16.049317104700776],[111.75687366478803,16.063542989117707]]],[[[111.72546321995179,16.20318862915218],[111.78488273964695,16.2518199607228],[111.67948765653034,16.264267684006427],[111.80836887662258,16.263686240827496],[111.72546321995179,16.20318862915218]]],[[[112.37861053824588,16.267558039871858],[112.44752571254173,16.308900901355457],[112.53578963968027,16.30105583545867],[112.5263623452463,16.28763962506872],[112.37861053824588,16.267558039871858]]],[[[111.99090194217115,16.308920720614765],[112.04230894220416,16.362108453842097],[112.07633652211314,16.333097937120215],[111.99090194217115,16.308920720614765]]],[[[112.6972824346368,16.345335881845756],[112.66706544951091,16.333491677399195],[112.6816055471586,16.364466436676878],[112.6972824346368,16.345335881845756]]],[[[112.67440949500246,16.4153736708584],[112.64168366576871,16.387646992115208],[112.65530348896493,16.42863784186295],[112.67440949500246,16.4153736708584]]],[[[112.49480853138868,16.49541048840348],[112.57432264947101,16.515058037398717],[112.49410558620411,16.47118939577416],[112.49480853138868,16.49541048840348]]],[[[111.7344974764776,16.45479263067557],[111.7361352156679,16.540373533012257],[111.73961580332667,16.55370020060394],[111.78357301917976,16.514569138055265],[111.7344974764776,16.45479263067557]]],[[[112.63232618390646,16.56725225988407],[112.64043375561346,16.571078892277228],[112.64147510759051,16.56741715237962],[112.63232618390646,16.56725225988407]]],[[[112.71562732104417,16.673777659511586],[112.74664335111004,16.664908306273446],[112.735088808402,16.653751098434725],[112.71562732104417,16.673777659511586]]],[[[112.88209224096443,16.78542314686092],[112.8901477545154,16.759961881036133],[112.86652053909177,16.757562680473484],[112.88209224096443,16.78542314686092]]],[[[112.21953102723546,16.797059835443065],[112.23112875898516,16.755050136554587],[112.19850699030553,16.787484248199746],[112.21953102723546,16.797059835443065]]],[[[112.33568887014542,16.822884691775016],[112.34607166367653,16.847530518019255],[112.35627469711972,16.84376411502211],[112.33568887014542,16.822884691775016]]],[[[112.33522784349032,16.917840313279783],[112.32908201602243,16.96415731420882],[112.35164551962521,16.916005663930548],[112.33522784349032,16.917840313279783]]],[[[112.28844170851823,16.969469042962203],[112.23406875157195,16.999255139513195],[112.2943303883369,16.977770317845852],[112.28844170851823,16.969469042962203]]],[[[112.9886017621618,19.5278259717914],[113.03363668868258,19.48221211929416],[112.98013888720016,19.48271219900903],[112.9886017621618,19.5278259717914]]],[[[112.17662420963984,21.549964369959923],[112.19940754981872,21.5520463949253],[112.1816210803488,21.546930554701532],[112.17662420963984,21.549964369959923]]],[[[112.78857943958951,21.568730515001562],[112.80724444507541,21.58182760006389],[112.81267726034741,21.581696315232705],[112.78857943958951,21.568730515001562]]],[[[112.58223632015017,21.589585824726043],[112.58597014970292,21.601784510446805],[112.5978393103361,21.59945886543443],[112.58223632015017,21.589585824726043]]],[[[112.66571648532783,21.605898739735267],[112.65430359483526,21.59817571004129],[112.6468695703744,21.60157203482163],[112.64963913963493,21.608271004703397],[112.66069013034553,21.609614650296066],[112.66571648532783,21.605898739735267]]],[[[112.90058670980898,21.610868945545576],[112.86401139461043,21.59843612492739],[112.8565552099551,21.606473170000754],[112.90058670980898,21.610868945545576]]],[[[112.14268190524604,21.60778918482322],[112.13622905013074,21.605168449764392],[112.13887111980648,21.615645725170225],[112.14268190524604,21.60778918482322]]],[[[111.84712706046577,21.657672184723708],[112.01921221527164,21.636788219900666],[111.80582759486776,21.55865341002709],[111.84712706046577,21.657672184723708]]],[[[112.66664684027967,21.619685229789752],[112.66147230040667,21.613850324932855],[112.65967900008582,21.61746165513148],[112.66664684027967,21.619685229789752]]],[[[112.1135971054224,21.6445894852165],[112.11879031971762,21.637504435481333],[112.11324519530979,21.636481255205922],[112.1135971054224,21.6445894852165]]],[[[112.6645665204287,21.699131830369936],[112.65518573983036,21.63581664002612],[112.52114227989262,21.590236629916774],[112.58737295000208,21.694162784684977],[112.6645665204287,21.699131830369936]]],[[[112.45983997013866,21.689168080442755],[112.43150777966048,21.659725300082698],[112.45360632477241,21.691368709798326],[112.45983997013866,21.689168080442755]]],[[[112.87262213520353,21.772495654950774],[112.81029893035168,21.59112046473757],[112.75807244468785,21.573759094906563],[112.78377235011408,21.682638274836677],[112.70395070526104,21.70070192975038],[112.87262213520353,21.772495654950774]]],[[[111.8079562397889,21.69654172532057],[111.79035642460929,21.67870407992956],[111.79402182474769,21.704392800487597],[111.8079562397889,21.69654172532057]]],[[[112.67368519541571,21.70236252970716],[112.68340641977068,21.715833964765636],[112.6855968454181,21.70286918526483],[112.67368519541571,21.70236252970716]]],[[[111.8179165147356,21.733722205115953],[111.81553808491486,21.722271745444857],[111.8116088902384,21.72308376040729],[111.8179165147356,21.733722205115953]]],[[[113.13533096535207,21.874813040389654],[113.19874604969061,21.86975940537252],[113.13339298479843,21.8419956853528],[113.13533096535207,21.874813040389654]]],[[[113.04286264469545,21.86215561049329],[113.00409532014294,21.870735634741834],[113.03866749980546,21.88453091476987],[113.04286264469545,21.86215561049329]]],[[[113.11963697996293,21.899162184786917],[113.1446144096276,21.940035795315623],[113.15069921539668,21.92300679512772],[113.11963697996293,21.899162184786917]]],[[[113.15904545548369,21.951915205522482],[113.1688220951637,21.955885760019726],[113.16700446458469,21.943802155145534],[113.15904545548369,21.951915205522482]]],[[[112.37575319515395,22.003559850506974],[112.37442382000336,22.007104360178346],[112.38005702041528,22.008006805569835],[112.37575319515395,22.003559850506974]]],[[[112.39691737523674,22.046924215280512],[112.3980907998507,22.05344577050613],[112.39795870023397,22.056129504872956],[112.39931066005909,22.05365305974118],[112.39691737523674,22.046924215280512]]],[[[113.43593015515273,22.06167929496354],[113.44464561010716,22.069627059841082],[113.44972342519611,22.076266640293454],[113.44182934534831,22.06341885000012],[113.43593015515273,22.06167929496354]]],[[[113.42719961047396,22.080142300127022],[113.43074830019418,22.072137074866248],[113.42621236980517,22.071685370583566],[113.42719961047396,22.080142300127022]]],[[[113.53947609004956,22.162478390065758],[113.59820175490734,22.13527489552024],[113.5500606950452,22.1121219402753],[113.53947609004956,22.162478390065758]]],[[[113.57018330011954,22.201640400084614],[113.56244900012143,22.204640999782384],[113.56349399974852,22.21073700031235],[113.57018330011954,22.201640400084614]]],[[[113.57205489991395,22.214297599754673],[113.58059370013927,22.198122100254864],[113.57155719980494,22.197391099819356],[113.57205489991395,22.214297599754673]]],[[[113.58507545986492,22.282602580444916],[113.58978913046417,22.282962605140085],[113.58116470488744,22.27679327029341],[113.58507545986492,22.282602580444916]]],[[[113.57479190112576,6.9503906238284685],[113.61709171501082,6.930756519697866],[113.57221309425904,6.924249860842394],[113.57479190112576,6.9503906238284685]]],[[[113.84873923332918,7.383639870284071],[113.81826106079961,7.3642206492637],[113.78724738785695,7.3739814033193625],[113.84873923332918,7.383639870284071]]],[[[113.77429840584705,7.601769484674151],[113.81786384913767,7.648719213521019],[113.83304083047028,7.626881340501427],[113.77429840584705,7.601769484674151]]],[[[113.91737973668592,7.640570037377529],[114.41044261183708,7.954216928668529],[114.53687509401072,7.947281747355021],[114.36425270579787,7.639890024005524],[113.98295131345253,7.53766643605735],[113.91737973668592,7.640570037377529]]],[[[113.90093330023183,7.965442388755321],[113.93579713902693,8.0200897792202],[113.96641690441663,7.94644836809789],[113.90093330023183,7.965442388755321]]],[[[114.10452329541408,8.109930304240095],[114.12803329949747,8.092368066333165],[114.09657513573416,8.080476231093428],[114.10452329541408,8.109930304240095]]],[[[114.19339942704221,8.782339199594617],[114.20740953082543,8.756221477239478],[114.21150345432125,8.710619741308278],[114.19339942704221,8.782339199594617]]],[[[113.9709156532349,8.794816397259012],[113.97329596533666,8.843368092063827],[114.00747785991564,8.796092130547436],[113.9709156532349,8.794816397259012]]],[[[114.05019769766591,8.780502208410383],[113.97559079058271,8.8798170866894],[114.04722890698861,8.83343262041933],[114.05019769766591,8.780502208410383]]],[[[113.90785595488865,8.891180671850577],[113.92118929724859,8.840380354469971],[113.88939201443009,8.864689332447028],[113.90785595488865,8.891180671850577]]],[[[113.64042564173019,8.991505288238727],[113.7262928774145,9.00588464466091],[113.63717678328214,8.972944198516245],[113.64042564173019,8.991505288238727]]],[[[113.65591910258468,9.233087413953228],[113.69147474936051,9.220144986202342],[113.66988038487227,9.204685226541983],[113.65591910258468,9.233087413953228]]],[[[114.17098902672251,9.34401010628153],[114.18986955743435,9.393348040579781],[114.19156221822209,9.352504337005655],[114.17098902672251,9.34401010628153]]],[[[114.26953839937778,9.705584211242467],[114.29620249494951,9.724874045900776],[114.27812595904584,9.698355546071639],[114.26953839937778,9.705584211242467]]],[[[114.25012492952214,9.770426579023535],[114.26604640831522,9.765489772235469],[114.25886889388448,9.760258042674593],[114.25012492952214,9.770426579023535]]],[[[114.25207373071828,9.827916155406513],[114.2692819100323,9.821349810345396],[114.25636391326418,9.81806022429987],[114.25207373071828,9.827916155406513]]],[[[114.02618021064848,10.025567303888124],[114.04703974718689,10.018159983896282],[114.02986111959513,10.014985892385027],[114.02618021064848,10.025567303888124]]],[[[113.85223833083444,10.124129466701731],[113.86107381560441,10.005265257085853],[113.84592653977825,9.991801065166953],[113.85223833083444,10.124129466701731]]],[[[114.22204791717775,10.217443177060943],[114.22608357539673,10.208198029515643],[114.21593068365428,10.209204520172705],[114.22204791717775,10.217443177060943]]],[[[113.61199771662166,10.25967196608866],[113.61669078824946,10.223698012253465],[113.59256954554814,10.243089356988378],[113.61199771662166,10.25967196608866]]],[[[114.2608168542148,10.277259805895426],[114.32204738817666,10.286522621521954],[114.23857200559371,10.241800422551705],[114.2608168542148,10.277259805895426]]],[[[114.07451761139896,10.94156209541444],[114.09063881253121,10.906901766903161],[114.05476985994142,10.909319312736386],[114.07451761139896,10.94156209541444]]],[[[114.18344099480635,11.032022730864583],[114.19264673495911,11.02861260868508],[114.18641272806497,11.024293361849345],[114.18344099480635,11.032022730864583]]],[[[114.2110260114415,11.05601702346695],[114.20372181940672,11.057671429792833],[114.2091130212491,11.060046733570175],[114.2110260114415,11.05601702346695]]],[[[114.23220425242448,11.066672562488748],[114.22008268716661,11.055208542840148],[114.2142307977133,11.06541895522082],[114.23220425242448,11.066672562488748]]],[[[114.25330508606112,11.07817380327856],[114.26213986396385,11.071273794450235],[114.25367463817429,11.068757963509142],[114.25330508606112,11.07817380327856]]],[[[113.98567744006209,15.43430037296389],[114.01733304638321,15.41174858932601],[113.97721832966226,15.420947287787271],[113.98567744006209,15.43430037296389]]],[[[114.23885535409158,15.458291363255853],[114.2465524734182,15.431008113233986],[114.23058565170652,15.43408016137056],[114.23885535409158,15.458291363255853]]],[[[113.86813136676938,15.493342515544953],[113.86936724390353,15.463573800190659],[113.85607715084018,15.479061790469416],[113.86813136676938,15.493342515544953]]],[[[114.26090195076449,15.552016718496816],[114.26525963102733,15.523968707490098],[114.25406219381523,15.526416931896051],[114.26090195076449,15.552016718496816]]],[[[113.71967842402023,15.615129297879037],[113.7431215329326,15.595769693816578],[113.71034796138963,15.602149011367942],[113.71967842402023,15.615129297879037]]],[[[113.89586853250694,15.685856777868196],[113.91587672403182,15.661278708346003],[113.89048236956603,15.653838823003525],[113.89586853250694,15.685856777868196]]],[[[113.96613483565432,15.841101755941395],[113.9487078000252,15.807504426987975],[113.93409826752122,15.837215955352349],[113.96613483565432,15.841101755941395]]],[[[114.10193537032137,16.008564828904014],[114.13290251683793,15.9880738174528],[114.10615886184235,15.980059291403222],[114.10193537032137,16.008564828904014]]],[[[114.22901311696194,16.05243649494855],[114.31661382286995,16.0451508010687],[114.20849043498572,16.042441925254934],[114.22901311696194,16.05243649494855]]],[[[113.91565984352724,19.225386383275122],[113.8692968161954,19.153315834158434],[113.7946433080424,19.200793793299113],[113.82367169699148,19.233770975850007],[113.91565984352724,19.225386383275122]]],[[[114.00733794519033,21.85302228554997],[114.00600791533316,21.86637381040333],[114.02600376006558,21.875845640164414],[114.00733794519033,21.85302228554997]]],[[[114.05631227998799,21.912005609771256],[114.07170236467255,21.90144797994043],[114.03139112000451,21.885809454842615],[114.05631227998799,21.912005609771256]]],[[[113.71285484047883,21.95350805055631],[113.73736019531691,21.930948270146814],[113.7150048946603,21.926653890464934],[113.71285484047883,21.95350805055631]]],[[[113.68871167500401,21.965401650266188],[113.68316453971192,21.941956900091157],[113.67603053987784,21.944226455286866],[113.68871167500401,21.965401650266188]]],[[[114.13321155536926,21.972336309972945],[114.12398804461282,21.963487624954098],[114.12240553998402,21.96511523508002],[114.13321155536926,21.972336309972945]]],[[[113.76766275992861,22.000595075302613],[113.7574374646673,21.96569739052228],[113.73745620963666,21.99348035513458],[113.76766275992861,22.000595075302613]]],[[[114.14747325528663,22.00174189527229],[114.15011377003464,21.98278768490394],[114.11921155996572,21.98583262027944],[114.14747325528663,22.00174189527229]]],[[[113.825167919764,22.00704734495895],[113.82163050034762,21.992562905453894],[113.81964628025196,22.005421939970745],[113.825167919764,22.00704734495895]]],[[[114.17924149000305,22.013171510457084],[114.22162901476736,21.99735861041171],[114.17635130996518,21.99445329028731],[114.17924149000305,22.013171510457084]]],[[[113.80902302509287,22.00152140488916],[113.80465911972283,22.008624985155222],[113.81424112992431,22.004232879743768],[113.80902302509287,22.00152140488916]]],[[[113.69059685006482,22.024792334998494],[113.72423609462021,22.01912882473539],[113.70107124044569,22.01064210514909],[113.69059685006482,22.024792334998494]]],[[[114.01423209043878,22.032486634950487],[114.0029939049449,22.029550444697236],[114.00925760025814,22.04082045000382],[114.01423209043878,22.032486634950487]]],[[[113.66248902514872,22.026235334992975],[113.66412305463541,22.043724234985746],[113.67062864509603,22.03294292487635],[113.66248902514872,22.026235334992975]]],[[[113.90648487547685,22.04113203541516],[113.913632410108,22.039967420560117],[113.90531658509258,22.034160249895592],[113.90648487547685,22.04113203541516]]],[[[114.014169080339,22.046589029860115],[114.01447300532516,22.03900338509817],[114.01074502496294,22.041358955052033],[114.014169080339,22.046589029860115]]],[[[114.30447403015262,22.064287655351166],[114.2920715499622,22.038798290209],[114.21779549536609,22.02222671489119],[114.30447403015262,22.064287655351166]]],[[[113.91618055458923,22.036331060430143],[113.91998717526815,22.052043655490593],[113.93354688508089,22.039846395195127],[113.91618055458923,22.036331060430143]]],[[[113.68895598033441,22.043976840159303],[113.6960299845963,22.044907210399515],[113.69028228969614,22.03989432995951],[113.68895598033441,22.043976840159303]]],[[[113.99541283503459,22.038338340042344],[113.99095643978819,22.052367989691163],[114.0003937697569,22.049208934844614],[113.99541283503459,22.038338340042344]]],[[[113.97349509502283,22.05783788041407],[113.98199198504221,22.058711765136024],[113.98093723046907,22.055031900302197],[113.97349509502283,22.05783788041407]]],[[[113.69647031964985,22.097679810275167],[113.70624872020244,22.098104624828807],[113.70594493461124,22.094870165425903],[113.69647031964985,22.097679810275167]]],[[[114.04142678961489,22.11244099995247],[114.02608337974425,22.096084430052542],[114.02339636015415,22.104025615489945],[114.04142678961489,22.11244099995247]]],[[[113.8854945946,22.124999450464543],[113.89577753460583,22.1164082602333],[113.88256983473036,22.114043435356393],[113.8854945946,22.124999450464543]]],[[[113.83328331467351,22.136259000252892],[113.81421865047048,22.15641327045637],[113.8229199698809,22.159034814904942],[113.83328331467351,22.136259000252892]]],[[[113.7154688000453,22.143126700037385],[113.70327411540825,22.14557563041126],[113.71459233966493,22.146220095381352],[113.7154688000453,22.143126700037385]]],[[[113.91543946016304,22.159559295025588],[113.90975468992713,22.16972226007448],[113.91742291493574,22.168027369867275],[113.91543946016304,22.159559295025588]]],[[[114.26640163512752,22.180735945107983],[114.25480557521735,22.1551315647701],[114.24981762488369,22.1658740601398],[114.26640163512752,22.180735945107983]]],[[[113.80990817472275,22.160281144859198],[113.8025946648122,22.177883635521596],[113.81176180965986,22.16326080024578],[113.80990817472275,22.160281144859198]]],[[[113.91308086489016,22.182931750500074],[113.90576043019973,22.178867904830156],[113.90629406991559,22.187738925410997],[113.91308086489016,22.182931750500074]]],[[[114.25545851539823,22.189587185100663],[114.24449148989038,22.17856026024799],[114.24367004463704,22.18802177478534],[114.25545851539823,22.189587185100663]]],[[[113.9896471851697,22.188410195574363],[113.99045420979428,22.201508460547302],[113.99434431543807,22.19096752033505],[113.9896471851697,22.188410195574363]]],[[[114.11415110538951,22.1834011300582],[114.16028889481686,22.208606404762065],[114.14923364491699,22.181207240222193],[114.11415110538951,22.1834011300582]]],[[[114.03495342006443,22.223087389971056],[114.04125002966543,22.205685695438603],[114.0215706302804,22.195737615298867],[114.02542600500647,22.219240985083502],[114.03495342006443,22.223087389971056]]],[[[114.15183658509056,22.238717275282227],[114.15922322966856,22.24526883548839],[114.16252136466937,22.228918575232285],[114.15183658509056,22.238717275282227]]],[[[114.23795424509262,22.281578495451186],[114.21401641012949,22.19417145045236],[114.18763759479953,22.244711055271182],[114.11636714462816,22.274721900495592],[114.23795424509262,22.281578495451186]]],[[[113.59659209974575,22.251935999946625],[113.60016030475458,22.247180590012135],[113.59488419994602,22.24784719988861],[113.59659209974575,22.251935999946625]]],[[[114.04479766987674,22.257063960333767],[114.04322309546967,22.24132636052326],[114.02645690506233,22.256579750055664],[114.04479766987674,22.257063960333767]]],[[[114.05619979998119,22.26222832977379],[114.04710538960228,22.2618183648259],[114.05524028001514,22.26468613555687],[114.05619979998119,22.26222832977379]]],[[[114.05178858037891,22.345026379863725],[114.00428520459877,22.215048125370913],[113.84608302541142,22.19741893023945],[113.89717123466505,22.29119796511418],[113.92983708001736,22.280247309965432],[114.05178858037891,22.345026379863725]]],[[[114.03519309028911,22.28929092483645],[114.04746911500797,22.283972505127224],[114.04094796537652,22.279820880229465],[114.03519309028911,22.28929092483645]]],[[[113.8931940053991,22.310893939903394],[113.93393786534045,22.290564090560622],[113.89421683493924,22.29448707541826],[113.8931940053991,22.310893939903394]]],[[[114.10746888987751,22.363096474822726],[114.09192262532895,22.326055329689893],[114.0789974447764,22.35859608474152],[114.10746888987751,22.363096474822726]]],[[[114.0591075554695,22.342580130369015],[114.06479246959702,22.35588041994572],[114.0663147151522,22.345662130403014],[114.0591075554695,22.342580130369015]]],[[[113.8773436153158,22.38137365037369],[113.88326530025358,22.370908784712924],[113.8810761948107,22.370432890465736],[113.8773436153158,22.38137365037369]]],[[[113.7967484698662,22.425965505204033],[113.81794092463417,22.400433049945548],[113.78169894045391,22.418361300233983],[113.7967484698662,22.425965505204033]]],[[[113.61651367036984,22.43107803052692],[113.6446548952074,22.397131574862556],[113.61325369989834,22.392678775105537],[113.61651367036984,22.43107803052692]]],[[[113.83429373087131,22.50258252746181],[113.84703563948347,22.499619034690795],[113.84418383891318,22.494718221468702],[113.83429373087131,22.50258252746181]]],[[[113.84556647371392,22.507827469862036],[113.8401118256005,22.52026467557448],[113.85186086918407,22.506591775290474],[113.84556647371392,22.507827469862036]]],[[[113.58237787503913,22.722340285276232],[113.67655359547223,22.660305904893846],[113.6957645002318,22.573854400360574],[113.58237787503913,22.722340285276232]]],[[[114.82907067597125,7.229405951423757],[114.86309866147417,7.194690522349958],[114.81598093926925,7.194354293715662],[114.82907067597125,7.229405951423757]]],[[[114.67022095972982,7.609207213442119],[114.7175901107953,7.593320058174356],[114.66406051737931,7.568705292715379],[114.67022095972982,7.609207213442119]]],[[[114.86598876506957,7.994655842893053],[114.91631084816743,7.974491421142375],[114.87989067051808,7.9566338485734605],[114.86598876506957,7.994655842893053]]],[[[114.50842891356365,8.13138021782305],[114.61990371948127,8.142069999431214],[114.50564033173612,8.113471812874025],[114.50842891356365,8.13138021782305]]],[[[114.77313337980183,8.115823930330407],[114.80644041299479,8.159706641848288],[114.80804688365708,8.112235023827395],[114.77313337980183,8.115823930330407]]],[[[114.72267826898712,8.212377564373071],[114.68731125591,8.186870323406936],[114.66613751693308,8.212168647365104],[114.72267826898712,8.212377564373071]]],[[[114.63336865064298,8.897340903759869],[114.64172647849432,8.846778165680064],[114.59741340090795,8.84271078747281],[114.63336865064298,8.897340903759869]]],[[[114.67675277352191,9.709422094154547],[114.71638878561441,9.719137464822325],[114.70077171294452,9.702342337828668],[114.67675277352191,9.709422094154547]]],[[[114.35275067720215,9.759934461206683],[114.34283002008965,9.742508328496683],[114.34048160873942,9.757420549418953],[114.35275067720215,9.759934461206683]]],[[[114.4019646426542,9.805558225132245],[114.39858111792444,9.789050848817851],[114.39168067292474,9.80244580463011],[114.4019646426542,9.805558225132245]]],[[[114.45716577088388,9.842016277729215],[114.46539145415261,9.825174354512797],[114.45088221584172,9.826210768312592],[114.45716577088388,9.842016277729215]]],[[[114.49095217600234,9.855416439716919],[114.49055516668784,9.847406344627302],[114.48751076640895,9.85485503253392],[114.49095217600234,9.855416439716919]]],[[[114.50487621646448,9.8713133904007],[114.51771955601293,9.866976551926598],[114.5082789246328,9.861672325317727],[114.50487621646448,9.8713133904007]]],[[[114.59672690882007,9.879988697820352],[114.57675317661801,9.87455625666621],[114.5793576069683,9.886038394056754],[114.59672690882007,9.879988697820352]]],[[[114.3076054596246,9.88522562636166],[114.3071285095732,9.873395569150489],[114.29958283607937,9.881962210587801],[114.3076054596246,9.88522562636166]]],[[[114.55041633714438,9.894892213305184],[114.54288182963319,9.873546594999368],[114.53832418421393,9.88919458636127],[114.55041633714438,9.894892213305184]]],[[[114.33552228472581,9.888559575963939],[114.32237790431714,9.885323677645545],[114.32399542854637,9.890783959112696],[114.33552228472581,9.888559575963939]]],[[[114.40059234286252,9.900238711647376],[114.39395626976636,9.89023359380559],[114.38732113556216,9.902029681824501],[114.40059234286252,9.900238711647376]]],[[[114.4555215871518,9.913416861599103],[114.47220517123185,9.893531664055047],[114.45417475526096,9.896396660377718],[114.4555215871518,9.913416861599103]]],[[[114.49248464505047,9.922815522518306],[114.49804603819439,9.903857650110751],[114.48599673616059,9.90655313951595],[114.49248464505047,9.922815522518306]]],[[[114.52236426389982,9.943457674932006],[114.52767238727097,9.921635009448266],[114.51402299526535,9.933936178312251],[114.52236426389982,9.943457674932006]]],[[[114.54770447468206,9.93346006283167],[114.56729628999187,9.94750920348713],[114.56919264002852,9.937056144125961],[114.54770447468206,9.93346006283167]]],[[[114.66625748469528,9.927240241843833],[114.6150090234479,9.976814458620652],[114.68196671988846,9.980926743574628],[114.66625748469528,9.927240241843833]]],[[[114.58759498052405,9.954037556687922],[114.5741229896845,9.951105441263337],[114.57695307072777,9.96074667362035],[114.58759498052405,9.954037556687922]]],[[[114.35028077373875,10.185043178500052],[114.36859401480228,10.172323825783906],[114.34300241023323,10.179833317753321],[114.35028077373875,10.185043178500052]]],[[[114.72462242878225,10.323781376509544],[114.69950017499332,10.375965318844692],[114.7411950473138,10.376387325714461],[114.72462242878225,10.323781376509544]]],[[[114.47395319428472,10.380335006855034],[114.48479637325408,10.370237766060086],[114.47772146517354,10.370339339089355],[114.47395319428472,10.380335006855034]]],[[[114.35751743658068,10.379072004369675],[114.36709020534886,10.372676701368903],[114.35430030081841,10.374167548893467],[114.35751743658068,10.379072004369675]]],[[[114.57024331977368,10.419767773963713],[114.57952137621078,10.408559887528952],[114.56453459159832,10.410590192483312],[114.57024331977368,10.419767773963713]]],[[[114.41829670512891,10.66553095488996],[114.42847035592251,10.671816839175904],[114.42771051153102,10.663250884820513],[114.41829670512891,10.66553095488996]]],[[[114.53200872482307,10.717169437719406],[114.53691412278874,10.704882184065752],[114.5286682893103,10.707007721828973],[114.53200872482307,10.717169437719406]]],[[[114.35984449352873,10.733269245779297],[114.31526713846779,10.695321863713332],[114.3418387909278,10.727732544421656],[114.35984449352873,10.733269245779297]]],[[[114.55773820625348,10.75547422925257],[114.56543865217213,10.749939654791433],[114.559844665799,10.74753919787588],[114.55773820625348,10.75547422925257]]],[[[114.49542181466506,10.741382258384476],[114.54908116676256,10.758823656186962],[114.48955817197225,10.716672592865791],[114.49542181466506,10.741382258384476]]],[[[114.56572005363762,10.77669614850862],[114.57317713131988,10.77965198804884],[114.57223102474222,10.775290398433356],[114.56572005363762,10.77669614850862]]],[[[114.85243910787881,10.839246594055169],[114.86372277928297,10.81531966876787],[114.84875587778174,10.818956662020355],[114.85243910787881,10.839246594055169]]],[[[114.57920084973955,10.841304189836535],[114.46629228705956,10.840606643282172],[114.59375181839198,10.900798022311108],[114.57920084973955,10.841304189836535]]],[[[114.90732295169289,10.869448970593737],[114.94634770628181,10.866840822446136],[114.91518279345132,10.843530999356062],[114.90732295169289,10.869448970593737]]],[[[114.28061505943776,11.06098815198186],[114.29447591533153,11.051098797571626],[114.2778260171574,11.04763393905506],[114.28061505943776,11.06098815198186]]],[[[114.70651077795037,11.04144564380141],[114.78927681577261,11.078023753193861],[114.6934646664613,11.004895903523163],[114.70651077795037,11.04144564380141]]],[[[114.30995833520922,11.054776987867967],[114.34167429683157,11.060818799747892],[114.34600386788452,11.052259674844322],[114.30995833520922,11.054776987867967]]],[[[114.36414230142634,11.093448381737687],[114.38160044280653,11.089430264795055],[114.36659258348095,11.08073436919608],[114.36414230142634,11.093448381737687]]],[[[114.78414342168173,11.149129340546722],[114.80688381293783,11.151197048305164],[114.80297868681726,11.141377587405998],[114.78414342168173,11.149129340546722]]],[[[114.57985640784716,11.339366205586202],[114.57641587509283,11.308323019591796],[114.56579012971088,11.32235136702218],[114.57985640784716,11.339366205586202]]],[[[114.29761858183224,11.393852616505114],[114.30967723411732,11.378950572311112],[114.2950388801404,11.376739531504313],[114.29761858183224,11.393852616505114]]],[[[114.36461166209881,11.40867844495449],[114.36399084390246,11.394570795306208],[114.35359391392831,11.398071329028824],[114.36461166209881,11.40867844495449]]],[[[114.33275603306481,11.436945444476748],[114.33205654487392,11.424541139562109],[114.3254398710535,11.426131136442962],[114.33275603306481,11.436945444476748]]],[[[114.40002997160616,11.440445250647997],[114.39143406533015,11.429948203646973],[114.39280058248107,11.441616590633373],[114.40002997160616,11.440445250647997]]],[[[114.3516497226567,11.458420121791335],[114.35616680415501,11.44824200766277],[114.34633590567773,11.44793470212494],[114.3516497226567,11.458420121791335]]],[[[114.37096094948856,11.463606253925548],[114.36882525298336,11.448960567776226],[114.36693620903884,11.464281119578175],[114.37096094948856,11.463606253925548]]],[[[114.38059613390487,11.464273029277138],[114.40158873233429,11.459819823925784],[114.39739075817715,11.451549929086127],[114.38059613390487,11.464273029277138]]],[[[114.69140094629688,11.448634114772744],[114.72726984942426,11.483629863427609],[114.72652768660362,11.430314500214081],[114.69140094629688,11.448634114772744]]],[[[114.61674808745454,11.429683205815252],[114.65788036368792,11.524155318513351],[114.63946871430983,11.425259485637014],[114.61674808745454,11.429683205815252]]],[[[114.45319501583754,15.60105088069372],[114.48881001427094,15.589474738968192],[114.46246565106924,15.578045735322462],[114.45319501583754,15.60105088069372]]],[[[114.57717842914133,15.627259180067313],[114.60607611062426,15.651191184725462],[114.60685756302644,15.617180650566752],[114.57717842914133,15.627259180067313]]],[[[114.76388850295234,15.870779984209207],[114.78596307123905,15.900740872993197],[114.78328032342847,15.869471244902229],[114.76388850295234,15.870779984209207]]],[[[114.92203943157472,16.038639460342893],[114.89653597045879,16.022506031128614],[114.90476481124722,16.057155602848923],[114.92203943157472,16.038639460342893]]],[[[114.46095604728384,16.069092048059645],[114.48076111973023,16.036498545971256],[114.44386373842099,16.03576402738787],[114.46095604728384,16.069092048059645]]],[[[114.70046186682191,16.201239877418686],[114.80284451696104,16.195790047872492],[114.69891479278363,16.172199387191938],[114.70046186682191,16.201239877418686]]],[[[114.289258660359,22.18243004031433],[114.28288187529847,22.185586579757114],[114.28762503017106,22.18992415027924],[114.289258660359,22.18243004031433]]],[[[114.28458276038634,22.2545118399496],[114.2957016849848,22.241485054891655],[114.28019704016151,22.24542952005646],[114.28458276038634,22.2545118399496]]],[[[114.36921905981194,22.315630759951773],[114.36128463997431,22.315559275540352],[114.36207403968547,22.320576985339812],[114.36921905981194,22.315630759951773]]],[[[114.35367640963898,22.317256860116174],[114.35044034494615,22.325167009949837],[114.35681406961385,22.326168945540473],[114.35367640963898,22.317256860116174]]],[[[114.3021489903839,22.325307189975092],[114.29281239527597,22.32737543552821],[114.2936172948024,22.33168668469301],[114.3021489903839,22.325307189975092]]],[[[114.32613739512487,22.34057501542486],[114.31995955988612,22.32663134006458],[114.31565426962902,22.338509705258957],[114.32613739512487,22.34057501542486]]],[[[114.36802402988519,22.336462340165156],[114.3608839704192,22.33793829041997],[114.36659276964087,22.339512194832082],[114.36802402988519,22.336462340165156]]],[[[114.30577318988094,22.347296024991522],[114.31780103498988,22.377705510001476],[114.32312169491036,22.34221748504899],[114.30577318988094,22.347296024991522]]],[[[114.29145903520646,22.374099350005054],[114.29334129466531,22.373350310069043],[114.29631454508046,22.352863400425804],[114.28801903035412,22.366999425483357],[114.29145903520646,22.374099350005054]]],[[[114.32055055476462,22.372736379780406],[114.32938087023115,22.373577879915388],[114.32846806464966,22.36574737494169],[114.32055055476462,22.372736379780406]]],[[[114.64965378469458,22.44769702979437],[114.64574022023521,22.432422544864664],[114.63781540515697,22.431765095483],[114.64965378469458,22.44769702979437]]],[[[114.61597100485801,22.46870628996345],[114.64716943542123,22.457341774903057],[114.62541572545558,22.45184253480511],[114.61597100485801,22.46870628996345]]],[[[114.35332116483994,22.480722940311637],[114.3666658899192,22.47274326479004],[114.36007155975494,22.465189310338587],[114.35332116483994,22.480722940311637]]],[[[114.35691320997682,22.503695010416664],[114.36089493495354,22.499148745018715],[114.35796194538761,22.495871035420237],[114.35691320997682,22.503695010416664]]],[[[114.84039275472207,22.51887926006981],[114.83778333043654,22.505512925181506],[114.83587410030964,22.50584831025145],[114.84039275472207,22.51887926006981]]],[[[114.32139575471035,22.516724614849352],[114.29567362973444,22.507152855120353],[114.30924507030397,22.52623122049465],[114.32139575471035,22.516724614849352]]],[[[114.3093707352715,22.53502797506121],[114.31903448485389,22.52300629480476],[114.30811272492258,22.52899735974046],[114.3093707352715,22.53502797506121]]],[[[114.28868824017036,22.553585829922383],[114.30465649989787,22.53220772540641],[114.28670905537888,22.533118629821047],[114.28868824017036,22.553585829922383]]],[[[114.42565095972407,22.55144001514458],[114.44150334000733,22.54055746475541],[114.4271231696988,22.54068895013512],[114.42565095972407,22.55144001514458]]],[[[114.63721034488185,22.57619897520277],[114.65174938042958,22.577323759983813],[114.65395461971013,22.563850225008082],[114.63721034488185,22.57619897520277]]],[[[114.72339636505046,22.58257935485352],[114.71530702529913,22.583348929909448],[114.7175343303453,22.59150341025446],[114.72339636505046,22.58257935485352]]],[[[114.64500668011453,22.666242210110113],[114.64939115477819,22.659900219819292],[114.6468661453564,22.65895848034978],[114.64500668011453,22.666242210110113]]],[[[114.60607283978993,22.674759405022826],[114.60767805499836,22.6648274946931],[114.60109337006315,22.663781375410167],[114.60607283978993,22.674759405022826]]],[[[114.64348122038223,22.667889974942398],[114.64670682505982,22.677491944697522],[114.6489364404647,22.66704176496569],[114.64348122038223,22.667889974942398]]],[[[114.58017559972416,22.717521500117414],[114.58894499961218,22.707986000153937],[114.58017559972427,22.7128261999693],[114.58017559972416,22.717521500117414]]],[[[114.949786294702,22.728737949896697],[114.92775673478582,22.725327565115208],[114.93639014458961,22.735246779715283],[114.949786294702,22.728737949896697]]],[[[115.00985615733612,7.527411629543337],[114.96087808675463,7.483442927548992],[114.94691938732012,7.515790830182652],[115.00985615733612,7.527411629543337]]],[[[115.41533944805713,8.335822567058074],[115.44547284749399,8.351057861331526],[115.43563147011639,8.323463953998555],[115.41533944805713,8.335822567058074]]],[[[115.27660135167139,8.360735860671412],[115.19025724777407,8.357117587706796],[115.17760920050443,8.387927626259227],[115.27660135167139,8.360735860671412]]],[[[115.50833372731984,8.51980259591329],[115.55693101595364,8.468036637780813],[115.51800298345108,8.462239197780889],[115.50833372731984,8.51980259591329]]],[[[115.25382827185751,8.511626727891212],[115.29284097912807,8.50777237389616],[115.26702626714882,8.479109750015027],[115.25382827185751,8.511626727891212]]],[[[116.32658513479646,8.896183016732891],[116.28312864257293,8.902465051920785],[116.31711559740722,8.919818345839928],[116.32658513479646,8.896183016732891]]],[[[116.65056129376899,9.037222600542748],[116.64259751646227,9.035331159905184],[116.64588625894396,9.039531898578389],[116.65056129376899,9.037222600542748]]],[[[116.70211738790726,9.058555389119988],[116.73673511463403,9.030561142282863],[116.70506025562656,9.026033673615359],[116.70211738790726,9.058555389119988]]],[[[116.44952250705808,9.167588104907338],[116.49668998515483,9.16588745993829],[116.47802842137469,9.13868656263503],[116.44952250705808,9.167588104907338]]],[[[115.93919227090691,9.271691799337248],[115.97344569756103,9.324093585350738],[115.99685768093741,9.289547723448607],[115.93919227090691,9.271691799337248]]],[[[115.4232913642054,9.376718045301686],[115.46587827316398,9.36082053703808],[115.44579764304706,9.3469309774826],[115.4232913642054,9.376718045301686]]],[[[116.91770216642215,9.457790082346605],[116.93290547630693,9.453417475136575],[116.92271620428971,9.447079455352764],[116.91770216642215,9.457790082346605]]],[[[116.15692724479675,9.564447050990793],[116.16650991510062,9.5990264495112],[116.1931927831206,9.580718646648506],[116.15692724479675,9.564447050990793]]],[[[115.89103804676859,9.659460641895294],[115.86075535447628,9.773753509417134],[115.91425043820743,9.792701946138152],[115.89103804676859,9.659460641895294]]],[[[116.59941680224392,9.716271259811037],[116.5876037224341,9.737421696454192],[116.60615004978513,9.71754210438479],[116.59941680224392,9.716271259811037]]],[[[116.56287793297042,9.720689417682763],[116.5784557511322,9.745418047205362],[116.58989672925088,9.725969543359895],[116.56287793297042,9.720689417682763]]],[[[116.52415373091014,9.749215685455795],[116.53655392952032,9.74150111388559],[116.51445768757253,9.74398878525443],[116.52415373091014,9.749215685455795]]],[[[116.42865670943979,9.77030251574854],[116.44874864133703,9.798759042895654],[116.44734125089803,9.763265780291817],[116.42865670943979,9.77030251574854]]],[[[116.46602413400672,9.811580700688921],[116.50558944050067,9.799038583663958],[116.48492858578561,9.782919933908033],[116.46602413400672,9.811580700688921]]],[[[115.57739995984036,9.919277160612637],[115.49839645882957,9.892593271862097],[115.50982009172401,9.93369391264389],[115.57739995984036,9.919277160612637]]],[[[117.34601072911198,10.102566576686115],[117.38105169118262,10.065388731904704],[117.35193567319277,10.062758313845336],[117.34601072911198,10.102566576686115]]],[[[116.04145856855826,10.097272973768895],[116.09194333721553,10.095349970524921],[116.06618789955223,10.065770613723146],[116.04145856855826,10.097272973768895]]],[[[115.31209928085741,10.182129444318662],[115.28056146773758,10.2129912487473],[115.32849576626677,10.205372660020487],[115.31209928085741,10.182129444318662]]],[[[115.36342572771537,10.258113530015521],[115.36542051934168,10.24357080005268],[115.35770691454252,10.244768178109098],[115.36342572771537,10.258113530015521]]],[[[117.2569151709987,10.347044710045509],[117.29513073089879,10.315997415948289],[117.26646154556408,10.305228458926535],[117.2569151709987,10.347044710045509]]],[[[116.6422304752565,10.360952945821737],[116.45578055372971,10.343203330569509],[116.52260404254287,10.429108442101153],[116.51110740268473,10.351361922614672],[116.6422304752565,10.360952945821737]]],[[[115.7978894987017,10.448792947836466],[115.75976381434884,10.472215599870026],[115.7980110465727,10.465634933105775],[115.7978894987017,10.448792947836466]]],[[[115.71871448618481,10.447188516836832],[115.73913347812766,10.465438346702626],[115.73908646067196,10.441575786793237],[115.71871448618481,10.447188516836832]]],[[[116.84162457551406,10.495077614540548],[116.8622913756468,10.476485431657522],[116.8302646272108,10.474403984056778],[116.84162457551406,10.495077614540548]]],[[[115.69645177433006,10.487074879502359],[115.72054275934101,10.503425467111697],[115.71445183098751,10.480723847427896],[115.69645177433006,10.487074879502359]]],[[[116.70015037274175,10.491967497202324],[116.64867082979504,10.519930607711558],[116.70855428994867,10.509210564815874],[116.70015037274175,10.491967497202324]]],[[[115.80099244934217,10.526674877343737],[115.76947951326906,10.523102505776308],[115.7781364133649,10.542835322192559],[115.80099244934217,10.526674877343737]]],[[[115.71854556112908,10.521778775670157],[115.74263645620783,10.537869038325368],[115.74419760643457,10.513166622242068],[115.71854556112908,10.521778775670157]]],[[[117.16918359304861,10.595067471786649],[117.20552223636241,10.59674532793457],[117.20253817070011,10.588201963649908],[117.16918359304861,10.595067471786649]]],[[[116.1594288088927,10.615805381313521],[116.17152676065166,10.614494730947342],[116.16352006050272,10.610135253839132],[116.1594288088927,10.615805381313521]]],[[[117.62924549138654,10.642841103734156],[117.66327403267076,10.64553821551641],[117.63001840652453,10.62488275403615],[117.62924549138654,10.642841103734156]]],[[[117.26277821294434,10.693435641841461],[117.3989745059688,10.727094735333992],[117.41243460507314,10.678474320633597],[117.26277821294434,10.693435641841461]]],[[[116.17079970104555,10.721161247693715],[116.16293148749833,10.712785640245045],[116.16104703998906,10.719632600764157],[116.17079970104555,10.721161247693715]]],[[[117.21702268035244,10.72931531614904],[117.18004349760963,10.723802038533393],[117.18298602268692,10.74367696851749],[117.21702268035244,10.72931531614904]]],[[[115.80668657522551,10.736957106485534],[115.79869553227331,10.729602749367587],[115.80269114997691,10.739273087383253],[115.80668657522551,10.736957106485534]]],[[[117.82277422495054,10.842470393793576],[117.81867594693756,10.775513644339355],[117.76757627762333,10.755355006128923],[117.76931270122043,10.807706069479764],[117.82277422495054,10.842470393793576]]],[[[116.07665790933527,10.822597717510916],[116.10894603583097,10.8009452271408],[116.09286175456657,10.786518572674197],[116.07665790933527,10.822597717510916]]],[[[115.82210428708345,10.822467382363982],[115.82367827153519,10.813471786793457],[115.81751617353268,10.814370637594891],[115.82210428708345,10.822467382363982]]],[[[115.8601307771138,10.849699863857609],[115.85210948546467,10.830144108663944],[115.83787831753045,10.852739685687936],[115.8601307771138,10.849699863857609]]],[[[117.66598024559221,11.01707565401847],[117.66657047604679,11.056991809424687],[117.70042489509308,11.03347418448601],[117.66598024559221,11.01707565401847]]],[[[117.26296893306994,11.042897128899597],[117.29520862837569,11.079226910293642],[117.30024241715387,11.028985576423395],[117.26296893306994,11.042897128899597]]],[[[117.46437525741248,11.091869740596337],[117.47468684352316,11.073452224041091],[117.4453727237725,11.066061593667825],[117.46437525741248,11.091869740596337]]],[[[114.98194292142875,11.07699804132676],[115.01731924968396,11.087715479785743],[115.00687919721736,11.062910754127927],[114.98194292142875,11.07699804132676]]],[[[116.72942054532223,11.477793649157718],[116.76820951116008,11.446966733927809],[116.76128181760203,11.431650146337176],[116.72942054532223,11.477793649157718]]],[[[115.39468378872607,13.97894162425672],[115.39315378831702,13.926363382264299],[115.35742216580059,13.950355665781558],[115.39468378872607,13.97894162425672]]],[[[117.81019986723015,15.118519866199108],[117.80950507260104,15.124380220071316],[117.81460042626873,15.120209408137612],[117.81019986723015,15.118519866199108]]],[[[117.82664006868436,15.134047678457648],[117.82594617607538,15.13990896852431],[117.83104112594754,15.135737648473878],[117.82664006868436,15.134047678457648]]],[[[117.83491876249116,15.161114059666147],[117.82506740353801,15.154809809425387],[117.72776747069247,15.220160208726611],[117.72087886526765,15.133001025876695],[117.82508560221879,15.112022029693094],[117.71429815263798,15.112342566056554],[117.71456686017257,15.230555805006588],[117.83491876249116,15.161114059666147]]],[[[116.69428897205864,16.354110233400775],[116.73477845516175,16.305741350083508],[116.70401426944318,16.301676155430414],[116.69428897205864,16.354110233400775]]],[[[116.72458078977206,20.707529185423766],[116.70676604022083,20.704401595157492],[116.70735345040157,20.708421945116754],[116.72458078977206,20.707529185423766]]],[[[115.56833212982406,22.65274237985716],[115.56860311983814,22.650058899998385],[115.56652537474656,22.651101145002087],[115.56833212982406,22.65274237985716]]],[[[115.1902454648565,22.744629865276295],[115.18629292467904,22.73808572987275],[115.1814710746304,22.742111099847534],[115.1902454648565,22.744629865276295]]],[[[115.11270203477113,22.784099605312576],[115.1036701200801,22.78606868532171],[115.11139531983838,22.78709007504699],[115.11270203477113,22.784099605312576]]],[[[117.28689385017128,23.263341444752086],[117.27965476545523,23.259986434826374],[117.28615319011794,23.26433603018387],[117.28689385017128,23.263341444752086]]],[[[117.303365050357,23.27587356491324],[117.29785012967977,23.279207220436945],[117.3018423497449,23.281140945398477],[117.303365050357,23.27587356491324]]],[[[117.12679338470707,23.470969150405892],[117.12131899017947,23.392471585495514],[116.94030986990458,23.429152665463107],[116.98030094513274,23.463338195101812],[117.12679338470707,23.470969150405892]]],[[[117.09644055968442,23.47234512482777],[117.10154830511033,23.482707689907954],[117.10208643963767,23.482346165143667],[117.09644055968442,23.47234512482777]]],[[[116.8844223898817,23.552655335375675],[116.88934898486809,23.546609450466008],[116.87641526974903,23.553123124932483],[116.8844223898817,23.552655335375675]]],[[[117.07348519988238,23.57547894539698],[117.06487887496019,23.564728769817066],[117.0609158199095,23.573506885034874],[117.07348519988238,23.57547894539698]]],[[[117.03526226014537,23.581749435088568],[117.02975295033843,23.565768615429533],[117.01868592021924,23.578619060521362],[117.03526226014537,23.581749435088568]]],[[[117.29403123505347,23.59764022991294],[117.28428915002462,23.598142795353738],[117.29279048539274,23.602226395531943],[117.29403123505347,23.59764022991294]]],[[[117.31874758523315,23.608516910427227],[117.31236577026425,23.611374050272275],[117.32966572988983,23.613487305095134],[117.31874758523315,23.608516910427227]]],[[[117.55506970040653,23.7289794797195],[117.54302367010655,23.732911210483906],[117.54932785469691,23.741773344864214],[117.55506970040653,23.7289794797195]]],[[[117.71464917961612,23.780382359958196],[117.70814682041976,23.77173579037469],[117.7032733501851,23.781292179790285],[117.71464917961612,23.780382359958196]]],[[[117.68441881977299,23.787362670151367],[117.6885372354053,23.77757545534314],[117.67799492462632,23.78408648490364],[117.68441881977299,23.787362670151367]]],[[[117.71916548499928,23.793479925258623],[117.72571257017921,23.788628115195593],[117.71866478475215,23.79164042496592],[117.71916548499928,23.793479925258623]]],[[[117.67162615971972,23.791490640181166],[117.66426432473884,23.800569100183736],[117.66559551472142,23.80570065516133],[117.67162615971972,23.791490640181166]]],[[[117.76226176546834,23.818530729709494],[117.75449200520222,23.813892165091602],[117.75378817508454,23.814365085280656],[117.76226176546834,23.818530729709494]]],[[[117.44550213981233,23.918629119838215],[117.43008199528822,23.930528955447187],[117.44801215034067,23.923771585390625],[117.44550213981233,23.918629119838215]]],[[[118.14137951035639,24.34088461473334],[118.15114815506354,24.324611580160308],[118.144982295197,24.32144448537497],[118.14137951035639,24.34088461473334]]],[[[118.07713086959427,24.376282305484153],[118.06139995984063,24.380376114766136],[118.07150244997842,24.385589505351675],[118.07713086959427,24.376282305484153]]],[[[118.15883288982627,24.393098160052148],[118.16517971037536,24.38886023980848],[118.17228588968237,24.385805535097575],[118.16577125024332,24.385410194924532],[118.15883288982627,24.393098160052148]]],[[[117.9192609997956,24.403754000347078],[117.90948600047875,24.401636999847938],[117.90567700019346,24.40403499981562],[117.9192609997956,24.403754000347078]]],[[[117.95812528475437,24.417442270044887],[117.95847814994693,24.402779525554877],[117.9374047950954,24.408508255551737],[117.95812528475437,24.417442270044887]]],[[[118.00562432040624,24.431117444714573],[118.00503416459514,24.436883314913075],[118.01045715477403,24.43345478990659],[118.00562432040624,24.431117444714573]]],[[[118.06066748991304,24.455871710311158],[118.06606933523187,24.43914255488528],[118.05355535979231,24.444971370432654],[118.06066748991304,24.455871710311158]]],[[[117.9055906553848,24.477463779729817],[117.92460817982396,24.468727615187277],[117.92424650037594,24.464330375546638],[117.9055906553848,24.477463779729817]]],[[[118.1973068204536,24.485167415544083],[118.06622452044553,24.4628146455795],[118.13753087964676,24.559963840358932],[118.1973068204536,24.485167415544083]]],[[[118.19389824960467,39.008405820572364],[118.2002259748491,39.00923458540797],[118.19972862008001,39.00691608550909],[118.19389824960467,39.008405820572364]]],[[[118.22473974464378,39.03729404478463],[118.22919440959447,39.03196605538932],[118.22257241538512,39.03494313511766],[118.22473974464378,39.03729404478463]]],[[[119.44773112529151,23.219413285095243],[119.42978860545986,23.188321790218595],[119.41059630497568,23.214438394716296],[119.44773112529151,23.219413285095243]]],[[[119.61308558483199,23.252998324813063],[119.61663542478516,23.24462368503532],[119.60862572539713,23.24904859501669],[119.61308558483199,23.252998324813063]]],[[[119.66619026027251,23.26043230520702],[119.67274973001622,23.251041054701204],[119.67194157494396,23.24406918554473],[119.66619026027251,23.26043230520702]]],[[[119.51617095482584,23.26361367043478],[119.51595964472199,23.25608626037257],[119.51236684505409,23.255831670395196],[119.51617095482584,23.26361367043478]]],[[[119.50945905988783,23.272622440173677],[119.50484888506821,23.268355534780255],[119.50340562516976,23.27254025472911],[119.50945905988783,23.272622440173677]]],[[[119.5387459652543,23.374323245021685],[119.52384451011619,23.360709315082943],[119.5186280852181,23.364442315460735],[119.5387459652543,23.374323245021685]]],[[[119.49096452988931,23.396510755566965],[119.51540437001597,23.368693985439336],[119.49059075545927,23.353206670551344],[119.49096452988931,23.396510755566965]]],[[[119.32745481458824,23.40035163502023],[119.31933498512149,23.411747430299727],[119.33081018963878,23.406054375509143],[119.32745481458824,23.40035163502023]]],[[[119.54323724969947,23.493564085314404],[119.50890328515868,23.485499080318505],[119.5436654798782,23.494578405469213],[119.54323724969947,23.493564085314404]]],[[[119.65622725498417,23.601808695515103],[119.69342166527792,23.555188605070327],[119.60647059544192,23.507967914987432],[119.57269869998527,23.508114720318133],[119.54124922547157,23.539006920033614],[119.65622725498417,23.601808695515103]]],[[[119.5251967199531,23.64279864054481],[119.51791794545693,23.566914710545745],[119.46796231990515,23.560834754820007],[119.50065235971886,23.575002249854037],[119.5251967199531,23.64279864054481]]],[[[119.60693968002238,23.62227161034673],[119.60505272520345,23.609118260099876],[119.59695536529807,23.616740089983352],[119.60693968002238,23.62227161034673]]],[[[119.5509278948067,23.662677774859674],[119.61220074007235,23.652833220177115],[119.58976335469538,23.62227229023415],[119.5509278948067,23.662677774859674]]],[[[119.52356215536952,23.655192180574772],[119.51975975970527,23.647924779804896],[119.51357817968938,23.65410840487891],[119.52356215536952,23.655192180574772]]],[[[119.62242669543593,23.74357939037685],[119.59655508964579,23.738255165543535],[119.61006491046749,23.755868549694014],[119.62242669543593,23.74357939037685]]],[[[118.26254088525388,24.422513629800164],[118.23184071507717,24.448373334861742],[118.26765481531766,24.443168684786883],[118.26254088525388,24.422513629800164]]],[[[118.44749860038041,24.503939229911737],[118.45688603506278,24.421488954851554],[118.27812922998021,24.413466914966364],[118.3032635697582,24.4855980397179],[118.44749860038041,24.503939229911737]]],[[[118.30526429511133,24.575468069695944],[118.36892278006235,24.541861845547885],[118.2900033197975,24.560201005072372],[118.30526429511133,24.575468069695944]]],[[[118.37964910022595,24.561208969718166],[118.3874418354726,24.556717740131887],[118.37426556960042,24.556182360227922],[118.37964910022595,24.561208969718166]]],[[[118.77427196477947,24.834216739710996],[118.76494696013424,24.8285767503167],[118.76467784520673,24.83052029497577],[118.77427196477947,24.834216739710996]]],[[[119.4474496554775,24.996467445516316],[119.45574649490504,24.987525060133578],[119.44459915532707,24.99550382554139],[119.4474496554775,24.996467445516316]]],[[[119.02454284008013,25.03173408975664],[119.02730130541113,25.040850240346572],[119.02890673465811,25.032089665505907],[119.02454284008013,25.03173408975664]]],[[[119.09073277539756,25.053676884880304],[119.14081471972372,25.055882324709614],[119.11529813030461,25.02619226496131],[119.09073277539756,25.053676884880304]]],[[[119.0420448395979,25.080169405094125],[119.03417824483029,25.080214300149805],[119.04096348487712,25.084867664911087],[119.0420448395979,25.080169405094125]]],[[[119.36216438997474,25.120941670122136],[119.37284912998359,25.12313906011974],[119.36885581994045,25.119214850385333],[119.36216438997474,25.120941670122136]]],[[[118.99999917502214,25.186003225168918],[118.99081673990088,25.181554770036655],[119.00035080544558,25.18969204545175],[118.99999917502214,25.186003225168918]]],[[[119.02926014034358,25.182011630132536],[119.0127462502395,25.186324634774337],[119.02769162466893,25.191603575145052],[119.02926014034358,25.182011630132536]]],[[[119.59571365516138,25.189107415075284],[119.5904844347092,25.196868524762635],[119.59695952466245,25.19179011522175],[119.59571365516138,25.189107415075284]]],[[[119.44171994971612,25.20689030524369],[119.51704720476494,25.206445770356027],[119.57244831973446,25.20423634023507],[119.44171994971612,25.20689030524369]]],[[[119.64054533489957,25.234548059945098],[119.63510124033041,25.23099092019487],[119.63358863011149,25.234220794853798],[119.64054533489957,25.234548059945098]]],[[[119.59189390527968,25.24525704477702],[119.58575264996489,25.240281380081797],[119.58429744527109,25.242556985016847],[119.59189390527968,25.24525704477702]]],[[[119.58419593519443,25.252135799927373],[119.57758588038428,25.250104865447213],[119.57529672986038,25.253979000031052],[119.58419593519443,25.252135799927373]]],[[[119.62412023036461,25.256155845016167],[119.62220014002469,25.260497244852274],[119.6313151403815,25.259947185314616],[119.62412023036461,25.256155845016167]]],[[[119.56831353464224,25.270511069930194],[119.57402921547612,25.26537743032435],[119.56717126973854,25.263376735548093],[119.56831353464224,25.270511069930194]]],[[[119.5130304754764,25.267673535305505],[119.5162366197244,25.28229761973961],[119.52395303040817,25.270013265499983],[119.5130304754764,25.267673535305505]]],[[[119.76205908485917,25.301072964845616],[119.75412255970866,25.298966204926387],[119.7561358998521,25.305062655117638],[119.76205908485917,25.301072964845616]]],[[[119.6935149249739,25.331250889717012],[119.68421907005427,25.309354360215593],[119.69660759546446,25.344072540315665],[119.6935149249739,25.331250889717012]]],[[[119.36006709991705,25.335150779984815],[119.36041724466043,25.33096146539924],[119.35600649990022,25.33552314517698],[119.36006709991705,25.335150779984815]]],[[[119.48441618026277,25.334022325070237],[119.46678969029222,25.347413054968456],[119.48381450503541,25.354142265453333],[119.48441618026277,25.334022325070237]]],[[[119.25927203467677,25.358428214890466],[119.25246776047902,25.356615205027822],[119.25566295548128,25.360276755168286],[119.25927203467677,25.358428214890466]]],[[[119.73111313985987,25.36536633518847],[119.69485200461645,25.36993463487579],[119.72456066504287,25.37947530054487],[119.73111313985987,25.36536633518847]]],[[[119.65756165015011,25.41119494489078],[119.66579840497263,25.42736210497742],[119.66369352463664,25.406359489898477],[119.65756165015011,25.41119494489078]]],[[[119.39132780493446,25.445311375120127],[119.3872230248229,25.437813409761304],[119.38481064469579,25.438451289895283],[119.39132780493446,25.445311375120127]]],[[[119.81038645996728,25.439776775478094],[119.7994597249866,25.447397404766377],[119.80028761028541,25.44925784037713],[119.81038645996728,25.439776775478094]]],[[[119.78590718546843,25.666760354806797],[119.88528120046715,25.567125410509504],[119.81072169485049,25.542472115396038],[119.85877011015248,25.469249215478953],[119.75821934035048,25.44084399015827],[119.76683869015346,25.396743170561024],[119.67716026523419,25.45205116522925],[119.73698480540463,25.513044180144732],[119.68350517022759,25.60315508993574],[119.78590718546843,25.666760354806797]]],[[[119.87181034996786,25.59050780529111],[119.8964569649172,25.609485880069485],[119.90277689034144,25.591942375040674],[119.87181034996786,25.59050780529111]]],[[[119.71544711529236,25.66635395477141],[119.66861923019349,25.636605709785613],[119.65962481543318,25.648839594971435],[119.71544711529236,25.66635395477141]]],[[[119.58126222527164,25.63319550486858],[119.56363159032583,25.64865018515809],[119.61580599984734,25.681393740029307],[119.58126222527164,25.63319550486858]]],[[[119.666218765184,25.663819805539788],[119.64735433503483,25.67016225988033],[119.65596703974722,25.675661769775104],[119.666218765184,25.663819805539788]]],[[[119.5805082300709,25.66835956973864],[119.57436942990535,25.67004204030809],[119.58659433536059,25.680456804737787],[119.5805082300709,25.66835956973864]]],[[[119.63645871479787,25.670801489896803],[119.63962651015561,25.67983257541323],[119.65485696967369,25.684413995309797],[119.63645871479787,25.670801489896803]]],[[[119.67882140028769,25.76583717984215],[119.6670083402629,25.762797720438527],[119.66854317992397,25.769065920456057],[119.67882140028769,25.76583717984215]]],[[[119.98982866536073,25.971042844851695],[119.97485826459751,25.953754730196636],[119.96127513464012,25.950255875508162],[119.98982866536073,25.971042844851695]]],[[[119.92382118989644,25.97919092022505],[119.94823565025524,25.978262395393415],[119.93365275027452,25.966834155272295],[119.92382118989644,25.97919092022505]]],[[[119.64799043001437,26.09206819549081],[119.57387949004669,26.058436860472966],[119.53870005486397,26.08452827046358],[119.59053985003413,26.132405210232548],[119.64799043001437,26.09206819549081]]],[[[119.64306498975748,26.12164290549589],[119.63520764991324,26.11638458478103],[119.62993582048193,26.120930090251534],[119.64306498975748,26.12164290549589]]],[[[119.68173749968605,26.138114889890517],[119.65690890512212,26.13304561026689],[119.6699043901757,26.145099870263095],[119.68173749968605,26.138114889890517]]],[[[119.66087498009665,26.15766078042077],[119.63931371515594,26.134613130391585],[119.60317288042427,26.172391459698247],[119.66087498009665,26.15766078042077]]],[[[119.90901951004253,26.14528058992738],[119.95119802516899,26.168167944795073],[119.96513919501797,26.165987815485437],[119.90901951004253,26.14528058992738]]],[[[119.96734767005921,26.22109831003928],[119.97602670966512,26.215055195041373],[119.96648755036028,26.194013550285376],[119.96734767005921,26.22109831003928]]],[[[119.99233200022195,26.27572559975681],[119.97838624472968,26.27194048546528],[119.99044647982134,26.284377549983958],[119.99233200022195,26.27572559975681]]],[[[119.9143157048062,26.41300677554233],[119.91234012000075,26.423469700466512],[119.91680098487757,26.424646449873933],[119.9143157048062,26.41300677554233]]],[[[119.88883130032457,26.41945759549185],[119.88158815966597,26.423534695369995],[119.88280278492073,26.425550690312377],[119.88883130032457,26.41945759549185]]],[[[119.81261605468751,26.57548606473034],[119.8014321648626,26.566301535087916],[119.79755728474095,26.57054409043758],[119.81261605468751,26.57548606473034]]],[[[119.79676988961887,26.608970044931823],[119.8001683853629,26.600353494718036],[119.79232133016558,26.60143528471076],[119.79676988961887,26.608970044931823]]],[[[119.77242659531123,26.604323665205186],[119.76703440511392,26.625822189842324],[119.81412345513354,26.623124810062166],[119.77242659531123,26.604323665205186]]],[[[119.92074913006843,26.64362533544113],[119.91418832033492,26.650839615056213],[119.92495974509643,26.646992780292805],[119.92074913006843,26.64362533544113]]],[[[119.75411426526136,26.676533274691167],[119.66533164963607,26.636783490265884],[119.65226165035517,26.66226962504345],[119.75411426526136,26.676533274691167]]],[[[119.81142596024017,26.6692439547449],[119.7936897098125,26.686675235173936],[119.82255510023799,26.6774620801109],[119.81142596024017,26.6692439547449]]],[[[119.945197920248,26.69522360508546],[119.94213184990497,26.664345694698284],[119.902747040044,26.69153866987392],[119.945197920248,26.69522360508546]]],[[[119.78721620536373,26.68717204495391],[119.77399008017812,26.68815680978912],[119.78514618005227,26.691396350361458],[119.78721620536373,26.68717204495391]]],[[[119.65852149477132,26.724357980036928],[119.6249402654812,26.715024220491387],[119.64792888491024,26.73507910481709],[119.65852149477132,26.724357980036928]]],[[[119.65165775470166,26.752348255467894],[119.64124049015663,26.754581274806185],[119.64750796981707,26.757530985466815],[119.65165775470166,26.752348255467894]]],[[[119.5966256198767,26.75494668014545],[119.58923093985618,26.779897364871715],[119.60795662979478,26.77764853994813],[119.5966256198767,26.75494668014545]]],[[[119.44158979533302,34.778080230018645],[119.49634958036904,34.755779595552156],[119.37543325993715,34.76397287534809],[119.44158979533302,34.778080230018645]]],[[[119.92383553498212,35.63301480478964],[119.92478333498309,35.62450521994009],[119.92173510539112,35.62373794984677],[119.92383553498212,35.63301480478964]]],[[[119.81298375509664,37.31029591472475],[119.81932660963548,37.31415057538902],[119.81552315007355,37.309364170320464],[119.81298375509664,37.31029591472475]]],[[[119.22051850482546,37.78114503981192],[119.21987010981775,37.785358375288865],[119.22596806007823,37.78391285539419],[119.22051850482546,37.78114503981192]]],[[[119.24313480492765,37.809910594698465],[119.24960985531084,37.81872008006792],[119.25386109991007,37.81571664031088],[119.24313480492765,37.809910594698465]]],[[[118.26598567539872,38.9847274903816],[118.26944844029344,38.9809720896904],[118.26465596480125,38.982759100152634],[118.26598567539872,38.9847274903816]]],[[[118.72566003967927,39.02970139970006],[118.72863665985415,39.03025933010417],[118.73012421496094,39.028970939757016],[118.72566003967927,39.02970139970006]]],[[[118.70978823493942,39.04472257528664],[118.71314201998837,39.04794291533352],[118.71292233000167,39.04390923022709],[118.70978823493942,39.04472257528664]]],[[[118.84168641969268,39.106442850357325],[118.8329528703789,39.1056891249533],[118.84286771517316,39.10724720039792],[118.84168641969268,39.106442850357325]]],[[[118.85581513506065,39.10795949043842],[118.8510008600017,39.132206249718934],[118.86341783006912,39.13432461988555],[118.85581513506065,39.10795949043842]]],[[[118.81550138488114,39.14162800972508],[118.82468254476396,39.12506809052013],[118.81095162022132,39.12648569995531],[118.81550138488114,39.14162800972508]]],[[[120.36454990985078,22.32409589490976],[120.36716523998416,22.351686394711578],[120.38852265469689,22.34995252518894],[120.36454990985078,22.32409589490976]]],[[[120.27847232993429,22.608171794892712],[120.3167482604241,22.55416171978777],[120.26466429482161,22.616307549553937],[120.27847232993429,22.608171794892712]]],[[[120.1494246048619,22.986834329940564],[120.16413491989078,22.97628122999504],[120.16295014043669,22.97076734533681],[120.1494246048619,22.986834329940564]]],[[[120.04956937522672,23.124488350257366],[120.0573730300415,23.131562150373156],[120.04925166003625,23.12066886027992],[120.04956937522672,23.124488350257366]]],[[[120.08627079516123,23.23993743476501],[120.09683976544295,23.257997815247165],[120.08805254009292,23.23633345472507],[120.08627079516123,23.23993743476501]]],[[[120.06950956991102,23.502002340435922],[120.00791687986032,23.461854880298745],[120.02162784484949,23.440841760239095],[120.01988680503212,23.435845734893007],[120.06950956991102,23.502002340435922]]],[[[120.1483786402622,23.519034195072038],[120.1488460152317,23.525493550487226],[120.15571240020734,23.52050992049658],[120.1483786402622,23.519034195072038]]],[[[121.5732109947918,25.297918765438908],[121.74215434015082,25.130467795552306],[121.92425107532699,25.1292302348877],[122.00488500044275,25.007167000057166],[121.8335368400534,24.865348804803602],[121.87354167490867,24.534549699908666],[121.61713039505184,24.083197259845804],[121.41201388972945,23.12322043477525],[120.97885961527936,22.558903415060797],[120.86620052543424,21.9004845155481],[120.72849902001394,21.918535615026883],[120.64266350971354,22.30312823557972],[120.30350152457595,22.52655354471051],[120.3414978549423,22.5435882996606],[120.17523099001824,22.976721860025975],[120.0386486450193,23.06346951490633],[120.16340334029212,23.392889844890647],[120.17379160529856,23.800317844892675],[120.22246404487987,23.833129734749377],[120.24398492036812,23.82261281992595],[120.2648955500897,23.840901475322994],[121.03795500042315,25.027104000349254],[121.21213343520992,25.10859443978177],[121.33605193994526,25.125503029741253],[121.38960665502316,25.147261810084615],[121.41575170507735,25.1693418849203],[121.46152789509654,25.122189660224876],[121.40701032986306,25.186794089875434],[121.5732109947918,25.297918765438908]]],[[[120.13713562001317,23.660085829797367],[120.15028034486204,23.684673879995728],[120.13724795972598,23.64539063506976],[120.13713562001317,23.660085829797367]]],[[[120.16618019046359,23.718717289771178],[120.15638334031917,23.73848124971005],[120.16864713515747,23.737006325581604],[120.16618019046359,23.718717289771178]]],[[[120.24436336048097,23.825541195070116],[120.23117196531416,23.835294310284382],[120.24895026983927,23.833574520547984],[120.24436336048097,23.825541195070116]]],[[[120.36674348042732,24.058080525196374],[120.37900068503382,24.085319095100317],[120.4194335549148,24.086020685006645],[120.36674348042732,24.058080525196374]]],[[[120.00320307526181,26.245003659691065],[119.99822915525147,26.24943676519456],[120.00673415535732,26.250561129992093],[120.00320307526181,26.245003659691065]]],[[[120.46919881467375,26.376835184895867],[120.49964586526471,26.378089624936422],[120.5113477546953,26.3660882549691],[120.48430615970153,26.355733770297263],[120.46919881467375,26.376835184895867]]],[[[120.12938040538165,26.495023290492554],[120.13643496989835,26.48782369500759],[120.13078606462534,26.4870040097274],[120.12938040538165,26.495023290492554]]],[[[120.06126655041112,26.50197329982808],[120.02394874503887,26.501235260399028],[120.06296718458805,26.526114975126006],[120.06126655041112,26.50197329982808]]],[[[120.14268033972621,26.53144243032392],[120.14121978046853,26.546258265506594],[120.14872645486241,26.53629849058285],[120.14268033972621,26.53144243032392]]],[[[119.99791374502365,26.554035089947718],[120.00670529971,26.54655185008795],[119.9940742001645,26.536519284937242],[119.99791374502365,26.554035089947718]]],[[[120.1531179451373,26.562913010127545],[120.15811874498422,26.55470444995035],[120.14427430981175,26.55531137991636],[120.1531179451373,26.562913010127545]]],[[[120.16026970478333,26.581326219829236],[120.11442084504608,26.569256889893552],[120.15915856991228,26.60598877526195],[120.16026970478333,26.581326219829236]]],[[[120.36613840486382,26.64441374050199],[120.34794115476075,26.641866605060045],[120.34696251520802,26.646161769850096],[120.36613840486382,26.64441374050199]]],[[[120.32451104015263,26.65662051022855],[120.31830286538514,26.65054207525685],[120.31731713018144,26.652748265120522],[120.32451104015263,26.65662051022855]]],[[[120.38461906012185,26.677686405203644],[120.37927765464019,26.685137489803253],[120.38487132984801,26.685105349832213],[120.38461906012185,26.677686405203644]]],[[[120.12051684467701,26.698987300223735],[120.13084973033097,26.687337229729508],[120.11692612514071,26.696919180575946],[120.12051684467701,26.698987300223735]]],[[[120.35387206044766,26.71101325046118],[120.3463649849565,26.694178430090517],[120.34088696975789,26.700228805315362],[120.35387206044766,26.71101325046118]]],[[[120.1518419996089,26.80927500014127],[120.14001573483858,26.795621550394458],[120.13493292041835,26.799957690095596],[120.1518419996089,26.80927500014127]]],[[[120.11683542491494,26.832711214850974],[120.12994656548176,26.834068330489117],[120.11249090533136,26.829612665492334],[120.11683542491494,26.832711214850974]]],[[[120.21581240002251,26.87628931520004],[120.22385933494058,26.889813759897322],[120.22517990482902,26.881876005373442],[120.21581240002251,26.87628931520004]]],[[[120.24578285039854,26.93709755001214],[120.26063449028982,26.92111496498387],[120.24346660959657,26.918237979799017],[120.24578285039854,26.93709755001214]]],[[[120.30877246547709,26.925624789852293],[120.30240468532827,26.942044445395027],[120.31522251021102,26.935804209796743],[120.30877246547709,26.925624789852293]]],[[[120.32104840026363,26.962593710431634],[120.39063073482077,26.9316454047119],[120.31912829013868,26.943824520285546],[120.32104840026363,26.962593710431634]]],[[[120.36962386504968,26.96177728519382],[120.38694343529164,26.961919055220505],[120.38846565026972,26.959638250405078],[120.37381205997883,26.95739973530982],[120.36962386504968,26.96177728519382]]],[[[120.71034568020923,26.99387403056221],[120.71656604528721,26.97849314504265],[120.7084352899567,26.9785190005515],[120.71034568020923,26.99387403056221]]],[[[120.68974881495592,27.008335290041884],[120.7030706747721,27.002318410066835],[120.6917678550027,26.996299520107073],[120.68974881495592,27.008335290041884]]],[[[120.40597972498449,27.103815045428178],[120.42061415521925,27.10670018476577],[120.40141968017429,27.098383710440032],[120.40597972498449,27.103815045428178]]],[[[120.48407662033992,27.143422684809252],[120.46548800506764,27.152262680578417],[120.46547886525752,27.164358490152495],[120.47218578514617,27.162684500189812],[120.48407662033992,27.143422684809252]]],[[[120.53508697528389,27.17372188056055],[120.51307996047183,27.155712100433277],[120.52277584462979,27.183580579780028],[120.53508697528389,27.17372188056055]]],[[[120.56233896037486,27.245942195576163],[120.55281136545227,27.24000430035835],[120.54905458969779,27.247084714987864],[120.56233896037486,27.245942195576163]]],[[[120.27521399532986,27.242450775583052],[120.27958419505478,27.2494079453204],[120.28186939485681,27.23900441522187],[120.27521399532986,27.242450775583052]]],[[[120.58639920026314,27.336222060100226],[120.59256597474018,27.35168930481774],[120.59945323477928,27.350437350503512],[120.58639920026314,27.336222060100226]]],[[[121.08264371493567,27.43472454030558],[121.08142071969053,27.427336019741688],[121.07075528992482,27.43500597504601],[121.08264371493567,27.43472454030558]]],[[[121.04465723484373,27.461923440214775],[121.09658516537331,27.461512020163866],[121.10572499960927,27.447884045512353],[121.04465723484373,27.461923440214775]]],[[[121.10489977990107,27.476680689962166],[121.11732512535457,27.46834646481767],[121.10333626535657,27.47623613528964],[121.10489977990107,27.476680689962166]]],[[[121.12835959461984,27.46964411998016],[121.12216527031126,27.476142700225466],[121.13104038460642,27.470666185096434],[121.12835959461984,27.46964411998016]]],[[[121.08963804016366,27.496402469898214],[121.08489571536518,27.491815414849725],[121.08229029486154,27.495239940570855],[121.08963804016366,27.496402469898214]]],[[[120.82573965516121,27.647933790212335],[120.81966910004905,27.64781875972818],[120.83373793046144,27.651700525059425],[120.82573965516121,27.647933790212335]]],[[[120.98203565472181,27.65860516539624],[120.96479346035017,27.66622497989914],[120.97697758514778,27.672813850278942],[120.98203565472181,27.65860516539624]]],[[[120.83276293046504,27.68846703522553],[120.83351502000244,27.677909159880016],[120.82565618998137,27.687761314732825],[120.83276293046504,27.68846703522553]]],[[[120.81204511538999,27.697203220452366],[120.81100868000681,27.691544964928482],[120.8080937002643,27.692447754760337],[120.81204511538999,27.697203220452366]]],[[[120.90201768516818,27.703272865450685],[120.9060937247458,27.694072534719623],[120.89807935517842,27.69828692510174],[120.90201768516818,27.703272865450685]]],[[[120.89809796484951,27.713914535127856],[120.89028977025691,27.70831805043798],[120.88381915982654,27.708554765489964],[120.89809796484951,27.713914535127856]]],[[[121.12690590978013,27.765146580150542],[121.13995461491379,27.761753595452205],[121.12815748547973,27.756963330493477],[121.12690590978013,27.765146580150542]]],[[[121.12698629028523,27.770682054833117],[121.14046739035791,27.777028170314054],[121.14573936547947,27.774295365339015],[121.12698629028523,27.770682054833117]]],[[[121.06965270041201,27.781557079695403],[121.08457233534523,27.795892665214467],[121.09145522018241,27.7869261501217],[121.06965270041201,27.781557079695403]]],[[[121.13936821467166,27.795094460241387],[121.12740495527464,27.80231074984124],[121.15274218480408,27.81911739984838],[121.13936821467166,27.795094460241387]]],[[[121.03421649979191,27.87834442055879],[121.08475720538092,27.868572239717366],[121.0177037653167,27.843264714794714],[121.03421649979191,27.87834442055879]]],[[[121.13774763004926,27.87755259537613],[121.10754215984309,27.890842069705798],[121.14039820011703,27.907747405018938],[121.13774763004926,27.87755259537613]]],[[[121.11608476510003,27.914127614697918],[121.10797291981464,27.92051033528395],[121.1191298947291,27.92382614556044],[121.11608476510003,27.914127614697918]]],[[[121.0719582203958,27.98728616992082],[121.09222461537388,27.941816799805736],[121.03585998025403,27.960534705212694],[121.0719582203958,27.98728616992082]]],[[[121.07173197974737,28.01028360990091],[121.06378558004076,27.991258670551474],[121.03795080508576,27.985062755342142],[121.07173197974737,28.01028360990091]]],[[[121.13130805971946,28.258012164729735],[121.13840247499445,28.26380943475783],[121.1331947447419,28.255332149958917],[121.13130805971946,28.258012164729735]]],[[[120.18656072020121,35.75653403481783],[120.15330993960231,35.76128270523293],[120.17629655983853,35.78764532017556],[120.18656072020121,35.75653403481783]]],[[[120.30855138963523,35.939160025514866],[120.31205226959662,35.94504058985132],[120.31369100523591,35.94114919997588],[120.30855138963523,35.939160025514866]]],[[[120.49039911962393,35.959581940254566],[120.49572234980678,35.96156729979123],[120.49574317540737,35.959504479848135],[120.49039911962393,35.959581940254566]]],[[[120.58520202545333,36.08936645469828],[120.58280925504323,36.09829451028344],[120.58934631548027,36.091227560303935],[120.58520202545333,36.08936645469828]]],[[[120.76443518523581,36.22941667004346],[120.7725327996493,36.227396350261415],[120.77236870485217,36.22338391523573],[120.76443518523581,36.22941667004346]]],[[[120.92469223975536,36.41133306506896],[120.9215245801953,36.416845429872865],[120.93063621978604,36.41837393021285],[120.92469223975536,36.41133306506896]]],[[[120.97789569493068,36.42131830969248],[120.96759748533589,36.416494259902265],[120.94485602028931,36.41771861042582],[120.97789569493068,36.42131830969248]]],[[[120.45590535005203,37.78415376038788],[120.43987958497496,37.77134513017381],[120.43300301967395,37.78302576053045],[120.45590535005203,37.78415376038788]]],[[[120.68564562484573,37.93863352511738],[120.66779535027547,37.946351655304795],[120.68518831958556,37.95179302492846],[120.68564562484573,37.93863352511738]]],[[[120.68093359011334,37.9897215347213],[120.75896054968985,37.92339140498956],[120.75919161969762,37.89479625993971],[120.68093359011334,37.9897215347213]]],[[[120.59504304040422,37.969368429809435],[120.62607655958584,37.95154287490385],[120.61997252541175,37.945762799913496],[120.59504304040422,37.969368429809435]]],[[[120.6505687096784,37.96543792482038],[120.63940957009572,37.96714200969626],[120.64943602974915,37.97918772523349],[120.6505687096784,37.96543792482038]]],[[[120.93287300458564,38.022835925038066],[120.94348501462196,38.02986129486294],[120.94476300520887,38.02235984553067],[120.93287300458564,38.022835925038066]]],[[[120.63346427975284,38.13654926044018],[120.6424718246152,38.13766723555477],[120.6355499550665,38.133763005158755],[120.63346427975284,38.13654926044018]]],[[[120.75106477012332,38.170423590476446],[120.73652368502019,38.15982081018251],[120.74087094034178,38.199503890092615],[120.75106477012332,38.170423590476446]]],[[[120.83813786537041,38.30209964987921],[120.80892969025331,38.31299553991249],[120.84318085511268,38.310515295145024],[120.83813786537041,38.30209964987921]]],[[[120.8506008249683,38.34387112555197],[120.83566191036903,38.336642615064875],[120.83829259462777,38.354705705204424],[120.8506008249683,38.34387112555197]]],[[[120.90865154503297,38.371835194738594],[120.91485267990754,38.363073455275924],[120.91360701005567,38.345495945082064],[120.89163745470489,38.36475684045598],[120.90865154503297,38.371835194738594]]],[[[120.91368102515935,38.399928170049236],[120.91900752527738,38.38735904998043],[120.8949641701605,38.38457867986244],[120.91368102515935,38.399928170049236]]],[[[121.0317631699345,38.872164414856],[121.02483165515696,38.866091134798296],[121.02140814477036,38.869357580388],[121.0317631699345,38.872164414856]]],[[[120.97805003028498,38.94757339489638],[120.98248561971582,38.95432762541952],[120.98346016015842,38.94715337552816],[120.97805003028498,38.94757339489638]]],[[[120.61328159546952,40.40439907995375],[120.6170213902252,40.39752381057559],[120.61016415495192,40.393659689943036],[120.61328159546952,40.40439907995375]]],[[[120.82457799008239,40.512323665504994],[120.78059588009603,40.47292364001413],[120.77056224025546,40.47897049529229],[120.82457799008239,40.512323665504994]]],[[[121.09823000021447,40.861633999909316],[121.08926999981077,40.86374500013176],[121.10672499985901,40.870092999692474],[121.09823000021447,40.861633999909316]]],[[[121.61360505532946,21.946068995288158],[121.60338973534829,21.95211370028727],[121.61325462999719,21.954486060583406],[121.61360505532946,21.946068995288158]]],[[[121.51133813534693,22.04722914480925],[121.57050336004227,22.082286465547895],[121.5929143799948,22.002485499706324],[121.51133813534693,22.04722914480925]]],[[[121.51073306967544,22.654479604750122],[121.50844710005367,22.65484836006391],[121.51020509029274,22.655993234800235],[121.51073306967544,22.654479604750122]]],[[[121.46552154508356,22.67719384551947],[121.5052086449632,22.636276214975396],[121.47279649476252,22.647288690420908],[121.46552154508356,22.67719384551947]]],[[[121.37905900047281,25.152276999983712],[121.36622200024544,25.13990500051557],[121.36454900043634,25.143051999949762],[121.37905900047281,25.152276999983712]]],[[[121.76465346488578,25.1634729299318],[121.76133566530905,25.152349280295198],[121.75713349041848,25.15977645012333],[121.76465346488578,25.1634729299318]]],[[[121.37182699971652,25.156542999759893],[121.37512310045076,25.17166890049964],[121.39377569978876,25.16587910024049],[121.37182699971652,25.156542999759893]]],[[[121.22397271496914,27.619535604784403],[121.21821899011445,27.610106980252965],[121.21355463024213,27.616508379758216],[121.22397271496914,27.619535604784403]]],[[[121.20990102471274,27.61770164971165],[121.2052216146858,27.621376679790103],[121.21231903009937,27.622413484794436],[121.20990102471274,27.61770164971165]]],[[[121.19142070040527,27.624841475354003],[121.2163288454002,27.634161729780203],[121.19350554474522,27.618246180217284],[121.19142070040527,27.624841475354003]]],[[[121.16430656519617,27.6328274848006],[121.17371019037319,27.631038125309487],[121.16215772959572,27.62870584509892],[121.16430656519617,27.6328274848006]]],[[[121.14204874025734,27.763838769843574],[121.14836930959632,27.759368120342685],[121.14231677959594,27.757523754717624],[121.14204874025734,27.763838769843574]]],[[[121.22041890990488,27.82659776997116],[121.21186799491227,27.819603960054906],[121.2093143996401,27.823188664924942],[121.22041890990488,27.82659776997116]]],[[[121.1826446599232,27.84095032030126],[121.16829379492287,27.815107810277425],[121.15620986988984,27.82507578521961],[121.08803830542377,27.821608525513227],[121.1826446599232,27.84095032030126]]],[[[121.14400065040991,27.86038117495133],[121.17085033997137,27.87591015542938],[121.17341596007873,27.873332034745886],[121.14400065040991,27.86038117495133]]],[[[121.14790095976184,27.878740050313354],[121.14363967513111,27.882207079793204],[121.14879325990125,27.88234493507099],[121.14790095976184,27.878740050313354]]],[[[121.19229524522973,28.002023970030393],[121.23512777522683,27.996451804807066],[121.16886132019408,27.982422969944253],[121.19229524522973,28.002023970030393]]],[[[121.15721739476714,28.021208000348963],[121.14606876016535,28.022070450191393],[121.16151292018537,28.024345855477065],[121.15721739476714,28.021208000348963]]],[[[121.25029474530652,28.052707229854775],[121.25653855031408,28.046725364983786],[121.24731802980341,28.04497790041006],[121.25029474530652,28.052707229854775]]],[[[121.41291242486864,28.059728520354895],[121.41334245009409,28.053651990147387],[121.40074428462128,28.05334004051076],[121.41291242486864,28.059728520354895]]],[[[121.27848898517868,28.060634869703733],[121.28654288534608,28.066824629952976],[121.29025239992859,28.066069534881365],[121.27848898517868,28.060634869703733]]],[[[121.52280125477432,28.104980865175037],[121.49790720485385,28.077204589720225],[121.50478698523125,28.092755980404434],[121.52280125477432,28.104980865175037]]],[[[121.39699811007506,28.09524137019332],[121.4089491395913,28.086598770217222],[121.39994348960045,28.081060205464098],[121.39699811007506,28.09524137019332]]],[[[121.3391873552124,28.095037635079052],[121.35710625524973,28.10034360007711],[121.36923521023698,28.111967240395813],[121.35128532046133,28.092512315391275],[121.3391873552124,28.095037635079052]]],[[[121.38192632513994,28.123433129735304],[121.39751671492479,28.13279527997844],[121.39940285495811,28.132457314753538],[121.39265324964788,28.12445645480159],[121.38192632513994,28.123433129735304]]],[[[121.14701871494208,28.176611330148774],[121.15779703030887,28.16641401549458],[121.14405732028922,28.164917740561464],[121.14701871494208,28.176611330148774]]],[[[121.1505953304104,28.228777115171965],[121.17869407037529,28.238690850202715],[121.15678826526653,28.209912305508794],[121.1505953304104,28.228777115171965]]],[[[121.62972307466043,28.231203985175966],[121.64040799543295,28.226731724989406],[121.62854386470781,28.225036664810432],[121.62972307466043,28.231203985175966]]],[[[121.16173337999157,28.254804794705763],[121.17111431977014,28.248278644843822],[121.16057333009542,28.246234260103165],[121.16173337999157,28.254804794705763]]],[[[121.16134650513743,28.26363232497198],[121.15004177520802,28.262146769957667],[121.14910873488054,28.270317945317117],[121.16134650513743,28.26363232497198]]],[[[121.67336734532705,28.287888260035118],[121.68549221469425,28.28434445543246],[121.6834742052705,28.276535035063944],[121.67336734532705,28.287888260035118]]],[[[121.65395898541908,28.291520190104904],[121.66021601046077,28.29312844052538],[121.65617400482677,28.290142980014593],[121.65395898541908,28.291520190104904]]],[[[121.6469527549657,28.304902255035188],[121.64737702542959,28.29637692485545],[121.64175584535633,28.295866470561123],[121.6469527549657,28.304902255035188]]],[[[121.16956082547199,28.33858632000289],[121.20236114015461,28.33364676488651],[121.19255048541675,28.322018549716518],[121.16956082547199,28.33858632000289]]],[[[121.2059789247877,28.34058929995615],[121.19288262033683,28.360655670423114],[121.19786187962211,28.363676969816368],[121.2059789247877,28.34058929995615]]],[[[121.64337340016255,28.355155475245226],[121.65280951514717,28.359965720441892],[121.63874144466229,28.352648150092193],[121.64337340016255,28.355155475245226]]],[[[121.68217998461864,28.37747883018403],[121.67941623487138,28.371204745003183],[121.67392683965227,28.37494435000201],[121.68217998461864,28.37747883018403]]],[[[121.71973694040764,28.380580550552224],[121.72807698506506,28.380421920035644],[121.72114676980777,28.378425255121726],[121.71973694040764,28.380580550552224]]],[[[121.68643924487549,28.387920680395325],[121.68853474528248,28.3798408150019],[121.68199849963139,28.378369200378472],[121.68643924487549,28.387920680395325]]],[[[121.66880379495944,28.416379890220014],[121.65697711470227,28.410927375298286],[121.66849852998348,28.417518875296025],[121.66880379495944,28.416379890220014]]],[[[121.67647143001273,28.417665919846627],[121.66941394539754,28.40889572046143],[121.66762622986687,28.41144793977088],[121.67647143001273,28.417665919846627]]],[[[121.65137813529293,28.42386403030099],[121.66991306013995,28.423206335404245],[121.64993860038635,28.42094849028075],[121.65137813529293,28.42386403030099]]],[[[121.66935953011853,28.430121370105383],[121.6419584554186,28.428371989975346],[121.63510957484732,28.43135518509365],[121.66935953011853,28.430121370105383]]],[[[121.80838441490914,28.603836390537026],[121.81648563020792,28.60291180473604],[121.8050896352787,28.601217580027424],[121.80838441490914,28.603836390537026]]],[[[121.80161948515126,28.60273671033093],[121.81158880547912,28.61404912047078],[121.81988079486314,28.611412855019523],[121.80161948515126,28.60273671033093]]],[[[121.80264620515857,28.709096200329668],[121.78394961997913,28.681789879998917],[121.74317128542668,28.69366706528291],[121.80264620515857,28.709096200329668]]],[[[121.87621303999993,28.75366490481167],[121.85441319031668,28.726836975246158],[121.84302865994505,28.745243695440422],[121.87621303999993,28.75366490481167]]],[[[121.81729827469576,28.769417815579686],[121.82014698969215,28.76128723471834],[121.81317270495663,28.760621425238583],[121.81729827469576,28.769417815579686]]],[[[121.87186066034133,28.803138230245395],[121.83341500529843,28.774211530337993],[121.8585250750723,28.816240685159528],[121.87186066034133,28.803138230245395]]],[[[121.70080678510521,28.890301309857705],[121.6569496853798,28.897010965483844],[121.70053110512663,28.901017060289405],[121.70080678510521,28.890301309857705]]],[[[121.65429059513508,29.066953315543287],[121.67532327544893,29.062798610467496],[121.67468313981522,29.05943002527573],[121.65429059513508,29.066953315543287]]],[[[121.81625630038809,29.10124244528282],[121.81983064506835,29.054465635381007],[121.78695328006995,29.097926824763306],[121.81625630038809,29.10124244528282]]],[[[121.69623636032009,29.094867914822714],[121.69182294547284,29.089233060557547],[121.69256822984016,29.09353072995941],[121.69623636032009,29.094867914822714]]],[[[121.67815425041874,29.111217014953468],[121.69257175967903,29.102847985146525],[121.69001407518954,29.09607137499404],[121.67815425041874,29.111217014953468]]],[[[121.79927516032046,29.152693014771046],[121.86471406460248,29.08812344554059],[121.77878025480516,29.12818266509811],[121.79927516032046,29.152693014771046]]],[[[121.86129837022395,29.16878396540784],[121.87216748024514,29.16188563471451],[121.8540873848251,29.16313452503846],[121.86129837022395,29.16878396540784]]],[[[121.59593738540218,29.19835582006533],[121.59136046481376,29.19194970991134],[121.58754501009446,29.193592885503335],[121.59593738540218,29.19835582006533]]],[[[121.79089728028544,29.288788345405976],[121.7953040347536,29.316177434840824],[121.79083866966914,29.277771760058897],[121.79089728028544,29.288788345405976]]],[[[121.56868924041623,29.489208640466643],[121.5723249701216,29.485853210557252],[121.56449893028162,29.485305269822334],[121.56868924041623,29.489208640466643]]],[[[121.58306603017331,29.49737748028673],[121.57900473498057,29.49138078019911],[121.57622666532836,29.491045285411758],[121.58306603017331,29.49737748028673]]],[[[121.59779632993673,29.508278759956966],[121.61074843978895,29.509858875087275],[121.5895530550298,29.49669287047982],[121.59779632993673,29.508278759956966]]],[[[121.58515556537736,29.52519401029531],[121.56522956469291,29.52682279493621],[121.55597005047775,29.526300359873858],[121.57380422538495,29.533573330145202],[121.58515556537736,29.52519401029531]]],[[[121.58082275496645,29.539854140456384],[121.58324699984951,29.532384849980986],[121.57763580045196,29.533890414910786],[121.58082275496645,29.539854140456384]]],[[[121.65568172493204,29.53986612032537],[121.66345255539136,29.536243625043483],[121.65974901500533,29.534144750380108],[121.65568172493204,29.53986612032537]]],[[[121.6115735704642,29.535299864797196],[121.61783909499854,29.54062505550212],[121.62145038472772,29.53621157050776],[121.6115735704642,29.535299864797196]]],[[[121.69110933972445,29.54457009983048],[121.68220292992169,29.556546974963226],[121.6933950548381,29.553315184748215],[121.69110933972445,29.54457009983048]]],[[[121.74377380961369,29.60415853019225],[121.74770753507494,29.60087982504416],[121.73793250518099,29.60102785525146],[121.74377380961369,29.60415853019225]]],[[[121.83724953463843,30.06525044994845],[121.83739533003086,30.1027199349773],[121.8479809053947,30.068335819742572],[121.83724953463843,30.06525044994845]]],[[[121.85866780467563,30.11838343514762],[121.8660330345972,30.109502410508014],[121.85772763991872,30.107098060427347],[121.85866780467563,30.11838343514762]]],[[[121.63276631481381,30.611349765379657],[121.61418231036555,30.609864910037857],[121.63333250459175,30.612369975194383],[121.63276631481381,30.611349765379657]]],[[[121.56616599006873,32.229276450348095],[121.53488015529513,32.18416653475799],[121.53405722526088,32.22876013517225],[121.56616599006873,32.229276450348095]]],[[[121.4302893799512,32.522696390026624],[121.40038991036636,32.531737270058954],[121.43114054959688,32.52919826538778],[121.4302893799512,32.522696390026624]]],[[[121.1788750598364,36.65330474022187],[121.18517065500191,36.662224285522655],[121.18537733000005,36.653155955483214],[121.1788750598364,36.65330474022187]]],[[[121.1886214148467,36.65707675498834],[121.19305376491945,36.666064305223586],[121.19200789025206,36.65574208013294],[121.1886214148467,36.65707675498834]]],[[[121.61871652484785,36.727885610133],[121.62574809999512,36.72401140989882],[121.61453946532436,36.714276264937894],[121.61871652484785,36.727885610133]]],[[[121.60473013978446,37.45230625013329],[121.63056774040899,37.484605480558685],[121.64955856037943,37.483370245540414],[121.60473013978446,37.45230625013329]]],[[[121.52063191013474,37.55834960505035],[121.50601738459477,37.5636979101306],[121.52171175489377,37.56210193545621],[121.52063191013474,37.55834960505035]]],[[[121.82018037522448,38.88837495014377],[121.83741297023255,38.8727440647869],[121.82552527547136,38.8633446052695],[121.82018037522448,38.88837495014377]]],[[[121.83199488045966,38.91194391557946],[121.82815772509923,38.917569370130536],[121.83644295967497,38.916381290164566],[121.83199488045966,38.91194391557946]]],[[[121.17189519480769,39.08882289036421],[121.15760101047852,39.08388004552785],[121.15341542538181,39.08719077013808],[121.16414265475987,39.095355660135795],[121.17189519480769,39.08882289036421]]],[[[121.2218541802265,39.10380057024031],[121.22447647470972,39.10875235523713],[121.22896039011005,39.105192770230076],[121.2218541802265,39.10380057024031]]],[[[121.56976221525429,39.1925825797224],[121.56654741503144,39.184817434777074],[121.56230993005943,39.19130814055825],[121.56976221525429,39.1925825797224]]],[[[121.45572043035395,39.20404152539635],[121.47602152477373,39.18720205013466],[121.4415927752865,39.202883554732466],[121.45572043035395,39.20404152539635]]],[[[121.49669516964639,39.20291081498215],[121.48088048534646,39.20064194506995],[121.49489299481604,39.206481715259144],[121.49669516964639,39.20291081498215]]],[[[121.49384757970222,40.8774555748152],[121.48302340970281,40.849472515544335],[121.47127244516753,40.85910993027903],[121.49384757970222,40.8774555748152]]],[[[121.94231262043127,24.837711214701073],[121.9555698702535,24.849632949700947],[121.96440338460866,24.836719839848968],[121.94231262043127,24.837711214701073]]],[[[122.06619412525879,25.634263025318603],[122.07363324977484,25.625058840093573],[122.06491867975353,25.62928155999623],[122.06619412525879,25.634263025318603]]],[[[121.91040632539182,28.391908019839548],[121.90966956479872,28.399153180375265],[121.91661355497183,28.398704020274522],[121.91040632539182,28.391908019839548]]],[[[121.91068395510058,28.448278684913305],[121.87192147969279,28.433549389692644],[121.91686397479282,28.465275105361968],[121.91068395510058,28.448278684913305]]],[[[121.884209385355,28.513906894687693],[121.89308401041887,28.480976115355645],[121.87132323537935,28.48033268010903],[121.884209385355,28.513906894687693]]],[[[121.91771737026056,28.708872914853373],[121.92472841028803,28.720490015302232],[121.93862313015359,28.723311095031193],[121.91771737026056,28.708872914853373]]],[[[121.89355353476788,28.754375965478573],[121.88917974045285,28.765107560165973],[121.9007447000082,28.76292754057374],[121.89355353476788,28.754375965478573]]],[[[122.22758415018859,28.863641860183748],[122.2373381152621,28.85864977476757],[122.22852459013802,28.856648865053216],[122.22758415018859,28.863641860183748]]],[[[122.25461274548206,28.88888881037053],[122.2612214000477,28.882906559690127],[122.25475911014519,28.883371420155072],[122.25461274548206,28.88888881037053]]],[[[121.9367233303177,29.037574350176158],[121.92696883014764,29.043625465543016],[121.94911807004314,29.04740235553453],[121.9367233303177,29.037574350176158]]],[[[121.93744907961161,29.184922830124663],[121.94595849988525,29.051459400530973],[121.86727622501803,29.131064310569684],[121.93744907961161,29.184922830124663]]],[[[121.88940432994616,29.168842815243977],[121.89164004994859,29.164191220348755],[121.88197012472176,29.162481110015392],[121.88940432994616,29.168842815243977]]],[[[121.96865324964779,29.192371099846525],[121.94889093546851,29.185301889870573],[121.94897183038597,29.18949996475186],[121.96865324964779,29.192371099846525]]],[[[122.03363888482681,29.21000269526843],[122.06963869507001,29.17848850014417],[122.01178473497771,29.154987960526228],[122.03363888482681,29.21000269526843]]],[[[121.9644950749879,29.200088454818513],[121.94902168520275,29.214498415169828],[121.95798628024295,29.21524687054682],[121.9644950749879,29.200088454818513]]],[[[121.9911496053702,29.229827630141187],[121.99106640998684,29.221761070217497],[121.97978729544752,29.230130504719227],[121.9911496053702,29.229827630141187]]],[[[122.00425486527001,29.236505510021345],[122.00444328492983,29.22602614009452],[121.99736347014834,29.231141619690163],[122.00425486527001,29.236505510021345]]],[[[121.97217618997934,29.34786960040202],[121.97804903993153,29.336632549852595],[121.96748421462485,29.343198904805888],[121.97217618997934,29.34786960040202]]],[[[122.22101810010543,29.381379714902153],[122.22631117961748,29.376986745242334],[122.21835701516432,29.378279165451374],[122.22101810010543,29.381379714902153]]],[[[122.17631405035343,29.408550215120442],[122.17008482515485,29.402462154704608],[122.16976448034677,29.402835949819462],[122.17631405035343,29.408550215120442]]],[[[122.00026150486485,29.408101834732122],[122.01417166519036,29.411909030077595],[122.01134923018299,29.40739641551238],[122.00026150486485,29.408101834732122]]],[[[122.22247191534677,29.435627165161634],[122.19276862027573,29.417004604978843],[122.17554529997562,29.412833679730795],[122.19491546028053,29.438114730410746],[122.22247191534677,29.435627165161634]]],[[[122.17950483508037,29.458333734714245],[122.19296806022805,29.464527559899068],[122.19015640989062,29.45635572983332],[122.17950483508037,29.458333734714245]]],[[[121.98323130498079,29.477501714832442],[121.98225114017816,29.47153992552734],[121.97478081997906,29.478194340296795],[121.98323130498079,29.477501714832442]]],[[[121.97904411999036,29.50669905042099],[121.97262050992879,29.507072379686804],[121.99318065496345,29.50748948974831],[121.97904411999036,29.50669905042099]]],[[[122.14875741542255,29.619823839798528],[122.1519409498153,29.61141676507185],[122.14244822520573,29.610403364923513],[122.14875741542255,29.619823839798528]]],[[[122.02301436971754,29.62663929976418],[122.02223193975237,29.608377735544252],[122.01734317474791,29.611050935252422],[122.02301436971754,29.62663929976418]]],[[[122.00161135488031,29.632045260380607],[121.9992173497011,29.623083535077058],[121.99713152509992,29.624152085250728],[122.00161135488031,29.632045260380607]]],[[[122.21610114495218,29.642078515311482],[122.21409476016527,29.632545099976426],[122.209291544969,29.63807402489647],[122.21610114495218,29.642078515311482]]],[[[122.22665753461786,29.663666484720693],[122.2389667146424,29.663371364996692],[122.24193503497418,29.658197285576307],[122.22665753461786,29.663666484720693]]],[[[122.23130427047613,29.683606195569382],[122.23313111460948,29.673683444835262],[122.22934698507538,29.68242218053939],[122.23130427047613,29.683606195569382]]],[[[122.21263797985898,29.686906635533035],[122.22239049522545,29.69355162540745],[122.22554310013413,29.68910956535433],[122.21263797985898,29.686906635533035]]],[[[122.20352137960822,29.71625048057524],[122.27722047504517,29.690781539936268],[122.27564613536106,29.678394254691398],[122.2321810447196,29.690255799865554],[122.20352137960822,29.71625048057524]]],[[[122.13549920512423,29.75808147517995],[122.2060184147183,29.69307346037192],[122.18204716004868,29.655723020401354],[122.04814346464934,29.716297380220112],[122.13549920512423,29.75808147517995]]],[[[122.19380664476114,29.72859668478941],[122.21561764963496,29.726131359774683],[122.21649216028516,29.721201890554823],[122.19380664476114,29.72859668478941]]],[[[122.22147923467912,29.740493174920346],[122.23701953492377,29.733639759966934],[122.23674750529335,29.732419139831677],[122.22147923467912,29.740493174920346]]],[[[122.03926779547271,29.746719384692085],[122.00805124986539,29.744102809896674],[122.0317573151483,29.76181711057137],[122.03926779547271,29.746719384692085]]],[[[122.19750514984287,29.761581780474785],[122.18977218533837,29.767182250061012],[122.19557153999494,29.766997565285465],[122.19750514984287,29.761581780474785]]],[[[122.1903556403006,29.798231349996968],[122.17898660524781,29.79068177974051],[122.17034046464096,29.79820805485815],[122.1903556403006,29.798231349996968]]],[[[122.17498625980818,29.804596655211753],[122.16585808977914,29.798961079690343],[122.15757433998385,29.805549740528022],[122.17498625980818,29.804596655211753]]],[[[122.22083107529409,29.804260199948487],[122.23006486979807,29.80859759510315],[122.23388484001362,29.80185316539155],[122.22083107529409,29.804260199948487]]],[[[122.19026941510174,29.820412909728134],[122.1925085552258,29.808770014924505],[122.18195383020532,29.81784758999447],[122.19026941510174,29.820412909728134]]],[[[122.01461296971286,29.87887386004087],[122.00966856005618,29.892879520273652],[122.0202451952598,29.892955555254844],[122.01461296971286,29.87887386004087]]],[[[121.99050177513686,29.89837379521464],[121.997299870093,29.89369482495647],[121.98767918005046,29.895298549988354],[121.99050177513686,29.89837379521464]]],[[[122.00400777024265,29.89582118020354],[122.01285860464111,29.902805270247256],[122.01335543960204,29.89931583056142],[122.00400777024265,29.89582118020354]]],[[[122.00307756008146,29.90802410982502],[122.01598281975157,29.914728599745388],[122.0175571549388,29.90494315480305],[122.00307756008146,29.90802410982502]]],[[[121.99370042533451,29.90304136027072],[121.92230166978652,29.930770530135874],[121.96202014521384,29.95402729502382],[121.99370042533451,29.90304136027072]]],[[[122.05752484509571,29.948186815269594],[122.05399936507865,29.93924566015926],[122.05085317503415,29.945369605323208],[122.05752484509571,29.948186815269594]]],[[[122.09471547014289,29.944648925507806],[122.0757544501081,29.952336360035133],[122.08530869014419,29.95809962489801],[122.09471547014289,29.944648925507806]]],[[[122.03457950464065,29.932535884923368],[122.04038149970677,29.96657251470998],[122.05348636030737,29.95606756536597],[122.03457950464065,29.932535884923368]]],[[[122.27284538480694,29.935776125168218],[122.21719110978222,29.95664234996474],[122.18674228033217,29.97825651482657],[122.27284538480694,29.935776125168218]]],[[[122.1344342252595,29.962002325546905],[122.16122305500016,29.95227371056359],[122.12902955517018,29.954921695080373],[122.1344342252595,29.962002325546905]]],[[[122.06782474001989,29.960383839942494],[122.07295801000441,29.9577525801177],[122.07142327466454,29.951562295563633],[122.06782474001989,29.960383839942494]]],[[[122.12903979485088,29.97082998531573],[122.12642645491712,29.963874195138146],[122.12413930988157,29.967728940338475],[122.12903979485088,29.97082998531573]]],[[[122.1050835049,29.969027990349502],[122.12292272500395,29.97229264538953],[122.10786167527624,29.961322930009374],[122.1050835049,29.969027990349502]]],[[[122.16439390535459,29.99021792521711],[122.13873272023909,29.971759170249697],[122.13807305043122,29.976511945170387],[122.16439390535459,29.99021792521711]]],[[[122.0904415401452,29.984456400542513],[122.08730793521306,29.976487180539152],[122.08211196539503,29.980001329997663],[122.0904415401452,29.984456400542513]]],[[[122.13795391544102,29.988601290417193],[122.13832772044816,29.98097015524843],[122.1293769848603,29.98552886996157],[122.13795391544102,29.988601290417193]]],[[[122.04703853959711,29.991376420185873],[122.03938143470566,29.982983620397704],[122.03936289518174,29.986048484749915],[122.04703853959711,29.991376420185873]]],[[[122.0898234199152,29.98597087055947],[122.06600245994582,29.99694498991954],[122.07193598535764,30.002332955101792],[122.0898234199152,29.98597087055947]]],[[[122.09670984538343,30.00013597519535],[122.10302614474097,30.00211666545198],[122.10287619987696,29.996711480051033],[122.09670984538343,30.00013597519535]]],[[[121.86273965970781,30.098462164897285],[121.92867906009087,30.00211854053839],[121.86826591004387,29.969744080025237],[121.83539579537978,29.99420050544927],[121.86273965970781,30.098462164897285]]],[[[121.96022203981545,30.061259069850394],[121.96945933538018,30.058355675174425],[121.9647899249153,30.05173669998885],[121.96022203981545,30.061259069850394]]],[[[121.93452929029479,30.167474730374522],[122.10016210529716,30.157855150095372],[122.15029352042984,30.112322994710667],[122.29023216498274,30.102074750549605],[122.31512047003378,29.94452213998494],[122.30004476495424,29.946044305500493],[122.27802758960183,29.941459184893574],[122.17044005466505,29.992761234943316],[122.12002422533806,29.98993162514455],[122.09811059972458,30.009535690120174],[122.02284830990186,29.99552735530341],[121.98419249498784,30.104025270350235],[121.93452929029479,30.167474730374522]]],[[[121.97183138541016,30.07557861506109],[121.98767674468604,30.076160050146427],[121.97767805519845,30.06973170515414],[121.97183138541016,30.07557861506109]]],[[[121.95795849478884,30.107632059871833],[121.90708923987677,30.096270314723427],[121.93847297484808,30.1159825150811],[121.95795849478884,30.107632059871833]]],[[[121.97215628978108,30.10171471056566],[121.9698505000008,30.0885280997922],[121.96449025462175,30.09747003551388],[121.97215628978108,30.10171471056566]]],[[[122.15401293025275,30.118902795427914],[122.14958888991566,30.12386986979874],[122.15794941483375,30.120348194813516],[122.15401293025275,30.118902795427914]]],[[[122.14822777499216,30.14874084041753],[122.2039524147724,30.17696088543653],[122.16522855985033,30.142644509836373],[122.14822777499216,30.14874084041753]]],[[[122.05670110477229,30.18149438046146],[122.0149356248794,30.18867434014885],[122.05940292540492,30.191559859899826],[122.05670110477229,30.18149438046146]]],[[[122.12304872991513,30.218683980281753],[122.14536580039157,30.220068404733297],[122.12248119475157,30.210337744691458],[122.12304872991513,30.218683980281753]]],[[[122.20074037546817,30.217380385096874],[122.1757967549164,30.2187113151752],[122.17552743044678,30.229528710581462],[122.20074037546817,30.217380385096874]]],[[[122.22396534482493,30.223626125445605],[122.2383858299421,30.228668189785367],[122.2396686247074,30.220566190277623],[122.22396534482493,30.223626125445605]]],[[[122.21197507968634,30.238948195303124],[122.20490453961304,30.23213971497603],[122.20521141527468,30.237545670196766],[122.21197507968634,30.238948195303124]]],[[[122.21130952021838,30.335075525515208],[122.21781151968605,30.233469480432348],[122.21349431521071,30.239851524728238],[122.1887296651422,30.247306380185478],[122.13782105499797,30.254219900428325],[122.04849098517104,30.303119485376158],[122.21130952021838,30.335075525515208]]],[[[121.95317540012468,30.2909204003563],[121.97864843537718,30.344038974819057],[121.99526519982942,30.3096380998187],[121.95317540012468,30.2909204003563]]],[[[122.06812015472167,30.574959835528148],[122.07005125995772,30.597165855020364],[122.08615995511809,30.594174830404086],[122.06812015472167,30.574959835528148]]],[[[122.10865700511681,30.61474998512398],[122.12860949982871,30.598782204735016],[122.09815292541725,30.6044562550523],[122.10865700511681,30.61474998512398]]],[[[122.13326362541602,30.613921490084806],[122.14225490963679,30.619965784993155],[122.14476269973898,30.613693645045828],[122.13326362541602,30.613921490084806]]],[[[122.10579011482218,30.622962610236414],[122.06625511548145,30.61859844496246],[122.03756247043168,30.642896630175642],[122.10579011482218,30.622962610236414]]],[[[122.03828615488237,30.649208365473783],[122.02402819524525,30.66065671983182],[122.0425796802084,30.654638350579603],[122.03828615488237,30.649208365473783]]],[[[122.02308739466787,31.222591795175447],[121.98387387507944,31.155205460263858],[121.93419072971858,31.214977520496404],[122.02308739466787,31.222591795175447]]],[[[121.90901603466239,31.23849849001357],[121.90128526000694,31.204589474924603],[121.87306982041616,31.244178710579092],[121.90901603466239,31.23849849001357]]],[[[122.26439974984885,36.74759609548357],[122.2569210650554,36.75094675538867],[122.2496988552183,36.75592333019779],[122.26439974984885,36.74759609548357]]],[[[122.17830593537076,37.514764110475426],[122.21067284967239,37.49624337513188],[122.1698193749645,37.50077560481054],[122.17830593537076,37.514764110475426]]],[[[123.47703598032649,25.7517646748002],[123.46441581024169,25.735344500348617],[123.4585892951601,25.73943638508132],[123.47703598032649,25.7517646748002]]],[[[123.69330069037483,25.929343699852154],[123.69552072530144,25.938765160383866],[123.70147161032685,25.931378145285237],[123.69330069037483,25.929343699852154]]],[[[122.24273962963048,29.78342992555082],[122.25511086467486,29.73521789479014],[122.21405480508531,29.775548425419743],[122.24273962963048,29.78342992555082]]],[[[122.25558206536027,29.848521530544303],[122.31191335991389,29.770392765014094],[122.21902497042629,29.837842840275016],[122.25558206536027,29.848521530544303]]],[[[122.32141466045846,29.830210144782484],[122.32548146489796,29.83519716971381],[122.32417593527134,29.827741285432126],[122.32141466045846,29.830210144782484]]],[[[122.3627016848352,29.844158725045418],[122.37285637522155,29.828721795574552],[122.35560446007798,29.839492355188327],[122.3627016848352,29.844158725045418]]],[[[122.29774105530578,29.88546076989877],[122.30241994462494,29.852768235365886],[122.27975895990835,29.864381019968278],[122.29774105530578,29.88546076989877]]],[[[122.25049028020237,29.876393510052708],[122.2732798751664,29.869601585345094],[122.2557773702298,29.864562899758084],[122.25049028020237,29.876393510052708]]],[[[122.32337544512086,29.932248100070012],[122.42727461033519,29.92179348038485],[122.41051566036958,29.83164376035154],[122.32337544512086,29.932248100070012]]],[[[122.30599290524867,29.89749727547911],[122.30014813482887,29.89301830994731],[122.29669563479592,29.895845965518845],[122.30599290524867,29.89749727547911]]],[[[122.2840154151794,29.937212335281345],[122.30909740991785,29.941773020408846],[122.3035076296735,29.925676400445695],[122.2840154151794,29.937212335281345]]],[[[122.44700996463848,29.940906845574602],[122.4581180596009,29.945098885105722],[122.45346208500735,29.928203560146414],[122.44700996463848,29.940906845574602]]],[[[122.44585268015726,29.95983160494484],[122.44507666505649,29.949338700220892],[122.44129922467971,29.95707547515326],[122.44585268015726,29.95983160494484]]],[[[122.44047362995434,29.969954540270066],[122.44863714039207,29.97525638007812],[122.44523007500811,29.96649834042637],[122.44047362995434,29.969954540270066]]],[[[122.37754166501611,30.025039215287848],[122.38113767526352,29.975491729959572],[122.3657017350472,29.98556368002005],[122.37754166501611,30.025039215287848]]],[[[122.4198230850676,30.037202304942582],[122.43360572962092,30.026615920188704],[122.43018228488484,30.02430571473724],[122.4198230850676,30.037202304942582]]],[[[122.76607465522136,30.128785975092967],[122.75729242020918,30.144718629761257],[122.78282764987637,30.12965122002805],[122.76607465522136,30.128785975092967]]],[[[122.71696798518451,30.18164148976308],[122.71461632548323,30.170706599729783],[122.7118634296537,30.17735591534347],[122.71696798518451,30.18164148976308]]],[[[122.66986175541592,30.204788715427128],[122.68758594503538,30.202489805460345],[122.68732127995327,30.18307498482295],[122.66986175541592,30.204788715427128]]],[[[122.69852313013837,30.202829890387306],[122.71016672461485,30.193352080134616],[122.7042470145883,30.190189769742233],[122.69852313013837,30.202829890387306]]],[[[122.63300126969318,30.209008390225108],[122.6464525653339,30.212825475415627],[122.64910162543993,30.1879875953515],[122.63300126969318,30.209008390225108]]],[[[122.58926197036385,30.207285840469297],[122.58149690006212,30.19901832523567],[122.58899317469547,30.20758360509933],[122.58926197036385,30.207285840469297]]],[[[122.47648417000869,30.234107320096825],[122.49856042542353,30.218427085341943],[122.4693825304796,30.228169840366036],[122.47648417000869,30.234107320096825]]],[[[122.32860910462682,30.231357040395267],[122.32460028037883,30.22407503013858],[122.31944796545156,30.227279480063885],[122.32860910462682,30.231357040395267]]],[[[122.52514005486978,30.23265704998306],[122.52066891973493,30.229816255316166],[122.5123473597431,30.233316240452382],[122.52514005486978,30.23265704998306]]],[[[122.39687453043553,30.27482733541342],[122.39418061484378,30.227684770336168],[122.27250781978034,30.23855169500473],[122.39687453043553,30.27482733541342]]],[[[122.31184730470954,30.253683864918685],[122.25697540479132,30.23792069018799],[122.25084864474945,30.241835254693456],[122.26014619489115,30.271130139744344],[122.31184730470954,30.253683864918685]]],[[[122.35507637007868,30.279444989894614],[122.37179384960666,30.284354420420186],[122.36602258977109,30.279398045283756],[122.35507637007868,30.279444989894614]]],[[[122.46447577004096,30.441916345263337],[122.47072100047399,30.4059050003155],[122.44639255487266,30.427714255108924],[122.46447577004096,30.441916345263337]]],[[[122.2770325751934,30.47534455041091],[122.43468312462664,30.414442240217397],[122.28019021990315,30.424460110445864],[122.2770325751934,30.47534455041091]]],[[[122.32166167005028,30.496223079731635],[122.31009650544968,30.49430117545893],[122.29923194959508,30.501304160258996],[122.32166167005028,30.496223079731635]]],[[[122.33787768041088,30.50867016539604],[122.31498478032358,30.52222232000412],[122.34199100498108,30.528515655173408],[122.33787768041088,30.50867016539604]]],[[[122.26824454495011,30.514754870441095],[122.26557880511791,30.52843089047343],[122.27324758500811,30.52681339502243],[122.26824454495011,30.514754870441095]]],[[[122.3530015351929,30.595569245424315],[122.3633580999965,30.59681008052104],[122.36978597014661,30.589889729927336],[122.3530015351929,30.595569245424315]]],[[[122.3331574546529,30.59473598487807],[122.33808459462853,30.601489805310223],[122.3390980496356,30.60078798517759],[122.3331574546529,30.59473598487807]]],[[[122.42275790475367,30.62475843045746],[122.42219075000321,30.613644075314028],[122.42000363026364,30.614728895122596],[122.42275790475367,30.62475843045746]]],[[[122.2923998548697,30.646857990004435],[122.27333916027408,30.640606695442784],[122.28832963030823,30.652513585333907],[122.2923998548697,30.646857990004435]]],[[[122.51199673476174,30.651204530364964],[122.51201527518504,30.644729440411652],[122.50875943530002,30.649799229950588],[122.51199673476174,30.651204530364964]]],[[[122.5557784748969,30.676983125570814],[122.56767685000682,30.64750374999835],[122.54343264030445,30.654079260050025],[122.5557784748969,30.676983125570814]]],[[[122.54099949033434,30.662050440575626],[122.52664350459429,30.66464993994299],[122.52013043986813,30.673511630057703],[122.54099949033434,30.662050440575626]]],[[[122.4196306553307,30.686472084719185],[122.41445344537044,30.674740920557156],[122.40494043475348,30.673845495273554],[122.4196306553307,30.686472084719185]]],[[[122.77616248461129,30.73006147515713],[122.78531106025753,30.69954476487925],[122.75244346459442,30.70909506048872],[122.77616248461129,30.73006147515713]]],[[[122.42855746535508,30.743581784771777],[122.53439771468322,30.706223650201366],[122.4234206646322,30.686911989896714],[122.42855746535508,30.743581784771777]]],[[[122.82596085021328,30.730505365230613],[122.8032076004506,30.720712300332593],[122.80999700975451,30.732630500097798],[122.82596085021328,30.730505365230613]]],[[[122.45109501002685,30.7573611755779],[122.46140372999832,30.74540915500876],[122.44663921462825,30.749083870324625],[122.45109501002685,30.7573611755779]]],[[[122.38822704983875,30.7529822749122],[122.39055177484465,30.762768790047915],[122.38875317032273,30.74487629050867],[122.38822704983875,30.7529822749122]]],[[[122.77969692996953,30.793021034893115],[122.79177527021272,30.777648745093813],[122.77174582501004,30.789651730243236],[122.77969692996953,30.793021034893115]]],[[[122.75922768481007,30.796351604842698],[122.76684662517187,30.792997784720285],[122.75911964475597,30.791065809839438],[122.75922768481007,30.796351604842698]]],[[[122.63558251462155,30.818453740048312],[122.60507683992444,30.82140619993646],[122.61762575492492,30.828195760326253],[122.63558251462155,30.818453740048312]]],[[[122.63704887000961,30.81913256541577],[122.65037551511807,30.822006185337386],[122.64398941038314,30.815531095383733],[122.63704887000961,30.81913256541577]]],[[[122.67435338969733,30.86300322511903],[122.68367038498047,30.84081207501754],[122.6623929199975,30.850539750209464],[122.67435338969733,30.86300322511903]]],[[[122.71778474047369,39.048537344722774],[122.75269781535212,39.00957399044751],[122.6998942149462,39.04230916993231],[122.71778474047369,39.048537344722774]]],[[[122.83411311462885,39.046107850497094],[122.81368215001146,39.05237417003218],[122.83139991487451,39.054209180009934],[122.83411311462885,39.046107850497094]]],[[[122.86535704998812,39.06436285056526],[122.85783236037537,39.05127657985042],[122.84546201026365,39.06906489472925],[122.86535704998812,39.06436285056526]]],[[[123.13822231520794,39.08710622037603],[123.19715171517976,39.055862345271294],[123.15066857529484,39.028127165236754],[123.13822231520794,39.08710622037603]]],[[[122.77554822966727,39.07664035017228],[122.79317468006775,39.07353407024141],[122.79445497471761,39.07185236049804],[122.77554822966727,39.07664035017228]]],[[[122.80337590497436,39.08078936523731],[122.81101881047016,39.067109930478864],[122.79650036040346,39.07913496520666],[122.80337590497436,39.08078936523731]]],[[[122.40664717982361,39.18026048543334],[122.42080072996987,39.17080335509104],[122.39748978992213,39.1773995153755],[122.40664717982361,39.18026048543334]]],[[[122.31065525513634,39.18353766533107],[122.39381093502675,39.161157205241125],[122.3146843402103,39.159419384996795],[122.31065525513634,39.18353766533107]]],[[[122.30460507506439,39.19681105978276],[122.29516111529358,39.20086323495042],[122.30848069982471,39.20466150002835],[122.30460507506439,39.19681105978276]]],[[[122.60311915522516,39.22400507007808],[122.59100027983925,39.20568268470828],[122.58340085476584,39.210702470143076],[122.60311915522516,39.22400507007808]]],[[[122.77831074014887,39.22940882016121],[122.77694496493825,39.21793459050912],[122.76583233469466,39.22733182510382],[122.77831074014887,39.22940882016121]]],[[[122.73484586984125,39.24673027987859],[122.69441757031484,39.20566591055359],[122.62372718466202,39.23244591974333],[122.73484586984125,39.24673027987859]]],[[[122.43013234463217,39.235633970531524],[122.4266830452865,39.21907985015514],[122.4126868504178,39.22468331538278],[122.43013234463217,39.235633970531524]]],[[[122.54282757013641,39.23437469483639],[122.50723072002177,39.22218265510571],[122.48797521968072,39.23394427480861],[122.54282757013641,39.23437469483639]]],[[[122.99525389515145,39.26140416517018],[122.9994733747966,39.24849485495383],[122.98276742008068,39.25574351025506],[122.99525389515145,39.26140416517018]]],[[[122.41345863960487,39.26667976006303],[122.43518836015494,39.26291969998425],[122.45672096999692,39.2557492497283],[122.41345863960487,39.26667976006303]]],[[[122.29258695522424,39.27507239527506],[122.28849959498064,39.26581919969658],[122.27827006031521,39.27838102536407],[122.29258695522424,39.27507239527506]]],[[[122.49277347961265,39.29814287999022],[122.54122689020915,39.28607941003696],[122.68775390961537,39.26646474025574],[122.57603504478152,39.253162500049484],[122.49277347961265,39.29814287999022]]],[[[122.34280843476165,39.342636404746486],[122.33368444028486,39.33212745521814],[122.3250956899144,39.33704476020745],[122.34280843476165,39.342636404746486]]],[[[123.04917835030085,39.455651765516734],[123.08282074518138,39.44893934987101],[123.09814944484106,39.4389471651798],[123.06297876995461,39.43116389979417],[123.04917835030085,39.455651765516734]]],[[[123.06235459009247,39.506891640037395],[123.05840803490321,39.49158816006576],[123.06263007491805,39.486162964749155],[123.05567538461139,39.48812073038761],[123.05164368970475,39.50068703018252],[123.06235459009247,39.506891640037395]]],[[[123.09745148010188,39.509481174916516],[123.10587480018205,39.50328019022885],[123.09861979027153,39.5037298854258],[123.09745148010188,39.509481174916516]]],[[[122.93958810520735,39.520090620086194],[123.03177169510786,39.53247490968943],[122.98957912987316,39.493580695293076],[122.93958810520735,39.520090620086194]]],[[[123.0293322148101,39.6494555900037],[123.04106897994961,39.64515194550603],[123.02667194015817,39.646407575349315],[123.0293322148101,39.6494555900037]]],[[[123.71565399993233,39.76099799975805],[123.75561912522267,39.74894375505056],[123.70601473978866,39.7458119847355],[123.71565399993233,39.76099799975805]]],[[[123.80979880527093,39.79325197539856],[123.82350918030477,39.78436707018437],[123.80382744538042,39.788848304705596],[123.80979880527093,39.79325197539856]]],[[[124.48749496512073,40.15601393549497],[124.48061755535593,40.13295147003441],[124.47819587983622,40.132968750507644],[124.47810528033449,40.13773421486235],[124.48749496512073,40.15601393549497]]]]}}]}