{"type":"FeatureCollection","features":[{"type":"Feature","properties":{"name":"克鲁伦河","level":"river_l3"},"geometry":{"type":"LineString","coordinates":[[117.75474364200011,49.16495925800007],[117.75860420900005,49.16269706000003],[117.78787168000008,49.169231582000066],[117.75467508700001,49.17158936200008],[117.75474364200011,49.16495925800007]]}},{"type":"Feature","properties":{"name":"克鲁伦河","level":"river_l3"},"geometry":{"type":"LineString","coordinates":[[117.71815986900003,49.19037746300006],[117.72344659800001,49.15337778500003],[117.73119821700004,49.14678577300003],[117.73631789400008,49.15732981300005],[117.73015348900003,49.17855153000005],[117.71815986900003,49.19037746300006]]}},{"type":"Feature","properties":{"name":"克鲁伦河","level":"river_l3"},"geometry":{"type":"LineString","coordinates":[[117.00683290300003,48.79361009100006],[117.02663902000006,48.764350516000036],[117.03804536400003,48.76493791300004],[117.0353751450001,48.77496319900007],[117.00683290300003,48.79361009100006]]}},{"type":"Feature","properties":{"name":"和田河(喀拉喀什河)","level":"river_l3"},"geometry":{"type":"LineString","coordinates":[[80.86320599500004,39.85452072900006],[80.85937605600003,39.833001437000064],[80.87680996200004,39.80092667800005],[80.87784753000005,39.81076123200006],[80.86320599500004,39.85452072900006]]}},{"type":"Feature","properties":{"name":"和田河(喀拉喀什河)","level":"river_l3"},"geometry":{"type":"LineString","coordinates":[[80.85335460900006,38.86281421500007],[80.85002042000008,38.869875396000054],[80.85804671500006,38.881838634000076],[80.85937432900005,38.872015532000034],[80.85335460900006,38.86281421500007]]}},{"type":"Feature","properties":{"name":"和田河(喀拉喀什河)","level":"river_l3"},"geometry":{"type":"LineString","coordinates":[[80.84680094900006,38.83119713900004],[80.84289454200007,38.83756402400007],[80.85036388600008,38.84769615700003],[80.85221029200005,38.84153526400007],[80.84680094900006,38.83119713900004]]}},{"type":"Feature","properties":{"name":"和田河(喀拉喀什河)","level":"river_l3"},"geometry":{"type":"LineString","coordinates":[[80.87864720200008,38.799000353000054],[80.86920169800004,38.80349415200004],[80.85163055700008,38.82209123200005],[80.87471026300005,38.80765611800007],[80.87864720200008,38.799000353000054]]}},{"type":"Feature","properties":{"name":"和田河(喀拉喀什河)","level":"river_l3"},"geometry":{"type":"LineString","coordinates":[[80.93520684800006,38.591578499000036],[80.92709694500007,38.52541078100006],[80.89610573700008,38.469108051000035],[80.87123358300005,38.396607706000054],[80.90471988200005,38.418172886000036],[80.92274091800004,38.44188574200007],[80.91907839300006,38.49400351200006],[80.94672775800007,38.56171247900005],[80.93520684800006,38.591578499000036]]}},{"type":"Feature","properties":{"name":"和田河(喀拉喀什河)","level":"river_l3"},"geometry":{"type":"LineString","coordinates":[[80.77306373300007,38.305803688000026],[80.77937339800008,38.31158313100008],[80.78863574500008,38.314646448000076],[80.78150209700004,38.30588382900004],[80.77306373300007,38.305803688000026]]}},{"type":"Feature","properties":{"name":"渭河","level":"river_l3"},"geometry":{"type":"LineString","coordinates":[[107.46038158500005,34.33462336900004],[107.45130234100009,34.33405117600006],[107.45031810800003,34.33106037600004],[107.46661496200005,34.33073606800008],[107.46038158500005,34.33462336900004]]}},{"type":"Feature","properties":{"name":"富春江","level":"river_l3"},"geometry":{"type":"LineString","coordinates":[[120.12183397500007,30.10490358100003],[120.11812593000002,30.09565081200003],[120.10907719200009,30.089043633000074],[120.10553709200008,30.093333390000055],[120.12183397500007,30.10490358100003]]}},{"type":"Feature","properties":{"name":"富春江","level":"river_l3"},"geometry":{"type":"LineString","coordinates":[[120.1566325340001,30.105588153000042],[120.15435889000003,30.101872553000078],[120.11991119900006,30.087883877000024],[120.12994424500005,30.107358359000045],[120.1566325340001,30.105588153000042]]}},{"type":"Feature","properties":{"name":"富春江","level":"river_l3"},"geometry":{"type":"LineString","coordinates":[[120.00200324600007,30.046381422000024],[119.98221210100007,30.047644224000067],[119.9774435920001,30.045378260000064],[119.99692188400002,30.038385636000044],[120.00200324600007,30.046381422000024]]}},{"type":"Feature","properties":{"name":"富春江","level":"river_l3"},"geometry":{"type":"LineString","coordinates":[[119.81326141000011,29.891455896000025],[119.79875754400007,29.88877035400003],[119.78998343900003,29.87734508400007],[119.80557835400009,29.882550293000065],[119.81326141000011,29.891455896000025]]}},{"type":"Feature","properties":{"name":"富春江","level":"river_l3"},"geometry":{"type":"LineString","coordinates":[[119.65242088500008,29.719895789000077],[119.64118260900011,29.735980936000033],[119.64884276500004,29.743291955000075],[119.65322201200001,29.72287323300003],[119.65242088500008,29.719895789000077]]}},{"type":"Feature","properties":{"name":"湘江","level":"river_l3"},"geometry":{"type":"LineString","coordinates":[[112.78754706200004,29.32488670400005],[112.79522254300002,29.34668062800006],[112.82963200100005,29.341305446000035],[112.87325054700011,29.36936313800004],[112.88728151900011,29.398532955000064],[112.87502092600005,29.43307601600003],[112.87959870000009,29.43615072800003],[112.89800109900011,29.397521992000065],[112.89607830300008,29.369595755000034],[112.84167903700006,29.320991590000062],[112.80745264600012,29.317419158000064],[112.78754706200004,29.32488670400005]]}},{"type":"Feature","properties":{"name":"赣江","level":"river_l3"},"geometry":{"type":"LineString","coordinates":[[116.12354923200007,29.283194558000048],[116.11582814000008,29.293057753000028],[116.12949278100007,29.299949127000048],[116.13045406200001,29.29167482500003],[116.12354923200007,29.283194558000048]]}},{"type":"Feature","properties":{"name":"赣江","level":"river_l3"},"geometry":{"type":"LineString","coordinates":[[115.98531625900011,29.282497054000032],[115.99286955000002,29.281346859000053]]}},{"type":"Feature","properties":{"name":"赣江","level":"river_l3"},"geometry":{"type":"LineString","coordinates":[[116.13930424000011,29.26528591600004],[116.1362829740001,29.274542539000038],[116.12328964800008,29.252058172000034],[116.16707585000006,29.246301449000043],[116.18185442000004,29.254756885000063],[116.16630540400001,29.27128838400006],[116.13930424000011,29.26528591600004]]}},{"type":"Feature","properties":{"name":"赣江","level":"river_l3"},"geometry":{"type":"LineString","coordinates":[[116.09740227500004,29.22324701900004],[116.11868887800006,29.22999149000003],[116.1861572790001,29.21431046400005],[116.16978412200001,29.20545257400005],[116.11272237000003,29.200642363000043],[116.09743272300011,29.210744016000035],[116.09740227500004,29.22324701900004]]}},{"type":"Feature","properties":{"name":"湘江","level":"river_l3"},"geometry":{"type":"LineString","coordinates":[[113.02644463900003,29.24929935600005],[113.01796792900006,29.202770271000077],[112.99746716300001,29.194690601000048],[112.99488079700006,29.208532613000045],[113.02644463900003,29.24929935600005]]}},{"type":"Feature","properties":{"name":"赣江","level":"river_l3"},"geometry":{"type":"LineString","coordinates":[[116.01251514600006,29.174200523000025],[116.0207627850001,29.18303365400004],[116.02807946400003,29.165090716000066],[116.00565601800008,29.152301701000056],[116.01251514600006,29.174200523000025]]}},{"type":"Feature","properties":{"name":"湘江","level":"river_l3"},"geometry":{"type":"LineString","coordinates":[[112.97668388200009,29.141659235000077],[112.97843136100005,29.20330639900004],[112.98738091400003,29.21060026300006],[112.98924995300001,29.167189738000047],[112.97668388200009,29.141659235000077]]}},{"type":"Feature","properties":{"name":"赣江","level":"river_l3"},"geometry":{"type":"LineString","coordinates":[[116.29090351500008,29.13672653800006],[116.2920860800001,29.132879308000042],[116.2966104510001,29.136936327000058],[116.29039235500011,29.140686301000073],[116.29090351500008,29.13672653800006]]}},{"type":"Feature","properties":{"name":"赣江","level":"river_l3"},"geometry":{"type":"LineString","coordinates":[[116.51574766400006,29.14723722100007],[116.5164723910001,29.132580762000032],[116.51149789100009,29.131680492000044],[116.51100200500002,29.138093170000047],[116.51574766400006,29.14723722100007]]}},{"type":"Feature","properties":{"name":"赣江","level":"river_l3"},"geometry":{"type":"LineString","coordinates":[[116.49897779700007,29.143163091000076],[116.49294276,29.138140935000024],[116.49578855700008,29.131035860000054],[116.49974834700004,29.136521523000056],[116.49897779700007,29.143163091000076]]}},{"type":"Feature","properties":{"name":"湘江","level":"river_l3"},"geometry":{"type":"LineString","coordinates":[[112.99048587700008,29.15269921500004],[112.98034608800003,29.141544777000036],[112.9775001910001,29.129705556000033],[112.98792987700006,29.13534760600004],[112.99048587700008,29.15269921500004]]}},{"type":"Feature","properties":{"name":"赣江","level":"river_l3"},"geometry":{"type":"LineString","coordinates":[[116.4943238300001,29.157827196000028],[116.5304575880001,29.159326252000028],[116.51750235800012,29.12776838900004],[116.50729396000008,29.127112289000024],[116.50209825900004,29.13605610700006],[116.51210837200006,29.151366756000073],[116.4943238300001,29.157827196000028]]}},{"type":"Feature","properties":{"name":"赣江","level":"river_l3"},"geometry":{"type":"LineString","coordinates":[[116.47203774200011,29.149413757000048],[116.45709134100002,29.14418373500007],[116.46252349600002,29.124253296000063],[116.46751326900005,29.127675148000037],[116.47203774200011,29.149413757000048]]}},{"type":"Feature","properties":{"name":"赣江","level":"river_l3"},"geometry":{"type":"LineString","coordinates":[[116.328463897,29.11886357800006],[116.35791409000001,29.11295432600008],[116.34996410500003,29.12176654500007],[116.3648036410001,29.11812144000004],[116.37505035800007,29.148422339000035],[116.36465887800011,29.152921940000056],[116.3514443790001,29.145097847000045],[116.34629426900005,29.121360285000037],[116.328463897,29.11886357800006]]}},{"type":"Feature","properties":{"name":"赣江","level":"river_l3"},"geometry":{"type":"LineString","coordinates":[[116.4504839870001,29.122221969000066],[116.43866568200008,29.11057162700007],[116.4271526340001,29.111742821000064],[116.43234067600008,29.09776537700003],[116.4504839870001,29.122221969000066]]}},{"type":"Feature","properties":{"name":"赣江","level":"river_l3"},"geometry":{"type":"LineString","coordinates":[[116.00820414100008,29.12374219900005],[116.00213854000003,29.11044765200006],[116.01288854800009,29.09475733900007],[116.00921880900012,29.111738931000048],[116.01657384400005,29.130883466000057],[116.00820414100008,29.12374219900005]]}},{"type":"Feature","properties":{"name":"赣江","level":"river_l3"},"geometry":{"type":"LineString","coordinates":[[116.01922119300002,29.10949960100004],[116.02044183100008,29.092378779000057],[116.02225003700005,29.09098255500004],[116.02390578900008,29.114084968000043],[116.01922119300002,29.10949960100004]]}},{"type":"Feature","properties":{"name":"赣江","level":"river_l3"},"geometry":{"type":"LineString","coordinates":[[116.3692591470001,29.08735697800006],[116.38157335500011,29.095350834000044],[116.38705902600009,29.094194925000068],[116.38467853400005,29.083896887000037],[116.3692591470001,29.08735697800006]]}},{"type":"Feature","properties":{"name":"湘江","level":"river_l3"},"geometry":{"type":"LineString","coordinates":[[112.99421666400008,29.135153027000058],[112.95344395000006,29.104527965000045],[112.94912555100007,29.094796426000073],[112.95558011900005,29.080147569000076],[112.99431567600004,29.099597182000025],[112.99421666400008,29.135153027000058]]}},{"type":"Feature","properties":{"name":"赣江","level":"river_l3"},"geometry":{"type":"LineString","coordinates":[[116.03576964000001,29.084644208000043],[116.03515161600001,29.079843286000028],[116.03769224300004,29.07500611100005],[116.03972942100006,29.088716488000046],[116.03576964000001,29.084644208000043]]}},{"type":"Feature","properties":{"name":"赣江","level":"river_l3"},"geometry":{"type":"LineString","coordinates":[[116.38804310300009,29.069694378000065],[116.39091944600011,29.067399764000072],[116.38724195400005,29.062371875000053],[116.38411383500011,29.06489347100006],[116.38804310300009,29.069694378000065]]}},{"type":"Feature","properties":{"name":"湘江","level":"river_l3"},"geometry":{"type":"LineString","coordinates":[[113.03635465100001,29.078560309000068],[113.04670797000006,29.069517286000064],[113.04953088500008,29.06231684100004],[113.03585103900002,29.06641970900006],[113.03635465100001,29.078560309000068]]}},{"type":"Feature","properties":{"name":"湘江","level":"river_l3"},"geometry":{"type":"LineString","coordinates":[[112.94719531400006,29.105178411000054],[112.96861943600004,29.149248810000074],[112.9753718400001,29.19262115500004],[112.96594168900003,29.198873648000074],[112.93767394000008,29.18001529000003],[112.92722130200002,29.16129610400003],[112.93316424800003,29.056291800000054],[112.95038433700006,29.074574165000058],[112.94098473700001,29.08770665000003],[112.94719531400006,29.105178411000054]]}},{"type":"Feature","properties":{"name":"湘江","level":"river_l3"},"geometry":{"type":"LineString","coordinates":[[112.99317088600003,29.027377297000044],[112.98499958000002,29.025796093000054],[112.9839924470001,29.020323766000047],[112.99409405200004,29.024367416000075],[112.99317088600003,29.027377297000044]]}},{"type":"Feature","properties":{"name":"沅江","level":"river_l3"},"geometry":{"type":"LineString","coordinates":[[111.60955864000005,29.021158438000043],[111.61379303300004,29.013736729000073],[111.61084799700006,29.011045397000032],[111.60845233900005,29.019119431000036],[111.60955864000005,29.021158438000043]]}},{"type":"Feature","properties":{"name":"湘江","level":"river_l3"},"geometry":{"type":"LineString","coordinates":[[113.00457007600005,29.14515158000006],[113.02716098300004,29.077700106000066],[113.02396408300001,29.05738630700006],[113.01186347400005,29.04308276000006],[112.94463131000009,29.01029480300008],[112.94396761300004,29.02637228100008],[112.96396492200006,29.054658950000032],[112.97033577100001,29.082674819000033],[113.00140357300006,29.100064469000074],[113.00457007600005,29.14515158000006]]}},{"type":"Feature","properties":{"name":"沅江","level":"river_l3"},"geometry":{"type":"LineString","coordinates":[[111.54138055500005,29.02208376300007],[111.53786329000008,29.017568959000073],[111.53842021300005,29.00907530300003],[111.54344049900004,29.01149577700005],[111.54138055500005,29.02208376300007]]}},{"type":"Feature","properties":{"name":"湘江","level":"river_l3"},"geometry":{"type":"LineString","coordinates":[[112.33076155700007,29.00725475300004],[112.32978504800008,29.02424969200007],[112.33488163700008,29.028243770000074],[112.33495787200002,29.01517235600005],[112.33076155700007,29.00725475300004]]}},{"type":"Feature","properties":{"name":"湘江","level":"river_l3"},"geometry":{"type":"LineString","coordinates":[[112.97648490200004,29.015736497000034],[112.96771847900004,29.01233945000007],[112.95181834300001,29.000671943000043],[112.96159186800003,29.003122916000052],[112.97648490200004,29.015736497000034]]}},{"type":"Feature","properties":{"name":"赣江","level":"river_l3"},"geometry":{"type":"LineString","coordinates":[[115.99286955000002,29.281346859000053],[116.01756658400006,29.288596777000066],[115.99064924800007,29.265387659000055],[115.99305250300006,29.253634254000076],[116.04116459200009,29.23152537800007],[116.05851436600005,29.245409262000067],[116.07965592000005,29.236957483000026],[116.0980735170001,29.194697063000035],[116.0979819150001,29.186453284000038],[116.0794115970001,29.206048078000038],[116.04157646500005,29.209531154000047],[116.05370749300005,29.20502963900003],[116.0374563150001,29.179434318000062],[116.06015419900007,29.152156501000036],[116.03204658800007,29.11823352600004],[116.03592990100003,29.09177788100004],[116.05248626800005,29.118508103000067],[116.07275048300005,29.12130235500007],[116.07610742600002,29.10745843600006],[116.06555575900006,29.11809604800004],[116.0584449370001,29.110762128000033],[116.08110470600002,29.089208417000066],[116.05949004900003,29.085542490000023],[116.09361712500004,29.06911963300007],[116.09055795300003,29.121426258000042],[116.10015568600011,29.06914058600006],[116.12148793900008,29.053574207000054],[116.12610383000003,29.051365419000035],[116.12382266200007,29.065638498000055],[116.13585452900008,29.065480131000072],[116.13043770400009,29.09839996000005],[116.14680299000008,29.06467134600007],[116.16650267700004,29.078692552000064],[116.16176459100006,29.059380155000042],[116.13542707400006,29.030458374000034],[116.13660194400006,29.014850120000062],[116.15704922200007,29.009610405000046],[116.16393879100008,29.017859877000035],[116.1575071640001,29.039136945000052],[116.165953134,29.041153029000043],[116.17804594100005,29.023816624000062],[116.19142839100004,29.049486345000048],[116.18956662700009,29.024129387000073],[116.16769253000007,29.014304469000024],[116.20194936400003,29.007925976000024],[116.18590431900009,29.005700111000067],[116.18378332300006,29.011264004000054],[116.15525620500011,28.99844640500004],[116.18014397600007,29.00565817300003],[116.21804772000007,28.99297189500004],[116.22261026600006,29.001753541000028],[116.22127498100008,28.983017164000046]]}},{"type":"Feature","properties":{"name":"沅江","level":"river_l3"},"geometry":{"type":"LineString","coordinates":[[111.88912987500004,28.994257394000044],[111.89496649000006,28.988394025000048],[111.89373046700007,28.98223312600004],[111.89116692900006,28.98366559300007],[111.88912987500004,28.994257394000044]]}},{"type":"Feature","properties":{"name":"湘江","level":"river_l3"},"geometry":{"type":"LineString","coordinates":[[112.33793318200003,28.965328163000038],[112.33086831300011,28.99486618800006],[112.34074877600005,29.023734655000055],[112.34873687900006,29.00541023200003],[112.33793318200003,28.965328163000038]]}},{"type":"Feature","properties":{"name":"湘江","level":"river_l3"},"geometry":{"type":"LineString","coordinates":[[112.68296649900003,28.97630971700005],[112.7268137530001,28.968166864000068],[112.73393214300006,28.96314465300003],[112.72037435200002,28.963766516000078],[112.68296649900003,28.97630971700005]]}},{"type":"Feature","properties":{"name":"湘江","level":"river_l3"},"geometry":{"type":"LineString","coordinates":[[112.62275370600003,28.973204690000046],[112.57167357200001,28.976930030000062],[112.5430167510001,28.965338863000056],[112.60966888000007,28.958897329000024],[112.62275370600003,28.973204690000046]]}},{"type":"Feature","properties":{"name":"沅江","level":"river_l3"},"geometry":{"type":"LineString","coordinates":[[111.81463439500004,28.975067301000024],[111.80853841400005,28.990101452000033],[111.81515332800006,29.001645016000055],[111.84369566200007,29.00353324200006],[111.86241093300004,28.974458673000072],[111.84612172700008,28.971157020000078],[111.83372357200005,28.95813905600005],[111.81463439500004,28.975067301000024]]}},{"type":"Feature","properties":{"name":"赣江","level":"river_l3"},"geometry":{"type":"LineString","coordinates":[[116.28329573400003,28.94710056400004],[116.2665182400001,28.94343652300006],[116.2873318280001,28.95414075700006],[116.30471200200009,28.947491487000036],[116.28329573400003,28.94710056400004]]}},{"type":"Feature","properties":{"name":"赣江","level":"river_l3"},"geometry":{"type":"LineString","coordinates":[[116.35312958600002,28.981380038000054],[116.35380850800004,28.961680415000046],[116.34495055800005,28.962952690000066],[116.34848293800007,28.941610784000034],[116.35889748700004,28.968934232000038],[116.35312958600002,28.981380038000054]]}},{"type":"Feature","properties":{"name":"湘江","level":"river_l3"},"geometry":{"type":"LineString","coordinates":[[112.95535880400007,29.06845711400007],[112.95783837500005,29.058517643000073],[112.93866506400002,29.030663951000065],[112.9352773710001,28.999113659000045],[112.89486331500007,28.981994893000035],[112.87993203300005,28.948270208000054],[112.86527554500003,28.941373103000046],[112.87645302200008,28.966037652000068],[112.86596238400011,28.97804859000007],[112.87056311300012,28.99511217400004],[112.91821001500011,29.009957292000024],[112.93767331600009,29.051336357000025],[112.95535880400007,29.06845711400007]]}},{"type":"Feature","properties":{"name":"沅江","level":"river_l3"},"geometry":{"type":"LineString","coordinates":[[111.52029196300003,28.936317577000068],[111.52033020700009,28.957863572000065],[111.52299294400007,28.959414279000043],[111.52636517900004,28.948805306000054],[111.52029196300003,28.936317577000068]]}},{"type":"Feature","properties":{"name":"湘江","level":"river_l3"},"geometry":{"type":"LineString","coordinates":[[112.77875591200007,28.93981698500005],[112.7698369090001,28.938931984000078],[112.763153364,28.934998949000033],[112.77679509000006,28.936433264000073],[112.77875591200007,28.93981698500005]]}},{"type":"Feature","properties":{"name":"湘江","level":"river_l3"},"geometry":{"type":"LineString","coordinates":[[112.8507107150001,28.956027712000036],[112.83180453200009,28.947190797000076],[112.82631878900008,28.933821850000072],[112.84810133000008,28.942805624000073],[112.8507107150001,28.956027712000036]]}},{"type":"Feature","properties":{"name":"湘江","level":"river_l3"},"geometry":{"type":"LineString","coordinates":[[112.8388618460001,28.93390763700006],[112.84633123800006,28.93758316900005],[112.85046647600007,28.93676869400008],[112.84776555700012,28.92813581100006],[112.8388618460001,28.93390763700006]]}},{"type":"Feature","properties":{"name":"湘江","level":"river_l3"},"geometry":{"type":"LineString","coordinates":[[112.49511795500007,28.92569181700003],[112.51580180600001,28.928535676000024],[112.53092366300007,28.92757429100004],[112.52611699800002,28.923528713000053],[112.49511795500007,28.92569181700003]]}},{"type":"Feature","properties":{"name":"湘江","level":"river_l3"},"geometry":{"type":"LineString","coordinates":[[112.109930125,28.928069822000055],[112.03980659000001,28.948858827000038],[112.04283564200011,28.97085495700003],[112.06073471400009,28.97885834500005],[112.09851645800006,28.973944747000075],[112.1089155300001,28.958868618000054],[112.1327732420001,28.95024708400007],[112.12074124000003,28.922650860000033],[112.109930125,28.928069822000055]]}},{"type":"Feature","properties":{"name":"赣江","level":"river_l3"},"geometry":{"type":"LineString","coordinates":[[116.24597932400002,28.93387100600006],[116.24024941800008,28.919294685000068],[116.22224358300002,28.919765891000054],[116.22248781100006,28.934185829000057],[116.21575853000002,28.937708825000072],[116.226668915,28.949694875000034],[116.23680862800006,28.947043545000042],[116.24438490200009,28.962737594000032],[116.25761458400007,28.95729381800004],[116.25978896000004,28.94696333400003],[116.24597932400002,28.93387100600006]]}},{"type":"Feature","properties":{"name":"湘江","level":"river_l3"},"geometry":{"type":"LineString","coordinates":[[112.56524161200002,28.93245711000003],[112.59263186100009,28.931720754000025],[112.60035294200009,28.916656079000063],[112.57576279200009,28.925147915000025],[112.54461113000002,28.921356117000073],[112.5449316370001,28.934896749000075],[112.56524161200002,28.93245711000003]]}},{"type":"Feature","properties":{"name":"赣江","level":"river_l3"},"geometry":{"type":"LineString","coordinates":[[116.18676598900004,28.921604779000063],[116.18198220500005,28.91639950700005],[116.17408555600002,28.912611446000028],[116.18011303100002,28.92993251300004],[116.20766353600004,28.93827154300004],[116.18676598900004,28.921604779000063]]}},{"type":"Feature","properties":{"name":"湘江","level":"river_l3"},"geometry":{"type":"LineString","coordinates":[[112.32886138100002,28.920078939000064],[112.33482772100001,28.91913094000006],[112.33818472000007,28.913933262000057],[112.33292792400005,28.91324852500003],[112.32886138100002,28.920078939000064]]}},{"type":"Feature","properties":{"name":"湘江","level":"river_l3"},"geometry":{"type":"LineString","coordinates":[[112.13571822200004,28.940561295000066],[112.14675814700001,28.918355302000066],[112.12886670800003,28.911280818000023],[112.12644053800011,28.920270404000064],[112.13571822200004,28.940561295000066]]}},{"type":"Feature","properties":{"name":"湘江","level":"river_l3"},"geometry":{"type":"LineString","coordinates":[[112.14504908300012,28.91103661300008],[112.15300678500012,28.918031021000047],[112.17340833600008,28.919554961000074],[112.17096684600006,28.91546168900004],[112.14504908300012,28.91103661300008]]}},{"type":"Feature","properties":{"name":"湘江","level":"river_l3"},"geometry":{"type":"LineString","coordinates":[[112.45880102400008,28.915014323000037],[112.4593961170001,28.911775555000077],[112.4526973190001,28.90909186700003],[112.45291096300002,28.91252518700003],[112.45880102400008,28.915014323000037]]}},{"type":"Feature","properties":{"name":"湘江","level":"river_l3"},"geometry":{"type":"LineString","coordinates":[[112.5801650090001,28.912436984000067],[112.55449903100009,28.909236460000045],[112.5462819810001,28.914897653000025],[112.56288401400002,28.921251143000063],[112.5801650090001,28.912436984000067]]}},{"type":"Feature","properties":{"name":"湘江","level":"river_l3"},"geometry":{"type":"LineString","coordinates":[[112.43724758400003,28.951701336000042],[112.37553950000006,28.972373963000052],[112.35578655600011,28.990318856000044],[112.34108410300007,28.94323091900003],[112.36023429800002,28.92301050100008],[112.4043256650001,28.907169383000053],[112.54964674900009,28.939468770000076],[112.59846090500002,28.938341319000074],[112.61397938700009,28.913363857000036],[112.66496029400002,28.901141050000035],[112.68408776500007,28.91641925500005],[112.72235787200009,28.926782020000076],[112.73759428400001,28.949506729000063],[112.81892579500004,28.95170375400005],[112.85164163700006,28.979166380000038],[112.75598928700003,28.959060828000077],[112.64643599500005,28.97758208700003],[112.6100350800001,28.954529382000032],[112.5619228700001,28.96045966500003],[112.5280626650001,28.949009665000062],[112.43724758400003,28.951701336000042]]}},{"type":"Feature","properties":{"name":"湘江","level":"river_l3"},"geometry":{"type":"LineString","coordinates":[[112.79234409700007,28.913269739000043],[112.77755791900006,28.90911738400007],[112.77413982500002,28.901878813000053],[112.78615644000001,28.901983675000054],[112.79234409700007,28.913269739000043]]}},{"type":"Feature","properties":{"name":"湘江","level":"river_l3"},"geometry":{"type":"LineString","coordinates":[[112.71733746200005,28.898260684000036],[112.74085194500003,28.912255192000032],[112.7506484270001,28.92917188800004],[112.8249912980001,28.946246660000043],[112.81424872800005,28.92569446300007],[112.77385756000001,28.908079772000065],[112.7438427300001,28.90872839800005],[112.71733746200005,28.898260684000036]]}},{"type":"Feature","properties":{"name":"湘江","level":"river_l3"},"geometry":{"type":"LineString","coordinates":[[112.67697690800003,28.901026562000027],[112.69448690000002,28.915202296000075],[112.73415323400002,28.928046583000025],[112.74872585300011,28.946887828000058],[112.77954942400004,28.94690297300008],[112.74387334800008,28.929599171000064],[112.73439731500002,28.914048172000037],[112.70687728200005,28.89764653900005],[112.67697690800003,28.901026562000027]]}},{"type":"Feature","properties":{"name":"湘江","level":"river_l3"},"geometry":{"type":"LineString","coordinates":[[112.11541563700007,28.891279866000048],[112.10976212100002,28.894806669000047],[112.11865829900012,28.90959662000006],[112.12167959400006,28.904040352000038],[112.11541563700007,28.891279866000048]]}},{"type":"Feature","properties":{"name":"湘江","level":"river_l3"},"geometry":{"type":"LineString","coordinates":[[112.1312471110001,28.90443515000004],[112.13686244200005,28.893023154000048],[112.12740935800002,28.89017925400003],[112.123152086,28.89942634500005],[112.1312471110001,28.90443515000004]]}},{"type":"Feature","properties":{"name":"湘江","level":"river_l3"},"geometry":{"type":"LineString","coordinates":[[112.37012215300001,28.901058196000065],[112.3840385210001,28.897460789000036],[112.39374333,28.88922841400006],[112.37576802500007,28.894613070000048],[112.37012215300001,28.901058196000065]]}},{"type":"Feature","properties":{"name":"赣江","level":"river_l3"},"geometry":{"type":"LineString","coordinates":[[116.05784886000004,28.938354212000036],[116.04537430700009,28.90806285700006],[116.04795299900002,28.88828692900006],[116.06972038200001,28.916201624000053],[116.08819160200005,28.91208728400005],[116.11507074800011,28.928466006000065],[116.10170377200006,28.940993862000028],[116.05784886000004,28.938354212000036]]}},{"type":"Feature","properties":{"name":"湘江","level":"river_l3"},"geometry":{"type":"LineString","coordinates":[[112.61111059300003,28.899455105000072],[112.61809929600008,28.89788147400003],[112.63249628300002,28.88486150800003],[112.6174202090001,28.886664057000075],[112.61111059300003,28.899455105000072]]}},{"type":"Feature","properties":{"name":"沅江","level":"river_l3"},"geometry":{"type":"LineString","coordinates":[[111.48800325400003,28.87987961700003],[111.48469202200005,28.88292765400007],[111.49074234600005,28.894724905000032],[111.49211564100005,28.887364242000046],[111.48800325400003,28.87987961700003]]}},{"type":"Feature","properties":{"name":"湘江","level":"river_l3"},"geometry":{"type":"LineString","coordinates":[[112.60892858200009,28.910983440000052],[112.63665447700009,28.89827623800005],[112.701895121,28.890448029000027],[112.74896217500009,28.905827224000063],[112.78857499900005,28.897096907000048],[112.74760403700009,28.890959045000045],[112.72438711200004,28.877872457000024],[112.66648617500005,28.89307083400007],[112.63666970600002,28.891854022000075],[112.60892858200009,28.910983440000052]]}},{"type":"Feature","properties":{"name":"赣江","level":"river_l3"},"geometry":{"type":"LineString","coordinates":[[116.28025113900003,28.878460906000043],[116.2615739370001,28.88535432900005],[116.26115442300011,28.905506004000074],[116.28152543700003,28.90614489400008],[116.28733141300006,28.88065247700007],[116.28025113900003,28.878460906000043]]}},{"type":"Feature","properties":{"name":"湘江","level":"river_l3"},"geometry":{"type":"LineString","coordinates":[[112.74223272000006,28.873912629000074],[112.74747428600006,28.880870806000075],[112.76968404400009,28.88136855500005],[112.76398470800007,28.87580087500004],[112.74223272000006,28.873912629000074]]}},{"type":"Feature","properties":{"name":"湘江","level":"river_l3"},"geometry":{"type":"LineString","coordinates":[[112.63848548200008,28.87758094000003],[112.66806547100009,28.886602835000076],[112.72121319500002,28.876817677000076],[112.70216202900008,28.86337820500006],[112.69481478700004,28.875974703000054],[112.63848548200008,28.87758094000003]]}},{"type":"Feature","properties":{"name":"湘江","level":"river_l3"},"geometry":{"type":"LineString","coordinates":[[112.74634499900003,28.858426432000044],[112.75231900200004,28.86444616500006],[112.7567060130001,28.86317200600007],[112.75448578500004,28.859795916000053],[112.74634499900003,28.858426432000044]]}},{"type":"Feature","properties":{"name":"湘江","level":"river_l3"},"geometry":{"type":"LineString","coordinates":[[112.7522579890001,28.869493146000025],[112.7305822730001,28.862786807000077],[112.71782555900006,28.85673276600005],[112.72898771400003,28.86833734700008],[112.7522579890001,28.869493146000025]]}},{"type":"Feature","properties":{"name":"湘江","level":"river_l3"},"geometry":{"type":"LineString","coordinates":[[112.73866201500005,28.862550260000035],[112.73977591100004,28.85724386800007],[112.73734205900007,28.855021756000042],[112.73596875400006,28.85987609500006],[112.73866201500005,28.862550260000035]]}},{"type":"Feature","properties":{"name":"湘江","level":"river_l3"},"geometry":{"type":"LineString","coordinates":[[112.77869446400007,28.85329731400003],[112.76478569100004,28.84940245400003],[112.75916272500001,28.859198882000044],[112.77923622200001,28.865260526000043],[112.77869446400007,28.85329731400003]]}},{"type":"Feature","properties":{"name":"湘江","level":"river_l3"},"geometry":{"type":"LineString","coordinates":[[112.74002765500006,28.850354338000045],[112.72783553600004,28.845435198000075],[112.72019833400009,28.850472670000045],[112.72535596500006,28.855597835000026],[112.74002765500006,28.850354338000045]]}},{"type":"Feature","properties":{"name":"湘江","level":"river_l3"},"geometry":{"type":"LineString","coordinates":[[112.85111455800006,28.846071816000062],[112.85170972500009,28.858229582000035],[112.85634092400005,28.865481500000044],[112.86275735100003,28.85203049100005],[112.85111455800006,28.846071816000062]]}},{"type":"Feature","properties":{"name":"湘江","level":"river_l3"},"geometry":{"type":"LineString","coordinates":[[112.78034245600008,28.853116105000026],[112.79170294800008,28.858073396000066],[112.78759828500006,28.87055353100004],[112.75894915900005,28.872502999000062],[112.80581784700007,28.888553599000034],[112.82900432400004,28.916550332000043],[112.79023822500005,28.891622663000078],[112.79587647800008,28.887607565000053],[112.7585830160001,28.888811272000055],[112.78479833000006,28.893110455000055],[112.819864112,28.925923330000046],[112.83748850500001,28.93107324500005],[112.85159558500004,28.921829932000037],[112.85724919100005,28.93755451800007],[112.86873173400011,28.937546846000032],[112.86601544000007,28.904770092000035],[112.88191537900002,28.875512423000032],[112.88218990900009,28.847034938000036],[112.87205781300008,28.848623840000073],[112.86784636000004,28.866391287000056],[112.85293816900003,28.874734311000054],[112.83298666000007,28.850806050000074],[112.7723694980001,28.846981936000077],[112.78034245600008,28.853116105000026]]}},{"type":"Feature","properties":{"name":"湘江","level":"river_l3"},"geometry":{"type":"LineString","coordinates":[[112.63615067,28.844581018000042],[112.65200501100003,28.85277515100006],[112.65645306800002,28.853379781000058],[112.6536758630001,28.84654557600004],[112.63615067,28.844581018000042]]}},{"type":"Feature","properties":{"name":"湘江","level":"river_l3"},"geometry":{"type":"LineString","coordinates":[[112.29026387300007,29.054161685000054],[112.29118708600004,29.061005434000037],[112.30302822500005,29.06186753600008],[112.31929446700008,29.048998248000032],[112.31293135500005,29.043077701000072],[112.31948515900001,29.038663953000025],[112.32916679900006,28.970546841000044],[112.32288751400006,28.943286300000068],[112.32737363600006,28.925883164000027],[112.31956095300006,28.93104080200004],[112.32268141500003,28.921726955000054],[112.31552486600003,28.924563285000033],[112.32932673900007,28.909963994000066],[112.31470082400006,28.91473445500003],[112.31886651900004,28.900783715000046],[112.30500356200002,28.90529095100004],[112.29682458500008,28.89486131600006],[112.31251101600003,28.89027777700005],[112.29877005800006,28.878715166000063],[112.30895556900009,28.878499593000072],[112.30375214300011,28.869778978000056],[112.32312369300007,28.87031107300004],[112.32325334400002,28.85905931900004],[112.3119844470001,28.862994326000035],[112.29934211300008,28.843124983000052],[112.29472627700011,28.85824114600007],[112.27745282500007,28.84866605900004],[112.28691357200012,28.858809579000024],[112.28438059400003,28.869244975000072],[112.27586597300001,28.871222980000027],[112.2825266210001,28.873454614000025],[112.27903993100006,28.881177690000072],[112.29024030300002,28.907768717000067],[112.27743021000003,28.907866040000044],[112.27658342500001,28.929473073000054],[112.29013360700003,28.933242048000068],[112.28462512100009,28.951150648000066],[112.27237957900002,28.942962223000052],[112.29286526700002,28.990029158000027],[112.28317572000003,28.998940567000034],[112.27732404500011,29.047609812000076],[112.29026387300007,29.054161685000054]]}},{"type":"Feature","properties":{"name":"湘江","level":"river_l3"},"geometry":{"type":"LineString","coordinates":[[112.70032319800009,28.842560847000072],[112.6964016170001,28.84932450200006],[112.7014066700001,28.857207768000023],[112.7064574420001,28.852933266000036],[112.70032319800009,28.842560847000072]]}},{"type":"Feature","properties":{"name":"湘江","level":"river_l3"},"geometry":{"type":"LineString","coordinates":[[112.70989073400006,28.847329312000056],[112.71458293400008,28.846964981000042],[112.71490335200008,28.84168148200007],[112.71131745000002,28.843388618000063],[112.70989073400006,28.847329312000056]]}},{"type":"Feature","properties":{"name":"湘江","level":"river_l3"},"geometry":{"type":"LineString","coordinates":[[112.49203542600003,28.888968652000074],[112.49964219700007,28.902392907000035],[112.53002331800008,28.916395022000074],[112.4878698120001,28.92013558700006],[112.45648921800012,28.906858288000024],[112.4046002980001,28.90022263000003],[112.34988855800009,28.92168108000004],[112.32987621900008,28.942063631000053],[112.33868829200003,28.918043708000027],[112.41667027500011,28.890496753000036],[112.42800774700004,28.867054763000056],[112.43517961900011,28.877978418000055],[112.44131380400006,28.87563992300005],[112.47448712300002,28.83973299400003],[112.48744980000004,28.838002935000077],[112.46873447000007,28.853071465000028],[112.47668453900008,28.85936776400007],[112.47190844700003,28.866926808000073],[112.48905977200002,28.86523679000004],[112.48788484600004,28.871945120000078],[112.48049175900007,28.87044211600005],[112.49203542600003,28.888968652000074]]}},{"type":"Feature","properties":{"name":"赣江","level":"river_l3"},"geometry":{"type":"LineString","coordinates":[[116.38666851500011,28.847655943000063],[116.37343874700002,28.837775673000067],[116.38803430900009,28.864807271000075],[116.3886369920001,28.85518253200007],[116.38666851500011,28.847655943000063]]}},{"type":"Feature","properties":{"name":"湘江","level":"river_l3"},"geometry":{"type":"LineString","coordinates":[[112.89459565900006,28.85251676000007],[112.89113185400004,28.859246080000048],[112.89071973900002,28.834688305000043],[112.89314596400004,28.837623785000062],[112.89459565900006,28.85251676000007]]}},{"type":"Feature","properties":{"name":"湘江","level":"river_l3"},"geometry":{"type":"LineString","coordinates":[[112.42523810600005,28.84628127700006],[112.4179060560001,28.84455701400003],[112.40158637200011,28.849628850000045],[112.41013907800004,28.834117840000033],[112.42523810600005,28.84628127700006]]}},{"type":"Feature","properties":{"name":"赣江","level":"river_l3"},"geometry":{"type":"LineString","coordinates":[[116.21672688600006,28.830427146000034],[116.22874357600006,28.845074013000044],[116.2136294600001,28.864085128000056],[116.22746954900003,28.865677746000074],[116.24677997700007,28.85330054800005],[116.24674937700001,28.838649814000064],[116.21672688600006,28.830427146000034]]}},{"type":"Feature","properties":{"name":"沅江","level":"river_l3"},"geometry":{"type":"LineString","coordinates":[[111.46265750200007,28.828116671000032],[111.46749469200006,28.833753023000043],[111.47119505300009,28.83528465300003],[111.47079066100008,28.83002022900007],[111.46265750200007,28.828116671000032]]}},{"type":"Feature","properties":{"name":"湘江","level":"river_l3"},"geometry":{"type":"LineString","coordinates":[[112.46415665000006,28.83991804900006],[112.45366604900005,28.860075493000068],[112.4375980860001,28.85323942900004],[112.42651983200005,28.836214014000063],[112.44454089300007,28.826259227000037],[112.47526527000002,28.82434027200003],[112.46415665000006,28.83991804900006]]}},{"type":"Feature","properties":{"name":"湘江","level":"river_l3"},"geometry":{"type":"LineString","coordinates":[[112.42729797300001,28.819617722000032],[112.42297964600004,28.82496227300004],[112.40417274100002,28.835815448000062],[112.41170309000006,28.822383509000076],[112.42729797300001,28.819617722000032]]}},{"type":"Feature","properties":{"name":"湘江","level":"river_l3"},"geometry":{"type":"LineString","coordinates":[[112.75143382800002,28.83488337400007],[112.75794180800006,28.820934532000024],[112.72786593000001,28.819057761000067],[112.71781783100005,28.83586390100004],[112.74291161100007,28.84385009300007],[112.75143382800002,28.83488337400007]]}},{"type":"Feature","properties":{"name":"赣江","level":"river_l3"},"geometry":{"type":"LineString","coordinates":[[116.25720941200007,28.814444872000024],[116.27275857000006,28.823392414000068],[116.2424004720001,28.832042602000058],[116.25066321600002,28.81339010800008],[116.25720941200007,28.814444872000024]]}},{"type":"Feature","properties":{"name":"赣江","level":"river_l3"},"geometry":{"type":"LineString","coordinates":[[116.21228641300002,28.821502444000032],[116.23289392100003,28.817826796000077],[116.2331533140001,28.81553791600004],[116.22061786800009,28.810737046000042],[116.21228641300002,28.821502444000032]]}},{"type":"Feature","properties":{"name":"赣江","level":"river_l3"},"geometry":{"type":"LineString","coordinates":[[116.22127498100008,28.983017164000046],[116.21673529200007,28.968511412000055],[116.22237354700007,28.966037490000076],[116.2586217600001,28.969651854000062],[116.2651909120001,28.98248671500005],[116.27111139500005,28.96832234200008],[116.25793507700007,28.966239520000045],[116.27209553900002,28.955235671000025],[116.28889594300006,28.962693529000035],[116.31174655200005,28.959183814000028],[116.3379924300001,28.97341480500006],[116.33435304900001,28.961857889000044],[116.31138791400008,28.95095148000007],[116.31081562200006,28.93814520400008],[116.28099917100008,28.937309894000066],[116.26741836300005,28.91348462800005],[116.28704174500001,28.92611534100007],[116.31335623200005,28.930273356000043],[116.28411953700004,28.912929502000054],[116.28823184400005,28.905236943000034],[116.3096251180001,28.887116556000024],[116.33799955600011,28.88456242500007],[116.29713548200004,28.88822099500004],[116.29715830500004,28.87654198900003],[116.33831234200011,28.879742425000074],[116.32460191500002,28.870813949000024],[116.33162113700007,28.870348513000067],[116.34865045900005,28.883286328000054],[116.3649396510001,28.885483580000027],[116.37094410500004,28.87932456200008],[116.34633103400006,28.878096305000042],[116.32911857700003,28.86081343500007],[116.26776913200001,28.879353624000032],[116.24636806000001,28.86769378500003],[116.2602461240001,28.838382720000027],[116.27359788000001,28.83313159100004],[116.27935069400007,28.85125948900003],[116.29489978900006,28.84868061700007],[116.3115171280001,28.864384163000068],[116.31543853800008,28.82875774200005],[116.29798203500002,28.829339575000063],[116.31379046900008,28.815072160000057],[116.32618857200009,28.817860723000024],[116.3344820640001,28.84025355500006],[116.35306009300007,28.835275161000027],[116.3544869100001,28.850110907000044],[116.36384834600005,28.83719777300007],[116.3719433770001,28.843108768000036],[116.37916875500002,28.870573378000074],[116.41167866100011,28.908393148000073],[116.41457804200002,28.93234053300006],[116.42239840500008,28.937795660000063],[116.41510435000009,28.908732650000047],[116.39379471500001,28.876257364000026],[116.39219996300005,28.846540090000076],[116.36021649700001,28.808239653000044]]}},{"type":"Feature","properties":{"name":"湘江","level":"river_l3"},"geometry":{"type":"LineString","coordinates":[[112.7026652830001,28.80007922200008],[112.69108360200005,28.809780301000046],[112.70466433600006,28.820993857000076],[112.70058247000009,28.814186361000054],[112.71179797700006,28.81419967200003],[112.7026652830001,28.80007922200008]]}},{"type":"Feature","properties":{"name":"湘江","level":"river_l3"},"geometry":{"type":"LineString","coordinates":[[112.72109071300008,28.790370487000075],[112.70819672000005,28.795673107000027],[112.71027201800007,28.805732728000066],[112.71523125700003,28.80609511600005],[112.72109071300008,28.790370487000075]]}},{"type":"Feature","properties":{"name":"沅江","level":"river_l3"},"geometry":{"type":"LineString","coordinates":[[111.39741662100005,28.78513171700007],[111.40883053500005,28.79316564900006],[111.42083952500008,28.79385608700005],[111.40890679900008,28.78582978700007],[111.39741662100005,28.78513171700007]]}},{"type":"Feature","properties":{"name":"赣江","level":"river_l3"},"geometry":{"type":"LineString","coordinates":[[115.99826088500004,28.784053490000076],[116.01284862600005,28.77695980900006],[116.05346103900001,28.793773360000046],[116.080386051,28.82635353200004],[116.14442147300008,28.87193437700006],[116.17323879900005,28.935351464000064],[116.20187271300006,28.944953188000056],[116.20262817700007,28.96874417600003],[116.22127498100008,28.983017164000046]]}},{"type":"Feature","properties":{"name":"沅江","level":"river_l3"},"geometry":{"type":"LineString","coordinates":[[111.34588614800003,28.746445996000034],[111.34861756600009,28.75143765400003],[111.35440080900008,28.753165739000053],[111.35296642300005,28.748149281000053],[111.34588614800003,28.746445996000034]]}},{"type":"Feature","properties":{"name":"赣江","level":"river_l3"},"geometry":{"type":"LineString","coordinates":[[115.8898289870001,28.760365961000048],[115.88115409700004,28.75238543900008],[115.88405327200007,28.739705036000032],[115.88589963600009,28.740107489000025],[115.8898289870001,28.760365961000048]]}},{"type":"Feature","properties":{"name":"赣江","level":"river_l3"},"geometry":{"type":"LineString","coordinates":[[115.92603125200003,28.732933588000037],[115.97631054300007,28.783134218000043],[115.99826088500004,28.784053490000076]]}},{"type":"Feature","properties":{"name":"赣江","level":"river_l3"},"geometry":{"type":"LineString","coordinates":[[115.99826088500004,28.784053490000076],[115.97234318200003,28.788064862000056],[115.88572402300008,28.716070442000046],[115.90047991000006,28.76243544400006],[115.95562671300002,28.782224477000057],[115.96235620000004,28.81594154700008],[115.99357658800011,28.833397932000025],[115.99867322300008,28.845408804000044],[115.99062415200001,28.872219244000064],[116.01670220100004,28.890640795000024],[116.01304780600003,28.922814823000067],[116.04696158400009,28.965715902000056],[116.03396087500005,28.986504704000026],[116.04099560600002,29.03047785800004],[116.02922332300011,29.062218942000072],[115.98903089500004,29.10972480500004],[115.98864184100012,29.11958224600005],[116.00344334300007,29.135840854000037],[116.00177262900002,29.16543225500004],[116.02076292100003,29.206975330000034],[116.01353022600006,29.235138113000062],[115.98291278400006,29.25554932700004],[115.98384368800009,29.272010179000063],[115.99286955000002,29.281346859000053]]}},{"type":"Feature","properties":{"name":"湘江","level":"river_l3"},"geometry":{"type":"LineString","coordinates":[[112.70646417400008,28.66212076800008],[112.70498397900008,28.650695447000032],[112.70100132000005,28.648748006000062],[112.70159647000003,28.657445748000043],[112.70646417400008,28.66212076800008]]}},{"type":"Feature","properties":{"name":"湘江","level":"river_l3"},"geometry":{"type":"LineString","coordinates":[[112.76753135000001,28.638321914000073],[112.77538220800011,28.639237437000077],[112.78459874100008,28.635067827000057],[112.77756425300004,28.635046871000043],[112.76753135000001,28.638321914000073]]}},{"type":"Feature","properties":{"name":"湘江","level":"river_l3"},"geometry":{"type":"LineString","coordinates":[[112.75282150600003,28.64196510200003],[112.77142247200004,28.644400784000027],[112.80924232400002,28.632504191000066],[112.82756868800004,28.64824017500007],[112.86031493600001,28.652993296000034],[112.86852448900004,28.675908771000024],[112.85909442700006,28.700964414000055],[112.83315390900009,28.72398682900007],[112.82891966200009,28.761726664000037],[112.81413345100009,28.750471150000067],[112.81751323600008,28.723765628000024],[112.71687100600002,28.675579346000063],[112.71073669700002,28.651216146000024],[112.71769484800006,28.64253172800005],[112.72735388700005,28.636286864000056],[112.75282150600003,28.64196510200003]]}},{"type":"Feature","properties":{"name":"湘江","level":"river_l3"},"geometry":{"type":"LineString","coordinates":[[112.80858606900006,28.609129004000067],[112.81279758000005,28.603731047000053],[112.81052393700008,28.598752740000066],[112.80853262500011,28.601331553000023],[112.80858606900006,28.609129004000067]]}},{"type":"Feature","properties":{"name":"赣江","level":"river_l3"},"geometry":{"type":"LineString","coordinates":[[115.81225810000001,28.609977384000047],[115.81074741000009,28.604300970000054],[115.81431801200006,28.595723380000038],[115.81559222300007,28.608506765000072],[115.81225810000001,28.609977384000047]]}},{"type":"Feature","properties":{"name":"湘江","level":"river_l3"},"geometry":{"type":"LineString","coordinates":[[112.81004324700007,28.59326324500006],[112.80763228700005,28.591498908000062],[112.80625891900002,28.58282596500004],[112.81264490800004,28.586533927000062],[112.81004324700007,28.59326324500006]]}},{"type":"Feature","properties":{"name":"湘江","level":"river_l3"},"geometry":{"type":"LineString","coordinates":[[112.78465177800001,28.556173941000054],[112.7735735870001,28.55237253300004],[112.7718111260001,28.54714817000007],[112.7769916200001,28.546766672000047],[112.78465177800001,28.556173941000054]]}},{"type":"Feature","properties":{"name":"赣江","level":"river_l3"},"geometry":{"type":"LineString","coordinates":[[115.80034035500012,28.550804182000036],[115.79629650600009,28.52024575300004],[115.81180738,28.504217810000057],[115.8133333290001,28.509896131000062],[115.80034035500012,28.550804182000036]]}},{"type":"Feature","properties":{"name":"湘江","level":"river_l3"},"geometry":{"type":"LineString","coordinates":[[112.80623537600002,28.442931515000055],[112.81238475800001,28.427382367000064],[112.80823422700007,28.420855258000074],[112.80745600900002,28.420878150000078],[112.80623537600002,28.442931515000055]]}},{"type":"Feature","properties":{"name":"湘江","level":"river_l3"},"geometry":{"type":"LineString","coordinates":[[112.82298213700005,28.39954763700007],[112.83651698000006,28.386758470000075],[112.83502918600004,28.381988068000055],[112.83048196300001,28.38533366400003],[112.82298213700005,28.39954763700007]]}},{"type":"Feature","properties":{"name":"赣江","level":"river_l3"},"geometry":{"type":"LineString","coordinates":[[115.84007439200002,28.38821537900003],[115.83417665700006,28.376944580000043],[115.83910526400007,28.356649830000038],[115.84421722100001,28.380993947000036],[115.84007439200002,28.38821537900003]]}},{"type":"Feature","properties":{"name":"沅江","level":"river_l3"},"geometry":{"type":"LineString","coordinates":[[110.17394731900004,28.250447442000052],[110.16776736900005,28.256667495000045],[110.16652378500004,28.26676909300005],[110.17246722100003,28.26169729600008],[110.17394731900004,28.250447442000052]]}},{"type":"Feature","properties":{"name":"赣江","level":"river_l3"},"geometry":{"type":"LineString","coordinates":[[115.73804281500009,28.192301086000043],[115.74226961900001,28.194238986000073],[115.77251330500007,28.19151700100008],[115.75545351100004,28.186298427000054],[115.73804281500009,28.192301086000043]]}},{"type":"Feature","properties":{"name":"赣江","level":"river_l3"},"geometry":{"type":"LineString","coordinates":[[115.58921978300009,28.151021764000063],[115.57780587600007,28.143788952000023],[115.57357903200011,28.13429584200003],[115.59019636200003,28.149392841000065],[115.58921978300009,28.151021764000063]]}},{"type":"Feature","properties":{"name":"赣江","level":"river_l3"},"geometry":{"type":"LineString","coordinates":[[115.55761779200009,28.108645199000023],[115.55291792100002,28.10053686300006],[115.55220830200005,28.08774012300006],[115.55773217700005,28.097425875000056],[115.55761779200009,28.108645199000023]]}},{"type":"Feature","properties":{"name":"沅江","level":"river_l3"},"geometry":{"type":"LineString","coordinates":[[110.13038921000003,28.06380841500004],[110.11490115900006,28.072120915000028],[110.10952997000004,28.084301593000077],[110.12368281300007,28.068880215000036],[110.13038921000003,28.06380841500004]]}},{"type":"Feature","properties":{"name":"赣江","level":"river_l3"},"geometry":{"type":"LineString","coordinates":[[115.4922701050001,28.063758635000056],[115.49996079700009,28.075908738000066],[115.51985113600006,28.074674569000024],[115.5114204140001,28.07032954700003],[115.4922701050001,28.063758635000056]]}},{"type":"Feature","properties":{"name":"赣江","level":"river_l3"},"geometry":{"type":"LineString","coordinates":[[115.4506504630001,28.021633886000075],[115.44685853300007,28.017159142000025],[115.4469729540001,28.012808363000033],[115.45150495000007,28.016348478000054],[115.4506504630001,28.021633886000075]]}},{"type":"Feature","properties":{"name":"湘江","level":"river_l3"},"geometry":{"type":"LineString","coordinates":[[112.96775949300002,28.001222830000074],[112.96206019200008,28.002716345000067],[112.9853608740001,27.980735382000034],[112.98540666800011,27.98450249700005],[112.96775949300002,28.001222830000074]]}},{"type":"Feature","properties":{"name":"湘江","level":"river_l3"},"geometry":{"type":"LineString","coordinates":[[112.87522703500008,27.839986813000053],[112.88035413900002,27.843713854000043],[112.8793774930001,27.830913295000073],[112.87427329100001,27.83019994600005],[112.87522703500008,27.839986813000053]]}},{"type":"Feature","properties":{"name":"赣江","level":"river_l3"},"geometry":{"type":"LineString","coordinates":[[115.06801585300002,27.434753357000034],[115.06376622300002,27.445261238000057],[115.07084652600008,27.453827342000068],[115.07266236400005,27.45293085700007],[115.06801585300002,27.434753357000034]]}},{"type":"Feature","properties":{"name":"赣江","level":"river_l3"},"geometry":{"type":"LineString","coordinates":[[115.10307259700005,27.185604859000023],[115.0993188010001,27.178106885000034],[115.07633843600001,27.17028663600007],[115.08112984600007,27.175844780000034],[115.10307259700005,27.185604859000023]]}},{"type":"Feature","properties":{"name":"闽江(九龙溪、沙溪)","level":"river_l3"},"geometry":{"type":"LineString","coordinates":[[119.3424462050001,25.98805509600004],[119.35219675600001,25.97799734000006],[119.36898941300001,25.968042551000053],[119.34305651700004,25.97816713900005],[119.3424462050001,25.98805509600004]]}},{"type":"Feature","properties":{"name":"闽江(九龙溪、沙溪)","level":"river_l3"},"geometry":{"type":"LineString","coordinates":[[119.24008065400005,26.090280672000063],[119.2337787030001,26.105684851000035],[119.22460029400008,26.10181478000004],[119.2284682080001,26.050147151000033],[119.23632663100011,26.041392157000075],[119.24349849900011,26.05238637000008],[119.25252411000008,26.01860439400008],[119.2573689080001,26.020881806000034],[119.26795099900005,25.995356951000076],[119.34427732800009,25.992285697000057],[119.39324383900009,25.964969624000048],[119.41371412000001,25.985075419000054],[119.40619146400002,26.00554565400006],[119.3518460890001,26.031280519000063],[119.34199638700011,26.047625061000076],[119.31808529200009,26.050713246000043],[119.28723883600003,26.041197374000035],[119.24008065400005,26.090280672000063]]}},{"type":"Feature","properties":{"name":"闽江(九龙溪、沙溪)","level":"river_l3"},"geometry":{"type":"LineString","coordinates":[[119.30371073800006,25.974346796000077],[119.31814592600006,25.977476773000035],[119.34175178700002,25.965105280000046],[119.33792173000006,25.964027617000056],[119.30371073800006,25.974346796000077]]}},{"type":"Feature","properties":{"name":"北江(浈水)","level":"river_l3"},"geometry":{"type":"LineString","coordinates":[[112.94939985600001,23.581221551000056],[112.94963639000002,23.585646719000067],[112.95095631800007,23.588231242000063],[112.95190234000006,23.57533912100007],[112.94939985600001,23.581221551000056]]}},{"type":"Feature","properties":{"name":"北江(浈水)","level":"river_l3"},"geometry":{"type":"LineString","coordinates":[[112.92537401300001,23.505623725000078],[112.92804439200006,23.51213176600004],[112.91634056100008,23.500149514000043],[112.92289438400007,23.50221330100004],[112.92537401300001,23.505623725000078]]}},{"type":"Feature","properties":{"name":"北江(浈水)","level":"river_l3"},"geometry":{"type":"LineString","coordinates":[[112.91101510500005,23.499014627000065],[112.90673487800007,23.491077948000054],[112.90395770500004,23.49002888600006],[112.9073071250001,23.498635066000077],[112.91101510500005,23.499014627000065]]}},{"type":"Feature","properties":{"name":"北江(浈水)","level":"river_l3"},"geometry":{"type":"LineString","coordinates":[[112.89411545600001,23.467359465000072],[112.89534380400005,23.46301058800003],[112.89212409800007,23.457383767000067],[112.8912543570001,23.466371440000046],[112.89411545600001,23.467359465000072]]}},{"type":"Feature","properties":{"name":"北江(浈水)","level":"river_l3"},"geometry":{"type":"LineString","coordinates":[[112.8814579430001,23.459645977000037],[112.88539480100007,23.457164437000074],[112.88458603800007,23.44984574500006],[112.88170969300006,23.452472244000035],[112.8814579430001,23.459645977000037]]}},{"type":"Feature","properties":{"name":"北江(浈水)","level":"river_l3"},"geometry":{"type":"LineString","coordinates":[[112.88911021700005,23.40330135100004],[112.89093363200004,23.387622515000032],[112.88168644100006,23.35075249700003],[112.88026738700012,23.364579246000062],[112.88911021700005,23.40330135100004]]}},{"type":"Feature","properties":{"name":"北江(浈水)","level":"river_l3"},"geometry":{"type":"LineString","coordinates":[[112.83226164300004,23.256967685000063],[112.82432683200011,23.245536660000027],[112.8151713100001,23.240804427000057],[112.81749073300011,23.248760187000073],[112.83226164300004,23.256967685000063]]}},{"type":"Feature","properties":{"name":"北江(浈水)","level":"river_l3"},"geometry":{"type":"LineString","coordinates":[[112.80170485100007,23.17330348100006],[112.79732551900008,23.187694829000066],[112.79969070200002,23.190826773000026],[112.8029408650001,23.179231677000075],[112.80170485100007,23.17330348100006]]}},{"type":"Feature","properties":{"name":"北江(浈水)","level":"river_l3"},"geometry":{"type":"LineString","coordinates":[[112.809204711,23.16647687300008],[112.8149726690001,23.163653903000068],[112.81914602800009,23.156386696000027],[112.81130282100003,23.158959802000027],[112.809204711,23.16647687300008]]}},{"type":"Feature","properties":{"name":"北江(浈水)","level":"river_l3"},"geometry":{"type":"LineString","coordinates":[[112.82830153000009,23.15588311500005],[112.8117834410001,23.146380496000063]]}},{"type":"Feature","properties":{"name":"东江北干流","level":"river_l3"},"geometry":{"type":"LineString","coordinates":[[113.81458567200002,23.12546276200004],[113.81238836500006,23.12908873600003],[113.79848726300008,23.130004332000055],[113.8020350050001,23.125836652000032],[113.81458567200002,23.12546276200004]]}},{"type":"Feature","properties":{"name":"纳文河","level":"river_l3"},"geometry":{"type":"LineString","coordinates":[[124.42898101300011,51.33956850100003],[124.46033097700001,51.32799033300006],[124.49352019200012,51.33738201800003],[124.54729393900004,51.33553133700008],[124.62548173000005,51.29898495800006],[124.67718761800006,51.288127588000066],[124.75904626200008,51.292689289000066],[124.79613429500012,51.30485809700008],[124.85482889500008,51.292169562000026],[124.87794682800006,51.29581627400006],[124.90101104000007,51.28667964400006],[124.91801759100008,51.28904846200004],[124.93236102800006,51.27647861000003],[124.97628483300002,51.272552774000076],[125.02556420600001,51.25035788500003],[125.03615440800002,51.260470776000034],[125.06784048300005,51.266005723000035],[125.08349684300003,51.27892243100007],[125.0845728810001,51.28940544800008],[125.1117880590001,51.29810289300008],[125.21858765600007,51.287836276000064],[125.25019683900007,51.26926941500005],[125.25612449800008,51.245720695000045],[125.26901826000005,51.23166309000004],[125.29654615600009,51.236496154000065],[125.29714864000005,51.226001677000056],[125.30644911900004,51.22336175600003],[125.31461307600011,51.232803268000055],[125.32851419200006,51.22846953800007],[125.33423664500003,51.23725493000006],[125.38440809600002,51.19156095800008],[125.39640191100011,51.191808802000025],[125.39899576700009,51.18267618400006],[125.43425250700011,51.187966946000074],[125.45625598400011,51.17048739100005],[125.51234914200006,51.16960181400003],[125.50381888800007,51.15718096100005],[125.51133389900008,51.14933769100003],[125.50509251900007,51.136069933000044],[125.52449451000007,51.127715366000075],[125.55875944900004,51.135264490000054],[125.56423032800001,51.15232033600006],[125.55620428000009,51.16620622800008],[125.57427158600001,51.17821117700004],[125.60412612700009,51.167128938000076],[125.62569541900007,51.178222119000054],[125.65162825000004,51.16429790300003],[125.67490643100007,51.169287412000074],[125.67277044900004,51.182166144000064],[125.69010488000004,51.17688631300007],[125.70320523300006,51.18683132600006],[125.72623131900002,51.179037496000035],[125.76042018500004,51.19555899000005],[125.75549929200008,51.20480607500008],[125.76817992200006,51.21100497400005],[125.77880799200011,51.20977269400004],[125.77538968800002,51.20090335500004],[125.79885075600009,51.196832750000056],[125.81571256000007,51.20810527000003],[125.81310343000007,51.216497821000075],[125.83471060700003,51.21701641800007],[125.8482072700001,51.209630864000076],[125.85599625000009,51.17392059500003],[125.87631349100002,51.153427375000035],[125.85961957800009,51.14366169300007],[125.88737603700008,51.13561604000006],[125.905817006,51.140033378000055],[125.93318427700001,51.12898167900005],[125.92059522300008,51.12354573600004],[125.9289570630001,51.11337925400005]]}},{"type":"Feature","properties":{"name":"嫩江","level":"river_l3"},"geometry":{"type":"LineString","coordinates":[[125.81522326900006,50.54455027500006],[125.82132752100006,50.56684381600007],[125.80452773200011,50.595454862000054],[125.80836600200007,50.61860293600006],[125.78580562000002,50.638451479000025],[125.79718182600004,50.65523641900006],[125.78328117300009,50.678441888000066],[125.81956055400008,50.69559280400006],[125.81916397700002,50.70238312300006],[125.79513865100012,50.720038180000074],[125.7707315130001,50.724158386000056],[125.78937117400005,50.74211820800008],[125.75518276800005,50.743674974000044],[125.7500558160001,50.750678968000045],[125.78454234500009,50.772430531000055],[125.80324255000005,50.77007662600005],[125.8241016500001,50.75557261200004],[125.83868197800007,50.758670074000065],[125.84089479300007,50.76759283300004],[125.82579629000008,50.79085934900007],[125.85774160100004,50.79014185700004],[125.88334708700006,50.806262884000034],[125.87411552000003,50.81872587400005],[125.9198937860001,50.83465977800006],[125.9119440180001,50.84782086100006],[125.88902473400003,50.854905141000074],[125.89199279200011,50.860032181000065],[125.9386402670001,50.852592894000054],[125.95116064900003,50.85802502300004],[125.9396707300001,50.87135780700004],[125.95838693400003,50.89907584300005],[125.97288306000007,50.89086628500007],[125.97530117300005,50.871193420000054],[125.98794340800009,50.86758451000003],[125.9958326200001,50.87398564000006],[125.98926385400011,50.88859251300005],[125.99742015900006,50.89723673300006],[125.99375815600001,50.90643802800008],[126.02301009100006,50.901253448000034],[126.01472490800006,50.92608395900004],[126.02249967900002,50.932580460000054],[126.03940675400008,50.92363080900003],[126.03926224800011,50.942155402000026],[126.05317127900003,50.94963605600003],[126.05145486300012,50.95990547100007],[126.07734243100003,50.96706556500004],[126.04261256500001,50.97855603700003],[126.03842439200002,50.99885835900005],[126.02887218600006,51.003321751000044],[126.03307658200004,51.02189589200003],[126.04355213000008,51.02362007100004],[126.03392368900006,51.03059740600003],[126.03886782100005,51.03545739200007],[126.05102931700003,51.02896832400006],[126.05329556700008,51.03882570300004],[126.02083155800005,51.044391794000035],[126.02419647800002,51.05426060700006],[126.00559547300008,51.05724395200008],[126.01229448200002,51.06441186500007],[126.00107886300009,51.062908950000065],[125.97416194100003,51.08192591400007],[125.9879488470001,51.087300809000055],[125.97468874200001,51.096197016000076],[125.99315310500003,51.12091281800008],[125.98192216500001,51.116926480000075],[125.9708593580001,51.12421664100003],[125.94495628400011,51.10737081100007],[125.9289570630001,51.11337925400005]]}},{"type":"Feature","properties":{"name":"嫩江","level":"river_l3"},"geometry":{"type":"LineString","coordinates":[[125.29452105400003,50.14166445200004],[125.30578231100003,50.137426118000064],[125.31409812700008,50.11601365100006],[125.32644303600011,50.12226596600004],[125.32806088400002,50.137990494000064],[125.36905497300006,50.13850891200008],[125.36874235000005,50.14679844300008],[125.33884952100004,50.151830430000075],[125.32735195500004,50.16510217700005],[125.35174388600001,50.16331662400006],[125.36355486000002,50.175600118000034],[125.38453636100007,50.17470725700008],[125.37537346400006,50.18788742700008],[125.38105014100006,50.19742433500005],[125.42325734300005,50.197874074000026],[125.44217915700006,50.21060001500007],[125.4264930280001,50.22857161700006],[125.45799579700008,50.22721706500005],[125.44160758400005,50.23845557900006],[125.43417674000011,50.25682765400006],[125.43870897300008,50.266414164000025],[125.46104858400008,50.26695564900007],[125.45325169500006,50.292869557000074],[125.47359241200002,50.29650103600005],[125.48554074100002,50.309524596000074],[125.51490724700011,50.30974938500003],[125.49842746200011,50.320247831000074],[125.52394117900008,50.32816326400007],[125.50817874000006,50.34540242800006],[125.54238272000009,50.357445373000076],[125.51284859200007,50.36701313800006],[125.52984018300003,50.38282144100003],[125.52084517900005,50.39750463400003],[125.50183231900007,50.40660689400005],[125.52335588100004,50.42071757400004],[125.56815666400007,50.399945639000066],[125.5761679960001,50.40862038200004],[125.55600357900005,50.439600443000074],[125.58371433100001,50.43461425100003],[125.58662897700003,50.43975655300005],[125.57330779200004,50.447115401000076],[125.59044411700006,50.45312733600008],[125.61490444700007,50.44000805500008],[125.62578438100002,50.44252952200003],[125.6540377130001,50.47437125400006],[125.69732850500009,50.48220640100004],[125.67312738700002,50.48706285700007],[125.67169321300003,50.49540199000006],[125.69171339800005,50.495253019000074],[125.73127374700005,50.52205531000004],[125.74619724400009,50.518370083000036],[125.73328001800007,50.50842125100007],[125.74575438300008,50.504087534000064],[125.76722450500006,50.51665704000004],[125.76070152600005,50.53200398100006],[125.78157615700002,50.52878791400008],[125.81522326900006,50.54455027500006]]}},{"type":"Feature","properties":{"name":"嫩江","level":"river_l3"},"geometry":{"type":"LineString","coordinates":[[125.19113473000004,49.93911942700004],[125.17312918300001,49.95715590200007],[125.1772035460001,49.96300774300005],[125.22934446200009,49.960100381000075],[125.23691319900001,49.96580341300006],[125.23353382100004,49.99001207100008],[125.27522239400002,49.99880475400005],[125.2907032710001,50.01319779000005],[125.28455423300011,50.033011842000064],[125.25116701400009,50.037418237000054],[125.24068415300007,50.04913354200005],[125.27452951400005,50.060512723000045],[125.30803093500003,50.04556226100004],[125.32908902600002,50.05746037400007],[125.32404601000007,50.06520062100003],[125.28119037700003,50.06850463400008],[125.26566424100008,50.07667986600006],[125.28246508100005,50.09252250800006],[125.25267908400008,50.09827930200004],[125.27639235900006,50.113084257000025],[125.27303561400004,50.12601259500008],[125.29452105400003,50.14166445200004]]}},{"type":"Feature","properties":{"name":"嫩江","level":"river_l3"},"geometry":{"type":"LineString","coordinates":[[125.18789691000006,49.81364354400006],[125.16979214300011,49.830184624000026],[125.22037681400002,49.83636791100008],[125.23439274500004,49.84857127600003],[125.21019946100012,49.86236195400005],[125.23897103900003,49.870944947000055],[125.2058898460001,49.91218308900005],[125.21768557200005,49.925233356000035],[125.19113473000004,49.93911942700004]]}},{"type":"Feature","properties":{"name":"嫩江","level":"river_l3"},"geometry":{"type":"LineString","coordinates":[[125.22513149000008,49.56011637700004],[125.18890612100006,49.56765092000006],[125.19117237400008,49.57883584900003],[125.20971267200002,49.59085224800003],[125.17501358200002,49.61410369300006],[125.16743772600012,49.63096511500004],[125.14505963700003,49.615343781000036],[125.12133974100004,49.64489714700005],[125.12247707900008,49.668163512000035],[125.14973793400009,49.67456827900003],[125.17485437100004,49.65924023400004],[125.1769443180001,49.633581968000044],[125.18694668500007,49.629404684000065],[125.19509567400007,49.65314020100004],[125.213880173,49.66739969100007],[125.20876924800007,49.70898471300006],[125.21850503500002,49.725124977000064],[125.19422016100009,49.73741263100004],[125.2147977620001,49.75761935300005],[125.22008603500001,49.79877320600008],[125.18789691000006,49.81364354400006]]}},{"type":"Feature","properties":{"name":"克鲁伦河","level":"river_l3"},"geometry":{"type":"LineString","coordinates":[[117.78230779700004,49.50751185200005],[117.7924781480001,49.50848454900006]]}},{"type":"Feature","properties":{"name":"克鲁伦河","level":"river_l3"},"geometry":{"type":"LineString","coordinates":[[117.78230779700004,49.50751185200005],[117.75107186600007,49.500973532000046],[117.75130043700005,49.482437471000026]]}},{"type":"Feature","properties":{"name":"克鲁伦河","level":"river_l3"},"geometry":{"type":"LineString","coordinates":[[117.75130043700005,49.482437471000026],[117.77750087700008,49.493778648000045],[117.78230779700004,49.50751185200005]]}},{"type":"Feature","properties":{"name":"克鲁伦河","level":"river_l3"},"geometry":{"type":"LineString","coordinates":[[117.75130043700005,49.482437471000026],[117.78888368000003,49.45618763500005],[117.76673362100007,49.388204442000074],[117.69365628300011,49.359933572000045],[117.69338134700001,49.34416323600004],[117.6699656610001,49.32831295700004],[117.68556055500005,49.320946486000025]]}},{"type":"Feature","properties":{"name":"嫩江","level":"river_l3"},"geometry":{"type":"LineString","coordinates":[[125.22807815200008,49.28920554600006],[125.23399904500002,49.30249620300003],[125.2535082820001,49.31370767400006],[125.24448270800008,49.32688021300004],[125.25758315400003,49.342875485000036],[125.25205959900006,49.35664691300008],[125.26725026400004,49.35901193700005],[125.26905888700003,49.37699100400005],[125.25092354900005,49.39129662000005],[125.24954355300008,49.43498355600008],[125.26160638800002,49.45177231300005],[125.21566150400008,49.488303132000055],[125.24068690400009,49.49628342600005],[125.22302472000001,49.51583055300006],[125.23116607700001,49.53955462700003],[125.22513149000008,49.56011637700004]]}},{"type":"Feature","properties":{"name":"嫩江","level":"river_l3"},"geometry":{"type":"LineString","coordinates":[[125.12295400900007,49.15369390500007],[125.12036052200006,49.18078272300005],[125.15509031700003,49.165900918000034],[125.16531459900011,49.19178795700003],[125.17504250400009,49.19703319600006],[125.18726519000006,49.19718185800008],[125.1903321530001,49.19024654900005],[125.2139841070001,49.19352322800006],[125.22234702500009,49.23153367300006],[125.20719502000009,49.25247698800007],[125.22730688100012,49.25840116000006],[125.21288697400007,49.263516924000044],[125.22507166300011,49.270528385000034],[125.20650896500001,49.28033637300007],[125.22807815200008,49.28920554600006]]}},{"type":"Feature","properties":{"name":"嫩江","level":"river_l3"},"geometry":{"type":"LineString","coordinates":[[124.77315454200004,48.99692472500004],[124.80184255900008,49.02363940500004],[124.81504988900008,49.04343039200006],[124.80931266300001,49.05568353700005],[124.82334391400002,49.07168643400007],[124.79835770500006,49.111749547000045],[124.83372896200001,49.123163058000046],[124.85340666400009,49.16300449800008],[124.88339146700002,49.177622479000036],[124.90988923300006,49.178839149000055],[124.94723594700008,49.16156545100006],[124.97920411100006,49.160294829000065],[125.02992628800007,49.17554968300004],[125.03528220900012,49.17157081200003],[125.02786581300006,49.15382068300005],[125.10072825100008,49.12528159000004],[125.11591893100001,49.128409572000066],[125.12543342700008,49.14381358700007],[125.1096782840001,49.14672060100003],[125.12295400900007,49.15369390500007]]}},{"type":"Feature","properties":{"name":"嫩江","level":"river_l3"},"geometry":{"type":"LineString","coordinates":[[124.75903933500001,48.979418802000055],[124.77315454200004,48.99692472500004]]}},{"type":"Feature","properties":{"name":"克鲁伦河","level":"river_l3"},"geometry":{"type":"LineString","coordinates":[[117.68275472200003,48.97875991600006],[117.67760480700008,48.98491320900007],[117.75016419500002,49.06665980400004],[117.77199283700008,49.07842064100004],[117.7914644230001,49.120337403000065],[117.79940008000005,49.168598243000076],[117.78282112900001,49.18589461700003],[117.77378753900007,49.18127878800004],[117.73559366600011,49.19229617600007],[117.7334345810001,49.198682149000035],[117.74561921300005,49.20285925400003],[117.73409081600005,49.203717666000045],[117.72264618100007,49.194745365000074],[117.71035491100008,49.201081818000034],[117.73576943400008,49.209210950000056],[117.73253461000002,49.218110876000026],[117.71134685200002,49.206117333000066],[117.71021016000009,49.21365536400003],[117.69202870600009,49.21470074800004],[117.69144867900002,49.20441226600008],[117.67876834700007,49.213712814000075],[117.67589205500008,49.21895435500005],[117.68355226900007,49.22128132100005],[117.67121527900008,49.23103964100005],[117.69349401700003,49.239393868000036],[117.68046268600006,49.24663824700008],[117.67988316000003,49.26605934200006],[117.68916870500004,49.280967471000054],[117.70702971000003,49.279689387000076],[117.69307552700002,49.30681645300007],[117.70594688300002,49.31419797700005],[117.68556055500005,49.320946486000025]]}},{"type":"Feature","properties":{"name":"克鲁伦河","level":"river_l3"},"geometry":{"type":"LineString","coordinates":[[117.68556055500005,49.320946486000025],[117.68425573200011,49.312027519000026],[117.66805809700008,49.319477919000065],[117.57941678200007,49.321920025000054],[117.54948540200007,49.30801533500005],[117.52082033400006,49.28153327500007],[117.51279352400002,49.257019497000044],[117.5074604890001,49.262699757000064],[117.47234820200003,49.226562511000054],[117.45795800700012,49.18691169500005],[117.42135846300005,49.18206717400005],[117.41208828000003,49.17307578200007],[117.41363661100002,49.14360652400006],[117.37479380000002,49.12980870800004],[117.34705953000002,49.10146120600007],[117.31296925200002,49.04242376800005],[117.31090892200007,49.02275091400003],[117.25533440100003,49.01630812900004],[117.21721623300004,48.99148937800004],[117.18920763000006,48.98321529800006],[117.15626981500009,48.947001733000036],[117.10618877000002,48.94808167200006],[117.10562408300007,48.94236330600006],[117.132755126,48.94150478700004],[117.13218281600007,48.93624038200005],[117.10837815900004,48.92822186200004],[117.11590084600005,48.91870009400003],[117.08812888200009,48.91771988800008],[117.04054987800009,48.888624822000054],[117.0298073130001,48.88804886400004],[117.02446686200005,48.907187701000055],[116.98584536700002,48.89623189500003],[116.99604591700006,48.87760420600006],[116.9759031960001,48.850855042000035],[116.98350192100008,48.82511278800007],[117.00060732200006,48.80725563800007],[116.97201126200002,48.80029003100003],[116.9977689110001,48.796021102000054],[117.02753918300004,48.75585115800004]]}},{"type":"Feature","properties":{"name":"克鲁伦河","level":"river_l3"},"geometry":{"type":"LineString","coordinates":[[117.02753918300004,48.75585115800004],[117.04239414000006,48.756980232000046],[117.0746670750001,48.72534014000007],[117.07687981800007,48.734274362000065],[117.04965757700006,48.75729299400007],[117.1071008030001,48.72934544200007],[117.11614167800008,48.712751043000026],[117.10301127000002,48.72701463400006],[117.10314087900008,48.72107119000003],[117.12200102000008,48.69818613400008],[117.18847764000009,48.663207861000046],[117.18792819900011,48.65657394500005],[117.18030618800003,48.65740943800006],[117.13991525100005,48.685803201000056],[117.11807160100011,48.68900396300006],[117.09352746100001,48.71776765000004],[117.06438985900002,48.720884537000074],[117.09440474400003,48.70977947400007],[117.0965865180001,48.69060632500003],[117.08584398100004,48.69163257900004],[117.08214329100008,48.67239080500008],[117.08979580300002,48.67041850600003],[117.097845258,48.681019750000075],[117.12158858300006,48.67098287200008],[117.10446752600001,48.66394470500006],[117.10133914400001,48.64996733700008],[117.10761830700005,48.64729312500003],[117.11321866100002,48.65901212000006],[117.16307076300006,48.655181721000076],[117.17196649900006,48.62761598800006],[117.1673580260001,48.61751445700003],[117.1549674370001,48.61556137200006],[117.16511503200002,48.62525849600007],[117.16020159600009,48.62909620900007],[117.1196576960001,48.63439142200008],[117.14036434100001,48.619521226000074],[117.13809060900007,48.613558725000075],[117.10251330300002,48.599238254000056],[117.12346440700003,48.60380059600004],[117.12602024700004,48.59788765300004],[117.11534634000009,48.59663266200005],[117.12723299100003,48.57458690900006],[117.11742899300009,48.58134297000004],[117.11309500000004,48.559350737000045],[117.07900566700005,48.55693239900006],[117.06593627300003,48.56981503500003],[117.05690257600008,48.55805791600005],[117.08481163900001,48.54464873500007],[117.09362399600002,48.551374148000036],[117.11819905400012,48.54774992500006],[117.13241352700004,48.57464028000004],[117.21608780300005,48.565884750000066],[117.27706434600009,48.58771254800007],[117.31217638200008,48.610650631000055],[117.33464628600007,48.64627679300003],[117.35640729500005,48.72280132000003],[117.34895329200003,48.73325008100005],[117.32296671400002,48.734856292000075],[117.28182700200011,48.696777352000026],[117.27882055000009,48.67389626500005],[117.27313686900004,48.69944395200008],[117.27983588000006,48.710247389000074],[117.34588643300003,48.74945151500003],[117.45892791200004,48.78120883500003],[117.58108013300011,48.869600449000075],[117.64250787000003,48.95339948700007],[117.68275472200003,48.97875991600006]]}},{"type":"Feature","properties":{"name":"嫩江","level":"river_l3"},"geometry":{"type":"LineString","coordinates":[[124.55252947100007,48.32336520300004],[124.53207464500008,48.33464571300004],[124.51061246100005,48.33392491300003],[124.50879699300003,48.35278141900005],[124.5179757630001,48.36823122100003],[124.51104828900009,48.37975956900004],[124.52428591500006,48.389799966000055],[124.51316985000005,48.40523469400006],[124.52903979300004,48.41969259000007],[124.5205407850001,48.43954481600008],[124.53800570800001,48.47272948400007],[124.5245020970001,48.51381485700006],[124.53985336800008,48.53505163300008],[124.51385184500009,48.548781286000064],[124.53635980500007,48.57426766800006],[124.56093478900004,48.57036110300004],[124.55660911500001,48.58630694900006],[124.59752717600009,48.60132920400008],[124.58551088000002,48.61981958300004],[124.59443780100003,48.63151182100006],[124.59542254000007,48.656285034000064],[124.61191824500008,48.67672450800006],[124.61493268900006,48.71194258700007],[124.60771578100002,48.74679072500004],[124.64629177300003,48.77241810500004],[124.64376740900002,48.82213242100005],[124.66081992400007,48.83502624100004],[124.69204052500004,48.84061843000006],[124.69069030300011,48.85119303000005],[124.70582023100008,48.867916913000045],[124.70607234300007,48.88369486600004],[124.69524602100012,48.890115250000065],[124.70311242800005,48.90184946000005],[124.69788651200008,48.920091815000035],[124.73865161000003,48.917039610000074],[124.74982172300008,48.932138430000066],[124.74412282500009,48.95292143700004],[124.75903933500001,48.979418802000055]]}},{"type":"Feature","properties":{"name":"嫩江","level":"river_l3"},"geometry":{"type":"LineString","coordinates":[[124.55252947100007,48.32336520300004],[124.54504461900001,48.31462559500005],[124.54789770100001,48.29497560400006],[124.57311321700001,48.27374608700006],[124.5556030460001,48.26612811800004],[124.54650822000008,48.25143364300004],[124.56192736700007,48.23432418500005],[124.54603425000005,48.205602801000055],[124.51529407100008,48.18719292000003],[124.51616351400003,48.17062529400005],[124.50117881300002,48.16591416800003],[124.5093344170001,48.14231200900008],[124.50336005100007,48.12449701000003],[124.47738872800005,48.12243726000003],[124.46963676600001,48.10994008900008],[124.43822527400005,48.09605073500006],[124.43159486800005,48.08351159000006],[124.4195553720001,48.08694882200007]]}},{"type":"Feature","properties":{"name":"克鲁伦河","level":"river_l3"},"geometry":{"type":"LineString","coordinates":[[115.52529648500001,48.13872739900006],[115.54198247000011,48.133855803000074],[115.52914142600002,48.11068103200006],[115.54789494500005,48.09877113400006],[115.55361692300005,48.08060124800005],[115.5732477890001,48.06436155600005],[115.62878409500001,48.06792421000006],[115.64381481700002,48.08885205400003],[115.68773116500006,48.09280770600003],[115.69645201600008,48.10351958200005],[115.68937949700012,48.11525773900007],[115.71518325700004,48.13366775000003],[115.76901054200005,48.138721995000026],[115.7940207580001,48.152981519000036],[115.83063547800009,48.153519164000045],[115.86169619300006,48.180188161000046],[115.90148493000004,48.186211453000055],[115.90151557600007,48.194897731000026],[115.91863653400003,48.195794094000064],[115.93574240700002,48.20849723300006],[115.96179767500007,48.20832539500003],[115.98580103900008,48.240129145000026],[116.09125843600009,48.26110979200007],[116.12497435800003,48.29306225200003],[116.12405177400001,48.333304482000074],[116.14015088300005,48.36904514500003],[116.16255179400002,48.38522733600007],[116.18637970400005,48.418129743000065],[116.2048435150001,48.421192896000036],[116.24821102800001,48.45762385200004],[116.3460845090001,48.475026265000054],[116.40259721300004,48.46517227900006],[116.40783890300008,48.472801824000044],[116.3833175310001,48.494916329000034],[116.40219333400012,48.497266111000044],[116.39672315400003,48.51570684400008],[116.42863808700008,48.521264777000056],[116.44631627400008,48.53914839300006],[116.47674329100005,48.53609253900004],[116.56042608300004,48.58347929100006],[116.70118545900004,48.575097232000076],[116.71401888100002,48.59699022400008],[116.77075353800001,48.631551830000035],[116.83335503500007,48.64282410100003],[116.84486070900005,48.65256699500003],[116.90991873100006,48.64964441500007],[116.95694814600006,48.66364818100004],[117.03403894900009,48.71200773400005],[117.02609671100004,48.72656884200006],[117.03272709400005,48.73989385600004],[117.02753918300004,48.75585115800004]]}},{"type":"Feature","properties":{"name":"乌苏里江","level":"river_l3"},"geometry":{"type":"LineString","coordinates":[[135.0741947670001,48.453735521000056],[135.08719481700007,48.423770270000034],[135.084066344,48.411295977000066],[135.0617263250001,48.39154331000003],[135.0071434040001,48.365035050000074],[134.9099418400001,48.35152043200003],[134.81273979200012,48.31981693900008],[134.77739874700012,48.29330844700007],[134.68538474000002,48.257961773000034],[134.66434120200006,48.21689972400003],[134.66330153500007,48.13893325500004],[134.62118492000002,48.093709525000065],[134.58428778500001,48.08019800300008],[134.567272773,48.04221443200004]]}},{"type":"Feature","properties":{"name":"嫩江","level":"river_l3"},"geometry":{"type":"LineString","coordinates":[[124.4195553720001,48.08694882200007],[124.40595932500003,48.08518269800004],[124.40163308300009,48.07331493600003],[124.37893484100005,48.069610983000075],[124.36118750700007,48.02966269500007],[124.37039626100011,48.01881717400005],[124.34819363000008,47.99930855400004],[124.31656863700005,47.99166019000006],[124.33132410400003,47.97917044600007],[124.31099850200007,47.966543684000044],[124.31960452300007,47.95608727600006],[124.27527577400008,47.927617919000056],[124.2746880840001,47.91712344600006],[124.28941309200002,47.90760923500005],[124.28751299600003,47.89163292400008],[124.30410682600007,47.85999674800007],[124.28017986000009,47.838222158000065],[124.27829502000009,47.82201696000004],[124.28211728300005,47.81268214200003],[124.30552502800003,47.81392555300005],[124.3100111230001,47.80732974600005],[124.2608760710001,47.797076039000046],[124.23971865100009,47.77462620600005],[124.25050641300004,47.74706808800005],[124.23033332600005,47.730096281000044],[124.23997687600001,47.71439834600005],[124.21321210600001,47.71381110800007],[124.2038046130001,47.70601376700006],[124.2185599720001,47.68783236000007],[124.21609515800003,47.66523358300003],[124.19385457500005,47.65508263300006],[124.12950627800001,47.65724619000008],[124.07723484100006,47.615642585000046],[124.0915702100001,47.578772539000056],[124.07033685100009,47.57430942600007],[124.04354120500011,47.55520139400005]]}},{"type":"Feature","properties":{"name":"嫩江","level":"river_l3"},"geometry":{"type":"LineString","coordinates":[[124.04354120500011,47.55520139400005],[124.03509474100008,47.531420085000036],[124.01084003300002,47.526236004000054],[124.0004564510001,47.54442118600008],[123.97974886000009,47.50480861800003],[123.94069263800009,47.498369601000036]]}},{"type":"Feature","properties":{"name":"乌苏里江","level":"river_l3"},"geometry":{"type":"LineString","coordinates":[[134.567272773,48.04221443200004],[134.55778004900003,47.98455795000007],[134.59000655800003,47.94765338700006],[134.594675047,47.915426067000055],[134.61182609600007,47.90347034500007],[134.66172341800007,47.89151424100004],[134.67212846300004,47.823942912000064],[134.72826597300002,47.779759470000045],[134.7599742430001,47.76520571300006],[134.77607212600003,47.74233591600006],[134.77660570600005,47.72310178600003],[134.7370980810001,47.66332844900006],[134.6851092060001,47.634218462000035],[134.681476577,47.59731431700004],[134.6404129340001,47.55365462800006],[134.57336313300004,47.52090932600004],[134.5738814350001,47.50063757500004],[134.56243664700003,47.48556169300008],[134.52344895800002,47.46944851000006],[134.4927925510001,47.44346257600006],[134.35046973600004,47.437532230000045]]}},{"type":"Feature","properties":{"name":"嫩江","level":"river_l3"},"geometry":{"type":"LineString","coordinates":[[123.94069263800009,47.498369601000036],[123.92474639300008,47.48227896900005],[123.9358776250001,47.46114113400006],[123.91916813000012,47.42998591200006],[123.88395714900003,47.418534230000034],[123.87206989800006,47.40383595900005],[123.87460272500005,47.392677683000045],[123.91310937600008,47.38681020200005]]}},{"type":"Feature","properties":{"name":"乌苏里江","level":"river_l3"},"geometry":{"type":"LineString","coordinates":[[134.35046973600004,47.437532230000045],[134.2708309410001,47.39876352600004],[134.25004688700005,47.35822027100005],[134.18818548700006,47.33587017600007],[134.17069788100002,47.313691239000036]]}},{"type":"Feature","properties":{"name":"嫩江","level":"river_l3"},"geometry":{"type":"LineString","coordinates":[[123.91310937600008,47.38681020200005],[123.89615606200005,47.372764303000054],[123.8977351310001,47.358855574000074],[123.88127771600011,47.34334860800004],[123.84032176500011,47.33933962500004],[123.81431952500009,47.31574157700004],[123.8293725320001,47.30194335900006],[123.85293282300006,47.30099708600005]]}},{"type":"Feature","properties":{"name":"嫩江","level":"river_l3"},"geometry":{"type":"LineString","coordinates":[[123.51813038600005,46.95308754100006],[123.53593104300012,46.99234155500005],[123.58010740600002,47.03491802100007],[123.59075846400003,47.03978941200006],[123.58356350300005,47.02808952000004],[123.59310034300006,47.01719821900008],[123.60736791600004,47.02574703500005],[123.60451509200004,47.06134665900004],[123.61659363100011,47.10596049800006],[123.60632440600011,47.120044783000026],[123.60657672800005,47.149273685000026],[123.5877243860001,47.17516862700006],[123.60541764100003,47.182370793000075],[123.64942532300006,47.179936576000046],[123.66086256900007,47.20261539000006],[123.67789968000011,47.21003118900006],[123.7805489640001,47.22023103600003],[123.78650784600006,47.22757445000008],[123.78198375600005,47.242616197000075],[123.7926577180001,47.24815517600007],[123.82356541500008,47.25083288600007],[123.83716876000005,47.23537143300007],[123.85428206800009,47.237515194000025],[123.87272362400006,47.276185534000035],[123.85293282300006,47.30099708600005]]}},{"type":"Feature","properties":{"name":"嫩江","level":"river_l3"},"geometry":{"type":"LineString","coordinates":[[123.59891023500006,46.80577880900006],[123.5686590360001,46.82177447500004],[123.60842499000012,46.83873086500006],[123.59006090600008,46.86280615000004],[123.59201454100003,46.88725510900008],[123.57329908300005,46.88894903600004],[123.57228394800006,46.86747560400005],[123.56214392600009,46.85437952400008],[123.57041414000003,46.83754479400005],[123.5570390370001,46.81803608300004],[123.49699385100007,46.81916577700008],[123.4658425560001,46.846315891000074],[123.51813038600005,46.95308754100006]]}},{"type":"Feature","properties":{"name":"乌苏里江","level":"river_l3"},"geometry":{"type":"LineString","coordinates":[[134.17069788100002,47.313691239000036],[134.16582959800007,47.28960858100004],[134.15024941700005,47.26829557600007],[134.1491960070001,47.24698622000005],[134.159083656,47.23399296300005],[134.1928671280001,47.21683750600005],[134.2094991570001,47.19604675800008],[134.22664911900006,47.13938943200003],[134.2256109960001,47.119117697000036],[134.2063684200001,47.090011135000054],[134.15024462600002,47.07285670300007],[134.08162222600004,47.00164696000007],[134.05252254700008,46.98657508900004],[134.07019202000004,46.95798691700003],[134.0686349020001,46.92991777300006],[134.04159456700006,46.887814336000076],[134.03640553500009,46.85039138900004],[134.0158661150001,46.82855962700006],[134.01845971900002,46.80932928400006],[134.03405436900005,46.79841120300006],[134.0444605020001,46.77138335800004],[134.02158606600005,46.73447942000007],[134.0241791520001,46.69341708200005],[134.01430557800006,46.65703180700007],[133.97272336100002,46.62012807800005],[133.91450883000005,46.59257837900003],[133.8968222420001,46.54320004300007],[133.87135422000006,46.52604525600003],[133.86871405600004,46.51238073700006]]}},{"type":"Feature","properties":{"name":"乌苏里江","level":"river_l3"},"geometry":{"type":"LineString","coordinates":[[133.86871405600004,46.51238073700006],[133.84484801100007,46.484983242000055],[133.8443288320001,46.46938841900004]]}},{"type":"Feature","properties":{"name":"乌苏里江","level":"river_l3"},"geometry":{"type":"LineString","coordinates":[[133.8443288320001,46.46938841900004],[133.85940435600003,46.44495838800003],[133.90722660200004,46.44028093000003],[133.9410095720001,46.40129729600005],[133.93684337000002,46.38258583800007],[133.88279477600008,46.36179588300007],[133.86564304,46.34515981100003],[133.88175632500008,46.32644812600006],[133.9176155450001,46.33008702700005],[133.89994476700008,46.30357830500003],[133.91657638200002,46.26407223900003],[133.8999435820001,46.25263952300003],[133.85758399100007,46.25107975000003],[133.8705691780001,46.23392834600003],[133.8480611440001,46.203433231000076],[133.83325970300007,46.202960363000045],[133.82170905700002,46.22769172300008],[133.8081894610001,46.230289740000046],[133.7863679310001,46.19286315700003],[133.76489786900004,46.17725712300006],[133.69856569400008,46.15960686400007]]}},{"type":"Feature","properties":{"name":"乌苏里江","level":"river_l3"},"geometry":{"type":"LineString","coordinates":[[133.69856569400008,46.15960686400007],[133.68188702400005,46.144004591000055],[133.68943974500007,46.11852176200006]]}},{"type":"Feature","properties":{"name":"嫩江","level":"river_l3"},"geometry":{"type":"LineString","coordinates":[[123.85293282300006,47.30099708600005],[123.87911727000005,47.27690265800004],[123.86668029300006,47.24122687400006],[123.85167258700005,47.22974068000008],[123.83417019400008,47.22902365300007],[123.81857555600004,47.24669388600006],[123.79540431300006,47.244290772000056],[123.7926190930001,47.22281354200004],[123.78462313700004,47.21751487200004],[123.66929325500007,47.19947193100006],[123.65085193700008,47.17309665000005],[123.59613222200005,47.17408896900008],[123.61800587800008,47.14707245300008],[123.62502430000006,47.10190530500006],[123.60982452300004,47.018456954000044],[123.59454222200009,47.01058336400007],[123.57762754700002,47.02256575900003],[123.55783592900002,47.00369417500008],[123.53815101400005,46.978654077000044],[123.50641783900005,46.89528979000005],[123.47712686000011,46.850519691000045],[123.49758141600012,46.823735888000044],[123.54995883300012,46.82323188600003],[123.56468435200009,46.84115744700006],[123.55279001200006,46.85522648800003],[123.56520374000002,46.872446334000074],[123.5603057830001,46.88702268000003],[123.56890448100012,46.89256549300006],[123.60068183400006,46.88891828200008],[123.59808724300001,46.86081094700006],[123.61479569200003,46.83649152900006],[123.57828767100011,46.82389922900006],[123.58306369200011,46.81685327500003],[123.61349818600002,46.81090957300006],[123.63200026000004,46.82268184900005],[123.6503723830001,46.82098029500003],[123.67638895400012,46.79511580800005],[123.70119269800011,46.78477370300004],[123.7141402520001,46.788504454000076],[123.72771301700004,46.76940750800003],[123.74538321200009,46.76768307100008],[123.75165436400005,46.745568691000074],[123.78324818600004,46.71925401100003],[123.76451705500006,46.69813932200003],[123.76570698100011,46.68193409200006],[123.75714638400007,46.67365989100006],[123.77093290000005,46.66118160100007],[123.75590212100008,46.638941517000035],[123.78850294300003,46.60646976000004],[123.78205558000002,46.58861660800005],[123.81097946300008,46.586033746000055],[123.8234231140001,46.57079737500004],[123.82299544800003,46.54841601800007],[123.790065561,46.526313421000054],[123.81541096400008,46.51366336500007],[123.81986641600008,46.499754609000036],[123.8097644830001,46.483026851000034],[123.82876970400002,46.47262376000003],[123.83102760400004,46.446595442000046],[123.85839469300004,46.424808951000045],[123.8546709960001,46.40058126400004],[123.86727509600007,46.39790317400008],[123.86276575400007,46.385089340000036],[123.84234869800002,46.37585009900005],[123.85376994600006,46.358782639000026],[123.84990914000002,46.346880533000046],[123.87020371400001,46.33350952600006],[123.84169899300002,46.309839012000054],[123.84774910100009,46.299363551000056],[123.88800310700003,46.30390280200004],[123.90127092300008,46.29779521200004],[123.8943273320001,46.26281748000008],[123.90131597100003,46.25714101500006],[123.9108682960001,46.25878129100005],[123.91630857100006,46.27822140400008],[123.92812701900004,46.28672446500008],[123.95653973100002,46.28524408200008],[123.95738620600002,46.262179866000054],[123.94633812100005,46.24089344300006],[123.97586440100008,46.21954181900003],[123.9535398810001,46.20688836000005],[123.97476524800004,46.19235764900003],[123.96344998900008,46.163304320000066],[123.97861007800009,46.164280775000066],[123.97394088400006,46.17202865000007],[123.99658583600001,46.18399163000004],[124.00579481900002,46.18516650500004],[123.9953115730001,46.17759042600005],[124.01044120100005,46.18175985900007],[124.01237924200007,46.18816105700006],[123.99982095000007,46.19245280200005],[124.00733629400008,46.201386971000034],[124.01953606300003,46.20097868300007],[124.01531670600002,46.191369268000074],[124.03310142900011,46.19462694300006],[124.02132865300007,46.18019951700006],[123.98352360400008,46.16680993700004],[123.99940071500009,46.15864996800008],[123.99460896100004,46.13921747900008],[124.01118024100003,46.12397344200008],[123.989954194,46.10036771700004],[124.01442973000007,46.082872887000065],[124.00173369400011,46.064096609000046],[124.01253714500001,46.058374334000064]]}},{"type":"Feature","properties":{"name":"嫩江","level":"river_l3"},"geometry":{"type":"LineString","coordinates":[[123.59891023500006,46.80577880900006],[123.64175844300007,46.81635303100006],[123.67982215900008,46.78806223500004],[123.71155370600002,46.78300736700004],[123.7180462550001,46.76843482100003],[123.73914204300002,46.76056854600006],[123.75278334000006,46.73415483600007],[123.77461141700007,46.71783879900005],[123.75487320000002,46.698082183000054],[123.74654115400006,46.67131770300006],[123.7616323740001,46.66089557200007],[123.74818105000008,46.645293206000076],[123.77756963500008,46.60389487200007],[123.77280839600007,46.58468364100003],[123.80942284000002,46.576206866000064],[123.8100860620001,46.545608446000074],[123.78501486900007,46.53313430600008],[123.7824663990001,46.52353250600004],[123.81316771200011,46.50588503200004],[123.80178393800009,46.48572397500004],[123.82451989600008,46.466890170000056],[123.81380752700011,46.446507850000046],[123.83710058800011,46.43543713400004],[123.85153550200005,46.416321107000044],[123.8327734830001,46.374206008000044],[123.85868289400003,46.32911499000005],[123.83371847700005,46.31414216200005],[123.83483217800006,46.30158386900007],[123.84515493300012,46.29409916600008],[123.89502984,46.29525461700007],[123.88472930700004,46.265514618000054],[123.90136926000002,46.25051472700005],[123.91748315600012,46.25721335600008],[123.93410095700006,46.283321622000074],[123.94959678100008,46.285900285000025],[123.9390899440001,46.23926077700003],[123.94909977200007,46.22559993400006],[123.96429794100004,46.222692934000065],[123.94401802200002,46.20228399300004],[123.95798759900003,46.18703616400006],[123.95488954900009,46.16349894800004],[123.96943912500001,46.15647579800003],[123.98817758000007,46.16134712000007],[123.99316725100005,46.155430341000056],[123.98671988000001,46.13667308300006],[123.99869049800009,46.121642715000064],[123.98042474700003,46.09804840800007],[124.00428983100005,46.07598346700007],[123.98465854800008,46.06197573400004],[124.0222342290001,46.04863891000008],[124.03653936400008,46.02515876600006],[124.02706319100002,46.01530525000004],[124.00074868800004,46.020009110000046],[123.97976709200009,46.01330670800007],[123.9788208760001,46.00530710600003],[124.00125178500002,45.994202064000035],[124.0023121380001,45.98484056400008],[123.9649725060001,45.971672237000064],[123.94090053600007,45.94370623100008]]}},{"type":"Feature","properties":{"name":"乌苏里江","level":"river_l3"},"geometry":{"type":"LineString","coordinates":[[133.68943974500007,46.11852176200006],[133.7338583510001,46.07747421400006],[133.73646705600004,46.05044264000003],[133.73074456900008,46.03796836600003],[133.67408618000002,45.99586905800004],[133.6668062860001,45.940768425000044],[133.62678147500003,45.94440817000003],[133.607035934,45.93869003000003],[133.60077934900005,45.92498358600005],[133.6122233100001,45.90542507100008],[133.58260433500004,45.86747975900005],[133.56545301300002,45.868521384000076],[133.55037740000012,45.88983092400008],[133.53705623700012,45.895278579000035],[133.515159239,45.89357742800007],[133.50066267800003,45.879535374000056]]}},{"type":"Feature","properties":{"name":"牡丹江","level":"river_l3"},"geometry":{"type":"LineString","coordinates":[[129.5373802680001,46.31696887800007],[129.55987164600003,46.28236473800007],[129.58471360800002,46.27927451100004],[129.57596977000003,46.26504163800007],[129.6104859400001,46.25516099600003],[129.6157040910001,46.231120170000054],[129.58967154800007,46.216952322000054],[129.5885421920001,46.20870095400005],[129.60142077600005,46.19889301200004],[129.61204068000006,46.17408536000005],[129.580698116,46.16893953200008],[129.57731012800002,46.14793154600005],[129.5557335640001,46.14725273200003],[129.55019401000004,46.125500884000076],[129.56182075900006,46.08792895100004],[129.54125102400008,46.073730529000045],[129.54436353200003,46.05570182400004],[129.52385497400007,46.04825938500005],[129.52376310700004,46.033244393000075],[129.5526482020001,46.00312637600007],[129.57845154000006,46.002290678000065],[129.6682659610001,45.93513048600005],[129.72724260300004,45.922102401000075],[129.74433270200007,45.91075705800006],[129.76113200700001,45.85744908500004]]}},{"type":"Feature","properties":{"name":"嫩江","level":"river_l3"},"geometry":{"type":"LineString","coordinates":[[124.03442818400003,45.718911397000056],[124.05280066500006,45.73832469700005],[124.061360938,45.728757134000034],[124.0724392410001,45.73359037600005],[124.03805269200006,45.74375708200006],[124.00306322200004,45.743631494000056],[123.9920237550001,45.77808294300007],[124.05276353900001,45.79657270000007],[124.03503243400007,45.80496157200008],[124.02565615200001,45.83508322100005],[124.06291188500006,45.850055944000076],[124.04708069000003,45.86599045100007],[124.04794318400002,45.88564041800004],[124.03026525200005,45.88078053000004],[123.98290089700004,45.90185001300006],[123.97422635300006,45.92122921200007],[123.94090053600007,45.94370623100008]]}},{"type":"Feature","properties":{"name":"乌苏里江","level":"river_l3"},"geometry":{"type":"LineString","coordinates":[[133.50066267800003,45.879535374000056],[133.50655235300007,45.86277315500007],[133.48435023000002,45.863677503000076],[133.48389189300008,45.83875935000003],[133.457615389,45.83196551100008],[133.4603458910001,45.79209719100004],[133.48616440400008,45.78937696700007],[133.49251194800001,45.77669274600004],[133.46532010700003,45.779409170000065],[133.4576136810001,45.75585297300006],[133.47484094700008,45.73909063000008],[133.44040057900008,45.723686917000066],[133.41819784000006,45.69695697900005],[133.42590366700006,45.69378681100005],[133.43904203400007,45.70239281600004],[133.4499216040001,45.691520567000055],[133.47328337200008,45.68824341200008],[133.48072935000005,45.66524400800006],[133.4394985980001,45.648028346000046],[133.46928405900007,45.62536821200007]]}},{"type":"Feature","properties":{"name":"嫩江","level":"river_l3"},"geometry":{"type":"LineString","coordinates":[[124.01253714500001,46.058374334000064],[124.04106389600008,46.03431421800008],[124.05905481600007,46.048764480000045],[124.03924004100008,46.013294751000046],[123.98863272000006,46.01333715000004],[124.01376431500012,45.990822054000034],[124.01284859300006,45.981449127000076],[123.9672994660001,45.96734624700008],[123.96357574300009,45.94105857300008],[123.98875294700008,45.90895309900003],[124.03315703800001,45.88969948000005],[124.05215486000009,45.892503186000056],[124.06504099400001,45.875187751000055],[124.06781777200001,45.852127332000066],[124.05710547700005,45.83518595000004],[124.0335298870001,45.83282479800005],[124.03627623200009,45.81455956800005],[124.06223957700001,45.79888438000006],[124.00217112300004,45.77606483300008],[124.00792338600002,45.74890349000003],[124.06454273700001,45.74270397300006],[124.06871637600011,45.75596414100005],[124.0402883050001,45.751302714000076],[124.03500872300003,45.75813886000003],[124.07063914200012,45.761682492000034],[124.08062583900005,45.734070968000026],[124.05225864500005,45.72027693800004],[124.0849515970001,45.720379656000034],[124.09845572000006,45.70237373900005],[124.13020997000001,45.68784293700003],[124.13093456100012,45.67505194600005],[124.11822349500005,45.66885302400004],[124.14867305000007,45.65271239200007],[124.12914860500007,45.63941420800006],[124.13081935700006,45.631651100000056],[124.16450387000009,45.61528918300007],[124.18864404700003,45.617627440000035],[124.20849657000008,45.63114687900003],[124.2258081550001,45.629121077000036],[124.22145125200007,45.607041120000076],[124.22948500900009,45.59339173800004],[124.26511525300009,45.58725725100004],[124.25332714100011,45.56775234000003],[124.26367261900009,45.550921405000054],[124.28897226400011,45.53990026300005],[124.34076993400004,45.54817790700008],[124.35935551400007,45.53745437600003],[124.36687023900004,45.511418381000055],[124.34701763100009,45.49290157000007],[124.36657944700005,45.46184902400006],[124.39097862100004,45.44084458900005],[124.43489502700004,45.457297391000054],[124.46288052200009,45.45912061800004],[124.42677746200002,45.47762646800004],[124.40431581100006,45.47557049200003],[124.42580101800002,45.486080048000076],[124.46191940500012,45.47145383700007],[124.49958607000008,45.42621012200004],[124.54053398700012,45.41041654300005],[124.57014478500002,45.42340182500004],[124.56533853500002,45.44693529600005],[124.57511215900001,45.451261180000074],[124.5428998540001,45.449472325000045],[124.54846208600009,45.462942293000026],[124.57481475200007,45.45971475400006],[124.62644395600012,45.43336556300005],[124.64876829900004,45.436909307000064]]}},{"type":"Feature","properties":{"name":"嫩江","level":"river_l3"},"geometry":{"type":"LineString","coordinates":[[124.042797844,45.716591933000075],[124.06049843900007,45.708653207000054],[124.08368496300011,45.71375338000007],[124.08899490300007,45.69777700000003],[124.11581295700012,45.69305787700006],[124.12338138200005,45.683715395000036],[124.10677911500011,45.67224446900008],[124.13526025100009,45.65747717800008],[124.12257960400007,45.64556370400004],[124.12167147100001,45.63368446000004],[124.14232453000011,45.61432423200006],[124.183776222,45.61053579000003],[124.21601169900009,45.628190353000036],[124.22385489500004,45.62477605000004],[124.2144472980001,45.60945594100008],[124.2174378840001,45.59643985800005],[124.23310134200005,45.58710493600006],[124.25691343200003,45.588741275000075],[124.24753610300002,45.55903178400007],[124.27888578000011,45.53303754600006],[124.34468381600004,45.54155540000005],[124.35839381700009,45.51666760300003],[124.33985341300001,45.49289781700003],[124.36332905200004,45.45179708500007],[124.38935341500007,45.43536275200006],[124.44432519500003,45.45455829200006],[124.46742767,45.45295206600008],[124.47848280800008,45.442209526000056],[124.4800770810001,45.42393667700003],[124.54083142200011,45.403561366000076],[124.57729369900005,45.420876373000056],[124.57607343200004,45.44783549200008],[124.6252307200001,45.42615943800007],[124.65116387300009,45.42967263300005]]}},{"type":"Feature","properties":{"name":"牡丹江","level":"river_l3"},"geometry":{"type":"LineString","coordinates":[[129.76113200700001,45.85744908500004],[129.74582675500005,45.845436482000025],[129.73914270400007,45.82069385500006],[129.7228759840001,45.802005387000065],[129.73015414000008,45.77794928000003],[129.70308366000006,45.748041639000064],[129.70715739600007,45.72475233600005],[129.69949689600003,45.70676570200004],[129.74744091500008,45.68401765700003],[129.7385746770001,45.653278209000064],[129.78426022200006,45.625269599000035],[129.79956385900005,45.55836956100006],[129.8132357400001,45.53952438600004],[129.75871434300007,45.53005282200007],[129.79031541300003,45.491599472000075],[129.8034216850001,45.42245636200005],[129.7563771140001,45.40318453900005],[129.7550490320001,45.37691594200004],[129.7357610900001,45.36274802300005],[129.77271840800006,45.337032187000034],[129.77154323700006,45.32653009500007],[129.7373163540001,45.30417961100005]]}},{"type":"Feature","properties":{"name":"牡丹江","level":"river_l3"},"geometry":{"type":"LineString","coordinates":[[129.7373163540001,45.30417961100005],[129.70411171900003,45.27580938600005],[129.68680704300004,45.23985139300004],[129.6452252040001,45.21675328200007],[129.63875504100008,45.20401577900003],[129.64678025600006,45.146927437000045],[129.66254271700006,45.13109592200004],[129.6517845510001,45.11011852400003]]}},{"type":"Feature","properties":{"name":"牡丹江","level":"river_l3"},"geometry":{"type":"LineString","coordinates":[[129.6517845510001,45.11011852400003],[129.64536025600012,45.101886282000066],[129.64390965100006,45.05234749400006],[129.65642176500012,45.02977147000007],[129.62765760500008,45.00286225900004],[129.6231095170001,44.96008711600007],[129.66276712,44.90362027000003],[129.65007136200006,44.89916854100005],[129.62376464700003,44.90828232400003],[129.59519918500007,44.89787968600007],[129.59200992,44.89338971500007],[129.61085467300006,44.87380060600003]]}},{"type":"Feature","properties":{"name":"牡丹江","level":"river_l3"},"geometry":{"type":"LineString","coordinates":[[129.61085467300006,44.87380060600003],[129.60969472300008,44.86104397500003],[129.663208198,44.83004450000004],[129.66723617700006,44.806759009000075],[129.65870604000008,44.794780667000055],[129.671248912,44.78421740300007],[129.66876073900005,44.73693316200007],[129.68420230800007,44.69783145800005],[129.66091639500007,44.67991364000005],[129.66167865800003,44.643875354000045],[129.68983146100004,44.620482812000034],[129.67081821800002,44.607054954000034],[129.65154491700002,44.55984335800008],[129.63161639600003,44.560675177000064],[129.6052633700001,44.54201350500006],[129.55390083500004,44.54144179200006]]}},{"type":"Feature","properties":{"name":"牡丹江","level":"river_l3"},"geometry":{"type":"LineString","coordinates":[[129.55390083500004,44.54144179200006],[129.5433565300001,44.53171800700005],[129.53995290500006,44.48894284800008],[129.51051751900002,44.47026594600004],[129.48859027000003,44.48308765500008],[129.48218089800002,44.45683436300004],[129.47062952800002,44.44935749600006],[129.48305003000007,44.423050612000054],[129.5238378560001,44.41993353300006],[129.51956498900006,44.404933837000044],[129.50174208300007,44.39747992000008],[129.51106516400012,44.38168661600008],[129.49322687100005,44.36747671300003],[129.52546912200012,44.342611625000075],[129.51288007000005,44.33214016100004],[129.464828774,44.330771122000044]]}},{"type":"Feature","properties":{"name":"牡丹江","level":"river_l3"},"geometry":{"type":"LineString","coordinates":[[129.464828774,44.330771122000044],[129.42616185100007,44.32710930400003],[129.41981364900005,44.307608181000035],[129.38006293900003,44.28366697200005],[129.33506255300006,44.23269805500007],[129.32776866200004,44.23345345300004],[129.32570895000003,44.24847228500005],[129.29233708700008,44.25075766600003],[129.2714621980001,44.23576575900006],[129.32764568800008,44.18541767000005],[129.329674672,44.15914521900004],[129.31089015700002,44.13664960800003],[129.26718822700002,44.161461399000075],[129.207829682,44.150982756000076],[129.19116692600005,44.16749712600006],[129.16409685300005,44.15548462600003],[129.11514537000005,44.15997128600003],[129.12245427000005,44.14571154500004],[129.10373100200002,44.13444284800005],[129.1110549240001,44.107426462000035],[129.09547501400004,44.093907010000066],[129.10591194300002,44.07365039500007],[129.09552026400002,44.06538766800003],[129.0289900670001,44.06456049900004],[129.0155310770001,44.04502892200003],[128.97283616200002,44.06521718100004],[128.947948117,44.05090815600005]]}},{"type":"Feature","properties":{"name":"牡丹江","level":"river_l3"},"geometry":{"type":"LineString","coordinates":[[128.809254763,43.92341932100004],[128.8237967670001,43.92186275000006],[128.82285091500012,43.933879336000075],[128.8384458600001,43.93532499100007],[128.86109004200011,43.90820164400003],[128.90447149600004,43.88098654400005],[128.92325579500005,43.89216750400004],[128.93668373900005,43.883091999000044],[128.9617702160001,43.90099836700006],[128.95620079000003,43.91128689900006],[128.97234509700002,43.91436527700006],[128.9732149890001,43.92077792400005],[128.96285430800003,43.938566372000025],[128.99282370800006,43.95500399900004],[128.98730006900007,43.96572741600005],[129.00893755900006,43.96151187000004],[128.99169482000002,43.97101848300008],[129.02908002900006,43.97810981200007],[128.98237228800008,44.01720037500007],[128.953288207,44.01639573300008],[128.95011453900008,44.029896292000046],[128.932550794,44.00884265500008],[128.90758682500007,44.01478633100004],[128.934580449,44.01860467400007],[128.9148046690001,44.027561981000076],[128.91262300100004,44.04932535800003],[128.92719547100012,44.04485428900006],[128.93130038000004,44.05462391700007],[128.947948117,44.05090815600005]]}},{"type":"Feature","properties":{"name":"伊犁河(特克斯河)","level":"river_l3"},"geometry":{"type":"LineString","coordinates":[[80.52838193800005,43.81698737500005],[80.55762623100009,43.83402818900004],[80.55812985200004,43.82581493600003],[80.60334312500004,43.825883788000056],[80.63795101800008,43.84819285700007],[80.63346499300008,43.82188600600006],[80.64391761200005,43.82108875600005],[80.69424993300004,43.87802860700003],[80.71410987000007,43.88166418900005],[80.72590521300003,43.89297510700004],[80.73621293200006,43.88417822900004],[80.75304383100007,43.89667557000007],[80.78905572600007,43.90045999400007],[80.80349846700005,43.92320386600005],[80.82819549900006,43.93987843900004],[80.88299161200007,43.939932068000076],[80.91901890000008,43.92655372400003]]}},{"type":"Feature","properties":{"name":"伊犁河(特克斯河)","level":"river_l3"},"geometry":{"type":"LineString","coordinates":[[80.51940183100004,43.81895958700005],[80.52838193800005,43.81698737500005]]}},{"type":"Feature","properties":{"name":"牡丹江","level":"river_l3"},"geometry":{"type":"LineString","coordinates":[[128.809254763,43.92341932100004],[128.80713362200004,43.91741868200006],[128.82057684000006,43.909109949000026],[128.83626354600005,43.92181685300005],[128.84856210400005,43.90149536900003],[128.8610288960001,43.90219717100007],[128.88370369200004,43.88032678400003],[128.908026736,43.87233839000004],[128.87714154600008,43.842808423000065],[128.8387034760001,43.836953092000044],[128.80659821100005,43.843827642000065],[128.81688273100008,43.83327966000007],[128.83348475600008,43.83321846500007],[128.84059521000006,43.81441913000003],[128.83427766300008,43.80167398900005],[128.81349451800008,43.796493706000035],[128.81387584800007,43.78818509800004]]}},{"type":"Feature","properties":{"name":"牡丹江","level":"river_l3"},"geometry":{"type":"LineString","coordinates":[[128.81387584800007,43.78818509800004],[128.81538633800005,43.778648117000046],[128.793535141,43.77861399100004],[128.81324981900002,43.76598304600003],[128.8328430240001,43.786590337000064],[128.88087940700007,43.80722405900008],[128.8874710440001,43.78823780500005],[128.8743632920001,43.783477076000054],[128.87450048900007,43.77598101900003],[128.89627538700006,43.775889257000074],[128.91275513300002,43.76455537000004],[128.91495270500002,43.77806350800006],[128.93462180400002,43.77646873900005],[128.93471352300003,43.78548307900007],[128.91397623800003,43.784823318000065],[128.892461292,43.814956521000056],[128.91448080200007,43.840393307000056],[128.9187383420001,43.852390770000056],[128.91261960200006,43.86368259600005],[128.98775668500002,43.90237144100007],[128.98078374600004,43.930940443000054],[129.00072789700005,43.95036132900003],[129.01420171400002,43.94653878400004],[129.02160264000008,43.95776181400004],[129.03718229700007,43.95767392500005],[129.0406008440001,43.98393869500006],[129.04896296200002,43.98764658700003],[129.0083890310001,44.00523695600003],[128.981289091,44.02845781900004],[128.96259649500007,44.02542142900006],[128.95319709400007,44.04040981400004],[128.93242920300008,44.03511127500008],[128.947948117,44.05090815600005]]}},{"type":"Feature","properties":{"name":"牡丹江","level":"river_l3"},"geometry":{"type":"LineString","coordinates":[[128.22166389300003,43.68976536500003],[128.2609868710001,43.68831156400006],[128.276535813,43.677061612000045],[128.29927252800007,43.70411586800003],[128.33136287600007,43.71615121900004],[128.37381364300006,43.69513516100005],[128.38936309300004,43.71240837000005],[128.41524273900006,43.71315582500006],[128.4359957160001,43.73793267000008],[128.44841671900008,43.73792873800005],[128.45772459900002,43.72440141700008],[128.4452573630001,43.698876796000036],[128.47734757500007,43.70336268400007],[128.50833853300003,43.67479345400005],[128.55384136700002,43.666476791000036],[128.598444523,43.692691585000034],[128.62534645200003,43.688884174000066],[128.6316335450001,43.705394511000065],[128.66164840800002,43.704577863000054],[128.69073279500003,43.722529974000054],[128.697081034,43.74504097000005],[128.70956323400003,43.754020859000036],[128.76449644700006,43.756110841000066],[128.78228915300008,43.78158200200005],[128.81387584800007,43.78818509800004]]}},{"type":"Feature","properties":{"name":"伊犁河(特克斯河)","level":"river_l3"},"geometry":{"type":"LineString","coordinates":[[80.91901890000008,43.92655372400003],[80.95491643300005,43.91978260600007],[80.97412034400008,43.90761729900004],[81.02897754100007,43.901437549000036],[81.07821156700004,43.91140199200004],[81.10136756400004,43.90837313600008],[81.13028380700007,43.92318991900004],[81.16415179900008,43.92387671700004],[81.26733529400008,43.90146519700005],[81.33953487300005,43.86898630500008],[81.37087747400005,43.866632698000046],[81.41725060900006,43.84653653200007],[81.43067890500004,43.830388552000045],[81.44907402100006,43.82476179900004],[81.44950901600004,43.81060509200006],[81.47418330600004,43.80819805100003],[81.48507856900005,43.79066529000005],[81.51668056400007,43.790100822000056],[81.52664504300003,43.767990301000054],[81.56215355300003,43.74870664200006],[81.56829556500008,43.72840813500005],[81.58473748700004,43.723437518000026],[81.61556149900008,43.68950883700006],[81.63800033200005,43.68295510300004],[81.64692713600004,43.66653625300006],[81.70725490000007,43.64407496100006],[81.74143593600007,43.61240465000003],[81.76823892500005,43.60582804200004],[81.79746795300008,43.62573757500007]]}},{"type":"Feature","properties":{"name":"伊犁河(特克斯河)","level":"river_l3"},"geometry":{"type":"LineString","coordinates":[[81.79746795300008,43.62573757500007],[81.82267630400008,43.62508152400005],[81.84250568200008,43.63491995900006],[81.87181879600007,43.632432821000066],[81.95881980400003,43.608941628000025],[82.09299488200008,43.588998367000045],[82.11126783400005,43.59582310500008],[82.13897873600007,43.591447635000065],[82.16136405300006,43.60031330400005],[82.17393776100005,43.59275623800005],[82.19160034100008,43.59980223100007],[82.20512012400008,43.59223753900005],[82.24448909900008,43.59146327800005],[82.27129198600005,43.59984066800007],[82.28386567600006,43.59478610800005],[82.29651556200008,43.60433840500008],[82.32608810900007,43.59831113300004],[82.39671566500004,43.60879826200005],[82.43128567000008,43.59679322100004],[82.48135141900008,43.594523596000045]]}},{"type":"Feature","properties":{"name":"牡丹江","level":"river_l3"},"geometry":{"type":"LineString","coordinates":[[128.2838888550001,43.56966766200003],[128.2797386000001,43.58393500400007],[128.23631114700004,43.59965996100004],[128.20426679000002,43.59961448200005],[128.19598119400007,43.60861364200008],[128.1907173740001,43.643152772000064],[128.2072887920001,43.63792254500004],[128.22276187800003,43.65146107900006],[128.20825066700002,43.66871549600006],[128.22166389300003,43.68976536500003]]}},{"type":"Feature","properties":{"name":"伊犁河(特克斯河)","level":"river_l3"},"geometry":{"type":"LineString","coordinates":[[82.48135141900008,43.594523596000045],[82.47617885200003,43.54501133200006],[82.48642557700003,43.52849329900005],[82.49707692900006,43.47365563500006],[82.49555123000005,43.43918131200007],[82.47581351700006,43.41254251600003],[82.48689187700006,43.39504789800003],[82.47857576300004,43.36528863900003],[82.48556463500006,43.347664303000045],[82.50684377500005,43.33825708900008]]}},{"type":"Feature","properties":{"name":"伊犁河(特克斯河)","level":"river_l3"},"geometry":{"type":"LineString","coordinates":[[81.95899028100007,43.23157432100004],[81.98950880100006,43.239513026000054],[82.03321144300008,43.23304329100006],[82.10623472500004,43.23854067900004],[82.16962187700005,43.22788618200008],[82.27180559000004,43.24363784700006],[82.31723258800008,43.228878561000045],[82.36882412000006,43.24678540200006],[82.41121439400007,43.251107717000025],[82.42255953900008,43.27136432900005],[82.47510477400004,43.290163834000055],[82.49235525500006,43.311969273000045],[82.48808256100006,43.326015340000026],[82.50684377500005,43.33825708900008]]}},{"type":"Feature","properties":{"name":"伊犁河(特克斯河)","level":"river_l3"},"geometry":{"type":"LineString","coordinates":[[81.73857808100007,43.15031070400005],[81.86046125100006,43.204919973000074],[81.89144522700008,43.20558767700004],[81.91948405200003,43.22215162800006],[81.95899028100007,43.23157432100004]]}},{"type":"Feature","properties":{"name":"牡丹江","level":"river_l3"},"geometry":{"type":"LineString","coordinates":[[128.2838888550001,43.56966766200003],[128.26322776900008,43.56364049200005],[128.27358845900005,43.54562315600003],[128.26223539000011,43.53359523900008],[128.26640078600008,43.51256809400007],[128.2550630300001,43.50354241400004],[128.2561004590001,43.492277339000054],[128.27985882100006,43.47878040100005],[128.3066692760001,43.47955455300007],[128.33968999500007,43.46680141200005],[128.34896741300008,43.45628777300004],[128.33659207000005,43.44952427100003],[128.3304117980001,43.432998671000064],[128.30360143500002,43.437488925000025],[128.2953613530001,43.43147308300007],[128.3026086650001,43.38490591100003],[128.26552882400006,43.38788179000005],[128.2398166260001,43.36381453700005],[128.2326444800001,43.345778291000045],[128.2110525070001,43.335226790000036],[128.186469127,43.290120975000036],[128.1669523820001,43.27806261400008],[128.14137723500005,43.237450626000054],[128.08699307900008,43.21929274200005],[128.07368684900007,43.20798965000006],[128.04492324000012,43.208661318000054],[128.02647470600004,43.20034143700008],[128.00196796600005,43.17472155100006],[127.97224291000009,43.16860672000007],[127.953870531,43.15201637900003],[127.89944860000003,43.155557001000034],[127.85547882100002,43.13508344000007],[127.85059534600009,43.10425618700003],[127.87948064600005,43.08109634900006],[127.90822129000003,43.075957567000046],[127.92174807200001,43.045961770000076],[127.95570704700003,43.02204655700007]]}},{"type":"Feature","properties":{"name":"伊犁河(特克斯河)","level":"river_l3"},"geometry":{"type":"LineString","coordinates":[[80.97797279300005,42.95860662100006],[81.01554861400007,42.98085847800007],[81.08776314600004,42.98445611400007],[81.08835056800007,42.99272659500008],[81.10214490800007,42.999955689000046],[81.10798928900005,42.98944976200005]]}},{"type":"Feature","properties":{"name":"伊犁河(特克斯河)","level":"river_l3"},"geometry":{"type":"LineString","coordinates":[[81.10798928900005,42.98944976200005],[81.12675826700007,42.98132431800008],[81.14680894100007,42.98470049200006],[81.14790013600003,42.96299811800003],[81.18240913300008,42.94523655900008]]}},{"type":"Feature","properties":{"name":"伊犁河(特克斯河)","level":"river_l3"},"geometry":{"type":"LineString","coordinates":[[81.18240913300008,42.94523655900008],[81.43472889400005,42.96206459800004],[81.45251347000004,42.979029067000056],[81.48389411100004,42.98988991300007],[81.50086229400006,43.00979177200003],[81.52511688500005,43.01578490900005],[81.61368904700004,43.066384708000044],[81.64673280200003,43.09877627100008],[81.70014776600004,43.12231758200005],[81.73857808100007,43.15031070400005]]}},{"type":"Feature","properties":{"name":"伊犁河(特克斯河)","level":"river_l3"},"geometry":{"type":"LineString","coordinates":[[80.49676432500007,42.87517509200006],[80.51985163100005,42.87340512000003],[80.53450807700005,42.88592152700005],[80.55024807900008,42.87880318100008],[80.55381869700005,42.885925420000035],[80.57090144500006,42.88818766400004],[80.57042835500005,42.89526411000003],[80.61149869100007,42.89787741200007],[80.62316450200007,42.88583033100008],[80.63930121000004,42.88338511200004],[80.64634333000004,42.888527486000044],[80.63827872400003,42.89868244200005],[80.66341077500005,42.896885774000054],[80.67090305500005,42.900445009000066],[80.66907949500006,42.910664842000074],[80.68306467500008,42.90421789200008],[80.71850426300006,42.91686027000003],[80.73501488400007,42.90640397900006],[80.74340740400004,42.91778355100007],[80.76681508700005,42.925275905000035],[80.81649165500005,42.92869416100007],[80.82122198200005,42.93554936900006],[80.85718814200004,42.93122734800005],[80.87186749000006,42.94242383400007],[80.88891223400003,42.92532598300005],[80.90510235500005,42.92215976600005],[80.92979165500003,42.95211364700003],[80.95627416200006,42.949168729000064],[80.97797279300005,42.95860662100006]]}},{"type":"Feature","properties":{"name":"伊犁河(特克斯河)","level":"river_l3"},"geometry":{"type":"LineString","coordinates":[[80.25409639000003,42.82184705600008],[80.27921305200005,42.83660660700008],[80.29089407900005,42.83037709300004],[80.30933485300005,42.83909397900004],[80.32863784600005,42.83867824500004],[80.32609724900004,42.82904587400003],[80.34701011100003,42.82659686100004],[80.35829428400007,42.83520308800007],[80.36843412600007,42.828489088000026],[80.38901118600006,42.83904852900008],[80.40350755700007,42.831933993000064],[80.42319195900006,42.84110484400003],[80.42254333600005,42.85480377600004],[80.46233189400004,42.85714622300003],[80.49676432500007,42.87517509200006]]}},{"type":"Feature","properties":{"name":"头道江(漫江)","level":"river_l3"},"geometry":{"type":"LineString","coordinates":[[127.21406459900004,42.634470828000076],[127.16741701000001,42.62422090800004],[127.1387755930001,42.63218262500004]]}},{"type":"Feature","properties":{"name":"头道江(漫江)","level":"river_l3"},"geometry":{"type":"LineString","coordinates":[[127.1387755930001,42.63218262500004],[127.12086092800007,42.610945859000026],[127.09563726900001,42.60015023300008],[127.11719075600001,42.590613071000064],[127.08393303300011,42.57446536800006],[127.0774626000001,42.54207406000006],[127.08580922200008,42.53164816900005],[127.06165369700011,42.52010102000003],[127.0601273740001,42.49528202100004],[127.0270755570001,42.47310313500003],[127.04271592700002,42.45299143300008]]}},{"type":"Feature","properties":{"name":"黑河(弱水、东河、西河)","level":"river_l3"},"geometry":{"type":"LineString","coordinates":[[100.99631018600007,42.422190948000036],[100.91944927400004,42.46222739700005],[100.89076177800007,42.45287737700005],[100.87298474200009,42.464199731000065],[100.75287886300003,42.46261298700006],[100.72956261800005,42.44708679800004],[100.68579906600007,42.47624719400005],[100.69281073400003,42.48386533400003],[100.63733559200006,42.48658156700003],[100.62411339400006,42.47959287900005],[100.59298423500007,42.41337566000004],[100.59837830900005,42.38595869400007],[100.54871704100003,42.41524498600006],[100.52895625200006,42.41275777100003],[100.51207182500008,42.40526553500007],[100.50460998400007,42.389621059000035],[100.51317040900005,42.37757391100007],[100.49643854900006,42.36160900700003],[100.52434014600004,42.357084609000026],[100.53245039000006,42.33450098800006],[100.54578700100006,42.33188782900004],[100.58011282500007,42.348928476000026],[100.60345199800008,42.37799338600007],[100.62089334200004,42.36991361300005],[100.63131545500005,42.37573116300007],[100.60891484400008,42.38445564500006],[100.60659546100004,42.39381716500003],[100.61489652500006,42.397101692000035],[100.61720827900007,42.38796524600008],[100.64572787700007,42.383189069000025],[100.66321498700006,42.371668347000025],[100.64966472700007,42.36834186600004],[100.65045054600006,42.357362875000035],[100.65491385900003,42.34801661100005],[100.67324787600006,42.34176793900008],[100.76322441200006,42.384409600000026],[100.83004499500004,42.43184650200004],[100.91962470300007,42.44597635500003],[100.96693604800004,42.420638378000035],[100.99631018600007,42.422190948000036]]}},{"type":"Feature","properties":{"name":"头道江(漫江)","level":"river_l3"},"geometry":{"type":"LineString","coordinates":[[127.04271592700002,42.45299143300008],[127.05107016700003,42.44181784400007],[127.04636240800005,42.42372434600003],[127.05172579300006,42.40950658200006],[127.03473446100008,42.397284151000065],[127.01906282300001,42.37079439900003],[127.03841905500008,42.365758708000044],[127.02949226800001,42.35663381300003],[127.0428591860001,42.34702424400007],[127.03602286400007,42.33491616600003],[127.04023428700009,42.32745058800003],[127.07081360100005,42.318031606000034],[127.08018255500008,42.30535879700005],[127.13880091800002,42.31127120100007],[127.12718142300002,42.33594916800007],[127.18511286700004,42.326041651000025],[127.22415398200008,42.35199712300005],[127.24972059200002,42.33947294700005]]}},{"type":"Feature","properties":{"name":"黑河(弱水、东河、西河)","level":"river_l3"},"geometry":{"type":"LineString","coordinates":[[101.23797863900006,42.26267088700007],[101.26876429600009,42.27537410800005],[101.29211109400006,42.30040677100004],[101.29475104600004,42.32788475900003],[101.24591370100006,42.33045984100005],[101.22219309400003,42.31800838400005],[101.21682935300004,42.28845515000006],[101.23797863900006,42.26267088700007]]}},{"type":"Feature","properties":{"name":"滦河","level":"river_l3"},"geometry":{"type":"LineString","coordinates":[[116.49131053100007,42.31595938100003],[116.50970534800001,42.296534337000026],[116.52285118900011,42.295855223000046],[116.5281763270001,42.26509269100006],[116.55049287300005,42.25469724100003],[116.56276111400007,42.23673711500004]]}},{"type":"Feature","properties":{"name":"滦河","level":"river_l3"},"geometry":{"type":"LineString","coordinates":[[116.56276111400007,42.23673711500004],[116.59721636400002,42.22338512500005],[116.62440849100005,42.23551981700007],[116.62848264500008,42.22953056600005]]}},{"type":"Feature","properties":{"name":"头道江(漫江)","level":"river_l3"},"geometry":{"type":"LineString","coordinates":[[127.24972059200002,42.33947294700005],[127.26214895600003,42.323061618000054],[127.25356515200008,42.29216191000006],[127.2700448380001,42.27578869300004],[127.25191680600005,42.27034896600003],[127.25723440100012,42.255368246000046],[127.25138228700007,42.242535350000026],[127.21521773100005,42.228646026000035],[127.22994235600004,42.196475787000054]]}},{"type":"Feature","properties":{"name":"头道江(漫江)","level":"river_l3"},"geometry":{"type":"LineString","coordinates":[[127.22994235600004,42.196475787000054],[127.26519889100007,42.204341568000075],[127.2664194240001,42.191573461000075],[127.28986501400004,42.179774114000054],[127.32020030700005,42.178556928000035],[127.32927955100001,42.17939228600005],[127.33216368700005,42.18843712300003],[127.32789134900008,42.203429278000044],[127.34307424200006,42.202063449000036],[127.34422616800009,42.19305672400003],[127.35747105700011,42.186411246000034],[127.35676120200003,42.16761579100006],[127.36891511800002,42.16471644400008],[127.36017885700005,42.14209101300003],[127.372370896,42.13768863900003],[127.37522453700001,42.14823650300008],[127.39044553000008,42.14386080600008],[127.3815796990001,42.129502022000054],[127.3917879920001,42.12207453900004],[127.36467984400008,42.112068590000035],[127.38508881300004,42.09796895200003],[127.3762306000001,42.08285865500005],[127.40768727400007,42.07110501400007],[127.41572128600001,42.07342814800006],[127.41756784300003,42.08546760300004],[127.4509472740001,42.07973368000006],[127.44611749300009,42.06466149500005],[127.47462901800009,42.04535078500004],[127.45956047400011,42.04071976600005],[127.46266562800008,42.03473052100003],[127.47880224400001,42.034860080000044],[127.4870724970001,42.01989459300006],[127.50625329000002,42.01778484500005],[127.50160638000011,41.98768620800007],[127.52463272200009,41.99988951100005],[127.53992222400007,41.985721252000076],[127.57220302400003,41.98219610000007],[127.59252804100004,41.96655528900004],[127.62078040900008,41.96298821000005],[127.63803076600004,41.95182980200008],[127.74489840100011,41.93744328300005],[127.77022842400004,41.92104709800003],[127.822544633,41.92206899400003],[127.8589451260001,41.90044645100005],[127.92037093500005,41.892446290000066],[127.95467340500011,41.87829693500004],[127.98481804200003,41.88291637200007],[127.99978763800004,41.90250898800008],[128.04502374000003,41.91392624200006],[128.0700341380001,41.94857192000006]]}},{"type":"Feature","properties":{"name":"鸭绿江","level":"river_l3"},"geometry":{"type":"LineString","coordinates":[[126.75146710500007,41.72462115600007],[126.77108247700005,41.70235024900006],[126.79330741900003,41.69589543400008],[126.79918294700008,41.743336096000064],[126.80919300300002,41.74422485500003],[126.82168238000008,41.725604763000035],[126.83682709200002,41.72205306300003],[126.8656449670001,41.77731384200007],[126.92122710900003,41.80735481900007],[126.94338345300002,41.805382380000026],[126.94458116100009,41.79637565400003],[126.9288410480001,41.78114334000003],[126.93405955900005,41.77218998600006],[127.00145941100004,41.76701273100008],[127.00293157500005,41.74447876200003],[127.0461989800001,41.738981274000025]]}},{"type":"Feature","properties":{"name":"滦河","level":"river_l3"},"geometry":{"type":"LineString","coordinates":[[116.62848264500008,42.22953056600005],[116.61851815900002,42.21221527700004],[116.64588545900006,42.19656682400006],[116.674534042,42.136609530000044],[116.6625324470001,42.11929425300008],[116.66677417800008,42.08852028300004],[116.68601593100004,42.07357761700007],[116.71828921200006,42.069941920000076],[116.72144759500009,42.044424743000036],[116.7074622560001,42.02334809100006],[116.68735813900003,42.018766647000064],[116.64337280300003,41.96978114600006],[116.63649062400009,41.946468981000066],[116.64777447100005,41.91272705700004],[116.609557687,41.914062469000044],[116.54459092400009,41.86868970300003],[116.53100956800006,41.811547982000036],[116.49504329700005,41.79182952900004],[116.49036594600011,41.75576067700007],[116.4744122840001,41.74515564500007],[116.47450374200002,41.736145101000034],[116.51595506400008,41.69582247300008],[116.5120638090001,41.68228379200008],[116.5390955900001,41.683927804000064],[116.55225650900002,41.666723002000026],[116.54932663500006,41.65769721700008],[116.57351995200008,41.636791997000046],[116.60047550900003,41.64518056600008],[116.65454665000004,41.64391372500006],[116.66644145600003,41.66423887700006],[116.73455109100007,41.66149180900004],[116.76954065900009,41.67136809800007],[116.81270122900003,41.65121809000004],[116.85275673700005,41.64907011500003],[116.9039206000001,41.612386740000034],[116.99796343000003,41.61929093700007],[117.08600898400005,41.59082058400003]]}},{"type":"Feature","properties":{"name":"鸭绿江","level":"river_l3"},"geometry":{"type":"LineString","coordinates":[[126.75146710500007,41.72462115600007],[126.71186216300009,41.74674727300004],[126.68541027000003,41.743535449000035],[126.6913458140001,41.72474756300005],[126.71704976100011,41.712139464000074],[126.71408165500009,41.69977576000008],[126.67372046000003,41.661918144000026],[126.64584943500006,41.657008751000035],[126.60456572200007,41.662448995000034],[126.60580140000002,41.641681274000064],[126.58824532300002,41.618441731000075],[126.55931373800001,41.61053392200006],[126.58108031300003,41.56529033900006],[126.55700842600004,41.53360109400006]]}},{"type":"Feature","properties":{"name":"鸭绿江","level":"river_l3"},"geometry":{"type":"LineString","coordinates":[[127.0461989800001,41.738981274000025],[127.04883834500004,41.70819590800005],[127.07798339400006,41.70552530200007],[127.08011196000007,41.699536065000075],[127.06426511600012,41.68957960500006],[127.0451911130001,41.69011002700006],[127.02852014300004,41.67187166800005],[127.0577947910001,41.66244507000005],[127.0781655830001,41.64614430100005],[127.10425878800004,41.643431759000066],[127.0875725730001,41.62595635800005],[127.11572573600006,41.621012147000044],[127.12414086600006,41.60005744000006],[127.17833384900007,41.59388082500004],[127.1754573830001,41.58708289600003],[127.14148269200007,41.58295940600004],[127.11601462700003,41.554116012000065],[127.09600979000004,41.553139600000065],[127.09924455700002,41.541145877000076],[127.13327258600009,41.54077554600008],[127.13250942800005,41.52798838100006],[127.16129611500003,41.540328972000054],[127.17354905200011,41.52693132700006],[127.20247295500008,41.531745338000064],[127.20763042900012,41.52277672500003],[127.23167127900001,41.520766122000055],[127.2268949490001,41.507940845000064],[127.23301378800011,41.501238208000075],[127.26479129000006,41.51433409900005]]}},{"type":"Feature","properties":{"name":"鸭绿江","level":"river_l3"},"geometry":{"type":"LineString","coordinates":[[128.22006978000002,41.44081468100006],[128.2330402330001,41.44910028400005],[128.232949404,41.494946406000054],[128.29490248500008,41.540109123000036],[128.28487746400003,41.557386387000065],[128.28887554300002,41.567915165000045],[128.31188660100008,41.57920291600004],[128.3108799140001,41.605509701000074],[128.28883042500001,41.609252206000065],[128.29784878200007,41.619780939000066],[128.29482758000006,41.627296099000034],[128.27277811500005,41.63253400100007],[128.2707491220001,41.66259836100005],[128.2356379460001,41.67833849200008],[128.21256602900007,41.67830436600008],[128.18041534200006,41.706812564000074],[128.15833535700006,41.712031393000075],[128.1411692800001,41.745067609000046],[128.13401331600005,41.78263188900007],[128.10889669900007,41.78482943300003],[128.09165452000002,41.82987841700003],[128.106502696,41.89004511700006],[128.0943262610001,41.91556615700006]]}},{"type":"Feature","properties":{"name":"闪电河","level":"river_l3"},"geometry":{"type":"LineString","coordinates":[[116.49131053100007,42.31595938100003],[116.41125298800011,42.32900265100005],[116.38979868100012,42.34764186600006],[116.35738804200003,42.34968297800003],[116.33393472900002,42.36453792900005],[116.30360691200008,42.36057454300004],[116.23257520600009,42.372809019000044],[116.20536784900003,42.363585011000055],[116.18739224400008,42.34541907000005],[116.17115642600004,42.348287894000066],[116.13591503600003,42.33597395100003],[116.11796994200006,42.31704505000005],[116.06464625800004,42.297795920000056],[116.04369510800007,42.280328103000045],[116.01447356200003,42.27404149700004],[115.95843358400009,42.24119645300004],[115.95364201400002,42.22612804500005],[115.94351751200008,42.22752432000004],[115.93863444400006,42.21771269800007],[115.91657709600008,42.209224912000025],[115.90595636100011,42.182075084000076],[115.88990356500005,42.17664672700005],[115.90400254700012,42.12347985400004],[115.89222983600007,42.10533294700008],[115.89540367300003,42.097104417000025],[115.87560458500002,42.07811448800004],[115.87599347100002,42.057091153000044],[115.86807383600001,42.04949594500005],[115.87629085900005,42.041324606000046],[115.86731073700003,42.036720202000026],[115.87349065700005,42.02927750200007],[115.86067272800005,42.014869099000066],[115.86648605800008,41.97287580700004],[115.85650646400006,41.96901147900007],[115.85491164000007,41.94721375300003],[115.83492957100009,41.940228982000065],[115.8342274790001,41.924450996000076],[115.84542769400002,41.91706930300006],[115.83230420900009,41.86735497800004],[115.8388654040001,41.84039197100003],[115.81245888900003,41.80479246400006],[115.80990271100006,41.780732569000065],[115.79508585600001,41.76929208700005],[115.76612372500006,41.762940624000066],[115.75199319000001,41.71846401600004],[115.7828012440001,41.68202873200005],[115.78202290400009,41.67075220300006],[115.7981671340001,41.66493454700003],[115.81965191400002,41.641149176000056],[115.88775395300001,41.64040870600007],[115.98448197300002,41.60387003200003],[115.9960398830001,41.51085764100003],[116.02645891400005,41.48336805100007],[116.03008257900001,41.44435031000006],[116.05957072400008,41.41008565000004],[116.0988401510001,41.38566310200008],[116.13854485000002,41.39803043100005]]}},{"type":"Feature","properties":{"name":"鸭绿江","level":"river_l3"},"geometry":{"type":"LineString","coordinates":[[126.55700842600004,41.53360109400006],[126.54621181200002,41.48593539800004],[126.50171518100001,41.43476038400007],[126.50320235400011,41.39495686300006],[126.51544001100001,41.37969760200008]]}},{"type":"Feature","properties":{"name":"鸭绿江","level":"river_l3"},"geometry":{"type":"LineString","coordinates":[[127.26479129000006,41.51433409900005],[127.28395670600003,41.50475118300005],[127.24733426600005,41.48259139700008],[127.2903423140001,41.48075992300005],[127.34462664800003,41.46172746800005],[127.36035914800004,41.478405586000065],[127.38932115000011,41.48016776400004],[127.40065838100008,41.456962307000026],[127.43766192700002,41.45502025500008],[127.45457684000007,41.46042184700008],[127.46328254500008,41.48154043900007],[127.47028651000005,41.48084608600004],[127.47343735000004,41.46884473400007],[127.51842911300002,41.46844378600008],[127.53831198900002,41.47686284900004],[127.53764017500009,41.45055226000005],[127.55083150300004,41.43411040600006],[127.57790881500011,41.42453505000003],[127.61084584800005,41.42702200200006],[127.64106635700011,41.40467470600004],[127.66097206200004,41.40930949800003],[127.6458503980001,41.422741501000075],[127.64980259100003,41.42652573600003],[127.67191298300008,41.41389096200004],[127.78065026100012,41.42579595600006],[127.78480048400002,41.40777867500003],[127.80762851300005,41.42443383800003],[127.82070545300007,41.41172284800007],[127.83762802900003,41.419321756000045],[127.86569711400011,41.40517245800004],[127.87438784300002,41.444293033000065],[127.8924926310001,41.42783969200008],[127.90547821400003,41.42789298300005],[127.92536117000009,41.441507786000045],[127.92528508600003,41.45503502500003],[127.9362488490001,41.456579917000056],[127.97745570600011,41.41690194000006],[128.00126813100007,41.44479164300003],[127.99337122100007,41.42748020500005],[128.01642000100003,41.41177451800007],[128.0363791110001,41.41634827100006],[128.0365007590001,41.38928997800008],[128.0584435410001,41.39236068800005],[128.07448072800003,41.377372243000025],[128.0873750620001,41.39694962000004],[128.1053503920001,41.396243724000044],[128.08647439100002,41.37289738900006],[128.099490327,41.362406606000036],[128.14832008300004,41.38205995900006],[128.17420008200008,41.40691688600003],[128.20015604600007,41.410716183000034],[128.22006978000002,41.44081468100006]]}},{"type":"Feature","properties":{"name":"黑河(弱水、东河、西河)","level":"river_l3"},"geometry":{"type":"LineString","coordinates":[[100.27386269600004,41.00254908800008],[100.33345027200005,41.03487178900008],[100.37845762400008,41.07271834200003],[100.39058883900003,41.10399204700008],[100.44194411600006,41.16363635100004],[100.50243203800005,41.21052776500005],[100.54019879000003,41.22121677000007],[100.55737324300009,41.266719667000075],[100.62355293200005,41.330087185000025],[100.62571980300004,41.34773825700006],[100.63984230200003,41.35931614900005],[100.66003812500009,41.414218703000074],[100.70589998800006,41.444153354000036],[100.70936388700005,41.457920958000045],[100.75336413900004,41.49423014000007],[100.77095055800004,41.52573653500008],[100.80089696400006,41.546118954000065],[100.82181754900006,41.58108155000008],[100.89993009500006,41.66863486400007],[100.91232076400007,41.70970115200004],[100.94302260000006,41.75889674300004],[100.96465267100007,41.770024473000035],[100.95899914900008,41.78326565000003],[100.97748583800006,41.80375490100005],[100.97884396900008,41.820704050000074],[100.98974677100006,41.83404819700007],[101.07210892100005,41.88259136200003],[101.08228695900004,41.91171733200008],[101.10307014600005,41.92373009500005],[101.10908998500008,41.939096093000046],[101.11204296200003,42.03136843900006],[101.12444898200005,42.09758950500003],[101.13238384000005,42.106325380000044],[101.12763063000006,42.123701796000034],[101.13738898700007,42.13656909400004],[101.13345982500005,42.167682598000056],[101.14599537600009,42.18147688700003],[101.14374467300007,42.19405809700004],[101.19406229700007,42.23021847800004],[101.19708366900005,42.24007209700005],[101.22080424900008,42.244748996000055],[101.23797863900006,42.26267088700007]]}},{"type":"Feature","properties":{"name":"黑河(弱水、东河、西河)","level":"river_l3"},"geometry":{"type":"LineString","coordinates":[[100.99631018600007,42.422190948000036],[101.00748749600007,42.386087675000056],[100.99307494900006,42.34136300400007],[100.93900347000005,42.284030495000025],[100.93019881900005,42.27115556500007],[100.93396783900005,42.263854034000076],[100.86970319600005,42.21740897700005],[100.83676584600005,42.16246067600008],[100.83417934300007,42.145728974000065],[100.72413659400007,42.01895577600004],[100.68146379000007,41.95151020800006],[100.66539571900006,41.937864700000034],[100.64574926400007,41.897168460000046],[100.60762383300005,41.86247674400005],[100.60490761500006,41.84092695000004],[100.57762395300006,41.82120830100007],[100.54293181400004,41.76981538900003],[100.52208726000003,41.64482735100006],[100.50080049000007,41.621484631000044],[100.50868944500007,41.589283900000055],[100.49043159900003,41.55039968400007],[100.49031707100005,41.52200994900005],[100.46491790800007,41.492437669000026],[100.44295965500004,41.44228835600006],[100.43314780300005,41.395930933000045],[100.40985439200006,41.35514695300003],[100.39155847400008,41.34143278000005],[100.38733923000007,41.323068343000045],[100.36775387100005,41.297886885000025],[100.37020293800003,41.280972062000046],[100.34031752000004,41.24009653600007],[100.33748680800005,41.19862585800007],[100.30906625600005,41.14791196200008],[100.30821927300008,41.11447524700003],[100.28626102500004,41.06223160500008],[100.28697811400008,41.02675397000007],[100.27357280800004,41.01651125500007],[100.27386269600004,41.00254908800008]]}},{"type":"Feature","properties":{"name":"滦河","level":"river_l3"},"geometry":{"type":"LineString","coordinates":[[117.49222650600007,40.99624423700004],[117.5141771640001,41.017950280000036],[117.50050521700007,41.048785347000035],[117.53543394400003,41.07795304500007],[117.52753737500007,41.086238828000035],[117.49284556000009,41.09311330300005],[117.51375080500009,41.10055583600007],[117.49102997200009,41.11715033300004],[117.50904373000003,41.137368629000036],[117.49515786000006,41.14116825100007],[117.49428829600004,41.160692373000074],[117.50525211200011,41.16516324300005],[117.49741669600007,41.183966413000064],[117.48053998900002,41.18551914000005],[117.47465005200002,41.19755103700004],[117.46563935300003,41.18706803900005],[117.4597188570001,41.19534617900007],[117.4398207700001,41.192397468000024],[117.43491505400004,41.20442554400006],[117.40905058500005,41.19998910000004],[117.41607762300009,41.21423731200008],[117.39518005500008,41.21128479200007],[117.35259955900005,41.25042866000007],[117.3586959480001,41.27970335300006],[117.352767846,41.29022840700003],[117.37076630700005,41.30671202000008],[117.35987133700007,41.31874776400008],[117.3419187940001,41.315028451000046],[117.32604934300002,41.330077913000025],[117.33601367200004,41.333816349000074],[117.35292082500007,41.32551906700007],[117.3718652450001,41.33149291600006],[117.34698509400005,41.33604793500007],[117.36097028300003,41.34428017400006],[117.35900954400006,41.35104000100006],[117.31916004000004,41.35261957500006],[117.28440753500001,41.391721431000065],[117.26645502400004,41.39099291700006],[117.26048874100002,41.398508099000026],[117.26357908400007,41.43004498300007],[117.24773281900002,41.472118446000025],[117.24683294500005,41.510415169000055],[117.22891887800006,41.53671828600005],[117.2109281920001,41.53372760000008],[117.18396525800006,41.548014171000034],[117.17699196400008,41.56453608800007],[117.13599038000007,41.56604700100007],[117.08600898400005,41.59082058400003]]}},{"type":"Feature","properties":{"name":"滦河","level":"river_l3"},"geometry":{"type":"LineString","coordinates":[[117.73372655600008,40.96366819900004],[117.68441657200003,40.987201973000026],[117.69644101100005,41.001412006000066],[117.69252705600002,41.00518486200008],[117.65578272800008,40.99860457300008],[117.6348392540001,40.98368122900007],[117.64261365000004,40.96637345900007],[117.63462534700011,40.95814881300004],[117.55266070400012,40.993031804000054],[117.50700495300009,40.98418176600006],[117.49222650600007,40.99624423700004]]}},{"type":"Feature","properties":{"name":"鸭绿江","level":"river_l3"},"geometry":{"type":"LineString","coordinates":[[126.51544001100001,41.37969760200008],[126.52869249100002,41.37014144200003],[126.52615921300003,41.35355857600007],[126.48042727000006,41.34753922900006],[126.47926766000012,41.353536087000066],[126.49984490200006,41.36665878600007],[126.49662533200001,41.37487586900005],[126.48267077000003,41.373891773000025],[126.43445131500005,41.35051897100004],[126.43206294400011,41.33017853600006],[126.40426059900005,41.325936727000055],[126.36176302500007,41.28083102000005],[126.3499060900001,41.24528491500007],[126.31751818400005,41.229663628000026],[126.2987335680001,41.19398406300007],[126.28393207400006,41.18995195600007],[126.28554926200002,41.17043548000004],[126.27608069700011,41.15522218000007],[126.23359892300005,41.146150970000065],[126.22027736300004,41.12785535200004],[126.20057764,41.12221344500006],[126.16377962500007,41.092927616000054],[126.11037990500006,41.08509630200007],[126.1108451130001,41.07157287000007],[126.12400607500001,41.06431703000004],[126.12854544900006,41.047867620000034],[126.11616237700002,41.03258567700004],[126.08427830400001,41.03569881300007],[126.0993615320001,41.001422803000025],[126.06942303100004,41.006073282000045],[126.05872623400012,40.99984000500007],[126.07465641500005,40.970092144000034],[126.04722021700002,40.96050580700006],[126.04668595900011,40.947711007000066],[126.03133498200009,40.93310812100003],[126.00115230300003,40.93562994900003],[125.96722318500008,40.91733831600004],[125.98410743800002,40.91304653700007],[126.00102241600007,40.92301444100008],[126.01918830400007,40.90913608500006],[126.01566328100012,40.89904218100003]]}},{"type":"Feature","properties":{"name":"鸭绿江","level":"river_l3"},"geometry":{"type":"LineString","coordinates":[[125.70723594300011,40.86021399600003],[125.74112677900007,40.869254768000076],[125.77355294400002,40.89319230500007],[125.79584648500008,40.88171341800006],[125.80465844300011,40.86527541700008],[125.8188189870001,40.86509981900008],[125.85643320300005,40.883425757000055],[125.8737908820001,40.90614268500008],[125.89723658000003,40.90077126700004],[125.90884131700011,40.90818330600007],[125.9091461920001,40.88680903800008],[125.93436952900004,40.87731763100004],[125.95245170600003,40.87829406700007],[125.96638367500009,40.899790291000045],[125.9893486840001,40.892816664000065],[126.01566328100012,40.89904218100003]]}},{"type":"Feature","properties":{"name":"鸭绿江","level":"river_l3"},"geometry":{"type":"LineString","coordinates":[[125.70155944700002,40.85531966800005],[125.70723594300011,40.86021399600003]]}},{"type":"Feature","properties":{"name":"滦河","level":"river_l3"},"geometry":{"type":"LineString","coordinates":[[117.73372655600008,40.96366819900004],[117.79289400100004,40.93930655100007],[117.7878278180001,40.928823528000066],[117.76593833000004,40.91918749600006],[117.76777692100006,40.90566022500008],[117.81212008500006,40.88812715200004],[117.84882628600008,40.896908576000044],[117.88135123300003,40.885433470000066],[117.87028812800008,40.87123869100003],[117.87208856200004,40.85695990500005],[117.89189508800007,40.85982850600004],[117.89899841300007,40.87329849900004],[117.92091080500006,40.884410856000045],[117.93305739100003,40.905353998000066],[117.94888121400004,40.90448794000008]]}},{"type":"Feature","properties":{"name":"滦河","level":"river_l3"},"geometry":{"type":"LineString","coordinates":[[117.94888121400004,40.90448794000008],[117.9821842240001,40.87870735000007],[117.98488491100011,40.86066335700008],[117.99465072500004,40.85157645600003],[118.05310132300008,40.85862582400006],[118.06379027900005,40.84576990000005],[118.05744977600011,40.819539417000044],[118.07201452900006,40.802143863000026],[118.09870294600012,40.80267013500003],[118.11513688900004,40.77924719500004],[118.14950819,40.76692519200003]]}},{"type":"Feature","properties":{"name":"滦河","level":"river_l3"},"geometry":{"type":"LineString","coordinates":[[118.14950819,40.76692519200003],[118.13032704700004,40.741564563000054],[118.13771218000011,40.710710461000076],[118.15037724000001,40.70083387900007],[118.17409774900011,40.70286701300006],[118.16585753000004,40.68192003200005],[118.19302632200004,40.656131851000055]]}},{"type":"Feature","properties":{"name":"滦河","level":"river_l3"},"geometry":{"type":"LineString","coordinates":[[118.19302632200004,40.656131851000055],[118.1702976470001,40.65259186600008],[118.14934655800005,40.638515409000036],[118.12976141000001,40.64620234400007]]}},{"type":"Feature","properties":{"name":"黑河(弱水、东河、西河)","level":"river_l3"},"geometry":{"type":"LineString","coordinates":[[100.27386269600004,41.00254908800008],[100.25099660900008,40.981430395000075],[100.18836482200004,40.95405930600003],[100.17831648600009,40.91637673300005],[100.16880993500007,40.90892263000006],[100.12711391900007,40.89530767400004],[100.10469797800005,40.872098469000036],[100.07032641100005,40.85650362000007],[100.06173535300007,40.82409691200007],[100.00170528600006,40.79872095500008],[99.98604920000008,40.77284137800007],[99.98136452600005,40.743234726000026],[99.95457680000004,40.718099051000024],[99.94252167300004,40.60068716600006],[99.86163976100005,40.554532023000036]]}},{"type":"Feature","properties":{"name":"疏勒河(昌马河)","level":"river_l3"},"geometry":{"type":"LineString","coordinates":[[96.31674934100005,40.552666145000046],[96.31618475400006,40.56136007400005],[96.33186365400007,40.54995000000008],[96.33422122200005,40.56176062000003],[96.34401005000007,40.56360316400003],[96.35105220000008,40.55476426900003],[96.38528639500004,40.55959760400003],[96.39172580600007,40.554398029000026]]}},{"type":"Feature","properties":{"name":"滦河","level":"river_l3"},"geometry":{"type":"LineString","coordinates":[[118.36572936700009,40.56425143400003],[118.34293961700007,40.55698821200008],[118.31942520000007,40.56324843900006],[118.28754843500008,40.54330489900008],[118.28873877800004,40.55455853400008],[118.28093372000001,40.55839245200008],[118.25228443900005,40.552674258000025],[118.28027012500002,40.57492195900005],[118.24859948200003,40.56623206000006],[118.21834821800007,40.582296350000036],[118.197496365,40.57273660900006],[118.20470655100007,40.59068898400005],[118.19502467300003,40.60054265900004],[118.16709241000001,40.57977891200005],[118.16437642200003,40.59407296300003],[118.18430513300007,40.60740172700008],[118.14892665000002,40.61298681000005],[118.14123611800005,40.624320612000076],[118.19302632200004,40.656131851000055]]}},{"type":"Feature","properties":{"name":"疏勒河(昌马河)","level":"river_l3"},"geometry":{"type":"LineString","coordinates":[[96.39172580600007,40.554398029000026],[96.34787063300007,40.545669787000065],[96.33963061500003,40.53587338500006],[96.31740548200008,40.54261033200004],[96.31674934100005,40.552666145000046]]}},{"type":"Feature","properties":{"name":"疏勒河(昌马河)","level":"river_l3"},"geometry":{"type":"LineString","coordinates":[[96.31674934100005,40.552666145000046],[96.27836462300007,40.54876362200008],[96.26247209200005,40.55900636700005],[96.16075373100006,40.54372432200006],[96.10409603400007,40.547798552000074],[95.92216726600003,40.51285123700006],[95.85492726000007,40.51930590200004],[95.79435557000005,40.54744770100007],[95.74961536900008,40.55375739400006],[95.55240445200008,40.549210207000044],[95.41380443700007,40.583474772000045],[95.32669684700005,40.59181012700003],[95.13954178500006,40.55993750300007],[95.03487839200005,40.55916311100003],[95.00872398700005,40.54637971900007],[94.96950001100004,40.54308373500004]]}},{"type":"Feature","properties":{"name":"和田河(喀拉喀什河)","level":"river_l3"},"geometry":{"type":"LineString","coordinates":[[80.92800065000006,40.45054503700004],[80.92502502000008,40.46192838300004],[80.93759101400008,40.46347723900004],[80.94053588500003,40.489242396000066]]}},{"type":"Feature","properties":{"name":"疏勒河(昌马河)","level":"river_l3"},"geometry":{"type":"LineString","coordinates":[[96.99900680500008,40.43856510000006],[96.93996108800008,40.49110256300003],[96.88517266600007,40.50435902700008],[96.85159462300004,40.50291705300003],[96.83838010100004,40.51495657000004],[96.83942537700005,40.52944899400006],[96.82139656900006,40.55778533900008],[96.81279795900008,40.55191055200004],[96.77818993300008,40.56805480600008],[96.65039346300006,40.55391341500007],[96.55832661000005,40.55708737900005],[96.53137871600006,40.54736728200004],[96.49980727200006,40.55072813700008],[96.48028303800004,40.565418942000065],[96.39172580600007,40.554398029000026]]}},{"type":"Feature","properties":{"name":"滦河","level":"river_l3"},"geometry":{"type":"LineString","coordinates":[[118.27823096800012,40.38729895300003],[118.27281395200009,40.38845487000003],[118.27336356500007,40.414296282000066],[118.24508069600006,40.42584384300005],[118.22636521100003,40.42302482900004],[118.2454776730001,40.447618686000055],[118.21831645400005,40.46815771000007],[118.25048275900008,40.452822033000075],[118.26000434200012,40.43620473000004],[118.26908372600008,40.448881233000066],[118.26543694100008,40.46468594800007],[118.28023843200003,40.46753932000007],[118.29638294900008,40.48990154000006],[118.28370258100006,40.49528811000005],[118.255816116,40.47604646600007],[118.24916322800004,40.48887947600008],[118.22956278100003,40.49282791200005],[118.24657700900002,40.50917801200006],[118.2723041700001,40.51718128600004],[118.23889409800006,40.519771744000025],[118.24021422700002,40.53852907800007],[118.21780617900004,40.55151478000005],[118.22107185200002,40.56950532800005],[118.18522001400004,40.54581949900006],[118.17475240800002,40.566942081000036],[118.1878373830001,40.58334179800005],[118.16102675700006,40.57007411400008],[118.15358053700004,40.59642294400004],[118.16259121400003,40.60535332000006],[118.13896993200001,40.60707012700004],[118.13136338300001,40.62365690100006],[118.11765301600008,40.62903584700007],[118.12961634800001,40.63719180100003],[118.12976141000001,40.64620234400007]]}},{"type":"Feature","properties":{"name":"滦河","level":"river_l3"},"geometry":{"type":"LineString","coordinates":[[118.36572936700009,40.56425143400003],[118.36844538700007,40.55295581100006],[118.33291420000012,40.54808454600004],[118.3277259030001,40.533874472000036],[118.3160755670001,40.542255649000026],[118.31100941900002,40.53480157300004],[118.27654641900006,40.53365735500006],[118.2610279160001,40.54658197600003],[118.25577853300001,40.527859000000035],[118.2880898740001,40.519271693000064],[118.25424465200001,40.497840395000026],[118.30848369500006,40.50554211900004],[118.3089335300001,40.47700364100007],[118.28888267400009,40.45693795200003],[118.29046177500004,40.43589553800007],[118.32600826200007,40.44453200500004],[118.32429937500001,40.45806690500007],[118.33551514200008,40.47897190600003],[118.34087082200006,40.450379990000044],[118.36688808000008,40.47412310200008],[118.38332975800006,40.46042407200008],[118.33165403900011,40.43170281700003],[118.34903413500001,40.41574923700006],[118.37758420400007,40.41918618400007],[118.39111902200011,40.40777223400005],[118.36736792500005,40.399028877000035],[118.36166870800002,40.40885200900004],[118.32922755900006,40.40770396200003],[118.31878281700006,40.426587260000076],[118.29512332400009,40.42233010000007],[118.26676411000005,40.42938002000005],[118.29480269200008,40.40506434400004],[118.27823096800012,40.38729895300003]]}},{"type":"Feature","properties":{"name":"永定河(桑干河、永定新河)","level":"river_l3"},"geometry":{"type":"LineString","coordinates":[[115.27976789600007,40.465722345000074],[115.29026602200008,40.44111304100005],[115.30725709500007,40.430874034000055],[115.31268920000002,40.41143762100006],[115.3476555520001,40.38946801800006],[115.4435901700001,40.362416764000045],[115.50436015200012,40.36631895800008],[115.51237119200005,40.35967353900003]]}},{"type":"Feature","properties":{"name":"永定河(桑干河、永定新河)","level":"river_l3"},"geometry":{"type":"LineString","coordinates":[[115.20982615000003,40.361987000000056],[115.40927211500002,40.36114281500005],[115.37545015700005,40.377889958000026],[115.33899586400003,40.38257091600008],[115.31101058200011,40.40089735000004],[115.28129362700008,40.44546958700005],[115.27976789600007,40.465722345000074]]}},{"type":"Feature","properties":{"name":"永定河(桑干河、永定新河)","level":"river_l3"},"geometry":{"type":"LineString","coordinates":[[115.51237119200005,40.35967353900003],[115.40841754700011,40.35587458800006],[115.39679757200008,40.34968705500006],[115.35240850600007,40.358003558000064],[115.20982615000003,40.361987000000056]]}},{"type":"Feature","properties":{"name":"滦河","level":"river_l3"},"geometry":{"type":"LineString","coordinates":[[118.26928096000006,40.34429483500003],[118.270311074,40.355006770000045],[118.25493759100004,40.373184362000075],[118.27823096800012,40.38729895300003]]}},{"type":"Feature","properties":{"name":"永定河(桑干河、永定新河)","level":"river_l3"},"geometry":{"type":"LineString","coordinates":[[115.51237119200005,40.35967353900003],[115.54109661600012,40.34882409900007],[115.54530042300007,40.33686850600003]]}},{"type":"Feature","properties":{"name":"疏勒河(昌马河)","level":"river_l3"},"geometry":{"type":"LineString","coordinates":[[93.00677545500008,40.36976174700004],[93.08955704200008,40.35778712600006],[93.12139553300005,40.34535852100004],[93.23416158400005,40.353537499000026],[93.29429841600006,40.320177095000076],[93.31934652200005,40.31508434700004],[93.36600938200007,40.32754731600005],[93.40700343000003,40.326353297000026],[93.41942447800005,40.33259431500005],[93.42516195700006,40.348517292000054],[93.47476986900006,40.34353136500005],[93.49531647400005,40.364051181000036],[93.52402679900007,40.37440455800004],[93.75023030600005,40.416794680000066],[93.82580188200006,40.40644133100005],[93.90387597000006,40.42068199700003],[93.95671122100003,40.412453484000025],[94.00024593700005,40.42402378000003]]}},{"type":"Feature","properties":{"name":"鸭绿江","level":"river_l3"},"geometry":{"type":"LineString","coordinates":[[124.69820535000008,40.311033518000045],[124.72513042700007,40.32568210000005],[124.73847526300005,40.37404209500005],[124.81806772800007,40.40477341400003],[124.85737584900005,40.43348702900005],[124.89200724200009,40.478222800000026],[124.89981232900004,40.47822273700007],[124.90371078300007,40.45825990800006],[124.9202135490001,40.453048772000045],[124.97475013700011,40.465221331000066],[125.03117097800009,40.45858695800007],[125.04118110400009,40.46469435700004],[125.04166965800005,40.48350508400006],[124.99844056900008,40.50207201600006],[125.00453690400002,40.52234757800005],[125.10788044900005,40.561192756000025],[125.15503182500004,40.59099733200003],[125.25642963900009,40.61664716000007],[125.27229968600011,40.65011800000008],[125.29991121500007,40.64914119000008],[125.33016243400004,40.63725405800005],[125.372461111,40.64767572000005],[125.39200789900008,40.62910516300008],[125.41301983900007,40.62959710000007],[125.41033476400003,40.66843931400007],[125.44673566900008,40.67259332300006],[125.45283969000002,40.69653489600006],[125.47624761600002,40.717603789000066],[125.5334621080001,40.723405617000026],[125.55691618600008,40.77080037400003],[125.58178114700002,40.77628965300005],[125.59261499700006,40.762941614000056],[125.61091073500006,40.759073267000076],[125.68028682700003,40.76567228300007],[125.68076773400003,40.78258705700006],[125.64217736800003,40.794989256000065],[125.63728708700012,40.81575319800004],[125.70155944700002,40.85531966800005]]}},{"type":"Feature","properties":{"name":"滦河","level":"river_l3"},"geometry":{"type":"LineString","coordinates":[[118.27243162000002,40.30993114900008],[118.27770390500007,40.330149525000024],[118.26928096000006,40.34429483500003]]}},{"type":"Feature","properties":{"name":"永定河(桑干河、永定新河)","level":"river_l3"},"geometry":{"type":"LineString","coordinates":[[115.54530042300007,40.33686850600003],[115.57042452000007,40.31093538400006],[115.5921078660001,40.30673135700005],[115.6115787220001,40.31300277100007],[115.59847118200003,40.32859772900008],[115.63103432700007,40.32002569900004],[115.65920302000006,40.33316369500005],[115.66384957700006,40.34524131100005],[115.69040063700004,40.34258224700005],[115.74183982700004,40.37101362400006],[115.7528111370001,40.362140348000025],[115.74728759000004,40.39285711100007],[115.80041309800004,40.43855805600003],[115.82697180200012,40.43736768700006],[115.86401377800007,40.45356128100008],[115.8856513820001,40.453049974000066],[115.91933601200003,40.43764945200007]]}},{"type":"Feature","properties":{"name":"永定河(桑干河、永定新河)","level":"river_l3"},"geometry":{"type":"LineString","coordinates":[[115.5989204220001,40.234448574000055],[115.60741221600006,40.23701206900006],[115.60875528400004,40.263406631000066],[115.63224733600009,40.30952737500007],[115.67710963600007,40.32213501900003],[115.69832777900001,40.33892762800008],[115.70725439400007,40.33453674800006],[115.73447700600002,40.34689271500008],[115.74046620900003,40.34171218900008],[115.7432282210001,40.35075705300005],[115.76398072200004,40.343501194000055],[115.76281348500004,40.35325181800005],[115.794117873,40.358134577000044],[115.7997944220001,40.36946448700007],[115.81942544200001,40.36969707700007],[115.81148304900012,40.37410702600005],[115.83072516400011,40.39535914000004],[115.82858895100003,40.40359529500006],[115.84914319200004,40.40758545400007],[115.82250061400009,40.41403642500006],[115.8301608590001,40.42463769700004],[115.84486315800007,40.42630849300008],[115.84266595200006,40.43904992200004],[115.88769607600011,40.44856757800005],[115.91933601200003,40.43764945200007]]}},{"type":"Feature","properties":{"name":"永定河(桑干河、永定新河)","level":"river_l3"},"geometry":{"type":"LineString","coordinates":[[115.54530042300007,40.33686850600003],[115.54261468700008,40.32556528200007],[115.56873062700004,40.29889971400007],[115.5714922190001,40.26439487400006],[115.58536280800001,40.25782571800005],[115.5989204220001,40.234448574000055]]}},{"type":"Feature","properties":{"name":"永定河(桑干河、永定新河)","level":"river_l3"},"geometry":{"type":"LineString","coordinates":[[114.61459209300006,40.215414363000036],[114.62068834900003,40.23583111800008],[114.64242510300005,40.23106250600006],[114.7002807770001,40.25711724900003],[114.72667166400004,40.25919235400005],[114.75770117500008,40.24107953500004],[114.79758892300003,40.24942609200008],[114.81457264200003,40.26855720000003],[114.84390856300001,40.27066662200008],[114.93602130300008,40.30255018100007],[114.96042878900005,40.33682217200004],[114.99809612600006,40.32478247000006],[115.11987281800009,40.354071798000064],[115.20982615000003,40.361987000000056]]}},{"type":"Feature","properties":{"name":"鸭绿江","level":"river_l3"},"geometry":{"type":"LineString","coordinates":[[124.5044271800001,40.20360672600003],[124.57341457400003,40.24081183700008],[124.58947526100008,40.26815613100007],[124.62034494600005,40.29041900500005],[124.69820535000008,40.311033518000045]]}},{"type":"Feature","properties":{"name":"滦河","level":"river_l3"},"geometry":{"type":"LineString","coordinates":[[118.31915411200009,40.19069564500006],[118.32264113100007,40.21704822100003],[118.30720654600009,40.229225142000075],[118.30260606500008,40.245792822000055],[118.31395163000002,40.27570836700005],[118.30045496800005,40.28786620100004],[118.26711353300004,40.28745823000003],[118.27243162000002,40.30993114900008]]}},{"type":"Feature","properties":{"name":"滦河","level":"river_l3"},"geometry":{"type":"LineString","coordinates":[[118.27243162000002,40.30993114900008],[118.25627945200006,40.28531438400006],[118.28543206500001,40.27075313000006],[118.2947322760001,40.24362225400006],[118.28559180900004,40.226448109000046],[118.31915411200009,40.19069564500006]]}},{"type":"Feature","properties":{"name":"永定河(桑干河、永定新河)","level":"river_l3"},"geometry":{"type":"LineString","coordinates":[[113.79803707000008,39.971164901000066],[113.8193466780001,39.97902708700008],[113.84913261100007,39.96546914700008],[113.86793217000002,39.98451632800004],[113.92757310900004,40.00395240600005],[113.96690373400008,39.99432365600006],[113.99590397700001,39.99925222200005],[114.0379811890001,39.98086468400004],[114.08814591400005,39.97534441200003],[114.11736744900008,39.984068698000044],[114.22305356900006,40.048912048000034],[114.2705404300001,40.05840301100005],[114.30978760000005,40.10146803600003],[114.33837596100011,40.11946227800007],[114.42295808800009,40.13281742800007],[114.56440424700008,40.195497584000066],[114.58434036800008,40.186189375000026],[114.61459209300006,40.215414363000036]]}},{"type":"Feature","properties":{"name":"永定河(桑干河、永定新河)","level":"river_l3"},"geometry":{"type":"LineString","coordinates":[[113.79803707000008,39.971164901000066],[113.79520654200007,39.978344363000076],[113.7782305820001,39.97299610600004],[113.75807317200008,39.97937836400007],[113.7275546090001,39.97165737300003],[113.69527377200006,39.98341092600003],[113.65711021000004,39.96223900200005],[113.57863171600002,39.94120080000005]]}},{"type":"Feature","properties":{"name":"永定河(桑干河、永定新河)","level":"river_l3"},"geometry":{"type":"LineString","coordinates":[[113.57863171600002,39.94120080000005],[113.55640641100001,39.91662599400007],[113.52602522100005,39.91343697900004]]}},{"type":"Feature","properties":{"name":"永定河(桑干河、永定新河)","level":"river_l3"},"geometry":{"type":"LineString","coordinates":[[113.52602522100005,39.91343697900004],[113.55902332800008,39.91156756100003],[113.59637824000004,39.94330647700008],[113.66539594700009,39.95827157100007],[113.69872229500004,39.97559439100007],[113.73071320800011,39.964077356000075],[113.7633299260001,39.97291607200003],[113.79207827900007,39.964847629000076],[113.79803707000008,39.971164901000066]]}},{"type":"Feature","properties":{"name":"滦河","level":"river_l3"},"geometry":{"type":"LineString","coordinates":[[118.31915411200009,40.19069564500006],[118.31279070500011,40.162340319000066],[118.32042020900008,40.15174658700005],[118.36762478300011,40.16399940700006],[118.40070670300008,40.15461480300007],[118.45460999000011,40.15849029100008],[118.48174077500005,40.14615307400004],[118.58072750300005,40.153167849000056],[118.59117230000004,40.13951463400008],[118.60386797300009,40.138599002000035],[118.62183543200001,40.112078438000026],[118.61334336000004,40.08365827600005],[118.63311135200001,40.05185802600005],[118.63023456400003,40.01285177400007],[118.63864226400005,40.00015227000006],[118.65508405800006,39.997413143000074],[118.70263906200012,39.96100062900007],[118.73647646400002,39.96600542200008],[118.75771725800007,39.96078283200006],[118.76373668400004,39.929314557000055],[118.78995187200007,39.91340669700003],[118.80938413800004,39.87958460800007],[118.83504232300004,39.86000310500003]]}},{"type":"Feature","properties":{"name":"永定河(桑干河、永定新河)","level":"river_l3"},"geometry":{"type":"LineString","coordinates":[[113.52602522100005,39.91343697900004],[113.50123647700002,39.90229026900005],[113.46702487100004,39.858649170000035],[113.43251602200007,39.85154619300005]]}},{"type":"Feature","properties":{"name":"黑河(弱水、东河、西河)","level":"river_l3"},"geometry":{"type":"LineString","coordinates":[[99.86163976100005,40.554532023000036],[99.84988238200003,40.51152398800008],[99.82397208400005,40.49232413800007],[99.78158942200008,40.48291308800003],[99.76227111000009,40.454653079000025],[99.70776496600007,40.45050265300006],[99.69004129400008,40.440801642000054],[99.65726427900006,40.402894022000055],[99.58182992700006,40.34999048200007],[99.51913715500007,40.332999448000066],[99.50418302100007,40.313475322000045],[99.44754051200005,40.278245721000076],[99.40960575100007,40.186808832000054],[99.36005871000003,40.10611061800006],[99.34626421700005,40.055911682000044],[99.34556977900007,39.99066334400004],[99.35580107300007,39.96878163700006],[99.37399772300006,39.95372841300008],[99.37347885600008,39.929760025000064],[99.36558979200004,39.92058162600006],[99.38007844800006,39.909972648000064],[99.37275397000008,39.897421965000035],[99.38294714800008,39.88996783300007],[99.38824206500004,39.86714006200003],[99.42700053500005,39.830022007000025]]}},{"type":"Feature","properties":{"name":"黑河(弱水、东河、西河)","level":"river_l3"},"geometry":{"type":"LineString","coordinates":[[99.42337644600008,39.824425699000074],[99.38518256400005,39.85897257900007],[99.37730884000007,39.88675959300008],[99.36650529500008,39.89591894200004],[99.36175214900004,39.94991362900004],[99.34064102300005,39.98586051700005],[99.33502577500008,40.06163008200008],[99.35370319100008,40.09132827600007],[99.35294029400006,40.12199163900004],[99.38210846100009,40.15144567200008],[99.43899532900008,40.283109602000025],[99.47940956100007,40.30177154900008],[99.49672890500005,40.33096237500007],[99.51259857400004,40.34065576000006],[99.58549219300005,40.36700448400006],[99.64433969800007,40.41365177500006],[99.65193122800008,40.430730623000045],[99.67832219500008,40.45135339400008],[99.75799091500005,40.46808880900005],[99.78486256500008,40.49464740700006],[99.81904334900008,40.49682179400003],[99.83042679900007,40.50891850800008],[99.83871267900008,40.546601087000056],[99.86163976100005,40.554532023000036]]}},{"type":"Feature","properties":{"name":"滦河","level":"river_l3"},"geometry":{"type":"LineString","coordinates":[[118.83504232300004,39.86000310500003],[118.83679699400011,39.84699464500005],[118.81593734400008,39.82092066100006],[118.81728754200003,39.79830655300003],[118.79908316900003,39.78802961400004],[118.75837857900001,39.73289846900008],[118.76907499300012,39.70422640700008]]}},{"type":"Feature","properties":{"name":"永定河(桑干河、永定新河)","level":"river_l3"},"geometry":{"type":"LineString","coordinates":[[113.43251602200007,39.85154619300005],[113.3693502320001,39.83582954900004],[113.3385720550001,39.803369599000064],[113.2832572310001,39.797319609000056],[113.26450350000005,39.78360550800005],[113.24371279700006,39.78616915600003],[113.23622801300007,39.77151655900008],[113.21629936800002,39.76353228900007],[113.20913505400006,39.75185141700007],[113.21623050400001,39.73992251200008],[113.19690461000005,39.73307886300006],[113.19951376800009,39.71221572700006],[113.17780732400001,39.69253529800005],[113.19645399300009,39.67669235500006],[113.17183319900005,39.67695569800003],[113.17505278200008,39.66274174900008],[113.13853721800001,39.640322369000046],[113.13463825500003,39.61305040600007],[113.12177468100003,39.609624782000026]]}},{"type":"Feature","properties":{"name":"和田河(喀拉喀什河)","level":"river_l3"},"geometry":{"type":"LineString","coordinates":[[80.93067659400003,39.56798002800008],[80.94193767200005,39.60922185600003],[80.93163745100009,39.64502751600003],[80.93734431700005,39.66061861900005],[80.90751238700005,39.673401897000076],[80.91167041400007,39.692868829000076],[80.88802585700006,39.74661543600007],[80.90210232800007,39.777824354000074],[80.87643583400006,39.84480448700003],[80.87530630500004,39.89942476500005],[80.88361483900007,39.920520631000045],[80.92037433600007,39.93020272600006],[80.93626678000004,39.94221558500004],[80.92466162500006,40.01951861400005],[80.93400016200007,40.04021392900006],[80.96152010400004,40.06161886500007],[80.94994581100008,40.08431305600004],[80.96676893700004,40.117448456000034],[80.93232143600005,40.072868596000035],[80.95452369600008,40.06746692400003],[80.91620796600006,40.02397045200007],[80.92112185000008,39.96037778300007],[80.90654175800006,39.939457375000075],[80.88025776800004,39.92597959400007],[80.87313145200005,39.964085588000046],[80.83787476500004,39.990289304000044],[80.85301944000008,40.01254489400003],[80.85108895700006,40.04176624100006],[80.86112182000005,40.05767780200006],[80.84604547800006,40.08784898500005],[80.84322233000006,40.11682618100008],[80.80768328200008,40.15239522500008],[80.81446593000004,40.16712418600008],[80.79633772900007,40.197928612000055],[80.79888584300005,40.226303090000044],[80.79253789900008,40.24037585600007],[80.80899486700008,40.26302056000003],[80.78960042900007,40.249928100000034],[80.77849167600004,40.25158749500008],[80.79993054600004,40.31247175300007],[80.85490186000004,40.34025895000008],[80.86462944600004,40.37034248400005],[80.89662794900005,40.39708433900006],[80.89613189300007,40.41718832300006],[80.92044745800007,40.428270403000056],[80.92800065000006,40.45054503700004]]}},{"type":"Feature","properties":{"name":"滦河","level":"river_l3"},"geometry":{"type":"LineString","coordinates":[[118.76907499300012,39.70422640700008],[118.77752837500009,39.68261172900003],[118.84227259600004,39.61800777500008],[118.88584514800004,39.60136354900004],[118.88879002100009,39.586539240000036],[118.8746443550001,39.552766957000074],[118.8998066580001,39.53727873200006],[118.95141347100002,39.546765794000066],[118.9864790900001,39.538453133000075],[118.99701547600012,39.52804630700007],[118.98278608900011,39.51349295800003],[118.9848077910001,39.49979783400005],[119.0101074910001,39.49045905600008],[119.03584943800001,39.45574426300004],[119.04827044100011,39.45495452100005],[119.0659713550001,39.47456626400003],[119.13475980900012,39.46105000600005],[119.21048368100003,39.45693335400006],[119.24891381700002,39.43576862800006],[119.26731648700002,39.43978167200004]]}},{"type":"Feature","properties":{"name":"永定河(桑干河、永定新河)","level":"river_l3"},"geometry":{"type":"LineString","coordinates":[[115.5989204220001,40.234448574000055],[115.61163125400003,40.22214197200003],[115.6203515310001,40.182464235000054],[115.63330652900004,40.17212606600003],[115.6736289910001,40.16289784800006],[115.67515467100009,40.13738830200003],[115.70379614400008,40.124242354000046],[115.71266890400011,40.073295710000025],[115.74644544400007,40.09474611400003],[115.77213424500007,40.080791446000035],[115.78138113000011,40.058379470000034],[115.80813802000011,40.03842793800004],[115.8304471140001,40.04695006400004],[115.81637779500011,40.016000708000036],[115.84344783100005,40.03058451800007],[115.88733344400009,40.03408243500007],[115.91982022800005,40.01942580600007],[115.95783068100002,39.98648483000005],[115.99233946400011,39.98738492500007],[115.98608302100001,39.97138952300003],[116.01931004200003,39.97384224700005],[116.0172730810001,39.98910906900005],[116.02952635100007,39.99934791000004],[116.03776614800006,39.97947277900005],[116.05927403800001,39.978332032000026],[116.07162663500003,40.00320442700007],[116.1204478840001,39.931985731000054],[116.16846063500009,39.88565476500003],[116.20280141800004,39.871616120000056],[116.25072227500004,39.79069258900006],[116.24068107400001,39.726298901000064],[116.22097362200009,39.711272535000035],[116.21281731200008,39.68561426700006],[116.21042886200007,39.64616929600004],[116.21608932400011,39.57149464100007],[116.23553702200002,39.55057419100007],[116.24440220400004,39.50505981500004],[116.29938102500012,39.48292987100007],[116.34547122400011,39.448832964000076],[116.38278010300007,39.45360505800005],[116.44868463600005,39.442255662000036],[116.53967571400005,39.46843989200005],[116.60211637700002,39.45485122800005],[116.71842891800009,39.35341895600004],[116.73673230600002,39.346811624000054],[116.84754517900001,39.37878277600004],[116.89899174100003,39.38421092700003]]}},{"type":"Feature","properties":{"name":"永定河(桑干河、永定新河)","level":"river_l3"},"geometry":{"type":"LineString","coordinates":[[113.12177468100003,39.609624782000026],[113.05783827800008,39.59040996600004],[113.0403510750001,39.57757707500008],[113.02197100600006,39.540215045000025],[112.9926503800001,39.54227517900006],[112.93317707200003,39.49411365900005],[112.91070017400011,39.490657562000024],[112.88256984700001,39.50232334900005],[112.87073622800006,39.49336626300004],[112.86899652200009,39.47456695200003],[112.8240731620001,39.45754173100005],[112.80925650500001,39.46645698300006],[112.75673387000006,39.42830163800005],[112.72230105200003,39.38741480900006],[112.7235140890001,39.37824784600008],[112.7099028780001,39.382798964000074],[112.68928752000011,39.368302834000076],[112.66211841400002,39.366162863000056],[112.64950650100002,39.347787046000064],[112.62764763700011,39.34863403600008]]}},{"type":"Feature","properties":{"name":"黑河(弱水、东河、西河)","level":"river_l3"},"geometry":{"type":"LineString","coordinates":[[99.42700053500005,39.830022007000025],[99.43152489200008,39.82220547500003],[99.44694440200004,39.829484094000065],[99.45873217100007,39.82117162900005],[99.45308613600008,39.773662115000036],[99.50713445300005,39.763602416000026],[99.51939525300008,39.752825589000054],[99.53119060500006,39.723703389000036],[99.54743407000007,39.71116793400006],[99.54811305500004,39.68734832100006],[99.57901302900007,39.66541317900004],[99.63414474300004,39.65218337700003],[99.63788315900007,39.60571147600007],[99.66175621800005,39.57543718900007],[99.65417986700004,39.52076729700008],[99.67288007100007,39.507289582000055],[99.68755942900003,39.481135291000044],[99.72268626100004,39.47905236200006],[99.74662802200004,39.46499479000005],[99.74916863500005,39.440721213000074],[99.77179807800007,39.41791630500006],[99.91855395300007,39.35855017700004],[100.04175729900004,39.365016086000026],[100.08922880500006,39.33360495100004]]}},{"type":"Feature","properties":{"name":"黑河(弱水、东河、西河)","level":"river_l3"},"geometry":{"type":"LineString","coordinates":[[100.08922880500006,39.33360495100004],[100.04229899200004,39.36047265800005],[99.91191616100008,39.353934278000054],[99.74781815900008,39.42733126500008],[99.73678579500006,39.46540298800005],[99.68202030600008,39.477759201000026],[99.64759548300003,39.51694869100004],[99.64280410800006,39.53270382200003],[99.65044146000008,39.57145455300008],[99.62183807800005,39.62423616800004],[99.62359295000005,39.64901329300005],[99.57517531000008,39.66020598100005],[99.54052156700004,39.68698211000003],[99.53832429500005,39.715223079000054],[99.52556756100006,39.722875585000054],[99.50735569000005,39.753775491000056],[99.49354607100008,39.76338499000008],[99.45657286400007,39.76663143400003],[99.44599058000006,39.776027301000056],[99.45092706000008,39.82392211000007],[99.42967850800005,39.816601536000064],[99.42337644600008,39.824425699000074]]}},{"type":"Feature","properties":{"name":"永定河(桑干河、永定新河)","level":"river_l3"},"geometry":{"type":"LineString","coordinates":[[116.89899174100003,39.38421092700003],[117.01141381900004,39.35038066100003],[117.05737425500001,39.31201117900008]]}},{"type":"Feature","properties":{"name":"疏勒河(昌马河)","level":"river_l3"},"geometry":{"type":"LineString","coordinates":[[96.94398065800004,39.30682451800004],[96.94823801300004,39.32433445000004],[96.97021900700008,39.34034515400003],[96.95331940400007,39.37726480500004],[96.92577644600004,39.40115691800003],[96.94652144900004,39.42600651500004],[96.93949458600008,39.45611292600006],[96.96650356000004,39.51817971300005],[96.95728697500005,39.53224870300005],[96.96593899400006,39.54447513300005],[96.95132827900005,39.580101564000074],[96.95974379100005,39.602231216000064],[96.94382076100004,39.62139678300008],[96.95914872200007,39.64333950500003],[96.94421753300009,39.65138111400006],[96.94207362600008,39.67113033700008],[96.90288787600008,39.729744769000035],[96.90162137600004,39.74924602900006],[96.88216584200006,39.786798936000025],[96.81102718500006,39.85987910800003],[96.80782276200006,39.88496905200003],[96.81838220500003,39.91077616900003],[96.80987517700004,39.92749262900003],[96.81491075600007,39.94616988800004],[96.80551108100008,39.984085194000045],[96.76870573400004,40.00709227500005],[96.75250801100003,40.004082407000055],[96.74139927600004,40.02101249700007],[96.74969271600008,40.04614058100003],[96.77335987000004,40.06552356800006],[96.85229614000008,40.105884107000065],[96.91954381300008,40.15210036900004],[96.95790568000007,40.19751554100003],[97.02324603000005,40.31601844800008],[97.03758976000006,40.325326551000046],[97.06363739500006,40.36904032700005],[97.06194362800005,40.38043132100006],[96.99900680500008,40.43856510000006]]}},{"type":"Feature","properties":{"name":"永定河(桑干河、永定新河)","level":"river_l3"},"geometry":{"type":"LineString","coordinates":[[117.08231485200008,39.24867017100007],[117.11767054100005,39.25336216000005],[117.19410439800004,39.28992270500004],[117.36179568600005,39.28494339700006],[117.43812212800003,39.260924990000035],[117.55206969000005,39.185433326000066],[117.69001272100002,39.14369863700006]]}},{"type":"Feature","properties":{"name":"黑河(弱水、东河、西河)","level":"river_l3"},"geometry":{"type":"LineString","coordinates":[[100.08922880500006,39.33360495100004],[100.14598558500006,39.30632904500004],[100.18988651000006,39.311372145000064],[100.24144752700005,39.29212258500007],[100.25477644500006,39.27125560800005],[100.27961849300004,39.25576748100008],[100.28391392900005,39.23647602900007],[100.30119502800005,39.22831233000005],[100.32078784400005,39.195611831000065],[100.34340204600005,39.183141214000045],[100.34585111300004,39.16541383300006],[100.39774781500006,39.140705291000074],[100.40308088000006,39.12146343000006],[100.39523755100004,39.09529009700003],[100.40233308100005,39.08433016400005]]}},{"type":"Feature","properties":{"name":"子牙河(子牙新河)","level":"river_l3"},"geometry":{"type":"LineString","coordinates":[[116.87098764100006,39.031846072000064],[116.91227928700005,39.04892085600005]]}},{"type":"Feature","properties":{"name":"和田河(喀拉喀什河)","level":"river_l3"},"geometry":{"type":"LineString","coordinates":[[80.88585585300007,39.02341736300008],[80.89953559700007,39.052802807000035],[80.90686729900006,39.11415242700008],[80.88532096600005,39.15787375600007],[80.89344646900008,39.166174787000045],[80.88461124100007,39.18576374600008],[80.88747207900008,39.23060671400003],[80.90427990700005,39.27030738600007],[80.88482411800004,39.30924114800007],[80.90801789200003,39.35745265800006],[80.89973198600006,39.37864764900007],[80.86030940300003,39.42632104000006],[80.87595752400006,39.46646803800007],[80.87578185000007,39.49756246000004],[80.90910777900007,39.54448460500004],[80.90223320600006,39.589232165000055],[80.92362646200007,39.62530497900008],[80.91712590000003,39.644451428000025],[80.90124094000004,39.65597969000004],[80.87875619900007,39.69190356300004],[80.88300581800007,39.70543085400004],[80.86822688500007,39.75993282300004],[80.88424897900006,39.780414535000034],[80.85475255300008,39.82473093700003],[80.84905307900004,39.84708181900004],[80.86162625800006,39.91850252000006],[80.84475694500009,39.95035220700004],[80.85230257000006,39.96276177400006],[80.83252651600003,39.97104362700003],[80.80370919800004,40.003236601000026],[80.82259239200005,40.02534342800004],[80.81530591400008,40.05379798000007],[80.82777249400004,40.09077486600006],[80.79388911500007,40.12042334900008],[80.79172220800007,40.13478605600005],[80.77579907200004,40.14985444900003],[80.77324281500006,40.20123214000006],[80.74225113100005,40.22017249500004],[80.72644240200003,40.240947825000035],[80.73157708500008,40.249939324000024],[80.74740093200006,40.25110289700007],[80.75184129400003,40.26397022800006],[80.77301343100004,40.27778369200007],[80.78988228100008,40.31872035400005],[80.83469092900003,40.346133663000046],[80.88945594400008,40.42051861700003],[80.91760919800004,40.433946812000045],[80.91524386300006,40.45699581300005],[80.92800065000006,40.45054503700004]]}},{"type":"Feature","properties":{"name":"永定河(桑干河、永定新河)","level":"river_l3"},"geometry":{"type":"LineString","coordinates":[[112.16846279000004,38.881033598000045],[112.20497065300003,38.896880098000054],[112.23915930500004,38.93815604800005],[112.30730756000003,38.99911619400007],[112.31531884700007,39.023012048000055],[112.31221395500006,39.07046051200007],[112.326443358,39.09072083400008],[112.34023824700012,39.15935660400004],[112.35003487200004,39.183717854000065],[112.37251955500005,39.207457231000035],[112.3739618520001,39.24575397500007],[112.40483929900006,39.29199680100004],[112.43400738800005,39.29695590000006],[112.45028896400004,39.29176006900008],[112.50646610400008,39.32021056000008],[112.57729191400006,39.322323621000066],[112.60524699100006,39.33961977700005],[112.62857837600006,39.339238186000046],[112.62764763700011,39.34863403600008]]}},{"type":"Feature","properties":{"name":"疏勒河(昌马河)","level":"river_l3"},"geometry":{"type":"LineString","coordinates":[[97.67282379900007,38.85967595000005],[97.65107937200008,38.880825223000045],[97.61907307700005,38.892765575000055],[97.60015164100008,38.935041212000044],[97.57629378200005,38.93863477300005],[97.53668075300004,38.96017316900003],[97.52260411300006,38.98681193300007],[97.47214175600004,39.018036116000076],[97.45020656500009,39.02242696800005],[97.43326879900007,39.039273140000034],[97.35131888600006,39.02466632900007],[97.33078755800005,39.03874677300007],[97.31497132200008,39.034016431000055],[97.26611879600006,39.05010729500003],[97.25110369500004,39.06596543200004],[97.14055793500006,39.07053563900007],[97.08145882600007,39.10296529900006],[97.02113131700008,39.109732794000024],[96.98801876400006,39.166638197000054],[96.95875914500004,39.19370422600008],[96.96268081300008,39.22935735000004],[96.94910009300008,39.25805991900006],[96.94398065800004,39.30682451800004]]}},{"type":"Feature","properties":{"name":"子牙河(子牙新河)","level":"river_l3"},"geometry":{"type":"LineString","coordinates":[[113.90663099900007,39.25778976500004],[113.84589925000012,39.262116054000046],[113.79932829400002,39.29223411100003],[113.74910245900003,39.28795416400004],[113.7044311950001,39.308394071000066],[113.6557007780001,39.30567436700005],[113.59492295700011,39.27524022500006],[113.5405618310001,39.26676783400006],[113.43524215600007,39.22129598200007],[113.39216526300004,39.21546718600007],[113.3649349850001,39.19628270800007],[113.15734030700003,39.15997449400004],[113.11398088900012,39.12583608800003],[113.00648676700007,39.078609424000035],[112.93296735100012,39.03108885200004],[112.90153308900005,39.00330583600004],[112.87749185100006,38.965428830000064],[112.81258653700002,38.94995632500007],[112.80735247400003,38.931824618000064],[112.79327575700006,38.923538946000065],[112.79277198400007,38.895786298000075],[112.76791444700007,38.86637051500003],[112.8034911950001,38.84373715300006],[112.80558160900011,38.83066764700004],[112.79591483000002,38.82445338900004]]}},{"type":"Feature","properties":{"name":"黑河(弱水、东河、西河)","level":"river_l3"},"geometry":{"type":"LineString","coordinates":[[98.80015585100006,39.06884038900006],[98.74153736300008,39.061287148000076],[98.72978763100008,39.00742217700008],[98.69762103800008,38.974748444000056],[98.69254730200004,38.957856513000024],[98.71290313800006,38.943337359000054],[98.72891768800008,38.91562281500006],[98.90878614800005,38.842675996000025],[98.91843760400008,38.82687889500005],[98.99535183600005,38.77669128800005],[99.08892158200007,38.742914933000066],[99.13718657700008,38.71282754300006],[99.25028055400008,38.682206000000065]]}},{"type":"Feature","properties":{"name":"疏勒河(昌马河)","level":"river_l3"},"geometry":{"type":"LineString","coordinates":[[98.14467804600008,38.592139743000075],[98.12871688500007,38.61189279700005],[98.05764691900004,38.65065886800005],[98.01942250500008,38.68090645900003],[97.99494669900008,38.71832204700007],[97.97811574100007,38.72664595800006],[97.97659747800009,38.74951950500008],[97.94704794100005,38.77102737800004],[97.90789269200008,38.78905997500004],[97.86733356000008,38.78611116900004],[97.83564009600008,38.808126412000036],[97.76008384800008,38.81255927400008],[97.71513009200004,38.84294801400006],[97.67282379900007,38.85967595000005]]}},{"type":"Feature","properties":{"name":"子牙河(子牙新河)","level":"river_l3"},"geometry":{"type":"LineString","coordinates":[[113.08250457100007,38.60608157000007],[113.09481897100011,38.63062210100003],[113.14980565500002,38.631960829000036],[113.1661558190001,38.61772011200003],[113.19361476100005,38.60988820000006],[113.2073250630001,38.59404146500003],[113.23827071100004,38.58252444200008],[113.25922908000007,38.55748019600003],[113.27643350800008,38.51125239900006]]}},{"type":"Feature","properties":{"name":"子牙河(子牙新河)","level":"river_l3"},"geometry":{"type":"LineString","coordinates":[[112.79591483000002,38.82445338900004],[112.79657840300001,38.798306764000074],[112.77353664700001,38.75972019900007],[112.77774031900003,38.72761484500006],[112.76420484100004,38.65922322200004],[112.73678379700004,38.63507186900006],[112.75386625700003,38.60116205400004],[112.82172403700008,38.59258988200003],[112.85334861700005,38.56695047800008],[112.87534444700009,38.519723181000074],[112.92151115100012,38.50302940700004],[112.96500769400006,38.51315748600007],[112.98486021200006,38.54482783900005],[113.08250457100007,38.60608157000007]]}},{"type":"Feature","properties":{"name":"子牙河(子牙新河)","level":"river_l3"},"geometry":{"type":"LineString","coordinates":[[116.86471107900002,38.50095626800004],[116.96093599500011,38.52427937300007],[117.05806151500008,38.58034486100007],[117.08909888000005,38.590141075000076],[117.30472713800009,38.60050842700008],[117.3800926240001,38.61689253000003],[117.43217266700003,38.64788743400004],[117.5538269650001,38.658484214000055]]}},{"type":"Feature","properties":{"name":"子牙河(子牙新河)","level":"river_l3"},"geometry":{"type":"LineString","coordinates":[[116.78553847100011,38.49054614600004],[116.86471107900002,38.50095626800004]]}},{"type":"Feature","properties":{"name":"子牙河(子牙新河)","level":"river_l3"},"geometry":{"type":"LineString","coordinates":[[113.27643350800008,38.51125239900006],[113.25902261200008,38.49806473000007],[113.22573455200006,38.49444846400007],[113.23560715200006,38.47814778700007],[113.22883954500003,38.460950713000045],[113.26023521500008,38.433613724000054]]}},{"type":"Feature","properties":{"name":"黑河(弱水、东河、西河)","level":"river_l3"},"geometry":{"type":"LineString","coordinates":[[100.40233308100005,39.08433016400005],[100.39114030200005,39.041707416000065],[100.31164690800006,38.94151943300005],[100.32040565800008,38.91422070800007],[100.28429450000004,38.870220853000035],[100.28779649100005,38.86607416000004],[100.26602150800005,38.86102721100008],[100.24936597100003,38.84057990500003],[100.20363392500008,38.82830776000003],[100.17889861600008,38.81075971400003],[100.15645987000005,38.81182026100004],[100.12562846600008,38.78620392100004],[100.11494692900004,38.76444812900007],[100.08529812700004,38.74234140200008],[100.08220808900006,38.72657102100004],[100.03551463200006,38.67952315200006],[100.02555028600005,38.659422981000034],[100.02811378100006,38.63330685200003],[100.01274766900008,38.61855122500003],[100.00999331400004,38.59361387700005],[99.97686538900007,38.564884660000075],[99.97650673800007,38.539745123000046],[99.96902968500007,38.53324852800006],[99.97709417400006,38.51946945700007],[99.97086070300008,38.49235767600004],[100.01843899300007,38.45337034500005],[100.02029295700004,38.437718215000075],[100.07692001500004,38.41043467900005]]}},{"type":"Feature","properties":{"name":"子牙河(子牙新河)","level":"river_l3"},"geometry":{"type":"LineString","coordinates":[[113.26023521500008,38.433613724000054],[113.25906781700007,38.42511054600004],[113.29027295500009,38.42435887900007],[113.31391719500004,38.43072947600007],[113.31193359500003,38.443581538000046],[113.33000049100008,38.43803473400004],[113.34345157500002,38.44625937200004],[113.35333186100002,38.43728310600005],[113.36798846700003,38.45078360200006],[113.3933263560001,38.44107100400004],[113.41730634600003,38.45315616400006],[113.44554347700011,38.44181844900004],[113.46078755100007,38.45369765200007],[113.47410873700005,38.43736262500005],[113.54115013700005,38.42929400000003],[113.60048552900003,38.40975431600003],[113.62473248700007,38.41330958700007],[113.63807663300008,38.40613007300004],[113.63796971900001,38.39373961200005],[113.64552300700007,38.38934492900006],[113.66309409400003,38.39865676200003],[113.69193403300005,38.39620751900003],[113.70318763400007,38.38536199500004],[113.72516865700004,38.39670709200004],[113.75139163600011,38.39402897400004],[113.75155198800007,38.41031815700006],[113.76695615100004,38.40563351000003],[113.76506389000008,38.39119451200003],[113.77961355500008,38.38903907900004],[113.79398782300007,38.39720648800005],[113.80138078800007,38.380409900000075],[113.81143672700011,38.39296434700003],[113.8204548120001,38.37752581800004]]}},{"type":"Feature","properties":{"name":"疏勒河(昌马河)","level":"river_l3"},"geometry":{"type":"LineString","coordinates":[[98.91377505900005,38.37049902000007],[98.89821826000008,38.38069600000006],[98.89757741300008,38.40395865700003],[98.88601855000007,38.41940479900006],[98.86568560900008,38.43393921300003],[98.83900479700009,38.43889848400005],[98.75663529700006,38.439062610000065],[98.67328916400004,38.41600604300004],[98.51203691400008,38.421793265000076],[98.40193368500007,38.410493935000034],[98.34476491700008,38.44795152200004],[98.26903323900007,38.47725689600003],[98.21831914600006,38.52205796700008],[98.19559811600004,38.53039714300007],[98.18124682100006,38.558786905000034],[98.14467804600008,38.592139743000075]]}},{"type":"Feature","properties":{"name":"汾河","level":"river_l3"},"geometry":{"type":"LineString","coordinates":[[111.97625720200006,38.86262808300006],[112.00479210200001,38.87756288500003],[112.0276886050001,38.878218926000045],[112.07870774500009,38.85891200100008],[112.09538594900005,38.838857533000066],[112.09865885500005,38.81204330600008],[112.11829732500007,38.78834187800004],[112.12898597900005,38.728781394000066],[112.1029228320001,38.680863841000075],[112.1023427990001,38.65654069300007],[112.0222158470001,38.566866610000034],[112.00249318800002,38.55499504900007],[111.99190284800005,38.497319170000026],[111.99606079800009,38.47097034300003],[111.98453220800008,38.439208389000044],[111.92376922500006,38.34595974500007]]}},{"type":"Feature","properties":{"name":"子牙河(子牙新河)","level":"river_l3"},"geometry":{"type":"LineString","coordinates":[[114.00606003600001,38.315240697000036],[114.05891815000007,38.32996173200007],[114.07833550700002,38.32733323900004]]}},{"type":"Feature","properties":{"name":"子牙河(子牙新河)","level":"river_l3"},"geometry":{"type":"LineString","coordinates":[[114.00606003600001,38.315240697000036],[114.00716657700002,38.34565988300005],[113.99319721800009,38.403736423000055],[113.99019862000011,38.384303862000024],[113.97120848100008,38.382011265000074],[113.98301144000004,38.37453801800007],[113.9786013800001,38.35717308400007],[113.96647033200009,38.36281904500004],[113.95055487200011,38.35338131700007],[113.93748535000009,38.35513618900006],[113.92667404200006,38.33807647000003],[113.91283397500001,38.345564986000056],[113.91758701200001,38.31893386400003],[113.8985588270001,38.329226282000036],[113.8926537210001,38.35635333400006],[113.88716779100002,38.32729223700005],[113.87569292600006,38.337275618000035],[113.87371701300003,38.35700194400005],[113.8645768130001,38.367183683000064],[113.8204548120001,38.37752581800004]]}},{"type":"Feature","properties":{"name":"子牙河(子牙新河)","level":"river_l3"},"geometry":{"type":"LineString","coordinates":[[114.36729161000005,38.276675082000054],[114.36369811100008,38.282942812000044],[114.3606004720001,38.281218540000054],[114.36079118900011,38.278250627000034],[114.36729161000005,38.276675082000054]]}},{"type":"Feature","properties":{"name":"子牙河(子牙新河)","level":"river_l3"},"geometry":{"type":"LineString","coordinates":[[113.8204548120001,38.37752581800004],[113.86490477000007,38.352744674000064],[113.86509546600007,38.34724373600005],[113.85080518200004,38.346251960000075],[113.85403238900005,38.331095755000035],[113.830906905,38.31732826800004],[113.86146357200005,38.32299308900008],[113.85970861800001,38.30536873500006],[113.87568503000011,38.304277623000075],[113.8751355820001,38.289850063000074],[113.90066437600001,38.30125236400005],[113.89878743100007,38.29393940800003],[113.91386353400003,38.29101719800008],[113.92815369100003,38.27642171200006],[113.940269607,38.286591901000065],[113.91310061600007,38.29652958300005],[113.9118494490001,38.30776798200003],[113.93626433700001,38.32123790800006],[113.95634548800001,38.32077621700006],[113.96788154600006,38.33003467200007],[113.98508622400004,38.31631276000007],[114.00606003600001,38.315240697000036]]}},{"type":"Feature","properties":{"name":"子牙河(子牙新河)","level":"river_l3"},"geometry":{"type":"LineString","coordinates":[[114.19207739700005,38.271552702000065],[114.17307217500002,38.29069926500006],[114.12527280500001,38.313470030000076],[114.09634893300006,38.31479772500006],[114.07833550700002,38.32733323900004]]}},{"type":"Feature","properties":{"name":"子牙河(子牙新河)","level":"river_l3"},"geometry":{"type":"LineString","coordinates":[[114.07833550700002,38.32733323900004],[114.09425093900006,38.33325372400003],[114.1196346380001,38.328347767000025],[114.1170863000001,38.322747657000036],[114.17701674200009,38.29726451000005],[114.22064301400007,38.31161555500006],[114.24567571800003,38.30277654300005],[114.24653035000006,38.316773029000046],[114.25799746500002,38.29228197400005],[114.2872187370001,38.272383844000046],[114.28914130400005,38.26055414900003],[114.29955573900008,38.26142768500006]]}},{"type":"Feature","properties":{"name":"子牙河(子牙新河)","level":"river_l3"},"geometry":{"type":"LineString","coordinates":[[114.39626113200006,38.260172123000075],[114.3908670510001,38.26729056100004],[114.3781027340001,38.27137245900008],[114.37837736300003,38.26680614600008],[114.39626113200006,38.260172123000075]]}},{"type":"Feature","properties":{"name":"子牙河(子牙新河)","level":"river_l3"},"geometry":{"type":"LineString","coordinates":[[114.30536184300001,38.25707878700007],[114.3048887110001,38.24547036200005]]}},{"type":"Feature","properties":{"name":"黑河(弱水、东河、西河)","level":"river_l3"},"geometry":{"type":"LineString","coordinates":[[100.07692001500004,38.41043467900005],[100.08927237700004,38.40597897400005],[100.10769024100006,38.37845897400007],[100.12096571500007,38.34250064300005],[100.16188338900008,38.327889896000045],[100.15961730500004,38.29194303200006],[100.18228477200006,38.22184984800003]]}},{"type":"Feature","properties":{"name":"黑河(弱水、东河、西河)","level":"river_l3"},"geometry":{"type":"LineString","coordinates":[[99.25028055400008,38.682206000000065],[99.27224621600004,38.65832532100006],[99.33139108900008,38.64139516200004],[99.34846615000004,38.614371092000056],[99.50716987600003,38.49780202300008],[99.54042734500007,38.45274155300007],[99.56986243500006,38.44011452400008],[99.59910675100008,38.41156070100004],[99.64074927300004,38.40996224500003],[99.66754447600005,38.38127109200008],[99.71041533800008,38.36545868600007],[99.78377410400009,38.30401358900008],[99.86691414800003,38.28580924600004],[99.90629062400006,38.264667565000025],[99.99724337900005,38.23418717900006],[100.01353260200005,38.217649994000055],[100.01939980300006,38.22437548000005],[100.03618498500003,38.22236505600006]]}},{"type":"Feature","properties":{"name":"子牙河(子牙新河)","level":"river_l3"},"geometry":{"type":"LineString","coordinates":[[114.3048887110001,38.24547036200005],[114.3003641890001,38.225976772000024],[114.25897341000007,38.21335000500005],[114.23925858200005,38.22606482300006],[114.24616354400007,38.24534095800004],[114.22720409600004,38.26404118900007],[114.21771291000005,38.27121305500003],[114.19207739700005,38.271552702000065]]}},{"type":"Feature","properties":{"name":"黑河(弱水、东河、西河)","level":"river_l3"},"geometry":{"type":"LineString","coordinates":[[100.03618498500003,38.22236505600006],[100.09317829900004,38.21229390000008],[100.11265676500005,38.22091532200005],[100.14225970200005,38.20896350900006],[100.16704074700004,38.21143546400003],[100.18228477200006,38.22184984800003]]}},{"type":"Feature","properties":{"name":"子牙河(子牙新河)","level":"river_l3"},"geometry":{"type":"LineString","coordinates":[[116.08278730500001,38.20337226600003],[116.09301890200004,38.235157091000076],[116.13324247900005,38.26289043600008],[116.18128635900007,38.28461161800004],[116.20554087700009,38.28152531300003],[116.21694720700009,38.28773573700005],[116.22108258200001,38.30155290600004],[116.26738684800011,38.31634261100004],[116.29453357700004,38.378248969000026],[116.31911624100007,38.38314703000003],[116.38773000900005,38.45349529600003],[116.42323070300006,38.46386752600006],[116.47692076700002,38.51440182400006],[116.50503603300001,38.52893603600006],[116.50986601800003,38.57659806800007],[116.54387905300007,38.59924631700005],[116.5460078530001,38.61415452700004],[116.60429061500008,38.62813160700006],[116.62524173800011,38.64958208300004],[116.64903084200012,38.64570611500005],[116.70700080800009,38.66168214700008],[116.70597866000003,38.68521181300008],[116.73199592700007,38.714970884000024],[116.75690798000005,38.85924631100005],[116.74876788800009,38.934085018000076],[116.77261850900004,38.98047660800006],[116.80645602300001,38.998009212000056],[116.8363720530001,39.029866395000056],[116.87098764100006,39.031846072000064]]}},{"type":"Feature","properties":{"name":"子牙河(子牙新河)","level":"river_l3"},"geometry":{"type":"LineString","coordinates":[[116.0848701430001,38.19808113200003],[116.23719585900005,38.24914133200008],[116.25946689900002,38.27090080500005],[116.30086582000001,38.34091734000003],[116.33336826300001,38.37225570700008],[116.50129694700001,38.46633907200004],[116.78553847100011,38.49054614600004]]}},{"type":"Feature","properties":{"name":"子牙河(子牙新河)","level":"river_l3"},"geometry":{"type":"LineString","coordinates":[[116.0848701430001,38.19808113200003],[116.08278730500001,38.20337226600003]]}},{"type":"Feature","properties":{"name":"子牙河(子牙新河)","level":"river_l3"},"geometry":{"type":"LineString","coordinates":[[114.44404487300005,38.19311919300003],[114.43757500700008,38.19905123500007],[114.42449784000007,38.19877663600005],[114.43062438400011,38.19397759100008],[114.44404487300005,38.19311919300003]]}},{"type":"Feature","properties":{"name":"子牙河(子牙新河)","level":"river_l3"},"geometry":{"type":"LineString","coordinates":[[116.081528262,38.18563728500004],[116.0848701430001,38.19808113200003]]}},{"type":"Feature","properties":{"name":"子牙河(子牙新河)","level":"river_l3"},"geometry":{"type":"LineString","coordinates":[[114.45352842500006,38.18547429100005],[114.44890491300009,38.189872775000026],[114.44663127900003,38.188873310000076],[114.45030872900008,38.185806195000055],[114.45352842500006,38.18547429100005]]}},{"type":"Feature","properties":{"name":"汾河","level":"river_l3"},"geometry":{"type":"LineString","coordinates":[[111.92376922500006,38.34595974500007],[111.88385840000007,38.30772039100003],[111.88196604500007,38.27879278700004],[111.86071728300004,38.24164056500007],[111.86607308600009,38.21507810300005],[111.85362901500008,38.19292562700008],[111.85693245800007,38.167492354000046],[111.84808202200009,38.15684910700003]]}},{"type":"Feature","properties":{"name":"子牙河(子牙新河)","level":"river_l3"},"geometry":{"type":"LineString","coordinates":[[114.52018039200004,38.14085608400006],[114.48493939900004,38.166072073000066],[114.46356146900007,38.19730011000007],[114.41792125100005,38.21592036800007],[114.40674426500004,38.26492912100008],[114.37286130200005,38.285357532000035],[114.29955573900008,38.26142768500006]]}},{"type":"Feature","properties":{"name":"子牙河(子牙新河)","level":"river_l3"},"geometry":{"type":"LineString","coordinates":[[114.30536184300001,38.25707878700007],[114.3585862110001,38.276106722000065],[114.39594824400001,38.25123787000007],[114.40996349800002,38.20828700000004],[114.42278113500004,38.193676262000054],[114.52018039200004,38.14085608400006]]}},{"type":"Feature","properties":{"name":"汾河","level":"river_l3"},"geometry":{"type":"LineString","coordinates":[[111.84808202200009,38.15684910700003],[111.83800312200009,38.13288459100005],[111.84250453400006,38.123980833000076]]}},{"type":"Feature","properties":{"name":"和田河(喀拉喀什河)","level":"river_l3"},"geometry":{"type":"LineString","coordinates":[[80.56256370300008,38.084266092000064],[80.60411438500006,38.126763106000055],[80.59847587100006,38.16444567000008],[80.60966076200003,38.187674023000056],[80.60529652300005,38.203638941000065],[80.61361268500008,38.22546343700003],[80.66103824900006,38.255943855000055],[80.68857353100003,38.26149448800004],[80.69952954000007,38.28379965800008],[80.78851373100008,38.30435030500007],[80.81291303900008,38.343928934000076],[80.85845408900008,38.374764120000066],[80.90566610100007,38.39324699200006],[80.93674903400006,38.42050002900004],[80.92950042600006,38.50003856200004],[80.94872694800006,38.52284350000008],[80.94924561000005,38.54892146800006],[80.96068231600003,38.56639710300004],[80.96085774800008,38.574862143000075],[80.94557556800004,38.581599022000034],[80.94309588200008,38.59141449100008],[80.95549382800004,38.624679583000045],[80.95110642300006,38.68754363800008],[80.95958256000006,38.75142247700006],[80.95238011600003,38.76440039600004],[80.89629455400006,38.79457906600004],[80.86623364200005,38.82542160500003],[80.86009931500007,38.84343887700004],[80.86290685100005,38.87113432700005],[80.89801048900006,38.91695018900003],[80.89599604500006,38.95398043300003],[80.90750881500009,39.010107609000045],[80.90085570200006,39.02308553000006],[80.92597224500008,39.05462637800008],[80.93091597300008,39.099488429000075],[80.92402624500005,39.12824435600004],[80.90856855600003,39.13886469900007],[80.92292724100008,39.184031968000056],[80.90791201400003,39.203800200000046],[80.92269800800005,39.24073513400003],[80.90593524400003,39.31811063300006],[80.92390275300005,39.36147351500006],[80.89443678800006,39.417013058000066],[80.89683226100004,39.454527796000036],[80.93845121700008,39.56301318900006],[80.93067659400003,39.56798002800008]]}},{"type":"Feature","properties":{"name":"汾河","level":"river_l3"},"geometry":{"type":"LineString","coordinates":[[111.91773971300006,38.053166401000055],[111.91837303000005,38.06139873200004],[111.87318307900006,38.101782386000025],[111.87102399100007,38.11505789300003],[111.85757304200007,38.12506035300004],[111.84250453400006,38.123980833000076]]}},{"type":"Feature","properties":{"name":"汾河","level":"river_l3"},"geometry":{"type":"LineString","coordinates":[[111.84250453400006,38.123980833000076],[111.85431502700004,38.10166802700007],[111.84485420700008,38.08901056900004],[111.85845784900005,38.092989343000056],[111.87349564900006,38.067647572000055],[111.91773971300006,38.053166401000055]]}},{"type":"Feature","properties":{"name":"子牙河(子牙新河)","level":"river_l3"},"geometry":{"type":"LineString","coordinates":[[114.52018039200004,38.14085608400006],[114.54329035300009,38.122861569000065],[114.58777853800007,38.109391292000055],[114.61091920600006,38.11426266800004],[114.65065411500007,38.098003799000026],[114.68594114000007,38.10372199700004],[114.75895632900006,38.07470245900004],[114.79096256600008,38.07427122100006],[114.82510484500006,38.04369544700006],[114.85861413900011,38.046064261000026],[114.87230187900002,38.07103203500003],[114.91537114700009,38.08119442900005],[114.9538854330001,38.079202903000066],[115.00034992400003,38.09453814200003],[115.02917489000004,38.12732235400006],[115.0273744640001,38.146701531000076],[115.06189092200009,38.15547538100003],[115.07262588900005,38.16698838100007],[115.09118868900009,38.16032001800005],[115.1996360600001,38.16113199600005],[115.24183569400009,38.18784297700006],[115.24762667400012,38.199794704000055],[115.34302767100007,38.23214748400005],[115.3792607360001,38.23426068800006],[115.4273580360001,38.25750779900005],[115.45022401200004,38.25945322200005],[115.4867090360001,38.28260884000008],[115.62444642500009,38.274936540000056],[115.68563608600004,38.29131312800007],[115.71312550400012,38.28127243400007],[115.7656172510001,38.28029937500003],[115.78127307600005,38.263765962000036],[115.7800444290001,38.23193530800006],[115.7874603250001,38.221616244000074],[115.83297851400005,38.21070567800007],[115.89303087100006,38.17156935400004],[116.02140684100004,38.17941568400005],[116.08278730500001,38.20337226600003]]}},{"type":"Feature","properties":{"name":"汾河","level":"river_l3"},"geometry":{"type":"LineString","coordinates":[[111.91773971300006,38.053166401000055],[111.97377905300004,38.02267447000003],[111.99300550200007,37.995772428000066],[112.0307568290001,37.99128224100008],[112.04085831300006,37.97278424000007],[112.06192359200008,37.95873424400003]]}},{"type":"Feature","properties":{"name":"和田河(喀拉喀什河)","level":"river_l3"},"geometry":{"type":"LineString","coordinates":[[80.08954503100006,37.63107382900006],[80.09780025800006,37.63522436100004],[80.08927023400008,37.65316914400006],[80.09952434800005,37.66957281900005],[80.13474254800008,37.69230533900003],[80.13653545500006,37.70148756800006],[80.16451327200008,37.70259396400007],[80.17623983300007,37.73091126200006],[80.19993737400006,37.74201241600008],[80.19429897400005,37.76046076400007],[80.22928828500005,37.78362054000007],[80.24926264400005,37.78230450900003],[80.25214656700007,37.794927690000065],[80.26974046700008,37.79654904500006],[80.26846621500005,37.814146709000056],[80.28374826400005,37.82854763200004],[80.31930230300003,37.82903605900003],[80.29099625900005,37.853355298000054],[80.31020760500007,37.86071411700004],[80.31380866900008,37.880665529000055],[80.30742259200008,37.89453611500005],[80.32671025300004,37.898915576000036],[80.32810638300003,37.914262518000044],[80.34571553900008,37.916559093000046],[80.35328405800004,37.92787000000004],[80.38563363800006,37.93149799400004],[80.43474516100008,37.99275240500003],[80.42566580000005,38.01117022100004],[80.44953892100006,38.00620725600004],[80.44355716000007,38.02923717600004],[80.46591959800008,38.027230674000066],[80.47787515300007,38.03812960000005],[80.50518922300006,38.035257157000046],[80.54017855800004,38.05534601800008],[80.55453738600005,38.07628168800005]]}},{"type":"Feature","properties":{"name":"和田河(喀拉喀什河)","level":"river_l3"},"geometry":{"type":"LineString","coordinates":[[80.08954503100006,37.63107382900006],[80.08235780000007,37.65260071300003],[80.09190239400004,37.66304566900004],[80.09184127600008,37.676775131000056],[80.11297527600004,37.68556832200005],[80.12210784000007,37.701266255000064],[80.15432770900009,37.70564576500004],[80.16865597200007,37.73377233300005],[80.18892782100005,37.74345436900006],[80.18272483200008,37.76120842100005],[80.18944647700005,37.77000155800005],[80.25924208200007,37.80052021200004],[80.26205732100004,37.816118936000066],[80.28182555000006,37.83675707300006],[80.30151761400003,37.83542959600004],[80.28142870700003,37.85414111100005],[80.30636980700007,37.877132998000036],[80.30072377200008,37.896500712000034],[80.31938579100006,37.90293253200008],[80.31989688100003,37.918958505000035],[80.33777306800005,37.92217444700003],[80.35139187000004,37.934938816000056],[80.37429600400003,37.933866942000066],[80.42623810100008,37.99768109400003],[80.41382463600007,38.00919029700003],[80.41689934300007,38.01448906400003],[80.44036806000008,38.015244481000025],[80.43904037600004,38.037191015000076],[80.46461489000006,38.03430712200003],[80.47131362400006,38.04719735300006],[80.48850319000007,38.043062174000056],[80.51787717800005,38.053709387000026],[80.54158994000005,38.07205865800006],[80.56492109800007,38.11122147100008],[80.58963337200004,38.12454284000006],[80.59275377300008,38.144021215000066],[80.57699848600004,38.16328589300008],[80.59557624900003,38.22617673800005],[80.62823851400003,38.252617230000055],[80.66064910600005,38.26142953500005],[80.70931058200006,38.30700130200006],[80.77494819300006,38.31542843200003],[80.83478696400005,38.37958594000003],[80.85067942500007,38.387734409000075],[80.86110112700004,38.45027426100006],[80.91812441700006,38.540429612000025],[80.90872445800005,38.58472320900006],[80.92029092300004,38.592825884000035],[80.92528821800005,38.61139252900006],[80.93718277200009,38.61698125200007],[80.92867536000006,38.681184287000065],[80.93815854600007,38.755363086000045],[80.85394255000006,38.785976540000036],[80.82755155000007,38.80654965300005],[80.81693097200008,38.829552851000074],[80.82553689500008,38.87880193500007],[80.86910952400007,38.906863755000074],[80.86540873500007,38.97658300300003],[80.88007275200005,38.99752248800007],[80.88585585300007,39.02341736300008]]}},{"type":"Feature","properties":{"name":"汾河","level":"river_l3"},"geometry":{"type":"LineString","coordinates":[[112.06192359200008,37.95873424400003],[112.08366783200006,37.934361402000036],[112.1128893,37.93780984800003],[112.12968192300002,37.914306801000066],[112.1873999390001,37.90670746300003],[112.20172084600006,37.92218021800005],[112.22755470400011,37.917545122000035],[112.25264860400011,37.928958883000064],[112.26631321100001,37.92331292000006],[112.28153440100004,37.936950753000076],[112.30189017400005,37.92996576500008],[112.32462655600011,37.94593822000007],[112.34141935900004,37.94741447000007],[112.37651582700005,37.97744821300006],[112.37782061600001,37.994435502000044],[112.4073320440001,38.00262573800006],[112.40227372000004,38.01820158100003],[112.44036069700007,38.006928678000065],[112.44216884600007,37.997300120000034],[112.49764340600007,37.94272918100006],[112.51588552200008,37.901514021000025],[112.5250561040001,37.87149533500008],[112.51826492600003,37.75972560300005],[112.50513417500008,37.735345290000055],[112.45803624900009,37.69519857300003],[112.45198567400007,37.65547129500004],[112.40961819100005,37.62604032200005]]}},{"type":"Feature","properties":{"name":"子牙河(子牙新河)","level":"river_l3"},"geometry":{"type":"LineString","coordinates":[[115.0623127670001,37.50498385800006],[115.12353273800011,37.49839538500004],[115.19966904500006,37.545351323000034],[115.34568482300006,37.572221984000066],[115.52231090800001,37.63432975400008],[115.67975593100005,37.670935701000076],[115.77039611400005,37.71442770800007],[115.91056113700006,37.87519773100007],[116.01644584900009,37.98140489700006],[116.07614105300001,38.10646122000003],[116.081528262,38.18563728500004]]}},{"type":"Feature","properties":{"name":"汾河","level":"river_l3"},"geometry":{"type":"LineString","coordinates":[[112.40961819100005,37.62604032200005],[112.3815028140001,37.593378149000046],[112.37024865300009,37.527229602000034],[112.33821169700002,37.500655864000066],[112.3154828260001,37.46701707700004],[112.31483414600007,37.444063440000036],[112.25989304100005,37.41204608700008],[112.25216401800003,37.38078766600006],[112.2327999150001,37.361839650000036],[112.22642902100006,37.338622817000044],[112.16449152000007,37.30077266600006],[112.11575312600007,37.243718761000025]]}},{"type":"Feature","properties":{"name":"车尔臣河(卡墙河、且末河)","level":"river_l3"},"geometry":{"type":"LineString","coordinates":[[88.38771136200006,39.447917923000034],[88.34630530800007,39.458660329000054],[88.26649174200008,39.446815238000056],[88.23453881200004,39.454791929000066],[88.17508872000008,39.44949688300005],[88.15824246900007,39.45603923500005],[88.09220049700008,39.40940700200008],[87.92984961100007,39.38026545200006],[87.83021442500007,39.31572648100007],[87.80074879900008,39.309855449000054],[87.70896434000008,39.301085052000076],[87.64412765500003,39.32105922300008],[87.58826346300003,39.32686524300004],[87.52745545200008,39.274949512000035],[87.49216079700005,39.26667895700007],[87.48349358000007,39.25220177400007],[87.42323485900005,39.21557957600004],[87.41069940600005,39.205184221000025],[87.40796804900003,39.189146796000045],[87.34142253500005,39.14556638800008],[87.32117357200008,39.12067859200005],[87.30562439300007,39.117107909000026],[87.30522006200005,39.104980658000045],[87.23642386500006,39.04484782700007],[87.17832435900004,39.00193883800006],[87.16039472300008,39.00243854100006],[87.14380030500007,38.99288624800005],[87.14505926800007,38.97070700200004],[87.13897846800006,38.96561041600006],[87.11879810800008,38.96104787500008],[87.12035451500003,38.972503723000045],[87.08759284700005,38.98129295600006],[87.07391294100006,38.974277511000025],[87.06579508700008,38.951995246000024],[87.02953152700007,38.92824422600006],[86.99426741700006,38.91456046600007],[86.98148012500008,38.92333066500004],[86.97214146600004,38.92024828800004],[86.95883547400007,38.89514687500008],[86.96603024200004,38.88745625200005],[86.91379020400007,38.87331468000008],[86.91552980600005,38.85983699500008],[86.87696204500008,38.85271086800003],[86.86214532300005,38.84611504700007],[86.86262602100004,38.83696715700006],[86.84091971900006,38.837367666000034],[86.83810435700008,38.845794554000065],[86.82057910600008,38.84236119700006],[86.80214597000008,38.827014217000055],[86.78426974600006,38.82654114400003],[86.77796006300008,38.820277229000055],[86.78316350500006,38.810278649000054],[86.75647509900006,38.79778512200005],[86.73973568400004,38.799383488000046],[86.71271161000004,38.77657855500007],[86.61423604500004,38.75384976500004],[86.61239733500008,38.74490024000005],[86.59993812600004,38.75134341100005],[86.58628110200004,38.747017398000025],[86.55773108600005,38.72941584800003],[86.55563297200007,38.71954314100003],[86.53776437600004,38.71994747100007],[86.54733959200007,38.711631227000055],[86.51002317100006,38.68289807100007],[86.50129488000005,38.68115468800005],[86.49046839400006,38.69241977000007],[86.46395544500007,38.687868655000045],[86.42329710900003,38.69795108300008],[86.39844748300004,38.675336893000065],[86.34983147300005,38.67701911300003],[86.32595082000006,38.652116044000024],[86.28532304300006,38.651166069000055],[86.27689997600004,38.63888620800003],[86.25150094200006,38.637512823000066],[86.24661039600005,38.62460734300004],[86.19356923000004,38.61859128400005],[86.17850839300007,38.60435060100008],[86.14411399800008,38.61056483300007],[85.99330697300007,38.546479660000045],[85.94199006300005,38.552285668000025],[85.91080020900006,38.533093336000036],[85.90737448100003,38.539429711000025],[85.86776908800005,38.53583989200007],[85.83506859200008,38.51041417300007],[85.82149546600004,38.51446927300003],[85.79360158800006,38.50218173700006],[85.79115252700007,38.489081707000025],[85.76032883700003,38.48564831400006],[85.72091423300003,38.469881652000026],[85.71400946000006,38.45919256500008],[85.70094751100004,38.465307659000075],[85.65647454100008,38.42925769200008],[85.64513691600007,38.42830777900008],[85.61838759500006,38.38739398300004],[85.59552924400003,38.382957316000045],[85.58147558000007,38.35401057800004],[85.58470303200005,38.32295811200004],[85.57440305200004,38.318132365000054],[85.57911056700004,38.30931637300006],[85.55201021200008,38.28714850400007],[85.54277845700005,38.26242857600005],[85.52352898700008,38.24112668500004],[85.52104951600006,38.20031976000007],[85.58399442900009,38.07456883300006],[85.60882148700006,38.009003918000076],[85.63590708700008,37.897020515000065],[85.67068310800005,37.84907618500006],[85.66982116500003,37.793883649000065],[85.69440400100007,37.746156737000035],[85.69530438900006,37.72122320300008],[85.72406821700008,37.68457066600007],[85.73188104500008,37.66002625800007],[85.75650954900004,37.641131607000034],[85.77177654900004,37.60896905900006],[85.78680694600007,37.59992420100008],[85.81148129600007,37.56201658400005],[85.86198961200006,37.50933430200007],[85.93581388600006,37.50657255400006],[86.05662884000003,37.55737071200008],[86.08963458900007,37.56169295400008],[86.22290868100004,37.62697974800005],[86.28172547100007,37.62783439200007],[86.29102596000007,37.63555938300004],[86.45485682300006,37.66999594300006],[86.50550993700006,37.66419373800005],[86.62762204400008,37.687174355000025],[86.67965615500003,37.67124767100006],[86.70648955200005,37.671640651000075],[86.70647425000004,37.68491615700003],[86.72640283800007,37.684290571000076],[86.74586607700007,37.66602916000005],[86.76229266200005,37.666719673000046],[86.76529116500006,37.648454413000024],[86.78733321800007,37.62999463700004],[86.89630713000008,37.646787612000026],[86.98725992900006,37.64289669800007],[87.06319004200003,37.623201032000054],[87.07176578000008,37.61139805500005],[87.13401600900005,37.579140221000046],[87.15686675700005,37.57435269000007],[87.20542930600004,37.58355789900003],[87.25628079700004,37.57537906400006],[87.27671299100007,37.55818579600003],[87.25725001000006,37.49277336700004],[87.23604735300006,37.46761852900005],[87.20198889900007,37.40136300000006],[87.06915710000004,37.401053743000034],[87.05157848300007,37.38711824000006],[87.04160672500007,37.33436715300007],[87.04800809400007,37.29759629900008],[87.06130659800004,37.276469957000074],[87.05859815800005,37.251265561000025],[87.06968403700006,37.24086643600003],[87.05926963100006,37.22976152900003],[87.05976559300007,37.21786316600003],[87.09674643800008,37.202268332000074],[87.10854952800008,37.18317909000007],[87.13519986100005,37.16676786800008],[87.23578890300007,37.14906356900008],[87.25100243700007,37.12862007900003],[87.34385511200009,37.08511626300003],[87.42418748100005,37.07186379400008],[87.47365802900003,37.05305691600006]]}},{"type":"Feature","properties":{"name":"汾河","level":"river_l3"},"geometry":{"type":"LineString","coordinates":[[112.11575312600007,37.243718761000025],[112.0742018740001,37.19244424100003],[112.07965688800005,37.16908620700008],[112.07321741200008,37.15755791500004],[112.00579435500003,37.138850442000034],[111.92414952700005,37.09587709700003],[111.86049527000006,37.04293178800003]]}},{"type":"Feature","properties":{"name":"汾河","level":"river_l3"},"geometry":{"type":"LineString","coordinates":[[111.69831093400006,36.80932185800003],[111.73310971000006,36.823577611000076],[111.76599334100007,36.820964332000074],[111.76321647400005,36.86797029200005],[111.74323472800006,36.90079290500006],[111.79970180200007,36.94248077900005],[111.81660926400008,36.97662315200006],[111.85795446200007,37.021565113000065],[111.86049527000006,37.04293178800003]]}},{"type":"Feature","properties":{"name":"和田河(喀拉喀什河)","level":"river_l3"},"geometry":{"type":"LineString","coordinates":[[79.46267756100008,36.786818233000076],[79.46491287900005,36.813857539000026],[79.43724009800007,36.83958443900008],[79.43221204700006,36.86166829200005],[79.39040141100008,36.91590313100005],[79.38271055900003,36.94845096800003],[79.43623967900004,36.996262053000066],[79.47649359400003,36.98910183100003],[79.49043300000005,36.97383505800008],[79.49361471200007,36.94690640300007],[79.55443045400006,36.93899474300008],[79.56484496000007,36.92616561300008],[79.57206280700007,36.887880315000075],[79.59477621300005,36.88284105200006],[79.62331840200005,36.919318272000055],[79.68594216700006,36.944770851000044],[79.70281114700003,36.96316206300003],[79.74648296600003,36.984105476000025],[79.74620818700004,37.00308791700007],[79.70763261000008,37.04034310000003],[79.70329858500008,37.107971844000076],[79.74978536500004,37.191184236000026],[79.74777854400008,37.23003795900007],[79.76466265400006,37.27014682200007],[79.80400843900003,37.29830781900006],[79.80289440300004,37.317046108000056],[79.81671916600004,37.335364826000045],[79.80839507300004,37.364952377000066],[79.82795724700003,37.39412422100003],[79.84298755700007,37.401250323000056],[79.84713797700005,37.41687957000005],[79.88498069000008,37.45161727500005],[79.88104364100008,37.479224962000046],[79.92325037300003,37.53484489300007],[79.94829835600007,37.54555312900004],[79.95787341900007,37.56424186600003],[79.98566040200006,37.580710459000045],[80.00996070500008,37.58773359600008],[80.02425102500007,37.581332417000056],[80.03846489900008,37.59985332100007],[80.06054500000005,37.60409164600003],[80.08954503100006,37.63107382900006]]}},{"type":"Feature","properties":{"name":"车尔臣河(卡墙河、且末河)","level":"river_l3"},"geometry":{"type":"LineString","coordinates":[[87.47365802900003,37.05305691600006],[87.51889422700003,37.00146562800006],[87.52768367900006,36.95828590900004],[87.50577155500008,36.90182299600008],[87.45768220000008,36.84079753200007],[87.45702616400007,36.80166148400008],[87.46631145300006,36.78915658300008],[87.46865383000005,36.76034339300003],[87.45473753600004,36.71011387900006],[87.46284785800003,36.69942863500006]]}},{"type":"Feature","properties":{"name":"和田河(喀拉喀什河)","level":"river_l3"},"geometry":{"type":"LineString","coordinates":[[78.00283644000007,36.42439884100003],[78.00462151600004,36.46416049800007],[78.04679773900006,36.51043036900006],[78.05203149500005,36.53555084200008],[78.11267166200008,36.539384967000046],[78.13238646200006,36.55971029700004],[78.18849456600003,36.574798059000045],[78.27667782500004,36.551276373000064],[78.33378538900007,36.56975549300006],[78.43273422900006,36.51555904800006],[78.48612628400008,36.51623067000003],[78.53111799400006,36.53882972200006],[78.54619384500006,36.582516862000034],[78.56894520700007,36.607652665000046],[78.62533559700006,36.62550996700003],[78.66541401100005,36.619997744000045],[78.74498319500003,36.63546325900006],[78.76820785800004,36.618018275000054],[78.76411081900005,36.60738259900006],[78.76970335500005,36.602957454000034],[78.80022171300004,36.62116561300007],[78.87751752400004,36.59575554300005],[78.92722442900003,36.60436192700007],[78.94191151300004,36.59284129200006],[78.96675356400004,36.59027021500003],[78.99580732900006,36.56034323000006],[79.02293068100005,36.55003956400003],[79.02766874700006,36.53780552200004],[79.04581960200005,36.53871351500004],[79.08748461200008,36.59372308300004],[79.07937412700005,36.62715213700005],[79.09023108000008,36.62604588800008],[79.10561230300004,36.640370519000044],[79.13143863800008,36.62726297000006],[79.16217837100004,36.62685109200004],[79.18066484200006,36.642385027000046],[79.18552468100006,36.680243113000074],[79.22417617500008,36.70539423500003],[79.29929738500005,36.70732863000006],[79.32861032700004,36.715988338000045],[79.33874253600004,36.70317065200004],[79.36429406600007,36.713569893000056],[79.39228719900007,36.70296867400003],[79.42318712900004,36.70706207300003],[79.44267284300008,36.76283451300003],[79.46969689200006,36.77301250200003],[79.46267756100008,36.786818233000076]]}},{"type":"Feature","properties":{"name":"汾河","level":"river_l3"},"geometry":{"type":"LineString","coordinates":[[111.61399235300007,36.24435434000003],[111.65745833200003,36.25391022700006],[111.67110780100006,36.26738022400008],[111.67543397100007,36.294961201000035],[111.65389566900006,36.31076600400007],[111.65391875400007,36.34104787700005],[111.64522868700004,36.35103887200006],[111.65726065100006,36.36036218900006],[111.65971752300004,36.38127109100003],[111.67194026500005,36.39632805000008],[111.65911510500007,36.43082151500005],[111.70763979700007,36.482328721000044],[111.67921206600005,36.51549470200007],[111.69962914800004,36.550609837000025],[111.71461375000007,36.55605730600007],[111.71955018300008,36.56689894200008],[111.71092123000005,36.588597554000046],[111.67481798000006,36.60286124100003],[111.68607944400009,36.625708022000026],[111.67807609500005,36.643740610000066],[111.68321093000009,36.65940415100005],[111.66741015100007,36.68308267400005],[111.68253988300006,36.713776479000046],[111.66600660600005,36.729184522000025],[111.66188676800004,36.75254255200008],[111.69831093400006,36.80932185800003]]}},{"type":"Feature","properties":{"name":"和田河(喀拉喀什河)","level":"river_l3"},"geometry":{"type":"LineString","coordinates":[[79.15343089800007,36.00208229300006],[79.10322017500005,36.03951291200008],[79.06453032400003,36.050983864000045],[79.04929385700007,36.07198809100004],[79.01959168800005,36.084515776000046],[78.98918744300005,36.12239661600006],[78.91914739400005,36.151331595000045],[78.85880449900003,36.19481244100007],[78.78916892300003,36.206073454000034],[78.74430691500004,36.183710923000035],[78.73822619400005,36.169874622000066],[78.69981871500005,36.16843247500003],[78.66919331000008,36.18930693500005],[78.57663074200008,36.20020544600004],[78.52348263600004,36.232917136000026],[78.46600868400003,36.241729090000035],[78.41005294600006,36.26358384800005],[78.27194155200004,36.27732037800007],[78.21644363500008,36.29200331200008],[78.18852689000005,36.28881402500008],[78.12809250300006,36.320713126000044],[78.04331206900008,36.34327349600005],[78.02570282100004,36.35814350900006],[77.99442138500007,36.35994777900004],[77.98364054300004,36.39045086600004],[78.00283644000007,36.42439884100003]]}},{"type":"Feature","properties":{"name":"汾河","level":"river_l3"},"geometry":{"type":"LineString","coordinates":[[111.20279021900006,35.59536335300004],[111.24601210700007,35.61602794500004],[111.25982931500005,35.61228557000004],[111.26255319700005,35.63033337400003],[111.28187902800005,35.63336606100006],[111.28736490900008,35.66419724600007],[111.30115932500007,35.67624432500003],[111.35185044800005,35.67101784300007],[111.36013624100008,35.67628604600003],[111.36840689500008,35.701101281000035],[111.39052521100007,35.71163766500007],[111.42462990300004,35.762763462000066],[111.42184521100006,35.781558989000075],[111.40891310800004,35.79659316600004],[111.41351395300006,35.826665208000065],[111.40243582300008,35.83793798500005],[111.42459997000009,35.85673722300004],[111.42089968200008,35.868765300000064],[111.43382433800008,35.88304785400004],[111.43659399600006,35.900336512000024],[111.40978371500006,35.92965335400004],[111.41533058100003,35.95145109300006],[111.39496730000008,35.97701033100003],[111.40500040400008,36.00259233200006],[111.41803956600006,36.02663314100005],[111.43646515100005,36.036986429000024],[111.43658736000003,36.05832641400008],[111.47182857700005,36.06248439800004],[111.49075774100004,36.076736408000045],[111.49471015300009,36.11945832500004],[111.51301362300006,36.12314715900004],[111.52669367400006,36.14695526200006],[111.56282002200004,36.16601003100004],[111.57891108300004,36.197646090000035],[111.61153539300005,36.20952905200005],[111.61399235300007,36.24435434000003]]}},{"type":"Feature","properties":{"name":"汾河","level":"river_l3"},"geometry":{"type":"LineString","coordinates":[[110.67766639800004,35.53271881500007],[110.68407529700005,35.53651451500008],[110.68032157500005,35.54476594100004],[110.70330198700009,35.547153915000024],[110.73806264900009,35.570660572000065],[110.78334427700008,35.548343817000045],[110.80528715500009,35.566498360000026],[110.84679219000009,35.55542001800006],[110.85403279700006,35.57274680800003],[110.87708181700003,35.565330747000075],[110.88990725300005,35.57440991800007],[110.93594432700007,35.57159059800006],[110.96162570800004,35.58823065000007],[111.00034593700008,35.57783898200006],[111.03155116300007,35.59523434100004],[111.05094556100005,35.581760392000035],[111.06929486900009,35.59610014900005],[111.09051274400008,35.582622377000064],[111.11903991600008,35.590213713000026],[111.13195678400007,35.57896763200006],[111.14482797900007,35.585014037000064],[111.16976140700007,35.560255889000075],[111.18627961700008,35.576075795000065],[111.20746700900008,35.568594888000064],[111.20279021900006,35.59536335300004]]}},{"type":"Feature","properties":{"name":"渭河","level":"river_l3"},"geometry":{"type":"LineString","coordinates":[[104.69426682500006,34.97698629700005],[104.67871769100009,34.98447097500008],[104.65204470500004,35.028787589000046],[104.59620361200007,35.051939755000035],[104.53311432100008,35.05848610700008],[104.44600712000005,35.10175760900006],[104.34541061000004,35.10501568900003],[104.28753243200003,35.136293384000055],[104.24261690200007,35.14655912000006],[104.19616008100007,35.12594404200007],[104.12456352700008,35.064503014000024],[104.11292065400005,35.04259845100006],[104.07642817100003,35.037814774000026],[104.06716557900006,34.96851129500004]]}},{"type":"Feature","properties":{"name":"和田河(喀拉喀什河)","level":"river_l3"},"geometry":{"type":"LineString","coordinates":[[78.39478627600005,34.957785598000044],[78.41495902700007,34.948221975000024],[78.46890040300008,34.945479345000024],[78.49896860900003,34.962287470000035],[78.55276500000008,34.963630489000025],[78.61330570500007,35.010964759000046],[78.63994070200005,35.00771083800004],[78.74669403100006,35.04530610100005],[78.74912009200006,35.07264296500006],[78.76452414600004,35.096382523000045],[78.76200608800008,35.14629535200004],[78.78491771900008,35.163324706000026],[78.77676146300007,35.19821101800005],[78.80348010400007,35.24443504800007],[78.78847252900005,35.26632431000007],[78.79138696400008,35.279687565000074],[78.82394992600007,35.31961719800006],[78.86268543900007,35.325984248000054],[78.87236734700008,35.33857312400005],[78.86630925500003,35.36961031000004],[78.82672671100005,35.38821112000005],[78.81313819700006,35.41769946900007],[78.77553158400008,35.459936783000046],[78.66689308000008,35.533043177000025],[78.65600539700006,35.57106142600003],[78.63659556100004,35.58755654200007],[78.63467276600005,35.60996848100007],[78.62230511400008,35.617922290000024],[78.61890979300006,35.64213480800004],[78.58877266900004,35.66684696000004],[78.59111479000006,35.69554952000004],[78.62541729700007,35.73602086200003],[78.63944028300006,35.77737334300008],[78.76227689200005,35.81002469500004],[78.80467448600007,35.84008548000003],[78.87797978100008,35.84835625200003],[78.92473415900008,35.83218931400006],[78.96113506000006,35.831132756000045],[79.01471769600005,35.85746270900006],[79.04917305000004,35.855654628000025],[79.11128565700005,35.871806728000024],[79.12543844000004,35.89843408300004],[79.16496737400007,35.91662701400003],[79.24558951100005,35.91909931300006],[79.25102932700008,35.936380375000056],[79.21150780100004,35.95624770000006],[79.15343089800007,36.00208229300006]]}},{"type":"Feature","properties":{"name":"渭河","level":"river_l3"},"geometry":{"type":"LineString","coordinates":[[104.78881238400004,34.792830338000044],[104.75962150500004,34.80330967000003],[104.73945655900008,34.840141628000026],[104.74398858100005,34.84842736500008],[104.72021476300006,34.86793631900008],[104.73096509000004,34.92214462100003],[104.70983120000005,34.964233378000074],[104.69426682500006,34.97698629700005]]}},{"type":"Feature","properties":{"name":"渭河","level":"river_l3"},"geometry":{"type":"LineString","coordinates":[[104.78881238400004,34.792830338000044],[104.81885783700005,34.79815191300003],[104.82165780100007,34.76880463800006],[104.85445748000006,34.756059305000065],[104.88729525200006,34.728253136000035],[104.96283613900005,34.74110119900007],[105.03658415900009,34.77874166000004],[105.05934332100009,34.78249918200004],[105.09030427200008,34.772698879000075],[105.16862990200008,34.76736177300006],[105.21047064400005,34.74623148100005],[105.34436284700007,34.76025053200004]]}},{"type":"Feature","properties":{"name":"渭河","level":"river_l3"},"geometry":{"type":"LineString","coordinates":[[105.34436284700007,34.76025053200004],[105.44337992400006,34.73621702600008],[105.46981648700006,34.72072123400005],[105.47804887200004,34.72821729700007],[105.52790065500005,34.69340328900006],[105.56083782000007,34.72186162000003],[105.59354595200006,34.712683122000044],[105.62450694200004,34.71404110900005],[105.64440492000006,34.69813714900005],[105.66623325000006,34.69727494600005],[105.68977818400003,34.681344273000036],[105.71883937600006,34.67666724900005]]}},{"type":"Feature","properties":{"name":"渭河","level":"river_l3"},"geometry":{"type":"LineString","coordinates":[[110.13569948500009,34.656560574000025],[110.14499228800008,34.64462021600008],[110.28377477200007,34.61459340700003]]}},{"type":"Feature","properties":{"name":"渭河","level":"river_l3"},"geometry":{"type":"LineString","coordinates":[[105.71883937600006,34.67666724900005],[105.73604412200007,34.666783053000074],[105.73856942800006,34.64193343000005],[105.75581997800003,34.63882050600006],[105.76293834500007,34.622222287000056],[105.79742418700005,34.615988809000044],[105.82476112500007,34.621833011000035],[105.83554935500007,34.60972098700006],[105.85373836200006,34.61035419500007],[105.87712303700005,34.58535573900008],[105.86603713400007,34.56736898100007]]}},{"type":"Feature","properties":{"name":"渭河","level":"river_l3"},"geometry":{"type":"LineString","coordinates":[[105.86603713400007,34.56736898100007],[105.94044111500006,34.558556588000044],[105.96028569200007,34.54486139800008]]}},{"type":"Feature","properties":{"name":"渭河","level":"river_l3"},"geometry":{"type":"LineString","coordinates":[[105.96028569200007,34.54486139800008],[106.00109648600005,34.53927641700005],[106.01778257300003,34.56849393500005],[106.02870819200007,34.570664527000076],[106.04047304400007,34.566803916000026],[106.06099659000006,34.53652578200007],[106.07192220800005,34.538692559000026],[106.07573707300008,34.55295990500008],[106.08578529500005,34.55738886200004],[106.12375783800007,34.543506695000076],[106.13173072300003,34.52762947000008],[106.16810111500007,34.531062691000045],[106.20289987700005,34.55180748300006],[106.24706762600005,34.52804496300007],[106.27525143500009,34.53001713700007],[106.30053594300006,34.52072802500004],[106.36690598800004,34.52529034100007],[106.39573824900003,34.511423457000035],[106.41504886700005,34.52626297900008],[106.44232475400008,34.52901718900006]]}},{"type":"Feature","properties":{"name":"渭河","level":"river_l3"},"geometry":{"type":"LineString","coordinates":[[109.30371252500004,34.54769681500005],[109.32461761800005,34.53862514600007],[109.34707925500004,34.549539211000024],[109.37841398900008,34.53275397900006],[109.40530082900005,34.54899730400007],[109.47128181300008,34.56661000300005],[109.50887284800007,34.553650993000076],[109.52121744100003,34.53051800000003],[109.54865349200008,34.52341092900008],[109.54989704100007,34.50838442700007],[109.55627539300008,34.50772825900003],[109.63209098000004,34.53179937700003],[109.64050661600004,34.56464859100004],[109.66019872700008,34.57998020200006],[109.66968246700009,34.604940405000036],[109.69827052900007,34.586533891000045],[109.71880954700003,34.60562689200003],[109.72653822600006,34.58316150600007],[109.74570379900007,34.58041478100006],[109.75651498900004,34.58582794300003],[109.75701865100007,34.60614938100008],[109.77413954700006,34.61465250900005],[109.79323647300004,34.615659547000064],[109.82091660200007,34.59570804100008],[109.85149619200007,34.61490781900005],[109.87173749100003,34.60312382800004],[109.89236805000007,34.619184061000055],[109.91428790400005,34.61493810800005],[109.93108083200008,34.64297682700004],[109.97022074700004,34.643442089000075],[109.99519263300004,34.673826879000046],[110.00525607300006,34.67017989300007],[110.01043638500005,34.634126199000036],[110.03685009700007,34.63292443900008],[110.06397343200007,34.64450988700003],[110.09230977400006,34.63729218000003],[110.10024465700008,34.65317697800003],[110.11739608000005,34.66314117200005],[110.13569948500009,34.656560574000025]]}},{"type":"Feature","properties":{"name":"渭河","level":"river_l3"},"geometry":{"type":"LineString","coordinates":[[109.09467598200007,34.46828865900005],[109.08019496800006,34.46651101200007],[109.05990771500007,34.44430512900004],[109.02372806400007,34.43909042100006]]}},{"type":"Feature","properties":{"name":"渭河","level":"river_l3"},"geometry":{"type":"LineString","coordinates":[[109.09467598200007,34.46828865900005],[109.12939068700007,34.461414269000045],[109.17409238400006,34.42085134100006],[109.19040450200004,34.42190035500005],[109.21169884900007,34.441092541000046],[109.25060989000008,34.44410609800008],[109.27858028300005,34.489677605000054],[109.27327030100008,34.53455112000006],[109.30371252500004,34.54769681500005]]}},{"type":"Feature","properties":{"name":"渭河","level":"river_l3"},"geometry":{"type":"LineString","coordinates":[[108.91205325700008,34.40676799900007],[108.93934437400009,34.40506269000008],[108.97930844100006,34.43596243700006],[109.02372806400007,34.43909042100006]]}},{"type":"Feature","properties":{"name":"渭河","level":"river_l3"},"geometry":{"type":"LineString","coordinates":[[106.44232475400008,34.52901718900006],[106.46236776600006,34.53173708500003],[106.50384991400006,34.51468862100006],[106.53964031700008,34.48489873600005],[106.55524292000007,34.494489102000045],[106.56789280600009,34.49056745000007],[106.57122688200008,34.47472075600007],[106.59563399800004,34.469139632000065],[106.59268128700006,34.457134462000056],[106.61347960100005,34.45310597200006],[106.62537399100006,34.41004446200003],[106.64138848600004,34.39402988100005],[106.72790057800006,34.36726880200007],[106.79616279900006,34.38060514800003],[106.81240623300005,34.37660719000007],[106.82709327900005,34.38542696700006],[106.83960581100007,34.37696188700005],[106.85543734400005,34.39629906700003],[106.86432581000008,34.38788740500007],[106.87726568400006,34.39898462300005],[106.88975532400008,34.389764213000035],[106.90368706400005,34.40460756300007],[106.91629880100004,34.40064776200006],[106.91514668400004,34.390126544000054],[106.92237192200008,34.38850904700007],[106.94264386900005,34.40250167800008],[106.96723413800004,34.407384551000064],[106.98884117700004,34.400266068000064],[106.99391480200006,34.38437359200003],[107.03043018500006,34.395077816000025],[107.06703697200004,34.37113983100005],[107.09803612700006,34.37815134300007],[107.14182245000006,34.36988072300005]]}},{"type":"Feature","properties":{"name":"渭河","level":"river_l3"},"geometry":{"type":"LineString","coordinates":[[107.14182245000006,34.36988072300005],[107.16718321100007,34.352122749000046],[107.21095435200004,34.36189232300006],[107.30777412900005,34.35486516700007]]}},{"type":"Feature","properties":{"name":"渭河","level":"river_l3"},"geometry":{"type":"LineString","coordinates":[[108.91205325700008,34.40676799900007],[108.78244120900007,34.37019976100004],[108.75410471600009,34.34776501500005],[108.68875694500008,34.319993486000044]]}},{"type":"Feature","properties":{"name":"渭河","level":"river_l3"},"geometry":{"type":"LineString","coordinates":[[107.30777412900005,34.35486516700007],[107.35180457300004,34.34124238000004],[107.45233235900008,34.33854882400004],[107.50727315900008,34.326909697000076],[107.55009044900004,34.30345235500005],[107.66792221700007,34.30549672400008]]}},{"type":"Feature","properties":{"name":"渭河","level":"river_l3"},"geometry":{"type":"LineString","coordinates":[[107.63322269200006,34.29644812300006],[107.66792221700007,34.30549672400008]]}},{"type":"Feature","properties":{"name":"渭河","level":"river_l3"},"geometry":{"type":"LineString","coordinates":[[107.14182245000006,34.36988072300005],[107.16528342100008,34.348391879000076],[107.21172492000005,34.356608821000066],[107.31485438400006,34.348711872000024],[107.34446486800005,34.33761834100005],[107.49815576100008,34.32483828900007],[107.52922345300004,34.303128161000075],[107.63322269200006,34.29644812300006]]}},{"type":"Feature","properties":{"name":"渭河","level":"river_l3"},"geometry":{"type":"LineString","coordinates":[[107.66792221700007,34.30549672400008],[107.72003241700008,34.29156872300007],[107.77285224700006,34.29446399200003]]}},{"type":"Feature","properties":{"name":"渭河","level":"river_l3"},"geometry":{"type":"LineString","coordinates":[[108.13042156300008,34.26043864900004],[108.35994320300006,34.25656969800008],[108.44247284600004,34.28117107700007],[108.47184680900006,34.27134023900004],[108.51962348500007,34.279248163000034],[108.64247571400006,34.32046286100007],[108.68220313900008,34.32661981600006],[108.68875694500008,34.319993486000044]]}},{"type":"Feature","properties":{"name":"渭河","level":"river_l3"},"geometry":{"type":"LineString","coordinates":[[107.77285224700006,34.29446399200003],[107.80389707900008,34.279914244000054],[107.83287422600006,34.25215003200003],[107.87192260500007,34.25577015600004],[107.90969690800006,34.27446637500003],[108.04834223800009,34.27251657100004],[108.13042156300008,34.26043864900004]]}},{"type":"Feature","properties":{"name":"渭河","level":"river_l3"},"geometry":{"type":"LineString","coordinates":[[108.14137757000009,34.235135040000046],[108.12806386200003,34.228005221000046],[108.04936448700005,34.24695358800005],[108.02070761700008,34.237882083000045],[107.93841461900007,34.240659519000076],[107.83214168400008,34.230329374000064],[107.78442624200005,34.26604368900007],[107.77285224700006,34.29446399200003]]}},{"type":"Feature","properties":{"name":"渭河","level":"river_l3"},"geometry":{"type":"LineString","coordinates":[[108.68875694500008,34.319993486000044],[108.67200987300004,34.30532181900003],[108.66363245400004,34.284061963000056],[108.61462732500007,34.25811766800007],[108.56762888900005,34.25402835700004],[108.51043719500007,34.23011356100005],[108.47608103700009,34.22779046100004],[108.46587252400008,34.20872793500007],[108.44487583600005,34.21033403500007]]}},{"type":"Feature","properties":{"name":"渭河","level":"river_l3"},"geometry":{"type":"LineString","coordinates":[[108.44487583600005,34.21033403500007],[108.39373448900005,34.199446762000036],[108.35966070700005,34.214412336000066],[108.29934093600008,34.20386460800006],[108.27261445800008,34.215980502000036],[108.23693831600008,34.20075956300008],[108.21745234100007,34.213050914000064],[108.18661344800006,34.213749122000024],[108.16413669600007,34.232727828000066],[108.14137757000009,34.235135040000046]]}},{"type":"Feature","properties":{"name":"通榆运河","level":"river_l3"},"geometry":{"type":"LineString","coordinates":[[120.0199899370001,33.555062872000065],[119.83639313300012,33.77340376800004]]}},{"type":"Feature","properties":{"name":"通榆运河","level":"river_l3"},"geometry":{"type":"LineString","coordinates":[[120.0199899370001,33.555062872000065],[120.15108815000008,33.417805764000036]]}},{"type":"Feature","properties":{"name":"通榆运河","level":"river_l3"},"geometry":{"type":"LineString","coordinates":[[120.15108815000008,33.417805764000036],[120.30274014000008,33.23855908200005]]}},{"type":"Feature","properties":{"name":"通榆运河","level":"river_l3"},"geometry":{"type":"LineString","coordinates":[[120.30274014000008,33.23855908200005],[120.32032618500011,33.21773782500003],[120.31876911400002,33.14051111200007]]}},{"type":"Feature","properties":{"name":"通榆运河","level":"river_l3"},"geometry":{"type":"LineString","coordinates":[[120.31876911400002,33.14051111200007],[120.313747637,32.993122698000036]]}},{"type":"Feature","properties":{"name":"通榆运河","level":"river_l3"},"geometry":{"type":"LineString","coordinates":[[120.313747637,32.993122698000036],[120.31353384600004,32.97313317000004]]}},{"type":"Feature","properties":{"name":"通榆运河","level":"river_l3"},"geometry":{"type":"LineString","coordinates":[[120.31353384600004,32.97313317000004],[120.31020669600002,32.893327664000026],[120.33684126100002,32.85027754200007]]}},{"type":"Feature","properties":{"name":"通榆运河","level":"river_l3"},"geometry":{"type":"LineString","coordinates":[[120.33684126100002,32.85027754200007],[120.47805568800004,32.63637732300003],[120.47504897500005,32.554900935000035]]}},{"type":"Feature","properties":{"name":"通榆运河","level":"river_l3"},"geometry":{"type":"LineString","coordinates":[[120.47504897500005,32.554900935000035],[120.47671217300001,32.54825936700007]]}},{"type":"Feature","properties":{"name":"通扬运河","level":"river_l3"},"geometry":{"type":"LineString","coordinates":[[120.47671217300001,32.54825936700007],[120.43596244200012,32.53908883200006]]}},{"type":"Feature","properties":{"name":"通扬运河","level":"river_l3"},"geometry":{"type":"LineString","coordinates":[[120.47671217300001,32.54825936700007],[120.50713878600004,32.52274583900004]]}},{"type":"Feature","properties":{"name":"新通扬运河","level":"river_l3"},"geometry":{"type":"LineString","coordinates":[[120.47504897500005,32.554900935000035],[119.9092532730001,32.51777474200003]]}},{"type":"Feature","properties":{"name":"通扬运河","level":"river_l3"},"geometry":{"type":"LineString","coordinates":[[120.43596244200012,32.53908883200006],[120.42312944500009,32.53647958500005],[120.39146641000002,32.50849824000005],[120.36742554500006,32.50647653500005],[120.3499307830001,32.49322022000007],[120.25656749500001,32.49915276000007]]}},{"type":"Feature","properties":{"name":"新通扬运河","level":"river_l3"},"geometry":{"type":"LineString","coordinates":[[119.9092532730001,32.51777474200003],[119.69345772800011,32.50479419800007],[119.65572156300004,32.48014701100004]]}},{"type":"Feature","properties":{"name":"通扬运河","level":"river_l3"},"geometry":{"type":"LineString","coordinates":[[119.9023939330001,32.47490028800007],[119.82586137600003,32.462243224000076],[119.80382720800003,32.47508013600003],[119.76534350500003,32.47114729600003],[119.7202222190001,32.48857735100006],[119.71062411500009,32.47894122900004],[119.65572156300004,32.48014701100004]]}},{"type":"Feature","properties":{"name":"通扬运河","level":"river_l3"},"geometry":{"type":"LineString","coordinates":[[120.25656749500001,32.49915276000007],[120.15827553100007,32.510563372000036],[119.97743837200005,32.44327902300006],[119.95660962300008,32.44874955700004],[119.94135823500005,32.47050161000004],[119.92093387500006,32.478478463000044],[119.9023939330001,32.47490028800007]]}},{"type":"Feature","properties":{"name":"新通扬运河","level":"river_l3"},"geometry":{"type":"LineString","coordinates":[[119.65572156300004,32.48014701100004],[119.54896011100004,32.41052375800007],[119.52926817800005,32.417070057000046],[119.50608236700009,32.48558392500007],[119.49378357100011,32.49990092300004]]}},{"type":"Feature","properties":{"name":"通扬运河","level":"river_l3"},"geometry":{"type":"LineString","coordinates":[[120.71810331800009,32.35554595000008],[120.680275875,32.36503737900006],[120.65665480000007,32.383035720000066],[120.6507572480001,32.39842464000003],[120.55899612400003,32.39684584100007],[120.50713878600004,32.52274583900004]]}},{"type":"Feature","properties":{"name":"通吕运河","level":"river_l3"},"geometry":{"type":"LineString","coordinates":[[121.5869129890001,32.056266383000036],[121.44233992700003,32.06195127700005],[120.83944942000005,32.03378632400006]]}},{"type":"Feature","properties":{"name":"通扬运河","level":"river_l3"},"geometry":{"type":"LineString","coordinates":[[120.71810331800009,32.35554595000008],[120.72601496900006,32.32600412800008],[120.75129910100009,32.28374749200003],[120.76085850700008,32.224454070000036],[120.76178879700001,32.15891206300006],[120.7463231270001,32.09740620300005],[120.75659246500004,32.08559935200003],[120.79466408300004,32.07999138400004],[120.83944942000005,32.03378632400006]]}},{"type":"Feature","properties":{"name":"萨特累季河(郎钦藏布、象泉河)","level":"river_l3"},"geometry":{"type":"LineString","coordinates":[[78.65256938200008,31.809250821000035],[78.68346155100005,31.830096909000076],[78.73133725900004,31.843282937000026],[78.75313507700008,31.835868950000076],[78.77223213000008,31.804660133000027],[78.80320065800004,31.812852527000075],[78.83971595800006,31.810741163000046],[78.87243184900007,31.780873297000028],[78.88549385900006,31.754640865000056],[78.92908196600007,31.71862739200003],[78.92602258400007,31.699875728000052],[78.94231199500007,31.657026036000047],[78.95368013100006,31.65183222400003],[78.99534540200005,31.652225293000072],[79.03555319600008,31.699620518000074],[79.08175815800007,31.684126864000064],[79.13276200100006,31.698468784000056],[79.18434589500004,31.670104010000045],[79.24202566000008,31.681039334000047],[79.25388977800003,31.663443606000044],[79.27020949700005,31.664879934000055],[79.28344697000006,31.64181569300007]]}},{"type":"Feature","properties":{"name":"萨特累季河(郎钦藏布、象泉河)","level":"river_l3"},"geometry":{"type":"LineString","coordinates":[[80.66060063000003,31.12730265500005],[80.63720827000003,31.124628407000046],[80.56925913700007,31.093020661000025],[80.55123048100006,31.06848380200006],[80.51441010000008,31.046010693000028],[80.49809039600007,31.041047586000047],[80.45293074000006,31.046720056000026],[80.43003421300006,31.06630326800007],[80.40787784100007,31.065931256000056],[80.35023604900005,31.095669360000045],[80.32505834800008,31.09677557400005],[80.21968558800006,31.16366587600004],[80.14409899100008,31.186647907000065],[80.12569632500004,31.200386855000033],[80.11221469700007,31.227176254000028],[80.09512436300008,31.231317166000053],[80.07994130500003,31.26446583300003],[80.02868558800003,31.271364737000056],[79.99798393700007,31.298825485000066],[80.01192312000006,31.323039980000033],[79.94175338900004,31.38011680900007],[79.92044374300008,31.415981593000026],[79.92101588200006,31.43437275100007],[79.88959712200005,31.444560076000073],[79.89393826600008,31.46746987800003],[79.87669528800006,31.483060914000077],[79.84074458900005,31.482715557000063],[79.81734452200004,31.497812556000042],[79.75927567100007,31.480674371000077],[79.72281372800006,31.49382577800003],[79.66649202700006,31.483840350000037],[79.59253814900006,31.50888808800005],[79.56786405000008,31.49931476200004],[79.53558318500006,31.500426669000035],[79.47291341700003,31.54220997400006],[79.44241785400004,31.548889588000065],[79.41896423900005,31.594228419000046],[79.36060528500008,31.616634455000053],[79.36312300200007,31.628004477000047],[79.35156411000008,31.636665943000025],[79.28344697000006,31.64181569300007]]}},{"type":"Feature","properties":{"name":"萨特累季河(郎钦藏布、象泉河)","level":"river_l3"},"geometry":{"type":"LineString","coordinates":[[81.18946942600007,31.179992378000065],[81.16891541900003,31.14215520700003],[81.12646444400008,31.104068102000042],[81.06289466800007,31.07929077700004],[81.03524513500008,31.040040201000068],[80.96656344500008,31.03524097500008],[80.93049076300008,31.012222354000073],[80.90995182000006,31.023466421000023],[80.89834708400008,31.04947570300004],[80.86179360100004,31.060170389000064],[80.83312907300007,31.08490166100006],[80.80965275600005,31.08983031400004],[80.75830536900008,31.124548666000067],[80.68609873400004,31.136244627000053],[80.66060063000003,31.12730265500005]]}},{"type":"Feature","properties":{"name":"钱塘江","level":"river_l3"},"geometry":{"type":"LineString","coordinates":[[120.21524415400006,30.26468964000003],[120.23924698400003,30.284890765000057],[120.28694730500001,30.30342088200007],[120.31864812800006,30.286763405000045],[120.30585320500006,30.272225286000037],[120.31338353300009,30.261532372000033],[120.34071267700006,30.255590681000058],[120.36225873100011,30.26905679600003],[120.39344107400007,30.299082888000044],[120.39696606500002,30.316054897000072],[120.38531585600003,30.340227415000072],[120.3924115850001,30.36982256500005],[120.37801443500007,30.35367270300003],[120.3802191530001,30.320951278000052],[120.36402139600011,30.30135475700007],[120.36383078100005,30.318752136000057],[120.37268882300009,30.331422934000045],[120.36560867200001,30.346365528000035],[120.37395555300009,30.361882166000044],[120.42040472000008,30.394059721000076],[120.48831576300006,30.404279193000036],[120.6326676110001,30.408688315000063],[120.66480338000008,30.400650365000047]]}},{"type":"Feature","properties":{"name":"钱塘江","level":"river_l3"},"geometry":{"type":"LineString","coordinates":[[120.13494231600009,30.205783891000067],[120.16183666200004,30.212240291000057],[120.1983367680001,30.233896695000055],[120.21791444000007,30.254692952000028],[120.21524415400006,30.26468964000003]]}},{"type":"Feature","properties":{"name":"钱塘江","level":"river_l3"},"geometry":{"type":"LineString","coordinates":[[120.13695644200004,30.19366808700005],[120.19616984600009,30.217161195000074],[120.22368992100007,30.238033706000067],[120.24210033500003,30.268662607000067],[120.28661911400002,30.286704447000034],[120.30245784600004,30.245178399000054],[120.35565895900004,30.244041306000042],[120.39918603700005,30.282646809000028],[120.4354957600001,30.354145429000027],[120.55943083200009,30.35896856900007],[120.56863980100002,30.366588574000048],[120.61225801500007,30.346739955000032]]}},{"type":"Feature","properties":{"name":"马甲藏布(呼那卡那里河)","level":"river_l3"},"geometry":{"type":"LineString","coordinates":[[81.30905982900003,30.155708911000033],[81.26775300800006,30.194144830000027],[81.22447786100008,30.202884417000064],[81.19971971400008,30.224600106000025],[81.17439680700005,30.290380569000035],[81.18363615900006,30.31616102600003],[81.14091030100008,30.335456170000043],[81.12375125800008,30.351892194000072],[81.10701939300003,30.38900444500007],[81.10458533300005,30.444952321000073],[81.09448361900007,30.475348632000077],[81.04837018000006,30.50345786400004],[81.02351277500009,30.542818915000055],[80.97397378900007,30.533592672000054],[80.95388502700007,30.537050730000033],[80.90584894900007,30.55936908500007],[80.88324233900005,30.582645031000027],[80.84584956900005,30.602584888000024],[80.81803975600008,30.578564906000054],[80.76541846700007,30.555603458000064],[80.72335658700007,30.52335109200004],[80.72275399900008,30.485668479000026],[80.70288660400007,30.462228371000037],[80.69932365800008,30.44235324400006]]}},{"type":"Feature","properties":{"name":"富春江","level":"river_l3"},"geometry":{"type":"LineString","coordinates":[[120.17475272100012,30.093306320000067],[120.18300805000001,30.109646956000063],[120.12220827500005,30.169247747000043],[120.1204383050001,30.182736876000035],[120.13695644200004,30.19366808700005]]}},{"type":"Feature","properties":{"name":"大渡河(马柯河、大金川)","level":"river_l3"},"geometry":{"type":"LineString","coordinates":[[100.37719660300007,33.629175290000035],[100.41301760400006,33.60327273100006],[100.43727970000003,33.55962372500005],[100.41622185700004,33.50752499300006],[100.41819026500008,33.490144749000024],[100.45700200700009,33.43024466300005],[100.48343097500003,33.418151702000046],[100.48672691500008,33.39018537800007],[100.51803114300009,33.34555214300008],[100.53665502500007,33.340466985000035],[100.55271532200004,33.31737596100004],[100.57148417500008,33.316048384000055],[100.58145604700007,33.29766102100007],[100.59579972500006,33.29797000000008],[100.62008475500005,33.27913628400006],[100.64159248100003,33.197865695000075],[100.68675207300004,33.145969054000034],[100.71734672000008,33.09000585300004],[100.69415253400007,33.011661280000055],[100.71013653300008,32.98930269700003],[100.71121227800006,32.973452190000046],[100.72452595200008,32.97151425100003],[100.73902978100006,32.93639897000003],[100.80533102700008,32.88301452500008],[100.81547076100009,32.87062784500006],[100.81481458500008,32.856337594000024],[100.82783069200008,32.84837608200007],[100.80763500000006,32.79707082600004],[100.79307768200005,32.790772607000065],[100.78553956700006,32.76239429900005],[100.81952950500005,32.76504172400007],[100.82528988100006,32.773888244000034],[100.83439198100007,32.75852220500008],[100.85303112600008,32.75714884900003],[100.85309212700008,32.739070498000046],[100.86594037600008,32.72809147700008],[100.86862596200007,32.709173865000025],[100.90724708400006,32.71615871400007],[100.92902957300004,32.68679614400003],[100.94328932300004,32.68706315900005],[100.96782610700006,32.65985976400003],[100.98451969400008,32.655518494000034],[100.98932636600006,32.66288487200006],[101.01421416600004,32.66202269000007],[101.04719702700004,32.68121110000004],[101.07486201100005,32.68249664800004],[101.09398943400004,32.67278413100007],[101.11361280300008,32.673592840000026],[101.10753956200006,32.64066347100004],[101.11712997800004,32.63655872800007],[101.13179411400006,32.64507334700005],[101.22805684900004,32.594889470000055],[101.27681774100006,32.608916426000064],[101.29591464300006,32.598440948000075],[101.36645043200008,32.602591346000054],[101.38541762600005,32.59057850200003],[101.51264140200004,32.575128352000036],[101.52294136500007,32.56794887700005],[101.55478718700004,32.483809534000045],[101.53035703700004,32.42527523600006],[101.53055534600009,32.39736613800005],[101.55847970800005,32.38725305100007],[101.61114683600005,32.345217654000066],[101.61474797800008,32.32926795700007],[101.60386047300005,32.30787074500006],[101.60826265200006,32.25872844600008],[101.60068639400004,32.234901199000035],[101.61261905500004,32.21031096000007],[101.62526896200006,32.21433174300006],[101.64823405600004,32.196104578000075],[101.68384136500003,32.153199432000065],[101.70849263600007,32.149952995000035],[101.73242673300007,32.15121947100005],[101.74749525400006,32.16717676800005],[101.78300350700005,32.18306155000005],[101.79992599300004,32.185365664000074],[101.81978585600007,32.17699595400006],[101.83207719100005,32.19005018900003],[101.82997910000006,32.213515046000055],[101.87228532300009,32.22230428200004],[101.97855812400007,32.19014150300006],[102.01724780200004,32.15217652000007],[102.02631933700007,32.12002916100005],[102.01710273100008,32.10549859200006],[102.00806910700004,32.03450512400008],[102.04155536600007,31.986875346000033],[102.05528857200005,31.94505745300006],[102.01121981000006,31.891289786000073],[101.99424391300005,31.88646027300007],[101.97194249200004,31.85763756600005],[101.91427022200008,31.842342208000048],[101.90479417000006,31.809357529000067],[101.90725851700006,31.801067958000033],[101.95348626800006,31.771981916000072],[101.98047982300005,31.76684905500008],[102.00024048500006,31.752936435000038],[102.02813422700007,31.70049429200003],[102.03037723900007,31.659141823000027],[102.05470040000006,31.641668078000066],[102.07560542700008,31.59399063400008],[102.06387861400003,31.54928306900007],[102.06495431600007,31.51693544500006],[102.06973036500005,31.47789855700006],[102.08598140500004,31.46398785100007],[102.04491870700008,31.40500724700007],[101.99991918600006,31.370330761000048],[101.98498798500003,31.346194525000044],[101.99235050600004,31.32200675400003],[102.01788681000005,31.320759272000032],[102.02473815200005,31.299091179000072],[102.04536858600005,31.284537671000066],[102.04056190100005,31.270865425000068],[102.01077584400008,31.244526165000025],[102.00870049600007,31.201552410000033],[101.93277055400006,31.173736896000037],[101.89369924500005,31.139264489000027],[101.86968114500007,31.098762762000035],[101.86856704200005,31.01453381500005],[101.88387189700006,30.948064659000067],[101.87582254500006,30.89441709400006],[101.88037740100003,30.88494111500006],[101.90536437100008,30.883981652000045],[101.91184187400006,30.86736626700008],[101.93275460300003,30.852976795000075],[101.94336728100006,30.802159784000025],[101.97006327200006,30.796115186000065],[101.97900510300008,30.762958809000054],[102.04706870800004,30.698635394000064],[102.04558849000006,30.663947390000033],[102.07232254000007,30.617902671000024],[102.05218026700004,30.56844759300003],[102.05508707000007,30.532361457000036],[102.10632740900007,30.479379478000055],[102.11845068400004,30.399072127000068],[102.18295113600004,30.279332975000045],[102.19128257100004,30.23433354100007],[102.20502344400006,30.210550127000033],[102.18908515700008,30.193600982000078],[102.18126475100007,30.16629653900003],[102.17371887400009,30.074964436000073]]}},{"type":"Feature","properties":{"name":"富春江","level":"river_l3"},"geometry":{"type":"LineString","coordinates":[[119.68754813400005,29.811956187000078],[119.72463571100002,29.83335891100006],[119.75250684900004,29.870163924000053],[119.79588123300005,29.895202116000064],[119.82308838300003,29.900584653000067],[119.85504905800008,29.948353368000028],[119.89576826600012,29.961678239000037],[119.92560784900002,29.999579993000054],[119.94179052300001,30.04534792800007],[119.963191531,30.04683367900003],[119.99234434100003,30.068659883000066],[119.989132186,30.05448221000006],[120.04041059500003,30.046329720000074],[120.03999866400011,30.055943009000032],[120.08224384200003,30.076779204000047],[120.1237414410001,30.114766726000028],[120.16603224500011,30.113826155000027],[120.1163943900001,30.149494763000064],[120.10851313700005,30.165442561000077],[120.10298180500001,30.182555766000064],[120.13494231600009,30.205783891000067]]}},{"type":"Feature","properties":{"name":"富春江","level":"river_l3"},"geometry":{"type":"LineString","coordinates":[[119.65158916300004,29.70553117700007],[119.63591819700002,29.73668479300005],[119.65931083700002,29.784070169000074],[119.68754813400005,29.811956187000078]]}},{"type":"Feature","properties":{"name":"富春江","level":"river_l3"},"geometry":{"type":"LineString","coordinates":[[119.66259865000006,29.704197849000025],[119.65149025400001,29.746494463000033],[119.67517283500001,29.796395695000058],[119.72854964900012,29.827384920000043],[119.7581222020001,29.86653793100004],[119.80288505600004,29.87476621500008],[119.8383780800001,29.900740980000023],[119.85894008200012,29.938703820000057],[119.90977621500008,29.965273612000033],[119.93676236400006,30.007774117000054],[119.95689692100007,30.01820938800006],[119.96493861700003,30.033985436000023],[120.03336843700004,30.039384921000078],[120.15067376100001,30.096497525000075],[120.16883221700004,30.10148908900004],[120.166337268,30.090933561000043],[120.17475272100012,30.093306320000067]]}},{"type":"Feature","properties":{"name":"富春江","level":"river_l3"},"geometry":{"type":"LineString","coordinates":[[119.48760526300009,29.533471332000033],[119.5412489790001,29.54527594800004],[119.58026713400011,29.61099897400004],[119.6328504710001,29.64269394300004],[119.6400071060001,29.65482305200004],[119.63534553200009,29.67042559400005],[119.65158916300004,29.70553117700007]]}},{"type":"Feature","properties":{"name":"大渡河(马柯河、大金川)","level":"river_l3"},"geometry":{"type":"LineString","coordinates":[[103.65108413400009,29.52197559500007],[103.64768895200007,29.51891803600006],[103.64253133800008,29.51885319400003],[103.64675814900005,29.522673712000028],[103.65108413400009,29.52197559500007]]}},{"type":"Feature","properties":{"name":"乌江","level":"river_l3"},"geometry":{"type":"LineString","coordinates":[[107.47336335100005,29.511748915000055],[107.48882869000005,29.54990834000006],[107.44592759300008,29.59580624700004],[107.38938465100006,29.609516798000072],[107.38444084700006,29.660814456000026],[107.40411771300006,29.694398015000047],[107.40283601300007,29.715507226000057]]}},{"type":"Feature","properties":{"name":"大渡河(马柯河、大金川)","level":"river_l3"},"geometry":{"type":"LineString","coordinates":[[103.64263813600007,29.512076196000066],[103.64095198800004,29.509796854000058],[103.63835792300006,29.510514042000068],[103.63917429900005,29.513537272000065],[103.64263813600007,29.512076196000066]]}},{"type":"Feature","properties":{"name":"大渡河(马柯河、大金川)","level":"river_l3"},"geometry":{"type":"LineString","coordinates":[[103.62221364900006,29.499010534000035],[103.62057327100007,29.49371559000008],[103.61630068800008,29.492153436000024],[103.61620914600007,29.497425494000026],[103.62221364900006,29.499010534000035]]}},{"type":"Feature","properties":{"name":"大渡河(马柯河、大金川)","level":"river_l3"},"geometry":{"type":"LineString","coordinates":[[103.60519197100007,29.48749176700005],[103.60770975000008,29.49129130700004],[103.60426117000009,29.491998959000057],[103.60261316600008,29.488210862000074],[103.60519197100007,29.48749176700005]]}},{"type":"Feature","properties":{"name":"大渡河(马柯河、大金川)","level":"river_l3"},"geometry":{"type":"LineString","coordinates":[[103.59509034100006,29.474555788000032],[103.59341945000006,29.471519208000075],[103.59083301500004,29.47224021100004],[103.59249627700007,29.475272976000042],[103.59509034100006,29.474555788000032]]}},{"type":"Feature","properties":{"name":"大渡河(马柯河、大金川)","level":"river_l3"},"geometry":{"type":"LineString","coordinates":[[103.57983109800006,29.46154924500007],[103.57645880300004,29.45774017100007],[103.57555851500007,29.459987091000073],[103.57983109800006,29.46154924500007]]}},{"type":"Feature","properties":{"name":"大渡河(马柯河、大金川)","level":"river_l3"},"geometry":{"type":"LineString","coordinates":[[103.57400205100004,29.45017542000005],[103.57569582800005,29.45170324600008],[103.57574922800006,29.44869145900003],[103.57230827500007,29.448643780000054],[103.57400205100004,29.45017542000005]]}},{"type":"Feature","properties":{"name":"赣江","level":"river_l3"},"geometry":{"type":"LineString","coordinates":[[116.23926758700009,29.338426610000056],[116.23450692600011,29.374049220000074],[116.21617310600004,29.390090529000076],[116.22398588300007,29.402805218000026],[116.21672262300001,29.422361814000055],[116.21453281100003,29.40178670800003],[116.19687036200003,29.412090557000056],[116.20729227200002,29.392266910000046],[116.19910561200004,29.373828118000063],[116.19596994300002,29.390123044000063],[116.1769187000001,29.364270238000074],[116.17818528800001,29.37730539900008],[116.15835592000008,29.367713175000063],[116.15562467100006,29.392930913000043],[116.15060438900002,29.391391664000025],[116.152938758,29.341452126000036],[116.16455102600003,29.346113758000058],[116.19091122700002,29.338678600000037],[116.1846092720001,29.35409804300008],[116.1933070230001,29.35673212300003],[116.20314906700003,29.33393865900007],[116.20450732800009,29.36757563900005],[116.22142217900011,29.374909514000024],[116.22752570400007,29.34895741300005],[116.23926758700009,29.338426610000056]]}},{"type":"Feature","properties":{"name":"赣江","level":"river_l3"},"geometry":{"type":"LineString","coordinates":[[115.96937079700001,29.35073242800007],[115.97513117800008,29.357379690000073],[115.95806381700004,29.364454308000063],[115.98377556700007,29.367921848000037],[115.98063973400008,29.35555619200005],[115.99376261600003,29.352365055000064],[115.99666180300005,29.342065086000048],[115.97857198200006,29.332428984000046],[115.97174354600008,29.341121032000046],[115.98327191100009,29.349833982000064],[115.96203110400006,29.346599126000058],[115.96937079700001,29.35073242800007]]}},{"type":"Feature","properties":{"name":"大渡河(马柯河、大金川)","level":"river_l3"},"geometry":{"type":"LineString","coordinates":[[103.76366665600005,29.545947604000048],[103.74785049800005,29.55178809800003],[103.69802915600008,29.545158065000066],[103.55801035000007,29.430378529000052],[103.55160904300004,29.402425570000048],[103.55958945400005,29.337758918000077],[103.58385156800006,29.325276836000057],[103.62651636200007,29.341651799000033],[103.64575817400004,29.32005616200007]]}},{"type":"Feature","properties":{"name":"大渡河(马柯河、大金川)","level":"river_l3"},"geometry":{"type":"LineString","coordinates":[[103.64575817400004,29.32005616200007],[103.62403672500005,29.335595804000036],[103.58311148000007,29.31848839500003],[103.55541604300004,29.330922798000074],[103.54295707900008,29.40607444500006],[103.54999167400007,29.446841327000072],[103.67387383400006,29.54937728300007],[103.71505083900007,29.558170326000038],[103.76223231400007,29.555391152000027]]}},{"type":"Feature","properties":{"name":"赣江","level":"river_l3"},"geometry":{"type":"LineString","coordinates":[[115.90255796300005,29.265332728000033],[115.86563081100007,29.279495328000053],[115.8778687040001,29.28393760800003],[115.89057210600004,29.30668138300007],[115.88996161400007,29.284717682000064],[115.89858320000008,29.31033401800005],[115.90725786600001,29.27824198600007],[115.92289088700011,29.27547809600003],[115.91857266700003,29.29850805500007],[115.9256606350001,29.311802598000043],[115.92497383800003,29.28823858900006],[115.93969129100003,29.28252204900008],[116.02417392900009,29.30922717900006],[116.04335487600008,29.335421410000038],[116.02503637500001,29.362098377000052],[116.01915416200006,29.39777630800006],[116.00661122800011,29.41831714600005],[116.01191387600011,29.432349860000045],[115.98986427800003,29.41975158400004],[115.98629368000002,29.428792672000043],[116.00992260500004,29.441572144000077],[116.01930710400006,29.45891227000004],[116.0410742570001,29.445409695000023],[116.05235845900006,29.451240565000035],[116.05380813800002,29.461042684000063],[116.07092891700006,29.45592505600007],[116.08192326400001,29.473896524000054],[116.07234821700001,29.49000073800005],[116.08295336600008,29.49241545900003],[116.08792793000009,29.50439390500003],[116.0751637090001,29.519910654000057],[116.10604835700008,29.52901072000003],[116.10103585600007,29.553671508000036],[116.0809396730001,29.58247523400007],[116.09933462300012,29.582351171000028],[116.10974133500008,29.57309070200006],[116.12443610900004,29.603538451000077],[116.12085028600006,29.61830936700005],[116.13710901500008,29.62946948900003],[116.14277026400009,29.64509106400004],[116.12381093900001,29.68210613800005],[116.10115104300007,29.68167898100006],[116.11917219600002,29.690727604000074],[116.11677653600009,29.696299128000078],[116.08863096800007,29.696961120000026],[116.1003882330001,29.70735257900003],[116.09632171600003,29.717099408000024],[116.1151210490001,29.719481666000036],[116.11269490400002,29.730779203000054],[116.09822160300007,29.737420831000065],[116.11017719100005,29.739789768000037],[116.12804558500011,29.71998706900007],[116.20621860400001,29.754142519000027]]}},{"type":"Feature","properties":{"name":"湘江","level":"river_l3"},"geometry":{"type":"LineString","coordinates":[[112.79406997500007,29.243957600000044],[112.80846715200005,29.270140427000058],[112.83878725800002,29.287821913000073],[112.81660806400009,29.29719496000007],[112.80182961900005,29.314603856000076],[112.725159813,29.318445646000043],[112.77591194600006,29.328896102000044],[112.79391791500007,29.353369885000063],[112.83465994300002,29.348956009000062],[112.86633052200011,29.373471704000053],[112.88181110300002,29.399614471000064],[112.86535423100008,29.434054549000052],[112.87600519900002,29.444287710000026],[112.87153428600004,29.450614573000053],[112.83633901700011,29.46382154400004],[112.81865369600007,29.48131819100007],[112.78391612900009,29.479586402000052],[112.79429243000004,29.48937514100004],[112.8183485720001,29.49348359000004],[112.88142992900009,29.461786178000068],[112.90373874500006,29.435881693000056],[112.94444252100004,29.410331916000075],[113.00223638300008,29.34180453500005],[113.02938250500006,29.345088976000056],[113.04678578200003,29.378493207000076],[113.13068869800009,29.426074889000063],[113.13641859200004,29.43946100000005]]}},{"type":"Feature","properties":{"name":"大渡河(马柯河、大金川)","level":"river_l3"},"geometry":{"type":"LineString","coordinates":[[103.25660996800008,29.24295397900005],[103.28347387800005,29.272749452000028],[103.28741079700006,29.29088692700003],[103.30352454700005,29.300929368000027],[103.32925920900004,29.302073762000077],[103.33738469200006,29.281861012000036],[103.37630337800005,29.31106707600003],[103.43843121400005,29.293896533000066],[103.46536379400004,29.32440918800006],[103.47683868100006,29.307786161000024]]}},{"type":"Feature","properties":{"name":"乌江","level":"river_l3"},"geometry":{"type":"LineString","coordinates":[[107.88106547300004,29.24225492800008],[107.89568391300008,29.27661671800007],[107.92822427200008,29.30610123300005],[107.94397955700003,29.349477397000044],[107.94372023100004,29.372080100000062],[107.95788845900006,29.387613935000047],[108.00085074900005,29.387491742000066],[108.00558868400009,29.374044552000043],[108.01713989800004,29.37304504100007],[108.07675002700006,29.385725277000063],[108.12222999300008,29.360335735000035],[108.13656583700003,29.311380341000074],[108.16088129500008,29.28842088700003]]}},{"type":"Feature","properties":{"name":"乌江","level":"river_l3"},"geometry":{"type":"LineString","coordinates":[[107.88106547300004,29.24225492800008],[107.86733219000007,29.242523909000056],[107.85135584700004,29.254885819000037],[107.81252138300005,29.314391116000024],[107.73123564200006,29.326463278000062],[107.70806466600004,29.362291963000075],[107.67338820400005,29.385520387000042],[107.60418013900005,29.40256701800007],[107.53896994100006,29.407459677000077],[107.51273956600005,29.464393763000032],[107.48575374600006,29.488947809000024],[107.47336335100005,29.511748915000055]]}},{"type":"Feature","properties":{"name":"富春江","level":"river_l3"},"geometry":{"type":"LineString","coordinates":[[119.45153064300007,29.24073545600004],[119.52144089000001,29.291286884000044],[119.50712032800004,29.317914237000025],[119.52872753800011,29.350881601000026],[119.5251723660001,29.383675519000064],[119.54258325700005,29.40954166000006],[119.5415762350001,29.42215338300008],[119.51803147400005,29.444677970000043],[119.53996679900001,29.48360404400006],[119.53584698100008,29.507686876000037],[119.5233040490001,29.524452972000063],[119.55489831300008,29.545239638000055],[119.59272622100002,29.60635630300004],[119.64180762900003,29.645873530000074],[119.64456208800004,29.672231853000028],[119.66259865000006,29.704197849000025]]}},{"type":"Feature","properties":{"name":"大渡河(马柯河、大金川)","level":"river_l3"},"geometry":{"type":"LineString","coordinates":[[103.47683868100006,29.307786161000024],[103.46038163800006,29.31454793000006],[103.43940778900009,29.287884401000042],[103.37645595200007,29.303536654000027],[103.33318839600008,29.276526018000027],[103.32161433500005,29.29819412100005],[103.29597884600008,29.29177385400004],[103.28956992300004,29.268326176000073],[103.26437690100005,29.240815767000072],[103.25660996800008,29.24295397900005]]}},{"type":"Feature","properties":{"name":"富春江","level":"river_l3"},"geometry":{"type":"LineString","coordinates":[[119.45153064300007,29.24073545600004],[119.45294984100008,29.25519925100008],[119.47791401600011,29.280071600000042],[119.50493047200007,29.292929237000067],[119.4937609320001,29.320006720000038],[119.5164057500001,29.350450591000026],[119.51125596700001,29.379118815000027],[119.53289371500011,29.414838554000028],[119.5038709690001,29.44631268200004],[119.52947613800006,29.48706793300005],[119.52926261900006,29.50357455900007],[119.48760526300009,29.533471332000033]]}},{"type":"Feature","properties":{"name":"赣江","level":"river_l3"},"geometry":{"type":"LineString","coordinates":[[116.34687487300005,29.25292696200006],[116.35263516900011,29.244904415000065],[116.36130245100003,29.25611034700006],[116.35705263400007,29.232990780000023],[116.37225079100006,29.234341151000024],[116.35963900700006,29.222683183000072],[116.34785891700005,29.222931197000037],[116.33871109600011,29.233479155000055],[116.34029810300001,29.242403869000043],[116.35129230000007,29.234373669000036],[116.34687487300005,29.25292696200006]]}},{"type":"Feature","properties":{"name":"赣江","level":"river_l3"},"geometry":{"type":"LineString","coordinates":[[116.31067999300001,29.23695074500006],[116.32220830100005,29.23579290300006],[116.31908786400004,29.247471923000035],[116.32643519600003,29.253415346000054],[116.33081436000009,29.214716103000058],[116.31849254500003,29.210611435000033],[116.31067999300001,29.23695074500006]]}},{"type":"Feature","properties":{"name":"衢江","level":"river_l3"},"geometry":{"type":"LineString","coordinates":[[119.4660113970001,29.20947693900007],[119.4617313440001,29.231793521000043],[119.45153064300007,29.24073545600004]]}},{"type":"Feature","properties":{"name":"赣江","level":"river_l3"},"geometry":{"type":"LineString","coordinates":[[116.68783368300001,29.244633977000035],[116.65646849500001,29.25592782800004],[116.65137941500006,29.23160278900008],[116.66305270700002,29.23438944700007],[116.66148094700009,29.22345242700004],[116.61981564900009,29.207083314000045],[116.61561177400006,29.212273366000034],[116.62276075400007,29.221301054000037]]}},{"type":"Feature","properties":{"name":"大渡河(马柯河、大金川)","level":"river_l3"},"geometry":{"type":"LineString","coordinates":[[102.17371887400009,30.074964436000073],[102.17772438100008,30.057731055000033],[102.16488374100004,30.05290534900007],[102.19463150000007,30.01443873100004],[102.22711058500005,29.94213098800003],[102.23064302800009,29.911326444000053],[102.20664015200003,29.84898878000007],[102.20900522700003,29.800075367000034],[102.22004522200007,29.777735860000064],[102.20232155800005,29.736633288000064],[102.19939926600006,29.663488251000047],[102.16929277600008,29.634141016000058],[102.17820402100006,29.568812492000063],[102.15404863300006,29.542614367000056],[102.17600655300004,29.50020134700003],[102.17438901200006,29.46927283000008],[102.21178931500003,29.455850385000076],[102.22530130700005,29.435830274000068],[102.24223124500008,29.359385400000065],[102.26820998000005,29.32383329700008],[102.28974060500008,29.26406292100006],[102.31840501100004,29.252671872000064],[102.34050030300006,29.230576494000047],[102.38116614100005,29.248822634000078],[102.40434488300008,29.248589894000077],[102.42031367200008,29.260242186000028],[102.44195885100004,29.253942003000077],[102.46027757700006,29.273929636000048],[102.47317161000007,29.273456579000026],[102.47866489900008,29.26076853400008],[102.49062049700007,29.26328819200006],[102.50294998200008,29.283140409000055],[102.54299017800008,29.294542791000026],[102.56102663400009,29.325808891000065],[102.58460971400007,29.311238210000056],[102.61211451200006,29.34269503400003],[102.66514021900008,29.31816766600008],[102.68306217400004,29.323050585000033],[102.72637541400007,29.308096482000053],[102.79337861000005,29.307146483000054],[102.80938547400007,29.284856559000048],[102.81183451000004,29.254771108000057],[102.82758961800005,29.242269970000052],[102.84220786200007,29.20563448100006],[102.87129192600008,29.209197457000073],[102.89241833300008,29.222394734000034],[102.91432305100005,29.276280702000065],[102.93939400100004,29.305360905000043],[102.95739987300004,29.30644237100006],[103.01885629600008,29.284184793000065],[103.02678343600007,29.275284843000065],[103.02820248600005,29.250452378000034],[103.05186184200005,29.22826734800003],[103.07148519900005,29.23312737300006],[103.08955219000006,29.270344563000037],[103.11643898100004,29.297162583000045],[103.17287510400007,29.267216277000045],[103.20348501600006,29.239093492000052],[103.25660996800008,29.24295397900005]]}},{"type":"Feature","properties":{"name":"湘江","level":"river_l3"},"geometry":{"type":"LineString","coordinates":[[113.14558175100001,29.44210843700006],[113.14238485700002,29.423408299000073],[113.09122825800011,29.393153315000063],[113.08268284600001,29.33997694100003],[113.06903349600009,29.339946475000033],[113.06321967500003,29.32613882800007],[113.07953929900009,29.30910568400003],[113.08384991100002,29.28672042000005],[113.08118714700004,29.279693569000074],[113.07497669600002,29.287918301000047],[113.06855256000006,29.284908448000067],[113.05745902300009,29.26392709000004],[113.07500706400003,29.257409437000035],[113.05061524000007,29.257029957000043],[113.051172113,29.23911946800007],[113.0813089290001,29.220506945000068],[113.0720694470001,29.212312789000066],[113.08112570600008,29.197576182000034],[113.04795223000008,29.19976791000005]]}},{"type":"Feature","properties":{"name":"赣江","level":"river_l3"},"geometry":{"type":"LineString","coordinates":[[115.98531625900011,29.282497054000032],[115.96868365600005,29.266751545000034],[115.97790006500009,29.241964850000045],[116.00644981800008,29.209479808000026],[115.99292245400011,29.19249829000006],[115.92442402400002,29.20261352700004],[115.91709968900011,29.215889058000073],[115.93061942400004,29.232882020000034],[115.90255796300005,29.265332728000033]]}},{"type":"Feature","properties":{"name":"大渡河(马柯河、大金川)","level":"river_l3"},"geometry":{"type":"LineString","coordinates":[[103.64575817400004,29.32005616200007],[103.65467713100008,29.29908235700003],[103.63397789900006,29.252875591000077],[103.63915064000008,29.198711098000047],[103.62901087300008,29.189544144000024],[103.59200730700007,29.19734739300003],[103.56153472700004,29.22330146400003],[103.54293383200007,29.257697672000063],[103.50860823800008,29.257978124000033],[103.47683868100006,29.307786161000024]]}},{"type":"Feature","properties":{"name":"赣江","level":"river_l3"},"geometry":{"type":"LineString","coordinates":[[116.37846098700004,29.183512748000055],[116.38177215500002,29.170445141000073],[116.3587001950001,29.157892649000075],[116.36557461400002,29.185126465000053],[116.36895445500011,29.173214742000027],[116.37846098700004,29.183512748000055]]}},{"type":"Feature","properties":{"name":"赣江","level":"river_l3"},"geometry":{"type":"LineString","coordinates":[[116.62276075400007,29.221301054000037],[116.6430479070001,29.232817840000052],[116.62414196700001,29.265331451000065],[116.60602161800011,29.253841359000035],[116.5912811070001,29.23008667600004],[116.60002476400007,29.25473977100006],[116.57245894300002,29.236938138000028],[116.57641890000002,29.271154954000053],[116.56756082000004,29.249937085000056],[116.54902866500004,29.27134200200004],[116.56035846900011,29.24721525900003],[116.54619011700004,29.212903118000042],[116.53371571500008,29.209673947000056],[116.53322762300002,29.24450496600008],[116.52832930300008,29.223607522000066],[116.51013294300003,29.261116608000066],[116.52617005500008,29.210856568000054],[116.50722576700002,29.209229641000036],[116.51963906000003,29.199862348000067],[116.50753852000003,29.19868172200006],[116.50145779500008,29.20920105500005],[116.49525488100005,29.199568717000034],[116.48776286800012,29.242199123000034],[116.49256195700002,29.25531628600004],[116.47715778500003,29.251039965000075],[116.48443654100004,29.272545859000047],[116.47434254100006,29.263964515000055],[116.46982584800003,29.268471719000047],[116.4601518290001,29.321024426000065],[116.44911177200004,29.314762483000038],[116.44164225100008,29.288911535000068],[116.45410122600003,29.26305859000007],[116.43685072300002,29.26411155200003],[116.45089675600002,29.255841006000026],[116.45403241700001,29.238327252000033],[116.43498136900007,29.246082822000062],[116.4540171220001,29.232143464000046],[116.45223163600008,29.204264925000075],[116.43976489700003,29.20675413600003],[116.44781407400001,29.199380095000038],[116.44672293700012,29.181093864000047],[116.43285244000003,29.198748812000076],[116.43863557300006,29.181830156000046],[116.42358237200006,29.17914078900003],[116.40574451600003,29.20196480800007],[116.40602671300007,29.18500993500004],[116.39761130200009,29.19010463500007],[116.39936606300012,29.18225949400005],[116.41366383900004,29.168259121000062],[116.40496596300011,29.14382156000005],[116.39801538600011,29.14062288200006],[116.39880900000003,29.164413869000043],[116.39007300300011,29.144557882000072],[116.36946555100008,29.158081434000053],[116.345638269,29.146749680000028],[116.33406420300003,29.151258823000035],[116.35657923100007,29.168822056000067],[116.34735508000006,29.17348759500004],[116.36523132500008,29.19257867500005],[116.39045480100003,29.19996782800007],[116.39072979000002,29.256169346000036],[116.37936165000008,29.248062950000076],[116.37063320800007,29.215339647000064],[116.35123876800003,29.212625503000027],[116.34706542100002,29.219726769000033],[116.32241412200005,29.204883497000026],[116.30278325100005,29.21727214200007],[116.299883926,29.203309992000072],[116.28654751500005,29.223700149000024],[116.28392286300004,29.211111326000037],[116.27527090900003,29.211807565000072],[116.27372985000011,29.232642094000028],[116.25069619900012,29.248231369000052],[116.24311258300008,29.282984218000024],[116.23781756900007,29.269647705000068],[116.24300561500002,29.256194795000056],[116.19546557600006,29.248130520000075],[116.18698152500008,29.258024238000075],[116.21181591100003,29.268667417000074],[116.18595919900008,29.26492712000004],[116.16061377300002,29.27925752300007],[116.14822348200005,29.308738341000037],[116.1136233520001,29.321752678000053],[116.11543922700002,29.32742146100003],[116.13377313600006,29.326835809000045],[116.13617650000003,29.334087731000068],[116.14381390500012,29.365903117000073],[116.13174399600007,29.38460903500004],[116.13375808900003,29.363705838000044],[116.12741022500006,29.356350934000034],[116.10864914400008,29.371835284000042],[116.08562300800008,29.367753551000078],[116.05592869600002,29.379224780000072],[116.06547347600008,29.406862955000065],[116.1217648810001,29.452941659000032],[116.14422642200009,29.456115473000068],[116.14271562900001,29.432963467000036],[116.15195514300001,29.44625036900004],[116.16811460600002,29.443440699000064],[116.14979603200004,29.45731138700006],[116.152375043,29.493412722000073],[116.17512655100006,29.50387470700008],[116.15847890500004,29.52573357600005],[116.13656673500009,29.52964193400004],[116.13909981900008,29.539867491000052],[116.1637511350001,29.556938605000028],[116.15382511400003,29.570769201000076],[116.17353245800007,29.588685316000067],[116.18151295400003,29.578579879000074],[116.17823214000009,29.563343588000066],[116.18629664600007,29.567661904000033],[116.19371254500004,29.556429197000057],[116.20415748500011,29.560902002000034],[116.20810191400005,29.548635499000056],[116.22230821800008,29.548860509000065],[116.2121075660001,29.568657452000025],[116.1973214410001,29.57326007200004],[116.19794718900005,29.594077425000023],[116.18908913400003,29.577418239000053],[116.1831381720001,29.598224177000077],[116.19796252000003,29.606445002000044],[116.22964816700005,29.59694219800008],[116.21460267200007,29.607967032000033],[116.21083378300011,29.63030269400008],[116.19861882500004,29.633905826000046],[116.19889360000002,29.65267463400005],[116.20687413100006,29.64852219000005],[116.21145963900005,29.669440617000078],[116.2220876770001,29.67184580000003],[116.22049294600004,29.64693517300003],[116.23122781300003,29.651852400000053],[116.24139802400009,29.645397716000048],[116.2230948460001,29.682574917000068],[116.2445645790001,29.692180483000072],[116.25104198300005,29.67158626500003],[116.25423129900003,29.69644347700006],[116.27789066300011,29.69543626500007],[116.26299011700007,29.70394333200005],[116.27254241300011,29.711645368000063],[116.25904565200005,29.710026046000053],[116.25384231500004,29.717754851000052],[116.24492321800005,29.700410909000027],[116.22249217000001,29.69313046700006],[116.20853767900007,29.699308595000048],[116.21064337500002,29.687103138000055],[116.19247731300004,29.687232922000078],[116.19345414000009,29.72796352200004],[116.22071482800004,29.753509198000074]]}},{"type":"Feature","properties":{"name":"赣江","level":"river_l3"},"geometry":{"type":"LineString","coordinates":[[115.95012792800003,29.168043709000074],[115.97019362000003,29.14354879900003],[115.94761752600004,29.120681086000047],[115.97247463800011,29.102547333000075],[115.9857652720001,29.081792863000032],[115.97141401900001,29.083784250000065],[115.96141933400008,29.098320584000078],[115.94889144800004,29.081520264000062],[115.94455788300002,29.08935206500007],[115.9517831710001,29.100718226000026],[115.93575336600009,29.09517348600008],[115.9314504350001,29.123607107000055],[115.90473169100005,29.139925024000036],[115.92492724700003,29.14405445600005],[115.95012792800003,29.168043709000074]]}},{"type":"Feature","properties":{"name":"湘江","level":"river_l3"},"geometry":{"type":"LineString","coordinates":[[112.28329047800003,29.066329017000044],[112.30976516400005,29.06267052800007],[112.24375437700007,29.16753009400003],[112.24474636100001,29.19662175900004],[112.26398070300002,29.223413033000043],[112.26393488300005,29.21447495500007],[112.27203751900004,29.215194016000055],[112.25123151200012,29.19508055600005],[112.2509643300001,29.16390791500004],[112.2833670440001,29.12410607700008],[112.30975756800001,29.070008296000026],[112.326596042,29.059696830000064]]}},{"type":"Feature","properties":{"name":"赣江","level":"river_l3"},"geometry":{"type":"LineString","coordinates":[[116.49205711800005,29.032034228000043],[116.51338194400012,29.05235747200004],[116.50589735900007,29.06017784200003],[116.51041421800005,29.084525773000053],[116.53279939200002,29.075955729000043],[116.52989248200004,29.069873046000055],[116.5467691550001,29.072486108000078],[116.55861785600007,29.06290518900005],[116.54191678300003,29.080903482000053],[116.50787360600009,29.091943660000027],[116.53166267100005,29.091338909000058],[116.52844303900008,29.10107238100005],[116.5444651890001,29.102111842000056],[116.53543946200011,29.11617132200007],[116.51117737200002,29.118395457000076],[116.56434813200008,29.14126112300005],[116.57100881200006,29.149272170000074],[116.55934314800004,29.146248994000075],[116.55990014400004,29.15241370600006],[116.57340454200005,29.15582789000007],[116.5722601550001,29.16480030100007],[116.58247618000007,29.164897533000044],[116.57939367000006,29.138209217000053],[116.59267684600002,29.147814820000065],[116.59099838700001,29.156806307000068],[116.60006996000004,29.15465090600003],[116.58855681000011,29.138113806000035],[116.60319805900008,29.148814250000044],[116.59168490900004,29.132275243000038],[116.59792587700008,29.12563937400006],[116.62038742100003,29.129877515000032],[116.61128532600003,29.131348160000073],[116.61820541200007,29.139345854000055],[116.64163590400005,29.141941719000044],[116.63728679100007,29.099498292000078],[116.62652906300002,29.098968083000045],[116.6410175100001,29.073252463000074],[116.64317682000001,29.096766870000067],[116.66205253100009,29.113950545000023],[116.6514321840001,29.121891095000024],[116.65556751300005,29.137316214000066],[116.66985772500004,29.13497004900006],[116.66493667600002,29.141560135000077],[116.6814090580001,29.157454419000032],[116.6891529510001,29.13289471300004],[116.69520328600004,29.14458704200007],[116.70081864800011,29.141632456000025],[116.71403279800006,29.089386826000066],[116.71951087500008,29.094454761000065],[116.71954149100009,29.111402003000023],[116.73646394500008,29.114676931000076],[116.72085381300008,29.116851436000047],[116.71648216300002,29.13510526600004],[116.73711263500002,29.144657428000073],[116.7127131960001,29.143947985000068],[116.70035331400004,29.153788313000064],[116.70374857600007,29.169926802000077],[116.71568893900007,29.17865500700003],[116.69891912700007,29.184074003000035],[116.71165299900008,29.198268811000048],[116.70013994700003,29.198690398000053],[116.68461365400003,29.186197003000075],[116.69695827400005,29.175900807000062],[116.68150068900002,29.17050675100006],[116.68239342800007,29.183759357000042],[116.64966991800009,29.151043792000053],[116.64477945700003,29.16954177200006],[116.63761516200009,29.15101905000006],[116.63007716400011,29.157700703000046],[116.60660088800012,29.154189286000076],[116.60399923200009,29.16023575300005],[116.64414625200004,29.178497014000072],[116.64516871100011,29.19449245900006],[116.65681154600009,29.207817497000065],[116.68246229500005,29.218113523000056],[116.66747780300011,29.222777181000026],[116.68036422000011,29.228953282000077],[116.68783368300001,29.244633977000035]]}},{"type":"Feature","properties":{"name":"衢江","level":"river_l3"},"geometry":{"type":"LineString","coordinates":[[118.9238132810001,28.987282960000073],[118.94549656900006,28.986853690000032],[118.9747180060001,29.004815519000033],[119.01719182900001,28.98975449200003],[119.03368700800002,28.991247904000033],[119.05528653600004,29.016904216000057],[119.06025351700009,29.03557762300005],[119.10168221100002,29.040204768000024],[119.11821548000012,29.032527407000032],[119.15090063900004,29.032973578000053],[119.17534598500004,29.055803109000067],[119.24018227800002,29.063998880000042],[119.26127818500004,29.078870761000076],[119.31018390100007,29.087615940000035],[119.3350412100001,29.104910198000027],[119.34799639100004,29.126597254000046],[119.38219987200011,29.132447074000027],[119.40087729100003,29.16132308500005],[119.45159125400005,29.175471913000024],[119.4660113970001,29.20947693900007]]}},{"type":"Feature","properties":{"name":"湘江","level":"river_l3"},"geometry":{"type":"LineString","coordinates":[[113.04795223000008,29.19976791000005],[113.04454183000007,29.20583917700003],[113.03963594600009,29.19498227500003],[113.01539669900001,29.191379287000075],[112.99420158800001,29.172772679000047],[113.0131914860001,29.13823340700003],[113.02566565100005,29.09196746400005],[113.04142071500007,29.08092355900004],[113.05574152100007,29.09194255500006],[113.06881855600011,29.07272163500005],[113.0483254500001,29.070842923000043],[113.07370136700001,29.04595697900004],[113.03220406300011,29.06056972700003],[112.97717912300004,29.000807274000067],[112.97371524800008,28.992887762000066],[112.98351923500002,28.98363874200004],[112.96420875900003,28.99042725100003],[112.97416544700002,29.003883921000067],[112.94713374300011,28.994850576000033]]}},{"type":"Feature","properties":{"name":"湘江","level":"river_l3"},"geometry":{"type":"LineString","coordinates":[[112.326596042,29.059696830000064],[112.35194908900007,29.037431655000034],[112.34679905300004,29.024955369000054],[112.35389447800003,29.003441776000045],[112.37402888100007,28.98135591600004],[112.43540125300001,28.958402040000067],[112.51815185400005,28.956618320000075],[112.55525468500002,28.97807262200007],[112.58023400500008,28.98219633000008],[112.62031225700002,28.977860663000058],[112.67620671300006,28.984074768000028],[112.74392692200001,28.96468961100004],[112.84237932500002,28.983114732000047],[112.91656213800002,29.03386083600003],[112.93001325400007,29.06235162100006],[112.91617354400012,29.140530281000053],[112.86027900600004,29.11744522600003],[112.85032231700006,29.103980926000077],[112.8600727910001,29.072724324000035],[112.88422035000008,29.04883214000006],[112.88161853400004,29.023221489000036],[112.84115154000006,29.103567054000052],[112.85789860000011,29.12325136100003],[112.91048187400008,29.142307999000025],[112.92982308600006,29.18025565100004],[112.96885626200003,29.21254778800005],[112.9831466070001,29.23504551800005],[112.98404706800011,29.269424494000077],[113.00878251400002,29.32898487500006],[112.99204315200006,29.32376819900003],[112.94425115800004,29.28349171900004],[112.91631902900008,29.247871128000043],[112.8849079800001,29.24836526200005],[112.87305170700006,29.27303371200003],[112.85478646100012,29.275185328000077],[112.84264744200004,29.207198004000077],[112.82203215100003,29.18257926700005],[112.80034877900005,29.170606598000063],[112.79126947200007,29.152751459000058],[112.79400835100012,29.122397083000067],[112.78299092100008,29.06170937400003],[112.76142960100003,29.045139869000025],[112.73968537500002,29.07123318300006],[112.75561603500012,29.08407183500003],[112.75489902300001,29.11941405500005],[112.76542027500011,29.127364059000058],[112.75409034600011,29.132052491000024],[112.77533878100007,29.13349631400007],[112.79661793000002,29.17553151900006],[112.75530365100008,29.173382032000063],[112.78289999800006,29.192909892000046],[112.76597756400008,29.19546777900007],[112.78586032400005,29.20176594000003],[112.79767100800007,29.21564032400005],[112.79406997500007,29.243957600000044]]}},{"type":"Feature","properties":{"name":"乌江","level":"river_l3"},"geometry":{"type":"LineString","coordinates":[[108.16088129500008,29.28842088700003],[108.17369116000003,29.223431884000036],[108.18950723000006,29.197441594000054],[108.22790689700008,29.164821114000063],[108.27795699100005,29.139427744000045],[108.29658076300007,29.115751123000052],[108.30558358400003,29.08600518000003],[108.29343706700007,29.033309446000032],[108.31824060400004,28.951621114000034]]}},{"type":"Feature","properties":{"name":"衢江","level":"river_l3"},"geometry":{"type":"LineString","coordinates":[[118.8489515330001,28.951418510000053],[118.8722982910001,28.98599953200005],[118.8880991310001,28.97997016900007],[118.9238132810001,28.987282960000073]]}},{"type":"Feature","properties":{"name":"湘江","level":"river_l3"},"geometry":{"type":"LineString","coordinates":[[111.93395374400006,28.990482491000023],[111.99206843100006,28.999546252000073],[112.00733515700006,28.97809175900005],[112.029399893,28.964961137000046],[112.04808483700003,28.977816949000044],[112.0867516730001,28.98560854200008],[112.11630099700005,28.962418264000064],[112.14063938200002,28.95586435000007],[112.15148850600008,28.920281759000034],[112.16658750900001,28.92678784800006],[112.1716231260001,28.944782244000066],[112.1871798950001,28.949211172000048],[112.19162028500011,28.941303074000075],[112.17910775000007,28.942302597000037],[112.19371838900008,28.933684910000068],[112.1976246690001,28.917761919000043],[112.22602202000007,28.91567702900005],[112.24028939200002,28.921048217000077],[112.2482242210001,28.93139964900007],[112.21057974700011,28.92248459500007],[112.22962329100005,28.937600674000066],[112.2050177970001,28.928126705000068],[112.19482476100006,28.951086119000024],[112.19686189400011,28.95768380900006],[112.2067116930001,28.955373912000027],[112.20224070800009,28.946542665000038],[112.20990839400008,28.93373825900005],[112.2069786940001,28.947799625000073],[112.21501272300009,28.96135930400004],[112.22828054800004,28.95185277400003],[112.2159588510001,28.97394814300003],[112.22183365900003,28.97792886600007],[112.22550346100002,28.97049762100005],[112.23877139400008,28.984152652000034],[112.21627170800002,28.98334208800003],[112.21452461400008,29.001502452000068],[112.22755599800007,29.00828512000004],[112.20372120200011,29.022411412000054],[112.22765526800003,29.02662858800005],[112.23436163600002,29.016139770000052],[112.24537118500007,29.024805050000055],[112.22735011400005,29.033058436000033],[112.22743408800011,29.04337556300004],[112.24165563700001,29.038889307000034],[112.26915274700002,29.04782156300007],[112.23806977200002,29.048840227000028],[112.21833972600007,29.068827945000066],[112.23085229600008,29.07516428400004],[112.24034341600009,29.054056958000047],[112.25254318800012,29.06368356300004],[112.27718677600001,29.061308761000078]]}},{"type":"Feature","properties":{"name":"赣江","level":"river_l3"},"geometry":{"type":"LineString","coordinates":[[116.6361793850001,28.90576948300003],[116.62966376500003,28.91464082600004],[116.63985697200008,28.927296374000036],[116.66105198900004,28.929234198000074],[116.66062468700011,28.921455826000056],[116.64068090900003,28.916979248000075],[116.65296455400005,28.917463673000043],[116.64295443700007,28.901372898000034],[116.6361793850001,28.90576948300003]]}},{"type":"Feature","properties":{"name":"常山江(马金溪)","level":"river_l3"},"geometry":{"type":"LineString","coordinates":[[118.20560500200008,29.483229167000047],[118.22165005800002,29.48750738500007],[118.25563981100004,29.476011329000073],[118.26698493600009,29.463996570000063],[118.26815977600006,29.445361278000064],[118.27758991900009,29.44055077300004],[118.29246003100002,29.44693858000005],[118.30270646500003,29.430159144000072],[118.32867753300002,29.421095060000027],[118.34782767100012,29.399976249000076],[118.37431760200002,29.39913686500006],[118.3762477680001,29.380003740000063],[118.39332276500011,29.37595043500005],[118.38603641000009,29.36071416900006],[118.4112520010001,29.328276825000046],[118.40410304200009,29.323126883000043],[118.40666642500003,29.297769913000025],[118.43574260700007,29.26834814800003],[118.43569669800002,29.247477391000075],[118.42249744900005,29.238043461000075],[118.41844599800004,29.215993952000076],[118.40285105500004,29.205987813000036],[118.40001262300007,29.17011919500004],[118.41611104200001,29.16771579500005],[118.41727830400009,29.157337633000054],[118.40929761400002,29.135028736000038],[118.3863171480001,29.112080933000072],[118.39970692800011,29.08802666300005],[118.36103997500004,29.05690763900003],[118.35120524100012,29.025742698000045],[118.36058948200002,29.00074047100003],[118.39455630500004,28.983239925000078],[118.3890400360001,28.97089717500006],[118.41319517200009,28.947682110000073],[118.4276075680001,28.964167688000032],[118.4437060140001,28.966345860000047],[118.4942517720001,28.922759650000046],[118.5403495810001,28.895661016000076],[118.56532899000001,28.917557833000046],[118.58566944400002,28.91262329500006],[118.60689506200004,28.92897150700003],[118.63376644200002,28.923922493000077],[118.68592246600008,28.94875847900005],[118.71234373000004,28.94853327800007],[118.73627018000002,28.958068248000075],[118.77018366800007,28.952626276000046],[118.80107568000005,28.922098211000048],[118.83018273400012,28.949694313000066],[118.8489515330001,28.951418510000053]]}},{"type":"Feature","properties":{"name":"赣江","level":"river_l3"},"geometry":{"type":"LineString","coordinates":[[116.72764287300004,28.89595169300003],[116.7307481680001,28.904933622000044],[116.72700971300003,28.91278258600005],[116.7139477830001,28.900642049000055],[116.72764287300004,28.89595169300003]]}},{"type":"Feature","properties":{"name":"赣江","level":"river_l3"},"geometry":{"type":"LineString","coordinates":[[116.67869906800001,28.900321762000033],[116.66514128500012,28.90054880300005],[116.66379846900008,28.89919837000008],[116.67069558100002,28.89244233200003],[116.67869906800001,28.900321762000033]]}},{"type":"Feature","properties":{"name":"乌江","level":"river_l3"},"geometry":{"type":"LineString","coordinates":[[108.31824060400004,28.951621114000034],[108.34380732800008,28.932373459000075],[108.35288639300006,28.888157971000055]]}},{"type":"Feature","properties":{"name":"赣江","level":"river_l3"},"geometry":{"type":"LineString","coordinates":[[116.76959796900007,28.891211619000046],[116.77708264400007,28.89909486700003],[116.7818281960001,28.889851589000045],[116.77318385800004,28.887942321000025],[116.76959796900007,28.891211619000046]]}},{"type":"Feature","properties":{"name":"赣江","level":"river_l3"},"geometry":{"type":"LineString","coordinates":[[116.67716544400002,28.88700430800003],[116.67666954300012,28.890969793000068],[116.68693136400009,28.89445838100005],[116.68050720600002,28.887240811000026],[116.67716544400002,28.88700430800003]]}},{"type":"Feature","properties":{"name":"赣江","level":"river_l3"},"geometry":{"type":"LineString","coordinates":[[116.63645396200002,28.890262327000073],[116.6447702050001,28.88829385400004],[116.64810432200011,28.88572075700006],[116.64205404300003,28.883529183000064],[116.63645396200002,28.890262327000073]]}},{"type":"Feature","properties":{"name":"赣江","level":"river_l3"},"geometry":{"type":"LineString","coordinates":[[116.68816727100011,28.879328885000064],[116.69431676200008,28.886323290000064],[116.7017784730001,28.881158020000044],[116.68893785700004,28.878857754000023],[116.68816727100011,28.879328885000064]]}},{"type":"Feature","properties":{"name":"赣江","level":"river_l3"},"geometry":{"type":"LineString","coordinates":[[116.7537970510001,28.88535597400005],[116.7471211190001,28.878321516000028],[116.7429172730001,28.888697786000023],[116.7466100040001,28.890237041000034],[116.7537970510001,28.88535597400005]]}},{"type":"Feature","properties":{"name":"赣江","level":"river_l3"},"geometry":{"type":"LineString","coordinates":[[116.70222090100003,28.86581299200003],[116.69890204700005,28.869074659000034],[116.69981763400006,28.87523936900004],[116.7050210110001,28.87446494200003],[116.70222090100003,28.86581299200003]]}},{"type":"Feature","properties":{"name":"赣江","level":"river_l3"},"geometry":{"type":"LineString","coordinates":[[116.65249125000003,28.870537840000054],[116.64645623700005,28.869494520000046],[116.64295422600003,28.864514316000054],[116.65078981800002,28.864613466000037],[116.65249125000003,28.870537840000054]]}},{"type":"Feature","properties":{"name":"赣江","level":"river_l3"},"geometry":{"type":"LineString","coordinates":[[116.71410021000008,28.872019616000046],[116.72463663600001,28.864971729000047],[116.72407203300008,28.862692390000063],[116.71470290100001,28.863768204000053],[116.71410021000008,28.872019616000046]]}},{"type":"Feature","properties":{"name":"湘江","level":"river_l3"},"geometry":{"type":"LineString","coordinates":[[112.58243077800012,28.865244080000025],[112.57534284400003,28.857185340000058],[112.56996399100001,28.859857627000054],[112.57271829500007,28.86390702800003],[112.58243077800012,28.865244080000025]]}},{"type":"Feature","properties":{"name":"赣江","level":"river_l3"},"geometry":{"type":"LineString","coordinates":[[116.66356952000001,28.888440640000056],[116.6813921270001,28.867766261000043],[116.6914250750001,28.87377833900007],[116.69395037600009,28.857481509000024],[116.67602085600004,28.86098929600007],[116.66356952000001,28.888440640000056]]}},{"type":"Feature","properties":{"name":"赣江","level":"river_l3"},"geometry":{"type":"LineString","coordinates":[[116.74692269500008,28.868939020000028],[116.75112660900004,28.870468736000078],[116.75632998600008,28.869692401000066],[116.76926211600005,28.864887605000035],[116.77583876900007,28.855384913000023],[116.75017279700012,28.850795825000034],[116.74692269500008,28.868939020000028]]}},{"type":"Feature","properties":{"name":"赣江","level":"river_l3"},"geometry":{"type":"LineString","coordinates":[[116.61200848800001,28.844416187000036],[116.61502984800006,28.85169099500007],[116.623353726,28.85063998100003],[116.62227794400007,28.848826049000024],[116.61200848800001,28.844416187000036]]}},{"type":"Feature","properties":{"name":"赣江","level":"river_l3"},"geometry":{"type":"LineString","coordinates":[[116.76618729300003,28.847989969000025],[116.77798263400007,28.846649015000025],[116.77894393800011,28.842509955000025],[116.76927724600012,28.84245086900006],[116.76618729300003,28.847989969000025]]}},{"type":"Feature","properties":{"name":"湘江","level":"river_l3"},"geometry":{"type":"LineString","coordinates":[[112.36485751100008,28.853630708000026],[112.37978863900003,28.855074556000034],[112.37514215300007,28.841894437000064],[112.36545259400009,28.848110689000066],[112.36485751100008,28.853630708000026]]}},{"type":"Feature","properties":{"name":"赣江","level":"river_l3"},"geometry":{"type":"LineString","coordinates":[[116.71467997000002,28.856367496000075],[116.70458601200005,28.855011380000064],[116.7164957120001,28.83878126700006],[116.71873128700008,28.857059864000064],[116.71467997000002,28.856367496000075]]}},{"type":"Feature","properties":{"name":"湘江","level":"river_l3"},"geometry":{"type":"LineString","coordinates":[[112.60723446600002,28.837491317000058],[112.59629362700002,28.83802733600004],[112.59513394700002,28.841956585000048],[112.60459465400004,28.84352634100003],[112.60723446600002,28.837491317000058]]}},{"type":"Feature","properties":{"name":"赣江","level":"river_l3"},"geometry":{"type":"LineString","coordinates":[[116.59670342300001,28.826074704000064],[116.58918824300008,28.820428836000076],[116.58186389800005,28.831451728000047],[116.58997425100006,28.848570600000073],[116.60314284600008,28.83435851100006],[116.59670342300001,28.826074704000064]]}},{"type":"Feature","properties":{"name":"赣江","level":"river_l3"},"geometry":{"type":"LineString","coordinates":[[116.73766770200007,28.816899490000026],[116.735310088,28.804575794000073],[116.7425581870001,28.802389883000046],[116.74374080900009,28.808552684000063],[116.73766770200007,28.816899490000026]]}},{"type":"Feature","properties":{"name":"湘江","level":"river_l3"},"geometry":{"type":"LineString","coordinates":[[112.35168111000007,28.834942048000073],[112.36221756200007,28.830308935000062],[112.35966169000005,28.839550298000063],[112.36615447200006,28.838461149000068],[112.376439043,28.81136077000008],[112.36954184000001,28.801221055000042],[112.36281254100004,28.802315927000052],[112.36909173700008,28.81040518900005],[112.36479632700002,28.821985031000054],[112.35242114200003,28.826436947000047],[112.35168111000007,28.834942048000073]]}},{"type":"Feature","properties":{"name":"赣江","level":"river_l3"},"geometry":{"type":"LineString","coordinates":[[116.28028118700001,28.794666948000042],[116.26976003700008,28.80486204300007],[116.28236420000007,28.818641041000035],[116.32860709500005,28.807703811000067],[116.32255678900003,28.80057970100006],[116.28028118700001,28.794666948000042]]}},{"type":"Feature","properties":{"name":"赣江","level":"river_l3"},"geometry":{"type":"LineString","coordinates":[[116.39281776500002,28.81212297500008],[116.38289162500007,28.804817679000053],[116.39146722400005,28.79381194800004],[116.39438181500009,28.809145518000037],[116.39281776500002,28.81212297500008]]}},{"type":"Feature","properties":{"name":"赣江","level":"river_l3"},"geometry":{"type":"LineString","coordinates":[[116.81843446800008,28.801529308000056],[116.8100113800001,28.79823145200004],[116.82997799300006,28.79352390200006],[116.82368363500007,28.80302468600007],[116.81843446800008,28.801529308000056]]}},{"type":"Feature","properties":{"name":"湘江","level":"river_l3"},"geometry":{"type":"LineString","coordinates":[[112.58100389600008,28.834019944000033],[112.58989234500007,28.827349733000062],[112.57292405500004,28.81291649800005],[112.58766438500004,28.80218541100004],[112.59754471000008,28.80167800600003],[112.5919446690001,28.819266164000055],[112.61732834700001,28.821532063000063],[112.63353358100005,28.815342490000035],[112.62246299000003,28.80533630900004],[112.64187269600006,28.807995154000025],[112.62947455200003,28.79756935000006],[112.66826341000001,28.795318477000023],[112.66240396300009,28.812914265000074],[112.6732302800001,28.79586397500003]]}},{"type":"Feature","properties":{"name":"赣江","level":"river_l3"},"geometry":{"type":"LineString","coordinates":[[116.84937239100009,28.789512555000044],[116.84851021000009,28.783117050000044],[116.82004419400005,28.78111059300005],[116.82276798900011,28.786556205000068],[116.84937239100009,28.789512555000044]]}},{"type":"Feature","properties":{"name":"赣江","level":"river_l3"},"geometry":{"type":"LineString","coordinates":[[116.58622772800004,28.779311044000053],[116.57090770900004,28.814668571000027],[116.56614680500002,28.807735196000067],[116.57324226700007,28.797635485000058],[116.5642621930001,28.789710281000055],[116.56883223800003,28.77558024800004],[116.5628582710001,28.776018976000046],[116.5623777730001,28.80534905600007],[116.54901841600008,28.81567005200003],[116.58204696700011,28.824117777000026],[116.59420845900001,28.810630504000073],[116.58159673300008,28.80878991900005],[116.58751722200009,28.79575472700003],[116.5995948420001,28.79165948700006],[116.58622772800004,28.779311044000053]]}},{"type":"Feature","properties":{"name":"赣江","level":"river_l3"},"geometry":{"type":"LineString","coordinates":[[116.75223241000003,28.785085914000035],[116.75024871400001,28.784628147000035],[116.75419315300007,28.774257600000055],[116.74583881600006,28.785620014000074],[116.75223241000003,28.785085914000035]]}},{"type":"Feature","properties":{"name":"赣江","level":"river_l3"},"geometry":{"type":"LineString","coordinates":[[116.39824227700001,28.789447789000064],[116.40889322100008,28.795362587000056],[116.41099125800008,28.777518858000064],[116.39898226000003,28.77387959300006],[116.39824227700001,28.789447789000064]]}},{"type":"Feature","properties":{"name":"赣江","level":"river_l3"},"geometry":{"type":"LineString","coordinates":[[116.4313700570001,28.80580740700003],[116.45570852900005,28.818935930000066],[116.44773552000004,28.803869418000033],[116.450642302,28.78750773400003],[116.4417233370001,28.792396438000026],[116.44308891100002,28.770592951000026],[116.43674117700004,28.785928469000055],[116.42450321800004,28.769173927000054],[116.4292107760001,28.786874572000045],[116.41761384600011,28.79574784400006],[116.42183305000003,28.80270029600007],[116.43573410900001,28.79260437000005],[116.4313700570001,28.80580740700003]]}},{"type":"Feature","properties":{"name":"赣江","level":"river_l3"},"geometry":{"type":"LineString","coordinates":[[116.36021649700001,28.808239653000044],[116.30168979000007,28.78891223100004],[116.3223963800001,28.76715062200003],[116.33474120400001,28.792841329000055],[116.3478565150001,28.800413647000028]]}},{"type":"Feature","properties":{"name":"湘江","level":"river_l3"},"geometry":{"type":"LineString","coordinates":[[112.400258484,28.776790962000064],[112.37822422700003,28.78081374800007],[112.38049780200004,28.771120332000066],[112.37171614800002,28.773645762000058],[112.36626858300008,28.76668186300003],[112.36530730100003,28.776794903000052],[112.35037620500009,28.78223295400005],[112.37439417900009,28.78297675400006],[112.3718840900001,28.793364465000025],[112.400258484,28.776790962000064]]}},{"type":"Feature","properties":{"name":"湘江","level":"river_l3"},"geometry":{"type":"LineString","coordinates":[[112.6732302800001,28.79586397500003],[112.69582150300005,28.79315156900003],[112.69882751500006,28.782744783000055],[112.67587009200008,28.789825136000047],[112.66616520600007,28.781388741000058],[112.72716382500005,28.78054926200008],[112.75493547600001,28.763685835000047],[112.76258800400001,28.772633421000023],[112.76104708300011,28.827034387000026],[112.76747875600006,28.81102173900007],[112.79256484400003,28.805696185000045],[112.7955099080001,28.814094457000067],[112.81841398100005,28.81937977900003],[112.803017393,28.806075720000024],[112.83404692800002,28.799187983000024],[112.82948457100008,28.828912924000065],[112.84348483800011,28.820007221000026],[112.86574047300007,28.84158555700003],[112.88061815600008,28.835174730000062],[112.87827568400007,28.796254239000064],[112.86916588200006,28.78284906400006]]}},{"type":"Feature","properties":{"name":"赣江","level":"river_l3"},"geometry":{"type":"LineString","coordinates":[[116.37802369500002,28.76034096400008],[116.37714645800008,28.78980075000004],[116.3664803590001,28.802299984000058],[116.39744146100008,28.841094442000042],[116.3989828340001,28.87562027000007],[116.4318589720001,28.91548858500005],[116.5093070370001,28.92905938900003],[116.5884333670001,28.89992542400006],[116.60926961100006,28.87009551500006],[116.61233686000003,28.89678383100005],[116.6009688480001,28.91070217400005],[116.60894944900008,28.91911949100006],[116.60560772800011,28.926110124000047],[116.61903578900001,28.922651950000045],[116.60426504300005,28.947686630000078],[116.63505050300012,28.95757635800004],[116.62678010100001,28.970699301000025],[116.61742622800011,28.971950597000045],[116.62084422400005,28.961293942000054],[116.61046029400006,28.951587234000044],[116.60342587800005,28.963291066000068],[116.57740898500003,28.96604928100004],[116.5787135170001,28.94355913100003],[116.57338811400007,28.95267843000005],[116.56340857000009,28.946162799000035],[116.56834478300004,28.922856266000053],[116.54949209000006,28.927874717000066],[116.55964713700007,28.93827953400006],[116.53943640200009,28.947696454000038],[116.52853359400001,28.92655107400003],[116.52924320200009,28.936376084000074],[116.51611266700002,28.93500472200003],[116.52463497300005,28.944095349000065],[116.52484109600005,28.96584542200003],[116.51229801400007,28.960102298000038],[116.50162425400003,28.96688505700007],[116.48506066100003,29.01097657100007],[116.49301070900003,29.013219637000077],[116.50714824600004,28.99623609200006],[116.50907094700005,29.003955328000075],[116.49391104800009,29.021434802000044],[116.50245621200008,29.025028304000045],[116.51778398400006,29.011438017000046],[116.51911156900007,29.01757602200007],[116.53283718700004,29.014575622000052],[116.52759555800003,28.997124850000034],[116.54962223100006,29.004365239000037],[116.5387730000001,29.012761659000034],[116.55844979000005,29.02535231400003],[116.53385195200008,29.019576818000075],[116.55084311700011,29.030660640000065],[116.53342487000009,29.050053245000072],[116.51338187900001,29.04090735400007],[116.52771781000001,29.02826695600004],[116.49205711800005,29.032034228000043]]}},{"type":"Feature","properties":{"name":"赣江","level":"river_l3"},"geometry":{"type":"LineString","coordinates":[[116.3478565150001,28.800413647000028],[116.35383048000006,28.79952477300003],[116.33913574400003,28.774144982000053],[116.35888114900001,28.77805697200006],[116.3643592950001,28.795732817000044],[116.37802369500002,28.76034096400008]]}},{"type":"Feature","properties":{"name":"赣江","level":"river_l3"},"geometry":{"type":"LineString","coordinates":[[116.47879619900004,28.911601098000062],[116.49161386000003,28.90219374900005],[116.50836091500003,28.919930580000027],[116.57638620500006,28.893484190000038],[116.57130485000005,28.885192748000065],[116.578644456,28.874625724000055],[116.5673678180001,28.85670385000003],[116.55672457700007,28.86372121900007],[116.52982260500005,28.858029659000067],[116.5277625220001,28.84161268200006],[116.53748266100001,28.848597536000057],[116.54428812900005,28.82614360200006],[116.55094121400009,28.84033653000006],[116.55061303600007,28.821798519000026],[116.53054711800007,28.805559010000025],[116.53216453400012,28.79542499100006],[116.53907695800001,28.797931283000025],[116.5364751730001,28.78130449500003],[116.50563632500007,28.774371234000057],[116.50530055000002,28.761557328000038],[116.4994105510001,28.76955126400003],[116.48489138500008,28.760212701000057],[116.50374421100003,28.778790687000026],[116.52037674400003,28.78301550300006],[116.52339051600006,28.797567039000057],[116.50852041100006,28.792132923000054],[116.48896580100006,28.798086002000048],[116.47944402300004,28.789714469000046],[116.48113011200007,28.780724889000055],[116.46860998600005,28.78665695500007],[116.47905480000009,28.769576149000045],[116.47414894700012,28.764937376000034],[116.47524001700003,28.77176967500003],[116.45930186300006,28.782857457000034],[116.46585578300005,28.800720222000052],[116.45737935700004,28.80971936900005],[116.46033211600002,28.828623590000063],[116.44626315300002,28.829338927000038],[116.44070890100011,28.845332494000047],[116.46070614400003,28.859985047000066],[116.44680518400003,28.88748980500003],[116.46331562800003,28.888750524000045],[116.47879619900004,28.911601098000062]]}},{"type":"Feature","properties":{"name":"湘江","level":"river_l3"},"geometry":{"type":"LineString","coordinates":[[112.29974619600011,28.78125273200004],[112.31220535500006,28.78712175800007],[112.32188724600007,28.77265600000004],[112.32085718300004,28.758003355000028],[112.32789170700005,28.76561957900003],[112.34552365700006,28.75529857300006],[112.34026696300009,28.776533679000067],[112.32937187100003,28.77062649900006],[112.31560059600008,28.802398114000027],[112.30991651700003,28.79612469500006],[112.30284391300006,28.803187824000076],[112.32668648800006,28.821374800000058],[112.30512529400005,28.831566116000033],[112.32087286500007,28.849503252000034],[112.31578387100001,28.83816949800007],[112.32466472300007,28.83839835400005],[112.33823770700008,28.823367991000055],[112.31935437100003,28.80528399700006],[112.34270088700009,28.794358325000076],[112.33704740000007,28.80390679100003],[112.3596233620001,28.800793833000057],[112.34583672100007,28.809411517000058],[112.35216170000001,28.818876014000068],[112.3309362870001,28.84603174700004],[112.33900080300009,28.85293078500007],[112.34739329600006,28.83918221400006],[112.3539013410001,28.83878163600008],[112.34627180400003,28.85182446700003],[112.35840288100007,28.855635409000058],[112.33975616500004,28.859791701000063],[112.34924739700011,28.862524971000028],[112.34066417300005,28.87834116500005],[112.34216716100002,28.869130324000025],[112.3310661490001,28.880197100000032],[112.33715461400004,28.890128911000033],[112.34926276200008,28.88545764400004],[112.35524429300006,28.869706312000062],[112.38023884300003,28.867674840000063],[112.38610588300003,28.841835268000068],[112.40058684000007,28.838010879000024],[112.39476541300007,28.828304140000057],[112.41094008900006,28.813428267000063],[112.38158904800002,28.817185951000056],[112.39249933000008,28.808413779000034],[112.3770188310001,28.798274095000068],[112.40415730900008,28.798703162000038],[112.41773802800003,28.806595935000075],[112.42760302300007,28.790737774000036],[112.45476435700004,28.784275404000027],[112.46164616500005,28.765287210000054],[112.50067927200007,28.784637644000043],[112.5289926910001,28.781566628000064],[112.5500123490001,28.807129529000065],[112.54996663300005,28.820433645000037],[112.56246394100003,28.826508670000067],[112.5596105730001,28.848144320000074],[112.55069916700006,28.840137087000073],[112.54360366800006,28.845605629000033],[112.55865688600011,28.85069451800007],[112.56215891800002,28.860689282000067],[112.53084708800009,28.868204553000055],[112.53476876800005,28.88254437300003],[112.52732236400004,28.900180223000064],[112.56193783200001,28.897387663000075],[112.5432071460001,28.891945918000033],[112.53685924400008,28.875378263000073],[112.56083902900002,28.86737663200006],[112.56749978300002,28.89218807000003],[112.56685118600001,28.874775416000034],[112.58750447300008,28.86824058700006],[112.58642100100008,28.853360962000068],[112.59521795,28.858619633000046],[112.60517454400008,28.852149695000037],[112.61584081600006,28.872490172000028],[112.63971383800003,28.87548470300004],[112.64969332500004,28.870155390000036],[112.61962507800001,28.868713505000073],[112.61064496400002,28.851993268000058],[112.61371958600012,28.82966141600008],[112.59770505000006,28.826901466000038],[112.59497370500003,28.83775649000006],[112.58314022200011,28.842216035000035],[112.59214316300006,28.845862951000072],[112.57284794800012,28.853280901000062],[112.56457744400007,28.84869554100004],[112.58100389600008,28.834019944000033]]}},{"type":"Feature","properties":{"name":"湘江","level":"river_l3"},"geometry":{"type":"LineString","coordinates":[[112.3918124380001,28.759126559000038],[112.37880394600006,28.752589945000068],[112.37628619100008,28.755180204000055],[112.38809685100011,28.764728607000052],[112.3918124380001,28.759126559000038]]}},{"type":"Feature","properties":{"name":"湘江","level":"river_l3"},"geometry":{"type":"LineString","coordinates":[[111.95347779500008,28.97099260600004],[111.95894828000007,28.98472205400003],[111.98320276500004,28.983472621000033],[111.99614243100007,28.954735682000035],[111.99688237900006,28.927889020000066],[112.03506844700007,28.913232421000032],[112.03187923000007,28.90321667300003],[112.05476045300009,28.916432969000027],[112.0883077740001,28.912417772000026],[112.10894587400003,28.920861760000037],[112.11478249100003,28.915446630000076],[112.11264616200003,28.906327357000066],[112.10780905100012,28.918139904000043],[112.09181736900007,28.90797733200003],[112.10651194600007,28.902117746000044],[112.1049249140001,28.885645443000044],[112.12373187100002,28.885418396000034],[112.163649813,28.861278196000058],[112.1539069150001,28.88261250200003],[112.16101011300009,28.892071275000035],[112.16959329600002,28.867322726000054],[112.20673415100009,28.86204100200007],[112.16993656800003,28.85424177400006],[112.1742701280001,28.843127337000055],[112.20722240400005,28.85308575600004],[112.24890309800003,28.897440293000045],[112.268259392,28.89878494100003],[112.24818588900007,28.891727632000027],[112.23726020400011,28.869527439000024],[112.2402052010001,28.863721302000044],[112.25257282900009,28.874646847000065],[112.24921577500004,28.86785079200007],[112.26181221400009,28.862258249000035],[112.21500462200004,28.859311483000056],[112.21102955900005,28.850009106000073],[112.21909407500004,28.856915774000072],[112.22972209400007,28.85481378000003],[112.21159411800011,28.84334655500004],[112.21578273400007,28.83613084500007],[112.20203424700003,28.846335485000054],[112.18305941300002,28.84061716700006],[112.18898756500005,28.830837904000077],[112.20451381200007,28.83458016800006],[112.1988144720001,28.827841344000035],[112.16416084900004,28.829390276000026],[112.12827876000006,28.808944980000035],[112.10282651400007,28.828598923000072],[112.0843781210001,28.822621195000067],[112.06847030100005,28.79846974900005],[111.99370788900006,28.80092865200004],[111.99891886600005,28.79254942400007],[112.02095316300006,28.797075607000068],[112.02822412600005,28.787504247000072],[112.04046966500005,28.795467600000052],[112.03503728600003,28.772208780000028],[112.04818298600003,28.751028960000042],[112.05340929700003,28.759160189000056],[112.04480322600011,28.784358885000074],[112.0817305710001,28.805258140000035],[112.08775025200009,28.789520159000062],[112.08947463900006,28.811033721000058],[112.10079701200004,28.822226305000072],[112.12009218800006,28.805704336000076],[112.16586978900011,28.809854676000043]]}},{"type":"Feature","properties":{"name":"赣江","level":"river_l3"},"geometry":{"type":"LineString","coordinates":[[116.78519967800003,28.75082124900007],[116.78351357100007,28.75657397200007],[116.79009792700003,28.759892818000026],[116.78622203600003,28.74965773100007],[116.78362798,28.750392091000037],[116.78519967800003,28.75082124900007]]}},{"type":"Feature","properties":{"name":"赣江","level":"river_l3"},"geometry":{"type":"LineString","coordinates":[[116.38850674300011,28.758330520000072],[116.39999693400011,28.762887246000048],[116.3945036020001,28.75831904900008],[116.39865405100011,28.74961366100007],[116.38850674300011,28.758330520000072]]}},{"type":"Feature","properties":{"name":"沅江","level":"river_l3"},"geometry":{"type":"LineString","coordinates":[[111.93395374400006,28.990482491000023],[111.90863103400005,28.973871031000044],[111.90039108700006,28.977954804000035],[111.89526408900008,28.998243839000054],[111.87596125200008,29.008080371000062],[111.80929382000005,29.00681981300005],[111.80005432200005,28.994644909000044],[111.81242175300008,28.962049301000036],[111.79797128100006,28.959159640000053],[111.76771234200004,28.96921937600007],[111.73192185700009,28.959907572000077],[111.70551589600007,28.977203970000062],[111.70204462500004,29.020603063000067],[111.66673488300006,29.028911822000055],[111.64367818500006,29.017244334000054],[111.64083976800003,28.971228310000072],[111.61545604500009,28.96006438300003],[111.59325395800005,28.96968920300003],[111.58932475600005,28.978707405000023],[111.60809364600004,28.996432812000023],[111.61498327400005,29.018985890000067],[111.58411404400005,29.046662377000075],[111.55536571800008,29.046557569000072],[111.53319398300005,29.01903576600006],[111.52786070000008,28.975590925000063],[111.51460038100004,28.95820501600008],[111.51466129600004,28.930927283000074],[111.48632485500008,28.905127882000045],[111.47561267700007,28.854911788000038],[111.46281775100005,28.834531258000027],[111.42911013100007,28.821660235000024],[111.42360909700005,28.800219166000034],[111.40265057400006,28.796265196000036],[111.35314956600007,28.755708308000067],[111.31458953200007,28.744962145000045],[111.28058443900005,28.75085040500005],[111.28030211400005,28.743896023000048]]}},{"type":"Feature","properties":{"name":"沅江","level":"river_l3"},"geometry":{"type":"LineString","coordinates":[[110.81566721600007,28.743777403000024],[110.86797580500007,28.758632066000075],[110.90606276600005,28.759946140000068],[110.95477022500006,28.784274873000072],[110.98523520400005,28.782689722000043],[111.01019928900007,28.79196532800006],[111.01380796900008,28.76391699100003],[111.02308553800009,28.758501850000073],[111.05695342600006,28.782323262000034],[111.06617768700005,28.800083038000025],[111.09529226700005,28.80790137500003],[111.11499965600007,28.83949930600005]]}},{"type":"Feature","properties":{"name":"湘江","level":"river_l3"},"geometry":{"type":"LineString","coordinates":[[112.94713374300011,28.994850576000033],[112.91846163500009,28.97737889700005],[112.89757943200004,28.978014139000038],[112.8732025490001,28.91085848700004],[112.89890645600008,28.868334813000047],[112.9017674590001,28.84829565700005],[112.88543232000006,28.811864375000027],[112.89285577700002,28.78250946000003],[112.88112142700004,28.77598428700003],[112.89011670500008,28.772730229000047],[112.90172899700008,28.78247127900005],[112.91190681800003,28.769775586000037],[112.93919024200011,28.76733592100004],[112.9260825880001,28.76567271600004],[112.92796707500008,28.760797394000065],[112.88902563600004,28.764967115000047],[112.90405589900001,28.756252148000044],[112.89800562300002,28.75483115800006],[112.90095059400005,28.743731985000068],[112.87359102000005,28.776899867000054]]}},{"type":"Feature","properties":{"name":"沅江","level":"river_l3"},"geometry":{"type":"LineString","coordinates":[[111.28030211400005,28.743896023000048],[111.31046951300004,28.73678513300007],[111.35601825000003,28.745341577000033],[111.37761777100008,28.775192321000077],[111.42302156200009,28.787393807000058],[111.43344372500007,28.817681383000036],[111.47409426100006,28.826291250000054],[111.49702909600006,28.886122508000028],[111.49731148200004,28.906516432000046],[111.51780464800004,28.921239585000023],[111.53574199500008,28.957785315000024],[111.53377370900006,28.991519606000054],[111.54819374600004,29.013004514000045],[111.54664502900005,29.033438500000045],[111.55813524600006,29.04283431400006],[111.58572385400004,29.038609327000074],[111.60327947900004,29.020828480000034],[111.59986896100008,29.00118608200006],[111.58195455500004,28.976796215000036],[111.59864802400006,28.95628397400003],[111.64397549200004,28.962225369000066],[111.65325331600008,29.014064664000045],[111.68327582200004,29.02237510300006],[111.69787119500006,29.011750832000075],[111.69601703100005,28.97374016400005],[111.72548244800004,28.95362652500006],[111.77377021000007,28.961980770000025],[111.79933694800008,28.95225293900006],[111.84326818200009,28.95448635100007],[111.85071472900006,28.96761686900004],[111.86777452100006,28.970210873000042],[111.85255358300009,28.99416596800006],[111.85639892900008,29.000496616000078],[111.87506090200009,28.995491532000074],[111.89998665500008,28.964210079000054],[111.92511092900008,28.966155538000066],[111.94268194200004,28.976985695000053],[111.95347779500008,28.97099260600004]]}},{"type":"Feature","properties":{"name":"沅江","level":"river_l3"},"geometry":{"type":"LineString","coordinates":[[111.11499965600007,28.83949930600005],[111.13774355000004,28.853831437000053],[111.14177184300007,28.82255959300005],[111.22381278600005,28.793479089000073],[111.20799649500009,28.762527755000065],[111.22385068900007,28.737025757000026],[111.28030211400005,28.743896023000048]]}},{"type":"Feature","properties":{"name":"赣江","level":"river_l3"},"geometry":{"type":"LineString","coordinates":[[115.92603125200003,28.732933588000037],[115.96354602400004,28.745058766000056],[116.0165868900001,28.734255028000064],[116.16309838600012,28.813169230000028],[116.17847197600008,28.806258656000068],[116.24551319800003,28.80566516300007],[116.28431739200005,28.82155363100003],[116.31826138100007,28.809882107000078],[116.36021649700001,28.808239653000044]]}},{"type":"Feature","properties":{"name":"湘江","level":"river_l3"},"geometry":{"type":"LineString","coordinates":[[112.16586978900011,28.809854676000043],[112.18924689800008,28.81500838900007],[112.19294715100011,28.792672718000063],[112.21179233600003,28.810316104000037],[112.20288866400006,28.824987858000043],[112.2187506250001,28.831240260000072],[112.23580275100005,28.826225644000033],[112.23915980400011,28.832788996000033],[112.24983357200006,28.824493674000053],[112.24834588200008,28.842190539000057],[112.25949271400009,28.840071377000072],[112.26635169600002,28.834621910000067],[112.2638796550001,28.823450276000074],[112.22813495500009,28.815181823000046],[112.24046435800005,28.809595004000073],[112.22476256900006,28.79256388300007],[112.22871467100003,28.786044375000074],[112.24156299300012,28.803605763000064],[112.24070836100009,28.77817439900008],[112.24864326300008,28.804574697000078],[112.2628648860001,28.816366195000057],[112.2682589640001,28.806138696000062],[112.25675342300008,28.782351548000065],[112.27869625400001,28.80633130600006],[112.28904960700004,28.804231221000066],[112.27895573100011,28.821687784000062],[112.29031621800004,28.825525433000053],[112.290766426,28.838812381000025],[112.29841118800005,28.818437505000077],[112.2953821100001,28.790766860000076],[112.27285952900002,28.788363616000026],[112.26891495100006,28.771725378000042],[112.27601044900007,28.765810504000058],[112.26081224600011,28.75587872500006],[112.26706085000001,28.747922937000055],[112.27673521600002,28.75616096400006],[112.28293033500006,28.731463923000035],[112.28257190800002,28.76701595800006],[112.29155188800007,28.755090859000063],[112.28809577800007,28.776049386000068],[112.31212127800006,28.754333548000034],[112.309763696,28.74636825300007],[112.32583164900007,28.75122443600003],[112.30975613400005,28.76104379000003],[112.29974619600011,28.78125273200004]]}},{"type":"Feature","properties":{"name":"赣江","level":"river_l3"},"geometry":{"type":"LineString","coordinates":[[116.25859752200006,28.729435893000073],[116.27008008700011,28.734692636000034],[116.27320057100007,28.731255489000034],[116.26459436800008,28.72714317300006],[116.25859752200006,28.729435893000073]]}},{"type":"Feature","properties":{"name":"赣江","level":"river_l3"},"geometry":{"type":"LineString","coordinates":[[116.40368177200003,28.71767614500004],[116.39860814500003,28.726780184000063],[116.38012931200001,28.73359540200005],[116.39400741600002,28.71159349100003],[116.40368177200003,28.71767614500004]]}},{"type":"Feature","properties":{"name":"赣江","level":"river_l3"},"geometry":{"type":"LineString","coordinates":[[116.46643519700001,28.72376428900003],[116.45457122100004,28.73058138600004],[116.46927347500002,28.736082261000035],[116.47002887400004,28.748432668000078],[116.4444543940001,28.732565126000054],[116.45309102700003,28.721216062000053],[116.44292841400011,28.721597587000076],[116.43947989500009,28.73172398400004],[116.43082029100003,28.728647387000024],[116.44356162500003,28.713576970000076],[116.46368850700003,28.717166607000024],[116.4687392510001,28.70907539800004],[116.48125948900008,28.722850580000056],[116.46643519700001,28.72376428900003]]}},{"type":"Feature","properties":{"name":"湘江","level":"river_l3"},"geometry":{"type":"LineString","coordinates":[[112.4507358510001,28.767255687000045],[112.44279346100006,28.771595051000077],[112.44145824300006,28.763147180000033],[112.41852367700005,28.763530650000064],[112.41405266000004,28.74782513300005],[112.42609973100002,28.73443323200007],[112.42256731300006,28.75264510200003],[112.44120643300005,28.756045930000028],[112.43401916500011,28.715420238000036],[112.45063651900011,28.735383029000047],[112.46533106600009,28.723293874000035],[112.45785400600005,28.711340224000026],[112.46373641000002,28.70820252900006],[112.46962654600009,28.727076233000048],[112.4579304450001,28.74229542100005],[112.44953788300006,28.74114528900003],[112.4572972090001,28.746669092000047],[112.44972868200011,28.753753204000077],[112.4507358510001,28.767255687000045]]}},{"type":"Feature","properties":{"name":"赣江","level":"river_l3"},"geometry":{"type":"LineString","coordinates":[[116.37714609500006,28.72522384000007],[116.35682849500006,28.725685519000024],[116.38673635200007,28.700393274000078],[116.38959748100001,28.706020090000038],[116.37714609500006,28.72522384000007]]}},{"type":"Feature","properties":{"name":"赣江","level":"river_l3"},"geometry":{"type":"LineString","coordinates":[[116.50045544000011,28.704928573000075],[116.49772408600006,28.71206798000003],[116.4941229320001,28.714412190000075],[116.50285107500008,28.694817439000076],[116.50045544000011,28.704928573000075]]}},{"type":"Feature","properties":{"name":"赣江","level":"river_l3"},"geometry":{"type":"LineString","coordinates":[[116.45673789800003,28.70811221400004],[116.44730770900003,28.705508655000074],[116.44346233400006,28.69480625400007],[116.44997801000011,28.695624500000065],[116.45673789800003,28.70811221400004]]}},{"type":"Feature","properties":{"name":"赣江","level":"river_l3"},"geometry":{"type":"LineString","coordinates":[[116.23496847700005,28.693807684000035],[116.2439943390001,28.703584974000023],[116.22791879900001,28.70548862800007],[116.22952858300005,28.694673667000075],[116.23496847700005,28.693807684000035]]}},{"type":"Feature","properties":{"name":"赣江","level":"river_l3"},"geometry":{"type":"LineString","coordinates":[[116.75630616100011,28.706224477000035],[116.75258296300001,28.713615666000067],[116.75990724700011,28.691966652000076],[116.7655531900001,28.69988233400005],[116.75630616100011,28.706224477000035]]}},{"type":"Feature","properties":{"name":"赣江","level":"river_l3"},"geometry":{"type":"LineString","coordinates":[[116.67016088000003,28.782328179000046],[116.68152104100011,28.729481726000074],[116.65851010200004,28.71338337900005],[116.67063349300008,28.708145607000063],[116.66283598400003,28.69637126600003],[116.63143254800002,28.689563897000028],[116.63925302400003,28.71507532700008],[116.65777011300008,28.72759159900005],[116.62455861000001,28.746680996000066],[116.62524531700001,28.75445555300007],[116.6437699710001,28.755523614000026],[116.61996576400009,28.776289575000078],[116.67016088000003,28.782328179000046]]}},{"type":"Feature","properties":{"name":"湘江","level":"river_l3"},"geometry":{"type":"LineString","coordinates":[[112.86916588200006,28.78284906400006],[112.81418692800003,28.765146686000037],[112.80726680400005,28.748151776000043],[112.81113491000008,28.727166546000035],[112.79492964200006,28.72604123900004],[112.72986426700004,28.68804415900007]]}},{"type":"Feature","properties":{"name":"赣江","level":"river_l3"},"geometry":{"type":"LineString","coordinates":[[116.25397392800005,28.718502700000045],[116.26024534700002,28.699611790000063],[116.25345494200008,28.687244243000066],[116.2789149780001,28.70311369500007],[116.27197972600004,28.711588300000074],[116.27551991000007,28.721089040000038],[116.25397392800005,28.718502700000045]]}},{"type":"Feature","properties":{"name":"赣江","level":"river_l3"},"geometry":{"type":"LineString","coordinates":[[116.55741794500011,28.700602342000025],[116.54421114800004,28.705161084000054],[116.5521610730001,28.685804761000043],[116.55262653500006,28.695872012000052],[116.55741794500011,28.700602342000025]]}},{"type":"Feature","properties":{"name":"赣江","level":"river_l3"},"geometry":{"type":"LineString","coordinates":[[116.41035752100004,28.692027318000044],[116.42167984900004,28.694615610000028],[116.4227022120001,28.69412349600003],[116.41782684900011,28.68444155900005],[116.41035752100004,28.692027318000044]]}},{"type":"Feature","properties":{"name":"沅江","level":"river_l3"},"geometry":{"type":"LineString","coordinates":[[110.73913446300008,28.68405694100005],[110.76766921500007,28.69690509800006],[110.78125000500006,28.72180998300007],[110.81566721600007,28.743777403000024]]}},{"type":"Feature","properties":{"name":"赣江","level":"river_l3"},"geometry":{"type":"LineString","coordinates":[[115.87243309400003,28.683272766000073],[115.87803330300005,28.699361656000065],[115.92603125200003,28.732933588000037]]}},{"type":"Feature","properties":{"name":"湘江","level":"river_l3"},"geometry":{"type":"LineString","coordinates":[[112.30996177800012,28.683759746000078],[112.3146769760001,28.707256993000044],[112.32952420600009,28.714667190000057],[112.32909703000007,28.732335440000043],[112.33814565300008,28.71535954500007],[112.34389080900007,28.730576764000034],[112.35099393900009,28.725115852000044],[112.36195770600011,28.733083023000063],[112.33877139700007,28.74079854000007],[112.35598376900009,28.741036904000055],[112.36236216200007,28.752105524000058],[112.36617687900002,28.73434952200006],[112.37986439300005,28.738116588000025],[112.36957212000004,28.74962206300006],[112.38388524000004,28.74878847800005],[112.39291863500011,28.73868876100005],[112.37334864800005,28.723151149000046],[112.36573420100001,28.699272433000033],[112.34757573600007,28.69401761000006],[112.34882694800001,28.68481249200005],[112.33970198500003,28.692388719000064],[112.36301811800001,28.711041102000024],[112.36049276800009,28.72096913000007],[112.34149500600006,28.70655878900004],[112.329806469,28.707779567000046],[112.30996177800012,28.683759746000078]]}},{"type":"Feature","properties":{"name":"湘江","level":"river_l3"},"geometry":{"type":"LineString","coordinates":[[112.387402124,28.670955091000053],[112.38329747700004,28.68734539600007],[112.36692429900006,28.673558766000042],[112.3774456640001,28.706303068000068],[112.38807371900009,28.71221406400008],[112.39381863400001,28.67514181200005],[112.387402124,28.670955091000053]]}},{"type":"Feature","properties":{"name":"赣江","level":"river_l3"},"geometry":{"type":"LineString","coordinates":[[116.23753962600006,28.689483598000038],[116.22915468500003,28.685983557000043],[116.2378828520001,28.670583177000026],[116.2401336370001,28.680585569000073],[116.25271480900005,28.676047812000036],[116.23753962600006,28.689483598000038]]}},{"type":"Feature","properties":{"name":"赣江","level":"river_l3"},"geometry":{"type":"LineString","coordinates":[[116.58731815300007,28.672195314000078],[116.5675881190001,28.68807831400005],[116.56416242400007,28.686531428000023],[116.57040335600004,28.673381790000064],[116.58731815300007,28.672195314000078]]}},{"type":"Feature","properties":{"name":"赣江","level":"river_l3"},"geometry":{"type":"LineString","coordinates":[[116.49358871100003,28.68786310200005],[116.4901020310001,28.695473640000046],[116.47755133900012,28.692917780000073],[116.49395481200008,28.666566988000056],[116.49358871100003,28.68786310200005]]}},{"type":"Feature","properties":{"name":"赣江","level":"river_l3"},"geometry":{"type":"LineString","coordinates":[[116.25562918500009,28.653052193000065],[116.24938821400008,28.65944010100003],[116.26122938700007,28.667748681000035],[116.26230513100006,28.662676901000054],[116.25562918500009,28.653052193000065]]}},{"type":"Feature","properties":{"name":"赣江","level":"river_l3"},"geometry":{"type":"LineString","coordinates":[[116.28627727500009,28.656611268000063],[116.27917408300004,28.649063719000026],[116.26516622800011,28.662583426000026],[116.2812494310001,28.66685402400003],[116.28627727500009,28.656611268000063]]}},{"type":"Feature","properties":{"name":"赣江","level":"river_l3"},"geometry":{"type":"LineString","coordinates":[[116.04046704300004,28.649013248000074],[116.04720414100007,28.679483924000067],[116.06321867200006,28.68264250900006],[116.07621210500008,28.725734419000048],[116.09594984900002,28.723731565000037],[116.08650451100004,28.74120719800004],[116.06477542000005,28.738920320000034],[116.0482419760001,28.717689129000064],[116.06133436300001,28.718877382000073],[116.05522290500005,28.690909212000065],[116.03817838300006,28.688467814000035],[116.03144901900009,28.677002465000044],[116.02963307200002,28.658054367000034],[116.04046704300004,28.649013248000074]]}},{"type":"Feature","properties":{"name":"赣江","level":"river_l3"},"geometry":{"type":"LineString","coordinates":[[116.44517896200011,28.68945408500008],[116.43635909600005,28.67899585300006],[116.44836037900006,28.667589553000028],[116.44585772500011,28.641109140000026],[116.46804454800008,28.635989583000026],[116.47179072100005,28.64387475600006],[116.48244159400008,28.637320885000065],[116.48064107800008,28.649291731000062],[116.46168158400008,28.65659333800005],[116.44517896200011,28.68945408500008]]}},{"type":"Feature","properties":{"name":"赣江","level":"river_l3"},"geometry":{"type":"LineString","coordinates":[[116.79880269300008,28.655216620000033],[116.78813652100007,28.65455861500004],[116.79195127800006,28.647751090000042],[116.78274994800006,28.640239793000035],[116.78771674200004,28.627950398000053],[116.79891698300003,28.62816207000003],[116.7949115350001,28.643447985000023],[116.81618285600007,28.647285577000048],[116.79880269300008,28.655216620000033]]}},{"type":"Feature","properties":{"name":"赣江","level":"river_l3"},"geometry":{"type":"LineString","coordinates":[[116.26563912200004,28.637377142000048],[116.25831467700004,28.630750869000053],[116.22952821000001,28.62758089600004],[116.26916394400007,28.628557313000044],[116.26563912200004,28.637377142000048]]}},{"type":"Feature","properties":{"name":"赣江","level":"river_l3"},"geometry":{"type":"LineString","coordinates":[[116.47515527200005,28.62612448300007],[116.48138867700004,28.63140223000005],[116.48798828500003,28.633462192000025],[116.48558492400002,28.62621980800003],[116.47515527200005,28.62612448300007]]}},{"type":"Feature","properties":{"name":"赣江","level":"river_l3"},"geometry":{"type":"LineString","coordinates":[[116.71150466400002,28.61129914000003],[116.70261617900007,28.609389872000065],[116.71455654900001,28.619947274000026],[116.71633423200001,28.617856757000027],[116.71150466400002,28.61129914000003]]}},{"type":"Feature","properties":{"name":"乌江","level":"river_l3"},"geometry":{"type":"LineString","coordinates":[[108.35288639300006,28.888157971000055],[108.35443514800005,28.87325925700003],[108.34048812000009,28.840751461000025],[108.35128389400006,28.80987251600004],[108.38095535100007,28.792955693000067],[108.38248120600008,28.775068082000075],[108.33164494600004,28.710968106000053],[108.32815809600004,28.67673026700004],[108.43675004100004,28.632140651000043],[108.50530959800005,28.623139433000063],[108.51485417100008,28.60738808900004]]}},{"type":"Feature","properties":{"name":"赣江","level":"river_l3"},"geometry":{"type":"LineString","coordinates":[[116.34610855000005,28.65986884600005],[116.3396921100001,28.668101209000042],[116.32312055000011,28.65263036600004],[116.32244926100009,28.673260799000047],[116.31430074900004,28.653841602000057],[116.31689500900006,28.68947753200007],[116.30278009200003,28.658577725000043],[116.28445390200011,28.674533199000052],[116.26198474800003,28.673449894000044],[116.29360961700002,28.711324985000033],[116.28411849300005,28.72698286700006],[116.32077873300011,28.736290816000064],[116.34678813500011,28.75831353500007],[116.35425726100004,28.714780929000028],[116.36708257700002,28.709764413000073],[116.37819115100001,28.689921690000062],[116.35453182800006,28.697137484000052],[116.34344611400002,28.711940858000048],[116.33527481100009,28.71015366100005],[116.34331619600005,28.673474337000073],[116.363336204,28.66638254000003],[116.3727358970001,28.67270362000005],[116.37183565600003,28.68189347400005],[116.38302060100011,28.675330064000036],[116.39283994000004,28.685071109000035],[116.39393091200009,28.674500298000055],[116.40922063500011,28.678326474000073],[116.39875279600005,28.671358790000056],[116.40689348000001,28.655277471000034],[116.38618682200001,28.664688670000032],[116.40806069400003,28.634856850000062],[116.38112069200008,28.650203902000044],[116.4096018030001,28.622666654000056],[116.39410612000006,28.625718561000042],[116.38100600400003,28.606471051000028],[116.38611031800008,28.627593569000055],[116.3761613910001,28.63823880700005],[116.37104951200001,28.628793388000076],[116.36959996900009,28.643041667000034],[116.34610855000005,28.65986884600005]]}},{"type":"Feature","properties":{"name":"赣江","level":"river_l3"},"geometry":{"type":"LineString","coordinates":[[116.25919958800011,28.60873947700003],[116.25866554900006,28.61470963900007],[116.25513306300002,28.61734758800003],[116.25497275400005,28.60155241500007],[116.25919958800011,28.60873947700003]]}},{"type":"Feature","properties":{"name":"赣江","level":"river_l3"},"geometry":{"type":"LineString","coordinates":[[116.27138403900005,28.607646484000043],[116.27318465300004,28.61308256500007],[116.26888920900001,28.61597420100003],[116.26904935000005,28.601542817000052],[116.27138403900005,28.607646484000043]]}},{"type":"Feature","properties":{"name":"赣江","level":"river_l3"},"geometry":{"type":"LineString","coordinates":[[116.44459868500007,28.61298645100004],[116.43206335900004,28.62968006400007],[116.41871156700006,28.628308702000027],[116.42142001900004,28.61882700800004],[116.43050685900005,28.618283360000078],[116.427203125,28.596642022000026],[116.43433687200002,28.610823504000052],[116.44169180400002,28.611943116000077],[116.44024976200001,28.603062271000056],[116.450137745,28.608902685000032],[116.44459868500007,28.61298645100004]]}},{"type":"Feature","properties":{"name":"赣江","level":"river_l3"},"geometry":{"type":"LineString","coordinates":[[116.1250255860001,28.608314705000055],[116.13157944500006,28.615660072000026],[116.1299619990001,28.62051822500007],[116.1201045030001,28.609159704000035],[116.12658195400002,28.59589752900007],[116.1250255860001,28.608314705000055]]}},{"type":"Feature","properties":{"name":"赣江","level":"river_l3"},"geometry":{"type":"LineString","coordinates":[[116.18607762500005,28.616640240000038],[116.16632451700002,28.599424139000064],[116.1613500200001,28.598897718000046],[116.16890338400003,28.611246189000042],[116.19498140000007,28.624136281000062],[116.20509813000001,28.604570135000074],[116.20062715100005,28.597619592000058],[116.17648709900004,28.593370010000058],[116.19570610200003,28.604417584000032],[116.18607762500005,28.616640240000038]]}},{"type":"Feature","properties":{"name":"赣江","level":"river_l3"},"geometry":{"type":"LineString","coordinates":[[116.44981716400002,28.584182791000046],[116.44839814400007,28.59911582700005],[116.43708344400011,28.596300554000038],[116.44701708000002,28.57992930300003],[116.44981716400002,28.584182791000046]]}},{"type":"Feature","properties":{"name":"赣江","level":"river_l3"},"geometry":{"type":"LineString","coordinates":[[116.4654121420001,28.600815245000035],[116.47632232400008,28.57707952100003],[116.48427234300004,28.574281332000055],[116.48418084200011,28.583902254000066],[116.4654121420001,28.600815245000035]]}},{"type":"Feature","properties":{"name":"赣江","level":"river_l3"},"geometry":{"type":"LineString","coordinates":[[116.49998928100001,28.57075257500003],[116.48928496000008,28.569983939000053],[116.5008590000001,28.561104945000068],[116.51423368500002,28.563155341000027],[116.5123797550001,28.573983655000063],[116.49998928100001,28.57075257500003]]}},{"type":"Feature","properties":{"name":"赣江","level":"river_l3"},"geometry":{"type":"LineString","coordinates":[[116.47026435600003,28.564006233000043],[116.47591790800004,28.568389412000045],[116.46498470300003,28.568313164000074],[116.46115459200007,28.55836990800003],[116.47026435600003,28.564006233000043]]}},{"type":"Feature","properties":{"name":"湘江","level":"river_l3"},"geometry":{"type":"LineString","coordinates":[[112.48149750000005,28.57597957400003],[112.48868453400007,28.56615071500005],[112.50228048100007,28.567613642000026],[112.5041344120001,28.55426755600007],[112.49038588400003,28.555331935000027],[112.48149750000005,28.57597957400003]]}},{"type":"Feature","properties":{"name":"赣江","level":"river_l3"},"geometry":{"type":"LineString","coordinates":[[116.04466266700001,28.530350100000078],[116.05326897500004,28.553868298000054],[116.0514074240001,28.566470493000054],[116.03012073600007,28.543320478000055],[116.03766641600009,28.54584393500005],[116.04466266700001,28.530350100000078]]}},{"type":"Feature","properties":{"name":"赣江","level":"river_l3"},"geometry":{"type":"LineString","coordinates":[[116.4978604590001,28.541058192000037],[116.4902613160001,28.528501816000073],[116.4902996290001,28.558041708000076],[116.49488500100006,28.55581956800006],[116.4978604590001,28.541058192000037]]}},{"type":"Feature","properties":{"name":"赣江","level":"river_l3"},"geometry":{"type":"LineString","coordinates":[[116.52822636200005,28.56427873800004],[116.51524072300003,28.550982315000056],[116.50217889100009,28.556021721000036],[116.50944209800002,28.526683981000076],[116.52897385300002,28.526910876000045],[116.51234885000008,28.50482517300003],[116.52336595800011,28.501002697000047],[116.52975960600008,28.509938834000025],[116.54796377700006,28.50402581700007],[116.54671259300005,28.516439177000052],[116.55888931800007,28.498143350000078],[116.56780068900002,28.49965969400006],[116.56287970000005,28.517007512000077],[116.57289743000001,28.53085137100004],[116.54645325000001,28.52766803800006],[116.5508022030001,28.543085527000073],[116.54153223000003,28.539520638000056],[116.53329234600005,28.55286483900005],[116.5394265870001,28.561579719000065],[116.52822636200005,28.56427873800004]]}},{"type":"Feature","properties":{"name":"湘江","level":"river_l3"},"geometry":{"type":"LineString","coordinates":[[112.63238792200002,28.554110687000048],[112.61715160000006,28.550189127000067],[112.60499769600005,28.55924550700007],[112.60282321500006,28.549449108000033],[112.59391947100005,28.548094886000058],[112.58706051700005,28.559522145000074],[112.56247800800008,28.57029904500007],[112.5757688000001,28.577951487000064],[112.59024213100008,28.575252463000027],[112.58562633200006,28.59830722600003],[112.5961475260001,28.59411090800006],[112.59614755900009,28.601219788000037],[112.58687001400006,28.61065191600005],[112.59107389300004,28.604573016000074],[112.55706876300007,28.60025478500006],[112.55230785200001,28.590988652000078],[112.56160828800012,28.582014300000026],[112.5498891950001,28.574777666000045],[112.55355137000004,28.568027364000045],[112.5305863100001,28.57348070300003],[112.5346757320001,28.56442435300005],[112.51470148800001,28.572773115000075],[112.49523823000004,28.538462870000046],[112.50566789100003,28.539094182000042],[112.5011892770001,28.53027628700005],[112.5069343340001,28.52392843800004],[112.51824141100008,28.52728351500008],[112.52262092500007,28.554673766000064],[112.53524026100001,28.551114512000026],[112.52858730000003,28.561383978000038],[112.53977988600002,28.554427650000036],[112.55326900700004,28.55336327200007],[112.55073602200002,28.562375747000033],[112.58383318400001,28.556632446000037],[112.57406721900009,28.538798289000056],[112.54074110600004,28.53078732800003],[112.53215011400005,28.516354061000072],[112.54582986800006,28.492131937000067],[112.54461683900001,28.50867100800008],[112.55519907900009,28.50654231200008],[112.54972869000005,28.513344121000046],[112.56199711900001,28.52171184100007],[112.57357113500007,28.504194236000046],[112.56763525000008,28.491292602000044],[112.58047587300007,28.494142212000042],[112.57338793600002,28.48494093900007],[112.57966706600007,28.479035605000036],[112.59140908500001,28.49429285700006],[112.59401837600001,28.487571170000024],[112.61007869900004,28.49284698100007],[112.6104678580001,28.503381551000075],[112.5993896970001,28.506215987000076],[112.59359892300006,28.525408269000025],[112.61757118300011,28.54054912500004],[112.6241097190001,28.534403458000043],[112.62787878800009,28.54484073800006],[112.63407398100003,28.536638895000067],[112.63238792200002,28.554110687000048]]}},{"type":"Feature","properties":{"name":"湘江","level":"river_l3"},"geometry":{"type":"LineString","coordinates":[[112.63038855900004,28.46590678700005],[112.64718131900008,28.47001145200005],[112.6560546070001,28.48465834600006],[112.676173801,28.473763203000033],[112.66273039700002,28.46177142700003],[112.68907543500006,28.471096611000064],[112.70386915600011,28.45714201800007],[112.69999338700006,28.471239626000056],[112.71215495600006,28.46973845900004],[112.71184979800012,28.47525084600005],[112.70531126100002,28.481171440000026],[112.6993219950001,28.47400917400006],[112.68468845300004,28.47878726400006],[112.67863823900007,28.49088401800003],[112.67132142000003,28.482842446000063],[112.65734403900001,28.49126939000007],[112.65692445600007,28.50091130000004],[112.6239873080001,28.461502623000058],[112.63038855900004,28.46590678700005]]}},{"type":"Feature","properties":{"name":"沅江","level":"river_l3"},"geometry":{"type":"LineString","coordinates":[[110.81566721600007,28.743777403000024],[110.77793115300005,28.727345271000047],[110.75466075600008,28.698389099000053],[110.69949868600008,28.680930841000077],[110.66009167600004,28.648640584000077],[110.62917657300005,28.655757196000025],[110.58107950600004,28.636816863000035],[110.51918823400007,28.64434748000008],[110.50065592000004,28.63964579700007],[110.50183845100008,28.62586673100003],[110.52535280300003,28.608730568000055],[110.51512135900003,28.57161639900005],[110.50464588900007,28.56410890400008],[110.46702438900007,28.57604744500003],[110.44929318300007,28.571332407000057],[110.44962116400006,28.549067318000027],[110.46838987800004,28.525085510000054],[110.40320250100007,28.503202110000075],[110.40851250000009,28.453827120000028],[110.39439007000004,28.44288822200008],[110.38139686700003,28.443649316000062]]}},{"type":"Feature","properties":{"name":"赣江","level":"river_l3"},"geometry":{"type":"LineString","coordinates":[[115.80833545700011,28.419279420000066],[115.81584312500001,28.44709117900004],[115.83187295700009,28.458058659000073],[115.83438315300009,28.46920167600007],[115.82944691600005,28.489267538000036],[115.80095048100009,28.50614242200004],[115.78839990200004,28.52460228600006],[115.81032787000004,28.620567274000052],[115.85589967700002,28.666827239000042],[115.85759357400002,28.69013183800007],[115.84537856400004,28.684087341000065],[115.84583636800005,28.689340317000074],[115.87736961600001,28.715408610000054],[115.8773240590001,28.755519313000036],[115.89707715700001,28.77068496100003],[115.94911108000008,28.78932575300007],[115.95453586600001,28.815705063000053],[115.99093679900011,28.842336017000036],[115.9851766590001,28.878708240000037],[116.00842410700011,28.893135709000035],[116.00476207700001,28.924445685000023],[116.04074347400001,28.967054924000024],[116.0295738320001,28.981602707000036],[116.03148919300008,29.041079225000033],[116.01741278000009,29.074037240000052],[115.98361389500008,29.11172378300006],[115.99785850500007,29.14013443400006],[115.9921058650001,29.15313720100005],[115.98544510700003,29.13112965600004],[115.97698391300003,29.135514804000024],[115.98840558000006,29.165157648000047],[115.98340823100011,29.171267069000066],[116.00862411700007,29.18559915800006],[116.01481947900004,29.20899147700004],[116.00488589600002,29.234949318000076],[115.97734317300001,29.25411880100006],[115.97608437000008,29.268126748000043],[115.98531625900011,29.282497054000032]]}},{"type":"Feature","properties":{"name":"赣江","level":"river_l3"},"geometry":{"type":"LineString","coordinates":[[116.47132424100005,28.45125795000007],[116.46564804400009,28.490659122000068],[116.48022825900011,28.50251736000007],[116.46371017800004,28.49965824000003],[116.44474311500005,28.517721393000045],[116.44334695400005,28.527388099000063],[116.46807442500005,28.521261425000034],[116.44783322400008,28.540055118000055],[116.42965184900004,28.529463409000073],[116.43378721300007,28.551989776000028],[116.412271712,28.542428077000068],[116.42068732500002,28.573509112000067],[116.39805779700009,28.544747536000045],[116.38665156400009,28.545825267000055],[116.3976992910001,28.56010210200003],[116.38164661000008,28.55630072500003],[116.40349032200004,28.590816928000038],[116.38920763400006,28.57413106100006],[116.37967065700002,28.576288371000032],[116.38211207400002,28.566818123000076],[116.36294645500004,28.551442660000077],[116.37564228300005,28.585358072000076],[116.34621478500003,28.55590223200005],[116.34130136500005,28.562480874000073],[116.35018997500003,28.586908898000047],[116.33972973400012,28.57421329400006],[116.33654062300002,28.58462389300007],[116.36248898200006,28.605956134000053],[116.3477791150001,28.603249598000048],[116.3193895710001,28.633060465000028],[116.30479416200001,28.633092954000062],[116.2852165920001,28.626192068000023],[116.2772435820001,28.610656335000044],[116.28433904300005,28.599887128000034],[116.27279539400001,28.586073792000036],[116.27747979600008,28.55592351100006],[116.28485015700005,28.58750619700004],[116.29679039700011,28.57474182900006],[116.29436397800009,28.537040185000023],[116.28889352700003,28.531039530000044],[116.28722273300002,28.546666860000073],[116.26627945400003,28.53752097100005],[116.2631436580001,28.531440195000073],[116.2819124560001,28.531960834000074],[116.28365959000007,28.524344581000037],[116.27029250100009,28.51609132200008],[116.25557503400012,28.518870466000067],[116.25965678800003,28.504767138000034],[116.28693267100005,28.52171807800005],[116.28526930600003,28.501165858000036],[116.2714367530001,28.482391386000074],[116.28464360100008,28.486990069000058],[116.29356270300002,28.50684224200006],[116.299834196,28.50113527700006],[116.299826499,28.489000402000045],[116.27992837600004,28.46195928800006],[116.30799777200002,28.485519363000037],[116.34156784400011,28.461947578000036],[116.31365872300012,28.44823540400006],[116.31251423900005,28.440029778000053],[116.33007757500002,28.44310252200006],[116.31646624200005,28.417228709000028]]}},{"type":"Feature","properties":{"name":"湘江","level":"river_l3"},"geometry":{"type":"LineString","coordinates":[[112.72986426700004,28.68804415900007],[112.69706450900003,28.66170308200003],[112.7027103040001,28.63883714800005],[112.72717072300009,28.62482529700003],[112.75782649400003,28.63631345700003],[112.7884135270001,28.632662581000034],[112.80068949000008,28.620373157000074],[112.80488564600012,28.594562203000066],[112.79827840300004,28.591777423000053],[112.7985529770001,28.572274255000025],[112.76989614900003,28.55821491300003],[112.73955310200006,28.527227400000072],[112.74998263600003,28.50077744400005],[112.79037353900003,28.462665535000042],[112.81136227100001,28.401270062000037]]}},{"type":"Feature","properties":{"name":"赣江","level":"river_l3"},"geometry":{"type":"LineString","coordinates":[[116.31646624200005,28.417228709000028],[116.33453313000007,28.420282378000024],[116.3654481320001,28.401830064000023],[116.39830112900006,28.397854902000063],[116.37375682100003,28.41345562600003],[116.37105599800009,28.42293350500006],[116.34851816300011,28.418893731000026],[116.33580730100005,28.42550483100007],[116.34613029100001,28.453320391000034],[116.35108946300011,28.441931288000035],[116.35496538900009,28.458973884000045],[116.37233796100008,28.45769585200003],[116.3657460820001,28.47349105400008],[116.40532841700008,28.476302389000068],[116.37977699500004,28.49064614200006],[116.36496026600003,28.479243773000064],[116.35733836000009,28.489347301000066],[116.37298672100007,28.501867402000073],[116.35211975000004,28.494792948000054],[116.33028406200003,28.531252980000033],[116.3343811740001,28.535235612000065],[116.35665956800005,28.532877970000072],[116.37536725600012,28.52033483100007],[116.36824127200009,28.52996722900008],[116.38396584100008,28.52668071200003],[116.3826457880001,28.50268181900003],[116.39260254300007,28.52752946700008],[116.41561337100006,28.52399304900007],[116.42253336400006,28.515739702000076],[116.41024202000006,28.502653089000034],[116.42341834500007,28.506549848000077],[116.43135307000011,28.497573593000027],[116.43354284200007,28.51169787500004],[116.45425710500001,28.497926362000044],[116.44527699500009,28.483351964000065],[116.45745381500001,28.482014824000032],[116.47132424100005,28.45125795000007]]}},{"type":"Feature","properties":{"name":"赣江","level":"river_l3"},"geometry":{"type":"LineString","coordinates":[[116.01864502000001,28.394760818000066],[116.02455812000005,28.42535929400003],[116.01319773800003,28.440139780000038],[116.01943884800005,28.45917750700005],[116.07718726300004,28.465822641000045],[116.09722264000004,28.47846479800006],[116.09349210200003,28.539030466000042],[116.12106558100004,28.563561411000023],[116.1373700050001,28.56120570300004],[116.14610593900011,28.570540478000055],[116.15161444300008,28.55937072300003],[116.16099128000008,28.57189085300007],[116.18815263700003,28.573752357000046],[116.21076690900009,28.603238746000045],[116.229825602,28.598260352000068],[116.23444152900004,28.60268931300004],[116.22679673300001,28.612558230000047],[116.23466285000006,28.61390100500006],[116.24403188600002,28.595502191000037],[116.22823860900007,28.59144331400006],[116.22794864700006,28.584584307000057],[116.25536937600009,28.580473743000027],[116.26038958900006,28.570002099000078],[116.23322826600008,28.574106940000036],[116.24651888300002,28.55031207600007],[116.25922214700006,28.549201915000026],[116.24553460600009,28.53958295900003],[116.23868312200011,28.519429407000075],[116.23738626000011,28.549926820000053],[116.22184492600002,28.576083054000037],[116.21455100200001,28.56991264900006],[116.21497811300003,28.54333685200004],[116.20077189500012,28.558227980000026],[116.18168257900004,28.543970252000065],[116.1795537800001,28.518165055000054],[116.1684909920001,28.53981790000006],[116.15068347700003,28.531009607000044],[116.14866920600002,28.520312920000038],[116.16850608200002,28.509137382000063],[116.16067045500006,28.502522554000052],[116.18757987000004,28.474397836000037],[116.20282378000002,28.471838040000023],[116.18982292300007,28.465852677000044],[116.19641480100006,28.44960923600007],[116.1924549680001,28.43599995900007],[116.22714670000005,28.432343325000033],[116.24500762800005,28.442284614000073],[116.25671138900009,28.436400237000043],[116.23492125000007,28.431628017000037],[116.2485018640001,28.42110292900003],[116.2490282010001,28.401954545000024],[116.2347609420001,28.415834751000034],[116.2268337800001,28.412891668000043],[116.22292749500002,28.424925467000037],[116.19832967200011,28.42115464400007],[116.19328646500003,28.41261905400006],[116.16678143500008,28.443707869000036],[116.15498624500003,28.47248103900006],[116.14964541100005,28.450673765000033],[116.14464056100007,28.48014310700006],[116.1256046210001,28.46038062300005],[116.13324178700009,28.450288541000077],[116.11917281700005,28.449598122000054],[116.12404805000006,28.435704604000023],[116.14963004800006,28.431672253000045],[116.14859995300003,28.41338792700003],[116.16187534200003,28.395097818000067],[116.14966033300004,28.38908384000007],[116.14079494700002,28.425545724000074],[116.11933292300012,28.42852898800004],[116.10714860600001,28.454332339000075],[116.11393138500011,28.467396088000044],[116.12119475200006,28.466705578000074],[116.12275902500005,28.50443202400004],[116.13551563500005,28.492115891000026],[116.13379912700009,28.51941841300004],[116.12548287300001,28.519687392000037],[116.12227087200006,28.53009226900008],[116.13407382800006,28.52604853200006],[116.13484448400004,28.538160515000072],[116.14631179600008,28.544660882000073],[116.12964117100012,28.550694058000033],[116.1134511360001,28.54319804800008],[116.106080872,28.528781955000056],[116.10250999200002,28.486765777000073],[116.092507479,28.465105393000044],[116.02337565300002,28.447378318000062],[116.03279803400005,28.41708686800007],[116.02601519300003,28.392525315000057]]}},{"type":"Feature","properties":{"name":"沅江","level":"river_l3"},"geometry":{"type":"LineString","coordinates":[[110.38139686700003,28.443649316000062],[110.35451772600004,28.427266736000036],[110.35885892800007,28.417605738000077],[110.38139673200004,28.410370896000074],[110.35847738600006,28.40200129400006],[110.34169218500006,28.380972255000074],[110.31092957700008,28.364141448000055],[110.30255973000004,28.319658983000068],[110.24491794400006,28.276550000000043],[110.21868736300007,28.270923250000067],[110.17545812300006,28.286701403000052],[110.16401370300008,28.28100784700007],[110.16184683600005,28.265411038000025]]}},{"type":"Feature","properties":{"name":"湘江","level":"river_l3"},"geometry":{"type":"LineString","coordinates":[[112.87359102000005,28.776899867000054],[112.84385079000003,28.76334599100005],[112.83841076800002,28.738051978000044],[112.86202423100008,28.709131890000037],[112.87453661400002,28.676414210000075],[112.86770036300004,28.648413601000073],[112.90933500400001,28.634764093000058],[112.87433806600006,28.638807910000025],[112.87719147100006,28.625190970000062],[112.88886471900003,28.617956158000027],[112.88250922100008,28.608518365000066],[112.86583864600004,28.62805592600006],[112.86215364000009,28.64697353400004],[112.83125375600002,28.64262477500006],[112.82427261900011,28.63067875400003],[112.80616757100006,28.627091000000064],[112.82050346000005,28.60120752800003],[112.81519312500006,28.572009066000078],[112.75982496600011,28.533283322000045],[112.75515556100004,28.513469266000072],[112.81955665800001,28.444596627000067],[112.8203271220001,28.41774233700005],[112.85221860900003,28.37000190300006],[112.905465434,28.343851253000025],[112.939867144,28.31481477500006],[112.97120164300009,28.261560049000025]]}},{"type":"Feature","properties":{"name":"湘江","level":"river_l3"},"geometry":{"type":"LineString","coordinates":[[112.97120164300009,28.261560049000025],[112.97150677400009,28.250085128000023]]}},{"type":"Feature","properties":{"name":"沅江","level":"river_l3"},"geometry":{"type":"LineString","coordinates":[[110.17777733700007,28.24033439200008],[110.16971301000007,28.280298276000053],[110.21034819000005,28.265220147000036],[110.24826732000008,28.272174412000027],[110.30696199600004,28.31665481300007],[110.31920004200003,28.359281365000072],[110.35260250500005,28.379768651000063],[110.36754133500006,28.398739611000053],[110.38731727100009,28.402993052000056],[110.38563119500009,28.419068630000027],[110.36516864400005,28.426982500000065],[110.41494422000005,28.445985775000054],[110.40913831000006,28.498807440000064],[110.47535567500006,28.518617492000033],[110.47496662300006,28.53261972200005],[110.45693033100008,28.551777711000057],[110.45549602300008,28.56555868600003],[110.46229401400007,28.570336702000077],[110.49184339800007,28.557991911000045],[110.52000427500008,28.56515792500005],[110.53035784500008,28.614895271000023],[110.50606528100008,28.633645097000056],[110.57476980100006,28.630205833000048],[110.62755144600004,28.650260072000037],[110.66470756000007,28.64309766300005],[110.70386279300004,28.675159032000067],[110.73913446300008,28.68405694100005]]}},{"type":"Feature","properties":{"name":"沅江","level":"river_l3"},"geometry":{"type":"LineString","coordinates":[[110.16184683600005,28.265411038000025],[110.17777733700007,28.24033439200008]]}},{"type":"Feature","properties":{"name":"湘江","level":"river_l3"},"geometry":{"type":"LineString","coordinates":[[112.945153602,28.131196973000044],[112.9585288620001,28.25645017000005],[112.94648952800003,28.292368466000028],[112.89921673300012,28.33050901100006],[112.86038979700004,28.34659425800004],[112.81136227100001,28.401270062000037]]}},{"type":"Feature","properties":{"name":"沅江","level":"river_l3"},"geometry":{"type":"LineString","coordinates":[[110.17777733700007,28.24033439200008],[110.18569678200004,28.220567973000072],[110.21010388600007,28.225750305000076],[110.21754269600007,28.213556269000037],[110.18972513000006,28.200357143000076],[110.19977327500004,28.191596420000053],[110.19500470800006,28.174176144000057],[110.16566123200005,28.163502421000032],[110.18086696900008,28.150364197000044],[110.17690715400005,28.136840738000046],[110.14550369600005,28.128236551000043],[110.16354000400008,28.11279608600006]]}},{"type":"Feature","properties":{"name":"乌江","level":"river_l3"},"geometry":{"type":"LineString","coordinates":[[108.51485417100008,28.60738808900004],[108.48537315600004,28.540785543000027],[108.48862323700007,28.505010321000043],[108.48120721800007,28.49162992400005],[108.45771563000005,28.47786809100006],[108.42395463600008,28.47433186300003],[108.40749753700004,28.459711680000055],[108.40525440200008,28.45050847600004],[108.42316100200009,28.430484531000047],[108.38128969300004,28.412400578000074],[108.35168676300009,28.389378329000067],[108.31918467700007,28.39225287200003],[108.27687083900008,28.37068600500004],[108.32737867800006,28.338403103000076],[108.33114766100005,28.32719711200008],[108.32586793100006,28.313830060000043],[108.28858205100005,28.306778500000064],[108.23079516800004,28.222603142000025],[108.23383170000005,28.20840825500005],[108.27271969700007,28.18749349600006],[108.27570283700004,28.177657021000073],[108.23827177700008,28.107249227000068]]}},{"type":"Feature","properties":{"name":"赣江","level":"river_l3"},"geometry":{"type":"LineString","coordinates":[[115.48409119200005,28.06554208700004],[115.50273036700003,28.081325741000057],[115.54250344600007,28.084804675000044],[115.58264310000004,28.15578647500007],[115.65900773800001,28.166206282000076],[115.69282221200001,28.189726285000063],[115.77032366900005,28.202112614000043],[115.79943841400006,28.24405811400004],[115.86274127500008,28.270318924000037],[115.86793716900002,28.296717311000066],[115.83457319800004,28.340303436000056],[115.83208621900008,28.390057960000036],[115.80833545700011,28.419279420000066]]}},{"type":"Feature","properties":{"name":"沅江","level":"river_l3"},"geometry":{"type":"LineString","coordinates":[[110.16354000400008,28.11279608600006],[110.15905373600003,28.096289454000043],[110.11136872100008,28.08888507100005],[110.15616955000007,28.045815825000034],[110.14721229200006,28.017624470000044],[110.16918551900005,28.013870637000025]]}},{"type":"Feature","properties":{"name":"沅江","level":"river_l3"},"geometry":{"type":"LineString","coordinates":[[110.16354000400008,28.11279608600006],[110.14948622700007,28.097931756000037],[110.10985046000008,28.096463179000068],[110.10305244100005,28.08432259400007],[110.11435180800004,28.067075842000065],[110.14997432900009,28.048821907000047],[110.14252006800007,28.012134985000046],[110.16918551900005,28.013870637000025]]}},{"type":"Feature","properties":{"name":"沅江","level":"river_l3"},"geometry":{"type":"LineString","coordinates":[[110.16918551900005,28.013870637000025],[110.17892081500008,27.99578081900006]]}},{"type":"Feature","properties":{"name":"沅江","level":"river_l3"},"geometry":{"type":"LineString","coordinates":[[110.17892081500008,27.99578081900006],[110.28535360700005,27.972014277000028],[110.28378949500006,27.960697673000027],[110.25748263900005,27.959681110000076],[110.26106849100006,27.944650781000064],[110.24010227700006,27.924094789000037],[110.24026244600009,27.910536984000032],[110.30139839100008,27.905875107000043],[110.33005522500008,27.922724997000046],[110.34548984100007,27.907805260000032],[110.34836608400008,27.87844844700004],[110.36959924200005,27.875634965000074]]}},{"type":"Feature","properties":{"name":"湘江","level":"river_l3"},"geometry":{"type":"LineString","coordinates":[[112.87741657800007,27.806817116000047],[112.87097734400004,27.838512407000053],[112.9545979190001,27.886817017000055],[112.97036849300002,27.931139217000066],[112.99854465300007,27.945969152000032],[112.99954419200003,27.95952122600005],[112.95833690600011,27.993015322000076],[112.95754349800006,28.008362266000063],[112.91566489600007,28.061248902000045],[112.91326928400008,28.078978195000047],[112.945153602,28.131196973000044]]}},{"type":"Feature","properties":{"name":"乌江","level":"river_l3"},"geometry":{"type":"LineString","coordinates":[[108.21288698700005,27.781661651000036],[108.21793025500006,27.81193018600004],[108.24424483700005,27.839690431000065],[108.24500820100008,27.95803131400004],[108.22387442600007,28.021029015000067],[108.22266156700005,28.09284457600006],[108.23827177700008,28.107249227000068]]}},{"type":"Feature","properties":{"name":"乌江","level":"river_l3"},"geometry":{"type":"LineString","coordinates":[[108.21288698700005,27.781661651000036],[108.18351309500008,27.80054881600006],[108.15056084400004,27.79673219400007],[108.11295439400004,27.750584632000027]]}},{"type":"Feature","properties":{"name":"湘江","level":"river_l3"},"geometry":{"type":"LineString","coordinates":[[113.12349336900002,27.694699250000042],[113.13490738900009,27.726993401000072],[113.11278183600007,27.785974107000072],[113.14179725300005,27.801523128000042],[113.1462606450001,27.81880987900007],[113.13808946100005,27.84299765000003],[113.12550067600012,27.85291236100005],[113.07046081300007,27.85944731400008],[113.04157515000009,27.855184379000036],[112.98264399400011,27.81802271400005],[112.92819150000003,27.80038899500005],[112.9061343300001,27.79755277000004],[112.88844134900012,27.808238089000042],[112.88532095400001,27.832374342000037],[112.96312018900005,27.889762012000062],[112.97368733500002,27.924329787000033],[113.00960757900009,27.948887434000028],[112.98797785200009,27.98673986800003],[112.93879011700005,28.04379610700005],[112.9275900130001,28.074411827000063],[112.95380551400001,28.12060896400004],[112.97150677400009,28.250085128000023]]}},{"type":"Feature","properties":{"name":"乌江","level":"river_l3"},"geometry":{"type":"LineString","coordinates":[[107.80413027400004,27.494657983000025],[107.83059754200008,27.552848910000023],[107.84095092600006,27.55857299400003],[107.88138016000005,27.55511858500006],[107.89889777400003,27.57192846600003],[107.89942441100004,27.63143747400005],[107.91037295600006,27.652962467000066],[107.97615541700009,27.670573330000025],[108.04592828600005,27.726299778000055],[108.11295439400004,27.750584632000027]]}},{"type":"Feature","properties":{"name":"乌江","level":"river_l3"},"geometry":{"type":"LineString","coordinates":[[107.80413027400004,27.494657983000025],[107.75139446600008,27.48809093600005],[107.73423539800007,27.456935489000045],[107.69984873900006,27.43908039400003],[107.70640247200004,27.41025954500003],[107.65957187900005,27.373912227000062],[107.64353446100006,27.373610898000038],[107.62040156700004,27.389043740000034],[107.56448428800007,27.405197662000035],[107.53289787300008,27.44449211400007],[107.51936296100007,27.44335343000006],[107.49163693200006,27.422255734000032],[107.46783256600008,27.416869293000047],[107.43050846900007,27.385467839000057],[107.39875386800009,27.317741822000073]]}},{"type":"Feature","properties":{"name":"乌江","level":"river_l3"},"geometry":{"type":"LineString","coordinates":[[106.71138800900007,27.312650721000068],[106.77659058100005,27.31779864400005],[106.80976411000006,27.328357939000057],[106.83794021300008,27.325805769000056],[106.87740035000007,27.275595242000065],[106.89653535900004,27.26686692800007],[106.93063216600007,27.309779562000074],[106.95357438900004,27.316024339000023],[107.00203010200005,27.358584068000027],[107.03731698500007,27.35397379400007],[107.09461518500007,27.324712212000065],[107.16652426400009,27.359863536000034],[107.19685954800008,27.359106223000026]]}},{"type":"Feature","properties":{"name":"乌江","level":"river_l3"},"geometry":{"type":"LineString","coordinates":[[107.19685954800008,27.359106223000026],[107.19906438600009,27.321377821000056],[107.16598234200006,27.28754441700005],[107.15859682600006,27.266629780000073],[107.13898110300005,27.25882474100007],[107.13444909000003,27.248389360000033]]}},{"type":"Feature","properties":{"name":"乌江","level":"river_l3"},"geometry":{"type":"LineString","coordinates":[[107.13444909000003,27.248389360000033],[107.15180639400006,27.237410316000023],[107.18831405200007,27.24629871700006],[107.25144897700005,27.24470397600004],[107.32385394600004,27.26921771900004],[107.39875386800009,27.317741822000073]]}},{"type":"Feature","properties":{"name":"赣江","level":"river_l3"},"geometry":{"type":"LineString","coordinates":[[115.12313855900004,27.213943017000076],[115.12494703800007,27.268097901000033],[115.1300436360001,27.274556337000035],[115.13198147800006,27.259426835000056],[115.1349113230001,27.276194774000032],[115.13009715100009,27.29634837800006],[115.10927612700004,27.322586649000073],[115.12416924400009,27.354117815000052],[115.1199196340001,27.368768568000064],[115.10203593200004,27.380802423000034],[115.07282243200007,27.421884112000043],[115.07615669900008,27.44943458000006],[115.114731946,27.45636019600005],[115.14203077000002,27.485909523000032],[115.14657805500008,27.495805095000037],[115.13140292600008,27.521391014000073],[115.19020446500008,27.577290942000047],[115.20365556200011,27.60283669200004],[115.24616783700003,27.641175254000075],[115.31129412900009,27.661280893000026],[115.35731612900008,27.721621294000045],[115.36480075800011,27.721661319000077],[115.39795926800002,27.78168895700003],[115.4107696320001,27.836333996000064],[115.44152472200005,27.876614335000056],[115.44503442900009,27.894976856000028],[115.43766434400004,27.91443236200007],[115.44302794600003,27.914413266000054],[115.43574939200005,27.929100272000028],[115.45433552700001,28.016041376000032],[115.49391044100003,28.058681130000025],[115.5545352910001,28.080808623000053],[115.56827641100006,28.12391198100005],[115.59986306700011,28.151637810000068],[115.6705818160001,28.163816263000058],[115.702237104,28.185104617000036],[115.77408496600003,28.184831560000077],[115.78068468800006,28.208443230000057],[115.79896531300005,28.23170961200003],[115.85983430800002,28.253030268000032],[115.8748570890001,28.274528504000045],[115.87677227200004,28.303543856000033],[115.84582682200005,28.335843888000056],[115.85133564500006,28.383755832000077],[115.81805550800004,28.410163917000034],[115.81893303300001,28.432804745000055],[115.83806051400006,28.450316498000063],[115.84400410400008,28.475782163000076],[115.81081564800002,28.525538725000047],[115.82330583700002,28.626134918000048],[115.86313248600004,28.65859678000004],[115.86637518700002,28.68139591100004],[115.87243309400003,28.683272766000073]]}},{"type":"Feature","properties":{"name":"湘江","level":"river_l3"},"geometry":{"type":"LineString","coordinates":[[112.86474858400004,27.16183169100003],[112.84987863600008,27.191341132000048],[112.85096977400008,27.215450667000027],[112.93689455600008,27.28411677200006],[112.94810252200011,27.30512674600004],[112.91659252900001,27.35663238400008],[112.92404692900004,27.42138668700005],[112.98593827400009,27.43971467600005],[112.98889839500009,27.403514117000043],[112.99890837100008,27.392124995000074],[113.02076712100006,27.384398040000065],[113.0478598300001,27.38943538700005],[113.05651950300012,27.40819845200008],[113.0417029780001,27.440738751000026],[113.06059396500007,27.466192939000052],[113.1310457410001,27.490410947000044],[113.15075307200004,27.51057018800003],[113.15878718400006,27.54365019900007],[113.12782641000001,27.569568064000066],[113.10593744800008,27.645129799000074],[113.12349336900002,27.694699250000042]]}},{"type":"Feature","properties":{"name":"鸭池河","level":"river_l3"},"geometry":{"type":"LineString","coordinates":[[106.39765071400006,27.125306481000052],[106.41008703700004,27.15218746100004],[106.43650074700008,27.16522449000007],[106.44300123700003,27.18995774900003],[106.47351965800004,27.198388393000073],[106.55055586400005,27.24729780200005],[106.58360731000005,27.25489872000003],[106.61623917500003,27.278323441000055],[106.62959868400009,27.305917786000066],[106.65825546000008,27.306058866000058],[106.68467679400004,27.31679365900004],[106.71138800900007,27.312650721000068]]}},{"type":"Feature","properties":{"name":"沅江","level":"river_l3"},"geometry":{"type":"LineString","coordinates":[[110.36959924200005,27.875634965000074],[110.37903701600004,27.865928174000032],[110.38006694600006,27.84936239500007],[110.36870629200007,27.802541466000037],[110.33181705400006,27.76753314700005],[110.33274783500008,27.760006541000052],[110.35395810400007,27.757194967000032],[110.37813613600008,27.715977870000074],[110.36157977500005,27.68116213600007],[110.32784928200005,27.669538540000076],[110.32400383400005,27.63559063400004],[110.28096523600004,27.62461939700006],[110.26925376100007,27.613197917000036],[110.27544127700008,27.590654329000074],[110.29424817300008,27.575015492000034],[110.28982278900008,27.518453445000034],[110.24336589400008,27.44488132500004],[110.21083316400006,27.41063022800006],[110.19272798500003,27.37200351000007],[110.12975319700007,27.345698735000042],[110.12242870400007,27.324515164000047],[110.14134999900006,27.29683490700006],[110.12796002600004,27.28839660700004],[110.10008149100008,27.291101384000058],[110.08619549500008,27.256272288000048],[110.05935453200004,27.244660112000076],[110.05483766400005,27.205413446000023],[110.01066216300006,27.16796176300005],[110.00163628900009,27.151272033000055],[109.99930921200007,27.137676086000056],[110.01691834000007,27.143161719000034],[110.01960391600005,27.131887065000058],[110.00127756900008,27.11659357900004]]}},{"type":"Feature","properties":{"name":"沅江","level":"river_l3"},"geometry":{"type":"LineString","coordinates":[[110.00127756900008,27.11659357900004],[109.87442038600005,27.147440439000036],[109.86399843200007,27.167658919000075],[109.83273999000005,27.171777089000045],[109.80042871400008,27.18944162300005]]}},{"type":"Feature","properties":{"name":"沅江","level":"river_l3"},"geometry":{"type":"LineString","coordinates":[[109.61267174200009,27.125769313000035],[109.63714748100006,27.123863749000066],[109.63674319600005,27.147225596000055],[109.66545353600009,27.193617317000076],[109.67565428800003,27.18848637900004],[109.66276014700009,27.15438018100008],[109.67166378000007,27.125109182000074],[109.68535886300003,27.113241294000034],[109.75072169500004,27.135254417000056],[109.75643630400003,27.14663776900005],[109.74919592700007,27.17669270500005],[109.75900003000004,27.196424738000076],[109.77737976800006,27.207226296000044],[109.80042871400008,27.18944162300005]]}},{"type":"Feature","properties":{"name":"赣江","level":"river_l3"},"geometry":{"type":"LineString","coordinates":[[114.98376808800003,27.061992472000043],[114.98096816600003,27.090374590000067],[114.99220670200009,27.121205755000062],[115.02198512700011,27.14851006600003],[115.10637623900004,27.19157309900004],[115.12214682700005,27.23733537100003],[115.12188770000012,27.294229289000043],[115.101287952,27.323906601000033],[115.11509769600002,27.361394580000024],[115.07818591500006,27.397837503000062],[115.05903582400003,27.434627504000048],[115.06064576800009,27.455055748000063],[115.11721924300002,27.466471312000067],[115.140398086,27.495761249000054],[115.12732107000011,27.51631734700004],[115.1303119270001,27.527805603000047],[115.2181366640001,27.63022307800003],[115.23890448800012,27.645487914000057],[115.29992604600011,27.662822117000076],[115.33609047100003,27.694902526000078],[115.33880668200004,27.710054897000077],[115.34655072600003,27.71170285900007],[115.39328235300002,27.786482271000068],[115.39703620000012,27.803700352000078],[115.3888574020001,27.82773934200003],[115.40117925300001,27.83972539100006],[115.39122254900008,27.822705705000033],[115.3982493640001,27.81517335600006],[115.40609271100004,27.839980963000073],[115.44043373900001,27.886010190000036],[115.42952366400004,27.932737709000037],[115.44244862700009,28.016821551000078],[115.47624022200011,28.042453047000038],[115.48409119200005,28.06554208700004]]}},{"type":"Feature","properties":{"name":"赣江","level":"river_l3"},"geometry":{"type":"LineString","coordinates":[[115.06297820200007,27.00129107600003],[115.05015298700005,27.02735192800003],[115.00867860700009,27.04263989800006],[114.98820850600009,27.061292439000056],[114.98860541700003,27.096859719000065],[115.0323003210001,27.146064740000043],[115.10012751200009,27.17271466300008],[115.12313855900004,27.213943017000076]]}},{"type":"Feature","properties":{"name":"鸭池河","level":"river_l3"},"geometry":{"type":"LineString","coordinates":[[106.36115017600008,26.935390419000043],[106.37986570800007,26.98023529200003],[106.44036089300005,27.013702420000072],[106.41000280600008,27.044444077000037],[106.39608656100006,27.09520006100007],[106.39765071400006,27.125306481000052]]}},{"type":"Feature","properties":{"name":"湘江","level":"river_l3"},"geometry":{"type":"LineString","coordinates":[[112.86474858400004,27.16183169100003],[112.85097705100009,27.13480197100006],[112.81380562800007,27.124526936000052],[112.82014564600001,27.084530638000047],[112.75447775200007,27.088015687000052],[112.74261370300007,27.080559700000038],[112.74811446000001,27.039066096000056],[112.7730554530001,27.00497123100007],[112.7534549180001,26.979478894000067],[112.71558925200009,26.980489947000024],[112.68318657200007,27.027436901000044],[112.65449163700009,27.019328642000062],[112.65018086500004,27.00729486800003],[112.66003817700005,26.978590368000027],[112.65470495300008,26.946208452000064],[112.6360352580001,26.927479753000057]]}},{"type":"Feature","properties":{"name":"湘江","level":"river_l3"},"geometry":{"type":"LineString","coordinates":[[112.60903408400009,26.917090236000035],[112.6505773780001,26.95452663800006],[112.64435189200003,27.015624505000062],[112.65540722700007,27.02836780800004],[112.68576540400011,27.03420434800006],[112.71733645800009,26.987263119000033],[112.73917996600005,26.983345244000077],[112.75606427800005,26.988506611000048],[112.76374732700003,26.99976024500006],[112.73644886800002,27.051958255000045],[112.73419826500003,27.081372282000075],[112.75708711200002,27.097043403000043],[112.8142479710001,27.084574529000065],[112.80966278800008,27.131340184000067],[112.84598732300003,27.14086942800003],[112.8537008940001,27.152870764000056],[112.85219031100007,27.170218574000046],[112.83887674700009,27.187654166000073],[112.84507209800006,27.215496465000058],[112.93703957500009,27.296924964000027],[112.93305702100008,27.31806278700003],[112.90809313800003,27.351425212000038],[112.91991172300004,27.42895717300007],[112.98178780900002,27.44728516200007],[112.99693252800012,27.441883351000058],[112.99745884200001,27.41323801300007],[113.01158876400007,27.394276498000067],[113.03095265200011,27.38958422500008],[113.04881357600004,27.399977584000055],[113.03492789200004,27.439289151000025],[113.05811436400006,27.469982952000066],[113.12778794500002,27.499484461000065],[113.15272923500004,27.532406097000035],[113.15118047900012,27.54372461500003],[113.12188294700002,27.567365038000048],[113.1054260840001,27.605196471000056],[113.09921579700006,27.649715213000036],[113.12653012600003,27.73385434900007],[113.10093308,27.786836295000057],[113.1044503710001,27.797353687000054],[113.13078775300005,27.802381498000045],[113.13767731400003,27.81060427500006],[113.13709756500009,27.832459268000036],[113.12793447800004,27.84460181000003],[113.04405474400005,27.84988752000004],[112.99277607800002,27.81416972900007],[112.9196081550001,27.78915825400003],[112.87741657800007,27.806817116000047]]}},{"type":"Feature","properties":{"name":"鸭池河","level":"river_l3"},"geometry":{"type":"LineString","coordinates":[[106.12227470900007,26.807215480000025],[106.12792831900003,26.83574828600007],[106.14601052600005,26.856523663000075],[106.19422200500009,26.87222719300007],[106.21991092600007,26.89436062200008],[106.23084414200008,26.894911837000052],[106.24129663600007,26.874372915000038],[106.25946267500007,26.861225156000046],[106.27639277000009,26.86693587800005],[106.29812958700006,26.898924859000033],[106.33561377000007,26.88615281500006],[106.35447418400008,26.902365685000063],[106.36115017600008,26.935390419000043]]}},{"type":"Feature","properties":{"name":"赣江","level":"river_l3"},"geometry":{"type":"LineString","coordinates":[[114.98376808800003,27.061992472000043],[115.00693903100012,27.03642941100003],[115.04893984500006,27.019771926000033],[115.05290717300011,27.00741196100006],[115.03525978100004,26.97653504300007],[114.97130071600009,26.93290161500005],[114.96709674700003,26.91955937000006],[115.00885338800003,26.897402854000063],[115.01762726700008,26.866035632000035],[115.03161223200004,26.850768751000032],[115.02363158100002,26.82982744000003],[114.99866749300008,26.815407594000078],[114.9615418940001,26.812588600000026],[114.89964287400005,26.779951320000066],[114.85089745700009,26.787100441000064],[114.8384230480001,26.781023513000036]]}},{"type":"Feature","properties":{"name":"清水江","level":"river_l3"},"geometry":{"type":"LineString","coordinates":[[109.21095676800007,26.709220789000028],[109.22480455600004,26.72981686600008],[109.24484752500007,26.73543982900003],[109.25710071400005,26.75223636800007],[109.32724729600005,26.77377645100006],[109.35262345000007,26.807367618000058],[109.39338083200005,26.829895816000032],[109.37341429100007,26.861993615000074],[109.40736609100009,26.889681351000036],[109.45831660200008,26.90858355000006],[109.45547082400009,26.92587796300006],[109.46751043700004,26.95697619300006],[109.45031339500008,26.976307750000046],[109.44740659000007,26.996617764000064],[109.45776769200006,27.027689295000073],[109.41688840000006,27.051921033000042],[109.40818308300004,27.066859821000037],[109.41472931200008,27.076764936000075],[109.42727238600008,27.08148762500008],[109.47131800100004,27.068608728000072],[109.47968768000004,27.071754008000028],[109.49004878600005,27.103577056000063],[109.50106591000008,27.09997775900007],[109.51416583700006,27.074546345000044],[109.52431319300007,27.07243863800005],[109.52534331800007,27.10864110400007],[109.53949625500007,27.11865301100005],[109.57144138900009,27.122147277000067],[109.59644363500007,27.138346761000037],[109.61267174200009,27.125769313000035]]}},{"type":"Feature","properties":{"name":"清水江","level":"river_l3"},"geometry":{"type":"LineString","coordinates":[[108.01847368000006,26.706215987000064],[108.10301745500004,26.771702576000052],[108.15671465900004,26.80244402200003],[108.18020628600004,26.832432122000057],[108.21402073400009,26.855122479000045],[108.24483670900008,26.86491499600004],[108.32062911700007,26.861435699000026],[108.33151646000005,26.833036375000063]]}},{"type":"Feature","properties":{"name":"清水江","level":"river_l3"},"geometry":{"type":"LineString","coordinates":[[109.19576611700006,26.67276086100003],[109.21095676800007,26.709220789000028]]}},{"type":"Feature","properties":{"name":"湘江","level":"river_l3"},"geometry":{"type":"LineString","coordinates":[[112.614854132,26.60194191200003],[112.6417790050001,26.61157991400006],[112.64130615400006,26.655308975000025],[112.68062178700006,26.736476352000068],[112.67748613300012,26.762128989000075],[112.66578236400005,26.76823652400003],[112.64381670300008,26.75329593300006],[112.63037336100001,26.75337799700003],[112.59354538100001,26.76867547300003],[112.58522917300002,26.780032162000055],[112.5988938910001,26.80784391900005],[112.65103454700011,26.81205146600007],[112.66035031800004,26.821039105000068],[112.66153307200011,26.860230454000032],[112.6213251910001,26.877816822000057],[112.61638126700007,26.889909757000055],[112.61404670700006,26.91253916100004],[112.6360352580001,26.927479753000057]]}},{"type":"Feature","properties":{"name":"湘江","level":"river_l3"},"geometry":{"type":"LineString","coordinates":[[112.58715870600008,26.600599196000076],[112.614854132,26.60194191200003]]}},{"type":"Feature","properties":{"name":"湘江","level":"river_l3"},"geometry":{"type":"LineString","coordinates":[[112.58715870600008,26.600599196000076],[112.63765906600008,26.62140494700003],[112.62953368000001,26.652363988000047],[112.674762267,26.738023273000067],[112.66991757100004,26.760669853000024],[112.62780979600007,26.748117396000055],[112.58094893300006,26.771010173000036],[112.58456549100003,26.80189669400005],[112.59642956500011,26.815397233000056],[112.64181038200002,26.815124320000052],[112.65363628000011,26.821836421000057],[112.65396451600009,26.860278165000068],[112.61624386300002,26.873324912000044],[112.60903408400009,26.917090236000035]]}},{"type":"Feature","properties":{"name":"清水江","level":"river_l3"},"geometry":{"type":"LineString","coordinates":[[108.33151646000005,26.833036375000063],[108.36369044700007,26.825490612000067],[108.38670900200009,26.84412013800005],[108.40764452700006,26.81670119200004],[108.41095567900004,26.788122592000036],[108.40205189900007,26.775852304000068],[108.41708984600007,26.779213105000053],[108.41660151000008,26.766382019000048],[108.44679173200007,26.737660294000023],[108.48521440900004,26.746066110000072],[108.49627730800006,26.741032449000045],[108.49834477900004,26.69507933600005],[108.51525195100004,26.690932602000032],[108.52338503100009,26.669241615000033],[108.59605688000005,26.651226019000035],[108.60109993700007,26.618908909000027],[108.61562665600007,26.608664220000037],[108.62628512600008,26.585515972000053],[108.65417138500004,26.610996869000076]]}},{"type":"Feature","properties":{"name":"闽江(九龙溪、沙溪)","level":"river_l3"},"geometry":{"type":"LineString","coordinates":[[118.18749097200009,26.64145681000008],[118.10879907100002,26.575537449000024],[118.072657821,26.593299305000073],[118.04094154400002,26.576750851000043]]}},{"type":"Feature","properties":{"name":"湘江","level":"river_l3"},"geometry":{"type":"LineString","coordinates":[[112.48975163300008,26.585300266000047],[112.51981979100003,26.56931042800005],[112.56111125200005,26.59471495400004],[112.58715870600008,26.600599196000076]]}},{"type":"Feature","properties":{"name":"清水江","level":"river_l3"},"geometry":{"type":"LineString","coordinates":[[108.65417138500004,26.610996869000076],[108.70409974000006,26.694243348000043],[108.71577303300006,26.697503066000024],[108.73110849400007,26.688772850000078],[108.75356242500004,26.697529668000072],[108.76625806000004,26.693266592000043],[108.75677439300006,26.669694956000058],[108.76273298300003,26.632113417000028],[108.84066920800007,26.601264810000032],[108.85731689000005,26.572186436000038],[108.87437662800005,26.56045778200007],[108.91801791400007,26.55905190900006],[108.93210217200004,26.566111162000027],[108.93748873800007,26.58732907700005],[108.95439590400008,26.581622087000028],[108.96729000100004,26.605243307000023],[109.03470519400008,26.629137136000054],[109.05213872300004,26.600051130000054],[109.07818615800005,26.59826954600004],[109.09954909700008,26.61901819600007],[109.11466332500004,26.61853748900006],[109.14615073200008,26.637199414000065],[109.15832000600005,26.657021092000036],[109.19576611700006,26.67276086100003]]}},{"type":"Feature","properties":{"name":"湘江","level":"river_l3"},"geometry":{"type":"LineString","coordinates":[[112.37796268700004,26.54813876000003],[112.41344809700001,26.590196819000028],[112.42599875500002,26.58486177800006],[112.44175375700001,26.559151876000044],[112.4576538120001,26.555304596000042],[112.48119113300004,26.561972789000038],[112.48975163300008,26.585300266000047]]}},{"type":"Feature","properties":{"name":"湘江","level":"river_l3"},"geometry":{"type":"LineString","coordinates":[[111.63760970800007,26.509539208000035],[111.68035078000008,26.53217991500003],[111.69377899000006,26.56384844300004],[111.71474511300005,26.563854097000046],[111.72145918500007,26.57139403000008],[111.69799061600008,26.58646638400006],[111.70721486000008,26.603056924000043],[111.73320117500003,26.58270297000007],[111.75161883900006,26.538977662000036],[111.76507762500006,26.584965044000057],[111.80366049100007,26.587967167000045],[111.80028813800004,26.56987548500007],[111.81034392700008,26.566100707000032],[111.83718484000008,26.56684069100004],[111.86489560100006,26.586420067000063]]}},{"type":"Feature","properties":{"name":"赣江","level":"river_l3"},"geometry":{"type":"LineString","coordinates":[[114.8384230480001,26.781023513000036],[114.83834667600001,26.76496130000004],[114.81705229900001,26.72461224600005],[114.81858563900005,26.680337677000068],[114.800457617,26.655619752000064],[114.75724350900009,26.63226762100004],[114.73809312600008,26.60821919600005],[114.68663137200008,26.57191585000004],[114.66992242300012,26.540308391000053],[114.675194411,26.52773860600007],[114.71289207300003,26.497134235000033],[114.72974581300002,26.491919341000028]]}},{"type":"Feature","properties":{"name":"湘江","level":"river_l3"},"geometry":{"type":"LineString","coordinates":[[111.86489560100006,26.586420067000063],[111.88156606600006,26.537401729000067],[111.87311233200006,26.50122409200003],[111.89071379700005,26.499698115000058],[111.91088653500009,26.523046538000074],[111.94682175500009,26.482290996000074],[111.95011764200007,26.458160462000023],[111.97859128300007,26.458114592000072],[111.98356569300006,26.436999653000044]]}},{"type":"Feature","properties":{"name":"湘江","level":"river_l3"},"geometry":{"type":"LineString","coordinates":[[111.98356569300006,26.436999653000044],[112.00033556200003,26.443000280000035],[112.01969958100005,26.470861615000047],[112.05066043300008,26.461749862000033],[112.04907357800005,26.48663190600007],[112.058320675,26.49415084800006],[112.08011843700001,26.497872115000064],[112.12198196700001,26.48646000100007],[112.17584711000006,26.539836517000026],[112.19517290600004,26.54882412300003],[112.21446815800005,26.551776715000074],[112.24035527400008,26.529074750000063],[112.2386233100001,26.517771502000073],[112.22265453000011,26.507271315000025],[112.20337454900005,26.507334323000066],[112.18484982700011,26.49005142900006],[112.19984953300002,26.471910095000055],[112.21741282700009,26.465068192000047],[112.28453042100011,26.481418206000058],[112.30555000700008,26.49566451000004],[112.31570506000003,26.511455844000068],[112.3025365630001,26.55523454000007],[112.313492698,26.564992764000067],[112.35543257800009,26.567081228000063],[112.37796268700004,26.54813876000003]]}},{"type":"Feature","properties":{"name":"闽江(九龙溪、沙溪)","level":"river_l3"},"geometry":{"type":"LineString","coordinates":[[118.04094154400002,26.576750851000043],[118.07500006700002,26.586652010000023],[118.10858540700008,26.568880628000045],[118.17756482200002,26.63040729200003],[118.19442622300005,26.633676499000046],[118.23234516500008,26.615660951000052],[118.26264206400003,26.581777785000043],[118.32229762700001,26.551861879000057],[118.33949458900008,26.529177109000045],[118.37145487900011,26.52166944700008],[118.41982624000002,26.483427796000058],[118.42703607200008,26.46048557100005],[118.40462785200009,26.436576426000045],[118.40262119400006,26.422341518000053],[118.41567533000011,26.406984993000037],[118.45057303100009,26.40341991100007]]}},{"type":"Feature","properties":{"name":"闽江(九龙溪、沙溪)","level":"river_l3"},"geometry":{"type":"LineString","coordinates":[[118.7311355810001,26.374393784000063],[118.70791877900001,26.37849288700005],[118.68367187600006,26.363121268000043],[118.69438407900009,26.411778962000028],[118.62367319600003,26.431059262000076],[118.59866335800007,26.420032700000036],[118.53867196100009,26.424814814000058],[118.47719264600005,26.402256281000064],[118.42255723300002,26.41021037400003],[118.40977772800011,26.419369759000062],[118.40846551700008,26.433600867000052],[118.4344291650001,26.46508809200003],[118.41623276500002,26.494439225000065],[118.37884797000004,26.525816099000053],[118.34433939600001,26.533089163000056],[118.32303774700006,26.561044094000067],[118.27541401100007,26.585714600000074],[118.23591583100006,26.61934412200003],[118.18749097200009,26.64145681000008]]}},{"type":"Feature","properties":{"name":"三岔河","level":"river_l3"},"geometry":{"type":"LineString","coordinates":[[104.73956283600006,26.98181044200004],[104.75604272400005,26.961881877000053],[104.79714331900004,26.936749873000053],[104.82175641400005,26.93889374400004],[104.83819055100008,26.930512589000045],[104.86952523500008,26.896438704000047],[104.87595692500008,26.870763158000045],[104.90330133100008,26.838112203000037],[104.90719236200005,26.81170803400005],[104.89686945900007,26.78920071500005],[104.91284585000005,26.79281902500003],[104.91592051700007,26.767927427000075],[104.95184827200006,26.755525431000024],[104.95006292100004,26.745748094000078],[104.95837917200004,26.74039209400007],[104.94646170100003,26.725439996000034],[104.96323156000005,26.72527592600005],[104.96984640400007,26.71767682500007],[104.96881636800003,26.701111044000072],[104.98112285800005,26.679139660000033],[104.96912144300006,26.656655233000038],[104.97058628200006,26.638557803000026],[105.00918443600006,26.642691067000044],[105.03735301900008,26.68459471700004],[105.05490871800004,26.68064445400006],[105.06637595400008,26.65942840300005],[105.09719950100003,26.645538643000066],[105.11117687400008,26.62428825300003],[105.19023483700005,26.646766823000064],[105.19593411800008,26.634647182000037],[105.18651915500004,26.619683635000058],[105.18778559600008,26.590282944000023],[105.20856859500009,26.578743123000038],[105.20562349300008,26.54788518500004],[105.21800630000007,26.53493199600007],[105.27221456600006,26.52072937500003],[105.29929206100007,26.539994076000028],[105.33603619500008,26.534267982000074],[105.35160052000003,26.511466872000028],[105.34046126200008,26.49427548400007],[105.35177589100005,26.467760671000065],[105.35141723900006,26.443653023000024],[105.36621861900005,26.42688884000006],[105.36589812300008,26.40579488700007],[105.41674937200008,26.39534603800007],[105.43643367500005,26.370977035000067],[105.43755513900004,26.33629856400006],[105.45594247100007,26.336054379000075],[105.47664917300006,26.324476410000045],[105.50358168500009,26.33616872600004],[105.53688486200008,26.328176645000042],[105.57205732100005,26.33220691300005],[105.59351946500004,26.36505995300007],[105.62363349500004,26.36688908900004],[105.68084027400005,26.386399780000033],[105.71836262400006,26.38056496100006],[105.74364714100005,26.391484782000077],[105.75677764500006,26.377719037000077],[105.79269779000003,26.376410484000075],[105.81795178300007,26.385056682000027],[105.83586612900007,26.403613754000048],[105.87474661500005,26.42409153400007],[105.94074263000005,26.41999620300004],[106.03710458500007,26.468102570000042],[106.05964241100008,26.465451233000067],[106.11284366000007,26.487876437000068],[106.12663802400004,26.506469757000048],[106.13567928500004,26.575637837000045],[106.15459312000007,26.597904801000027],[106.14456793400007,26.637271682000062],[106.12161816600008,26.661041769000065],[106.16126922200004,26.673142237000036],[106.16992885100007,26.68579401200003],[106.16048348300006,26.713092763000077],[106.16930345700007,26.77095567400005],[106.12227470900007,26.807215480000025]]}},{"type":"Feature","properties":{"name":"湘江","level":"river_l3"},"geometry":{"type":"LineString","coordinates":[[111.44270322900007,26.282335997000075],[111.41928799000004,26.27776212400005],[111.42761196600009,26.30115255100003],[111.42089796200008,26.31093944400004],[111.38658768600004,26.312368195000033]]}},{"type":"Feature","properties":{"name":"湘江","level":"river_l3"},"geometry":{"type":"LineString","coordinates":[[111.63760970800007,26.509539208000035],[111.62085488600007,26.44996732900006],[111.58818493200005,26.44089011400007],[111.60997489900006,26.40245973900005],[111.59660766900004,26.35570367300005],[111.61336199100003,26.287865013000044],[111.59664541400008,26.252414120000026]]}},{"type":"Feature","properties":{"name":"湘江","level":"river_l3"},"geometry":{"type":"LineString","coordinates":[[111.59664541400008,26.252414120000026],[111.58661248500005,26.248633684000026],[111.58326313400005,26.25918352700006],[111.56820992700005,26.253890538000064],[111.56820235900005,26.269723870000064],[111.55314154500007,26.270458267000038],[111.52802503500004,26.299073169000053],[111.51967056600006,26.282473088000074],[111.50711989400008,26.28471623100006],[111.48783240500006,26.316350529000033],[111.47696022600007,26.31406740500006],[111.47614380900006,26.301249676000054],[111.44434367300005,26.30345091600003],[111.46611847400004,26.288414809000074],[111.44270322900007,26.282335997000075]]}},{"type":"Feature","properties":{"name":"龙头江(马尾河)","level":"river_l3"},"geometry":{"type":"LineString","coordinates":[[107.33853064200008,26.39080979700003],[107.38189718400008,26.36101989900004],[107.46709688600004,26.357979297000043],[107.50662577400004,26.339565149000066],[107.50139940600008,26.308045355000047],[107.51224861800006,26.282871447000048],[107.52095372300005,26.193679435000035],[107.56886754400006,26.17802718400003],[107.58872729500007,26.14807139900006],[107.63616048400007,26.143718595000053],[107.68224333400008,26.172560297000075],[107.71482185500008,26.22062672900006],[107.73261423900004,26.275144028000057],[107.78303077900006,26.329460969000024],[107.78303085000005,26.352830449000066],[107.81271778900003,26.41076005800005],[107.81757797100005,26.452833502000033],[107.79443742800004,26.461050644000068],[107.78372556100004,26.489259228000037],[107.78771589500008,26.50723456700007],[107.80965870200004,26.53523516200005],[107.82758828400006,26.544506995000063],[107.86682729100005,26.541079297000067],[107.90656996400008,26.57381020200006],[107.94715945200005,26.58388880800004],[107.98800850700007,26.64521356000006],[107.99743117100007,26.68078656800003],[108.01847368000006,26.706215987000064]]}},{"type":"Feature","properties":{"name":"闽江(九龙溪、沙溪)","level":"river_l3"},"geometry":{"type":"LineString","coordinates":[[116.4340347530001,26.297829077000074],[116.42418480000003,26.266454305000025],[116.45374169500008,26.240965608000067],[116.46314142000006,26.25580132300007],[116.51687654700004,26.244667616000072],[116.5418711420001,26.25835119800007],[116.54740254300009,26.248329699000067],[116.56561434000002,26.242855390000045],[116.563684093,26.25063377200007],[116.59142528300004,26.252869131000068],[116.64396275800004,26.280697874000055],[116.67549564500007,26.241416765000054],[116.69510368800002,26.24237420000003],[116.69510361300001,26.22745070800005],[116.70656325400012,26.227835956000035],[116.71832799200001,26.210776129000067],[116.71169780600007,26.19576683100007],[116.73564700300005,26.180475113000057],[116.75809323800001,26.17870686300006],[116.75832220900008,26.195467179000048],[116.76843898900006,26.185039386000028],[116.79389892400002,26.185828946000072],[116.80960819100005,26.175469797000062],[116.81810760200005,26.185908958000027],[116.83864632000007,26.159998763000033],[116.85596548100011,26.15998534000005],[116.88878023600012,26.140779603000055]]}},{"type":"Feature","properties":{"name":"绵水","level":"river_l3"},"geometry":{"type":"LineString","coordinates":[[116.20831208800007,26.027194802000054],[116.2196345110001,26.051069676000054],[116.24636862200009,26.058859389000077],[116.21912326500001,26.037988733000077],[116.24304203400004,26.040729571000043],[116.25514251600009,26.031818153000074]]}},{"type":"Feature","properties":{"name":"绵水","level":"river_l3"},"geometry":{"type":"LineString","coordinates":[[116.25514251600009,26.031818153000074],[116.23693835300003,26.03843880900007],[116.2438049000001,26.02168037000007],[116.2287899370001,26.034999800000037],[116.22933154400005,26.015574842000035],[116.220649148,26.03087412700006],[116.20831208800007,26.027194802000054]]}},{"type":"Feature","properties":{"name":"绵水","level":"river_l3"},"geometry":{"type":"LineString","coordinates":[[116.25514251600009,26.031818153000074],[116.28814039400004,26.014042967000023],[116.30115655600002,26.031915248000075],[116.31716337900002,26.02155228400005],[116.3365120310001,26.025407061000067],[116.34741463000012,26.00885651300007]]}},{"type":"Feature","properties":{"name":"闽江(九龙溪、沙溪)","level":"river_l3"},"geometry":{"type":"LineString","coordinates":[[117.11511137100001,26.03341499000004],[117.09543477400007,26.05443079400004],[117.10536102800006,26.086496041000032],[117.08780552600001,26.121268000000043],[117.10049333400002,26.083085631000074],[117.0621238540001,26.025037910000037],[117.08155629700002,26.002650686000038],[117.06301642300002,26.00667156000003],[117.05452463800009,25.99547706900006],[117.03931127800001,26.00245821200008],[117.03659520200006,26.013719508000065],[117.01527053900008,26.019586755000034],[117.00953317400001,26.036375706000058],[116.99039050300007,26.028454356000054],[116.97673360600004,26.04092689500004],[116.95814029000007,26.03804870600004],[116.94575753700008,26.05096947800007],[116.92821713900003,26.05519634700005],[116.92371574800006,26.068073217000062],[116.93114700900003,26.07698264800007],[116.89302963900002,26.085674822000044],[116.89029830400011,26.096936119000077],[116.90359672300008,26.106965169000034],[116.88406504900001,26.120378080000023],[116.88878023600012,26.140779603000055]]}},{"type":"Feature","properties":{"name":"闽江(九龙溪、沙溪)","level":"river_l3"},"geometry":{"type":"LineString","coordinates":[[119.5116708380001,26.07689904700004],[119.49979144200006,26.052410012000053],[119.50121045900005,26.037021114000027],[119.48482202500008,26.020587043000035],[119.46799876900002,26.015862493000043],[119.45537929800003,25.99022139300007],[119.44620089300008,25.987058967000053],[119.43437515300002,26.007552110000063],[119.40549730400005,26.02951021100006],[119.38797217400008,26.033273587000053],[119.39274060200012,26.022231636000072],[119.3808232230001,26.027570498000046],[119.34949638300009,26.06858352200004],[119.29571537100003,26.053679352000074],[119.25715559700006,26.078634020000038],[119.2371967900001,26.111771344000033],[119.18989344900001,26.125266401000033],[119.17355844800011,26.11361799100007],[119.1613587710001,26.118480005000038],[119.15458384400006,26.14444354500006],[119.15200499800005,26.13595944700006],[119.097590964,26.163908802000037],[119.06590555900004,26.210140471000045],[119.01522992100001,26.220371984000053],[118.97670040300011,26.19819674000007],[118.94007094100004,26.22903000200006],[118.91383281900005,26.232062882000037],[118.89366008100001,26.210290017000034],[118.8778898270001,26.227759951000053],[118.86523271300007,26.29457618200007],[118.82597088300008,26.296231979000027],[118.7742195400001,26.31900654900005],[118.7311355810001,26.374393784000063]]}},{"type":"Feature","properties":{"name":"闽江(九龙溪、沙溪)","level":"river_l3"},"geometry":{"type":"LineString","coordinates":[[117.11511137100001,26.03341499000004],[117.1341318850001,26.024757227000066],[117.13883156700001,25.99634077500008],[117.17577400000005,25.99213290000006],[117.18194640600007,26.00619994300007],[117.20276756300007,26.009625546000052],[117.203584008,26.025245235000057],[117.23741369300001,26.04532428600004],[117.28696777800008,26.030652366000027],[117.29806875800011,26.017441674000054],[117.29726755800004,25.99906960900006],[117.31505202300002,25.979493899000033],[117.33222627100008,25.989522932000057],[117.34659272600004,25.978635438000026],[117.37921691300005,25.99430840100007],[117.39268325800003,26.01922088500004],[117.42330848400002,26.03279953200007],[117.42130963900001,26.053672208000023],[117.43823211900008,26.065293920000045],[117.44176475500001,26.092182510000043],[117.46676700900002,26.112133800000038],[117.47706713900004,26.148946558000034],[117.49238733200002,26.146085396000046],[117.51693178300002,26.160514766000063],[117.51622233500007,26.18048142300006],[117.53673822500002,26.167785688000038],[117.5474120240001,26.169475599000066],[117.55804783400004,26.201924227000063],[117.59100773500006,26.219386326000063],[117.60101023000004,26.240350506000027],[117.6266456950001,26.25132366400004],[117.62925512600009,26.272919225000066],[117.63983743200004,26.286538009000026],[117.66726585100002,26.297745769000073],[117.68444015300008,26.317832515000077],[117.71041891800007,26.322825975000057],[117.74468349300003,26.343015647000072],[117.7576387260001,26.380284261000043],[117.80592651900008,26.407891747000065],[117.82114742400006,26.385485466000034],[117.83491120100007,26.386482976000025],[117.83959589100004,26.40992298200007],[117.90152531000001,26.423800951000032],[117.89369748900003,26.449009169000078],[117.91337417600005,26.446357799000054],[117.94033720900006,26.46095309900005],[117.95797679600003,26.458286480000027],[117.94736416400008,26.480957869000065],[117.97982824300004,26.51692173500004],[117.98062954200009,26.552960127000063],[118.04094154400002,26.576750851000043]]}},{"type":"Feature","properties":{"name":"闽江(九龙溪、沙溪)","level":"river_l3"},"geometry":{"type":"LineString","coordinates":[[116.88878023600012,26.140779603000055],[116.87593191000008,26.12041816900006],[116.89569246600001,26.10585891000005],[116.86687548000009,26.098200820000045],[116.8838817840001,26.08939428800005],[116.89496747600003,26.070058937000056],[116.9176502580001,26.074302808000027],[116.91224846800003,26.065837792000025],[116.92128943000012,26.04628309800006],[116.93655623600011,26.047118477000026],[116.95150253300005,26.03464211800008],[116.91500250100012,26.016251123000075],[116.90638109600002,26.021803598000076],[116.88749782700006,26.01318032300003],[116.8631060670001,26.01858026900004],[116.85384367000006,26.002560060000064],[116.87095688200009,26.01280272500003],[116.885414921,26.00722352300005],[116.93075758700002,26.01433030800007],[116.911706331,25.978398799000047],[116.95794177000005,26.007755392000035],[116.95266978400002,26.019487826000045],[116.975161877,26.03405072700008],[116.97890795500007,26.024389735000057],[117.00943392200008,26.02283508000005],[117.058781898,25.985812260000046],[117.06422949900002,26.000926468000046],[117.0860806170001,25.99780396600005],[117.08770577700011,26.009267429000033],[117.07152349100011,26.022453346000077],[117.0895218070001,26.04689468500004],[117.11511137100001,26.03341499000004]]}},{"type":"Feature","properties":{"name":"闽江(九龙溪、沙溪)","level":"river_l3"},"geometry":{"type":"LineString","coordinates":[[118.45057303100009,26.40341991100007],[118.48154909400012,26.393999132000033],[118.5432725710001,26.419310041000074],[118.5940703120001,26.41337399200006],[118.62112488100001,26.424860227000067],[118.67396732600002,26.414537151000047],[118.68876866700009,26.404893277000042],[118.67882704800002,26.355316214000027],[118.7081628840001,26.370918605000043],[118.72806846700007,26.370451204000062],[118.752543951,26.32981015200005],[118.77345655200008,26.313726873000064],[118.83004505200006,26.290948467000078],[118.86141027300005,26.291137159000073],[118.86821556100006,26.236266992000026],[118.88728171600007,26.204331332000038],[118.90562323300003,26.203842956000074],[118.92095118100008,26.224704107000036],[118.98611527000003,26.191059212000027],[119.01750349800011,26.21325165500008],[119.03279318800003,26.214130897000075],[119.06917095600011,26.19842330700004],[119.0694074050001,26.18602712200004],[119.09096083400004,26.159796481000058],[119.14587841800005,26.131389348000027],[119.14963207900007,26.114388688000076],[119.16843895600005,26.106060901000035],[119.15112743400005,26.106348996000065],[119.21041689100002,26.100399554000035],[119.22078540200005,26.083601049000038],[119.21751967300008,26.034949049000033],[119.22939883900005,26.017687038000076],[119.22401994200004,26.010131857000033],[119.23493019900002,26.00159429200005],[119.22217350800008,25.996366170000044],[119.2462981970001,25.986859588000073],[119.22286006700006,25.977540143000056],[119.21607747200005,25.996619881000072],[119.2112097480001,25.987456760000043],[119.21857991700006,25.98582017900003],[119.21953355200003,25.974339543000042],[119.241529635,25.97366613300005]]}},{"type":"Feature","properties":{"name":"湘江","level":"river_l3"},"geometry":{"type":"LineString","coordinates":[[111.06552530300007,25.92292375900007],[111.07629071500008,25.93805513500007],[111.09131338700007,25.93887717900003],[111.08203586600007,25.95617733100005],[111.08949002600008,25.96902937400006],[111.08691128300006,25.984851270000036],[111.10356671000005,25.99171213900007],[111.11099037700006,26.011348806000058],[111.13938770400006,26.006193016000054],[111.16519867100004,26.020622423000077],[111.18093102200004,26.055367584000066],[111.21252530100008,26.090925249000065],[111.21996423200005,26.111309616000028],[111.21973558600007,26.175396370000044],[111.24059493200008,26.18527091800007],[111.23384281300008,26.204096983000056],[111.25552617500006,26.219251214000053],[111.26127900300008,26.24942818100004],[111.29967883900008,26.27367875300007],[111.28039890000008,26.284926754000026],[111.27868228700004,26.29698343800004],[111.30797992400005,26.296321479000028],[111.32968618100006,26.312971111000024],[111.38658768600004,26.312368195000033]]}},{"type":"Feature","properties":{"name":"闽江(九龙溪、沙溪)","level":"river_l3"},"geometry":{"type":"LineString","coordinates":[[119.25311898600012,25.97627158800003],[119.2657687620001,25.963133370000037],[119.27519130500002,25.964701210000044],[119.26837051100006,25.974371751000035],[119.27421477900009,25.97572407000007],[119.28536154400001,25.965576660000067],[119.35594269500007,25.94413337000003],[119.37210969000012,25.92752748600003],[119.37176627800011,25.91283861200003],[119.37922809100007,25.927722009000036],[119.36809658900006,25.93833673100005],[119.37800740600005,25.936450270000023],[119.39667710100002,25.955869410000048],[119.4572407710001,25.963811545000056],[119.4604756550001,25.953235006000057],[119.47165298000004,25.95087741100008],[119.45930841800009,25.969310565000058],[119.48186924400011,25.99673122400003],[119.49230651300002,25.99667204800005],[119.48928523100005,26.00265747800006],[119.52252770300004,26.07129887600007]]}},{"type":"Feature","properties":{"name":"贡水","level":"river_l3"},"geometry":{"type":"LineString","coordinates":[[115.08425191100002,25.892130440000074],[115.10826998700009,25.920840530000078],[115.1147018370001,25.94405928300006],[115.13195998100002,25.94737427800004]]}},{"type":"Feature","properties":{"name":"贡水","level":"river_l3"},"geometry":{"type":"LineString","coordinates":[[115.13195998100002,25.94737427800004],[115.16118116500002,25.917019810000056],[115.1840241750001,25.921967519000077],[115.22787897,25.904760702000033],[115.2486848740001,25.90854108900004],[115.25892372900012,25.89711763400004],[115.29558386200006,25.88880314100004],[115.2875805220001,25.910110733000067],[115.33068777500011,25.927294333000077],[115.33795123100003,25.946375932000024],[115.36238878400002,25.942580114000066],[115.38108138200005,25.96560998600006],[115.40049098300005,25.950312567000026],[115.41422423900008,25.949677351000048],[115.44378137600006,25.973929824000038]]}},{"type":"Feature","properties":{"name":"赣江","level":"river_l3"},"geometry":{"type":"LineString","coordinates":[[114.72974581300002,26.491919341000028],[114.73128701700011,26.49754235000006],[114.79817535500001,26.438277280000023],[114.82774746200005,26.398845493000067],[114.88992082400011,26.36382158500004],[114.90048765400002,26.331094380000025],[114.93311930900006,26.310027027000046],[114.92320072000007,26.283321561000037],[114.92570313800002,26.264524127000072],[114.96674247800001,26.216896201000054],[114.96376690000011,26.208610468000074],[114.93469817300002,26.210208978000026],[114.92561892000003,26.201181289000033],[114.90411082700007,26.139951930000052],[114.91392231900011,26.105149478000044],[114.95034597100005,26.10407738300006],[114.9622175400001,26.08856636400003],[114.95847889600009,26.056634599000063],[114.94514993400003,26.041379265000046],[114.9261293400001,26.03502388100003],[114.92242883100005,26.000337830000035],[114.90662785800009,25.979547231000026],[114.90821467600006,25.949496142000044],[114.95512134300009,25.93978921100006],[114.93086670700006,25.90148871400004],[114.93314022100003,25.87878683400004]]}},{"type":"Feature","properties":{"name":"赣江","level":"river_l3"},"geometry":{"type":"LineString","coordinates":[[115.08425191100002,25.892130440000074],[115.03915346200006,25.902583159000073],[115.02959342400004,25.86670691300003],[114.99443620300008,25.849677779000046],[114.962361439,25.855386745000033],[114.94234148500004,25.874500872000056],[114.93929738100007,25.896968145000073],[114.9622321270001,25.941452437000066],[114.95119215400007,25.95054314500004],[114.91458537900007,25.948860955000043],[114.91354024700001,25.975474907000034],[114.92879190800011,26.000389306000045],[114.93182097400006,26.026350913000044],[114.95233698000004,26.035470114000077],[114.970709123,26.055818186000067],[114.9687866380001,26.093210858000077],[114.95406925200007,26.113057407000042],[114.9284414230001,26.104354038000054],[114.91718780000008,26.108849821000035],[114.90894036000009,26.140682446000028],[114.92275000400002,26.15984794700006],[114.93179123200002,26.195724195000025],[114.97598951000009,26.210544525000046],[114.93156266500011,26.26503147300008],[114.93846765600006,26.310988336000037],[114.90736192100007,26.33275951400003],[114.89088980400004,26.368649210000058],[114.835415194,26.397767783000063],[114.7399084540001,26.497794094000028],[114.68803499100011,26.523279057000025],[114.67785719200003,26.539240217000042],[114.679451846,26.554404039000076],[114.69661850600005,26.572014997000053],[114.74352537200002,26.603452584000024],[114.7651782800001,26.631655315000046],[114.80055676000006,26.64690102800006],[114.8252615240001,26.679021546000058],[114.82342302000006,26.727423729000066],[114.84252003100005,26.75834260700003],[114.84380190400009,26.779924830000027],[114.8920285150001,26.773920152000073],[114.97899075500004,26.810204283000076],[115.02908670200009,26.822525893000034],[115.03520577400002,26.851712900000052],[115.01293523000004,26.899727958000028],[114.97246035600006,26.920978455000068],[114.98077667700011,26.93504168100003],[115.04147786300007,26.969468103000054],[115.05356324600007,26.992732610000076],[115.06129963600006,26.989577741000062],[115.06297820200007,27.00129107600003]]}},{"type":"Feature","properties":{"name":"赣江","level":"river_l3"},"geometry":{"type":"LineString","coordinates":[[114.93314022100003,25.87878683400004],[114.95499888300003,25.854639072000055],[114.99143012700006,25.845752361000052],[115.03044027100009,25.858449776000043],[115.041938146,25.87712889900007],[115.04351757000006,25.89894382400007],[115.07005323200008,25.888813525000046],[115.08425191100002,25.892130440000074]]}},{"type":"Feature","properties":{"name":"柳江(都柳江、融江)","level":"river_l3"},"geometry":{"type":"LineString","coordinates":[[107.59965979200007,25.90576655900003],[107.59094676100005,25.894705560000034],[107.59275491500006,25.874298269000064],[107.57748799800004,25.84155394800007],[107.57856372000003,25.824185149000073],[107.58810830600004,25.811100354000075],[107.63636542900008,25.786365059000047],[107.64407126700007,25.768052081000064],[107.66925651300005,25.750746168000035],[107.68676643800006,25.751749419000078],[107.77271413300008,25.852538202000062],[107.77111962300006,25.878217549000055],[107.78358644900004,25.90046926100007],[107.78149604400005,25.93521258000004],[107.83108082500007,25.947316828000055],[107.83910727200004,25.984774353000034],[107.84746168100008,25.985277887000052],[107.85607544900006,25.969944267000074],[107.86489530200004,25.983248369000023],[107.89076726500008,25.98398074800008],[107.90443945900006,25.969995648000065],[107.94022989000007,25.96890834100003],[107.99597181200005,25.999665048000054],[108.00940752200006,25.99699465300006],[108.01925726500008,25.97537423600005],[108.07287796200006,25.941292658000066],[108.09233332000008,25.90482691300008],[108.08771729000006,25.863978021000037],[108.07973669800003,25.852461152000046],[108.08679403600007,25.83981697200005],[108.11788461300006,25.831548311000063],[108.15622333200008,25.831750400000033],[108.16479905800009,25.85157590600005],[108.18290402700006,25.831656870000074],[108.21171341900003,25.844432571000027],[108.26161861700007,25.84866115500006],[108.27370394100006,25.86328326200004],[108.30348990700008,25.871538419000046],[108.31120340600006,25.864179646000025],[108.38714076400004,25.86219194100005],[108.42744788400006,25.851807947000054],[108.45380817300008,25.863723415000038],[108.45754672500004,25.879648297000074],[108.47758966800006,25.878593453000065],[108.50613969000005,25.902617097000075],[108.49245986400007,25.915131591000033],[108.51737050700007,25.919461328000068]]}},{"type":"Feature","properties":{"name":"贡水","level":"river_l3"},"geometry":{"type":"LineString","coordinates":[[115.44378137600006,25.973929824000038],[115.48046445500006,25.978150760000062],[115.48595006200003,25.963931075000062],[115.51108189100012,25.956682860000058],[115.54309567500002,25.963667635000036],[115.59308455900009,25.92617369000004],[115.59413739900003,25.916995279000048],[115.5713477170001,25.894900050000047],[115.58463836700003,25.875200376000066],[115.59211521000009,25.842402612000058],[115.62447215700001,25.813568329000077],[115.62671497200006,25.752756607000038],[115.637999078,25.74106992700007]]}},{"type":"Feature","properties":{"name":"柳江(都柳江、融江)","level":"river_l3"},"geometry":{"type":"LineString","coordinates":[[108.51737050700007,25.919461328000068],[108.52771619900005,25.90687054600005],[108.52522884900009,25.87438369700004],[108.53983947300009,25.85811543500006],[108.56335386600006,25.851845747000027],[108.57880374300004,25.83483741200007],[108.60226473300008,25.830070756000055],[108.62452782000008,25.80717234800005],[108.66041742800007,25.804925337000043],[108.66975603200007,25.798335242000064],[108.66176780300009,25.78459053100005],[108.66538419500006,25.773354022000035],[108.68417583000007,25.75489796000005],[108.70251737500007,25.754531692000057],[108.73051029400006,25.734000354000045],[108.74718095800006,25.733592127000065],[108.75201051300007,25.740481647000024],[108.73727021100007,25.764308940000035],[108.74628078300009,25.770530859000075],[108.77371681300008,25.772606040000028],[108.82237832400006,25.75851403400003],[108.85697096000007,25.775047296000025],[108.85703973000005,25.80747883600003],[108.86692770000008,25.812201535000042]]}},{"type":"Feature","properties":{"name":"柳江(都柳江、融江)","level":"river_l3"},"geometry":{"type":"LineString","coordinates":[[108.86692770000008,25.812201535000042],[108.88468924900008,25.765794421000066],[108.90409890300003,25.754864962000056],[108.89812483600008,25.72533459400006],[108.90541101300005,25.698325776000047],[108.92697988800006,25.70176667100003],[108.94378023500008,25.69530435200005],[108.93925593600005,25.71105568200005],[108.94996027500008,25.71654133900006],[108.96346463200007,25.708507331000078],[108.96564674200005,25.722879592000027],[109.04245408600008,25.789194001000055],[109.13420745000008,25.745630625000047],[109.16165110800006,25.74763332300006],[109.19037646700008,25.72778101700004],[109.21866700800007,25.72903410400005],[109.23747388300006,25.705981205000057],[109.35005614700009,25.696579323000037],[109.36395731100004,25.709631630000047],[109.41744836200007,25.699190372000032],[109.44095510600005,25.688255179000066],[109.44884403700007,25.66726421000004],[109.46229498700006,25.659937847000037]]}},{"type":"Feature","properties":{"name":"湘江","level":"river_l3"},"geometry":{"type":"LineString","coordinates":[[110.67462965000004,25.624035236000054],[110.69577134000008,25.64851857000008],[110.69730494200007,25.663609920000056],[110.76755084200005,25.72970114700007],[110.81077252500006,25.740542685000037],[110.83310442300007,25.762552115000062],[110.86304297200007,25.76952357600004],[110.88346761500009,25.830722466000054],[110.89836063900009,25.846645402000036],[110.94241398700007,25.868008158000066],[110.95816915500006,25.883929184000067],[110.98567383300008,25.88256721700003],[111.00725040400005,25.904544222000027],[111.05063987200003,25.897219673000052],[111.04637500200005,25.91680296800007],[111.06552530300007,25.92292375900007]]}},{"type":"Feature","properties":{"name":"绵水","level":"river_l3"},"geometry":{"type":"LineString","coordinates":[[116.20831208800007,26.027194802000054],[116.19401419300004,26.017194364000034],[116.18154747500012,26.022949037000046],[116.15582805300005,26.00554030400008],[116.13624291200006,26.007628983000075],[116.1038856130001,25.96198885700005],[116.10589960700008,25.916775853000047],[116.0665004230001,25.917493189000027],[116.055559517,25.90120594800004],[116.03344899600006,25.906033662000027],[116.03978902800009,25.87344190300007],[116.0143824700001,25.866565827000045],[116.00244189800003,25.810339552000073],[115.95241462500007,25.795420068000055],[115.93211222800005,25.78141411200005],[115.94100065100008,25.77177789500007],[115.91486918100009,25.743310059000066],[115.89381149700012,25.738249809000024],[115.89155301300002,25.71139744800007],[115.86973999400004,25.705185132000054],[115.88042132600003,25.68591463300004],[115.84768279100001,25.690936942000064],[115.83755064800005,25.679910305000078],[115.84721726200007,25.664313462000052],[115.841403463,25.652832846000024],[115.82341284200004,25.641108131000067],[115.80944310000007,25.64797863700005],[115.81785081600003,25.628938943000037],[115.79427536100002,25.622253598000043],[115.77521652400003,25.59467648800006]]}},{"type":"Feature","properties":{"name":"绵水","level":"river_l3"},"geometry":{"type":"LineString","coordinates":[[115.77521652400003,25.59467648800006],[115.76720543400006,25.58962763200003],[115.76183430600008,25.61142160000003],[115.74206603900006,25.609783219000064],[115.72148910600004,25.623518482000065],[115.68317335400002,25.631018523000023],[115.64261480700009,25.704138839000052],[115.65189255200005,25.740192470000068],[115.637999078,25.74106992700007]]}},{"type":"Feature","properties":{"name":"海洋河","level":"river_l3"},"geometry":{"type":"LineString","coordinates":[[110.61165376700006,25.276142693000054],[110.59328175500008,25.28957084700005],[110.58556070700007,25.318160899000077],[110.59749359300008,25.37631751300006],[110.58788812100005,25.429022838000037],[110.62148903300005,25.48207137000003],[110.63476453000004,25.483683085000052],[110.66353585900004,25.52160212800004],[110.69833448000009,25.535432589000038],[110.70467481200006,25.574686877000033],[110.67282137300003,25.606122841000058],[110.67462965000004,25.624035236000054]]}},{"type":"Feature","properties":{"name":"柳江(都柳江、融江)","level":"river_l3"},"geometry":{"type":"LineString","coordinates":[[109.46229498700006,25.659937847000037],[109.45631326300008,25.62289041400004],[109.48163582200004,25.603680910000037],[109.48358894600005,25.58787618100007],[109.42819760000003,25.436924618000035],[109.44273175800004,25.370039657000063],[109.41187756300008,25.333347067000034],[109.41334996200004,25.29868195800003],[109.39039995600007,25.240239253000027],[109.39489372900005,25.222214302000054]]}},{"type":"Feature","properties":{"name":"柳江(都柳江、融江)","level":"river_l3"},"geometry":{"type":"LineString","coordinates":[[109.39489372900005,25.222214302000054],[109.38852297400007,25.20853443900006],[109.35341912400008,25.180053221000037],[109.35631829900007,25.15823254600008],[109.33729758000004,25.113422025000034],[109.30387993300008,25.10470338300007]]}},{"type":"Feature","properties":{"name":"北江(浈水)","level":"river_l3"},"geometry":{"type":"LineString","coordinates":[[114.01704404300006,24.98623950600006],[114.04576186300005,24.998061472000074],[114.05129323100005,24.97797462400007],[114.1089348810001,25.00481535800003],[114.12661263500001,25.00447196500005],[114.13200682600007,25.021789230000024],[114.16543216800005,25.049513173000037],[114.17884497800003,25.048162687000058],[114.18612365900003,25.060925075000057],[114.21055361100002,25.063450387000046],[114.22792614500008,25.054367289000027],[114.23371709900005,25.077425826000024],[114.25125754700002,25.08326050100004],[114.23642570900006,25.102723662000074],[114.24897644300006,25.117416320000075],[114.25650680900003,25.108373310000047],[114.3203664670001,25.109767396000052],[114.32342587700009,25.09673984400007],[114.3322762460001,25.107686381000065],[114.35302104100003,25.09474460000007],[114.35575249200008,25.108563703000073],[114.37072930900001,25.093451321000032],[114.3804571070001,25.110606442000062],[114.40883920600004,25.11821877500006],[114.41907056000002,25.136068187000035],[114.4389761650001,25.13847716300006],[114.42788279100012,25.14953249100006],[114.44375997100008,25.151182336000034],[114.44436275700002,25.16266678900007],[114.45548662700003,25.14633368400007],[114.47210388100007,25.14913941100008],[114.48287693000009,25.16561740000003],[114.48982745800004,25.15930769700003],[114.5018517100001,25.16432983800007],[114.52438219500004,25.237001693000025],[114.5120147350001,25.260895735000076],[114.53269866300002,25.287509611000075],[114.51119859500011,25.313438881000025],[114.51166411600002,25.34030079200005],[114.52780839100001,25.355716340000072],[114.55039958700002,25.352185662000068]]}},{"type":"Feature","properties":{"name":"北江(浈水)","level":"river_l3"},"geometry":{"type":"LineString","coordinates":[[113.72170235400006,24.907243633000064],[113.73503126900005,24.913089769000067],[113.73768640500009,24.922855648000052],[113.75258699400001,24.92340302100007],[113.75866784300001,24.93990582600003],[113.78614203200004,24.95007217500006],[113.79257392000011,24.98542199800005],[113.80275947900009,24.999603483000044],[113.81401304700012,24.981343904000028],[113.86203368000008,24.982150571000034],[113.89564958000005,24.965813575000027],[113.90837580000004,24.982211449000033],[113.93642214700003,24.977259743000047],[113.94244194100008,24.989232472000026],[113.96379712700002,24.981362467000054],[114.01704404300006,24.98623950600006]]}},{"type":"Feature","properties":{"name":"柳江(都柳江、融江)","level":"river_l3"},"geometry":{"type":"LineString","coordinates":[[109.12832219300009,24.84959658500003],[109.14527520800004,24.868758292000052],[109.15378229200007,24.896814231000064],[109.17608359600007,24.897968151000043],[109.20123068500004,24.881825751000065],[109.21520811200008,24.885842702000048],[109.22809454700007,24.902660223000055],[109.23451119400005,24.953297888000066],[109.26986676400008,24.96446944400003],[109.26718880700008,24.97422580700004],[109.23230632600007,24.98040778400008],[109.22460047700008,24.993092021000052],[109.26407603200005,25.005844801000023],[109.28058660900007,25.049114150000037],[109.27469657900008,25.054292759000077],[109.31336339800004,25.067016929000033],[109.30387993300008,25.10470338300007]]}},{"type":"Feature","properties":{"name":"北江(浈水)","level":"river_l3"},"geometry":{"type":"LineString","coordinates":[[113.58842826300008,24.79818085100004],[113.59543232100009,24.822217884000054],[113.62954426400006,24.835346404000063],[113.64317844100003,24.86080252000005],[113.67893074000006,24.87238794800004],[113.72170235400006,24.907243633000064]]}},{"type":"Feature","properties":{"name":"北江(浈水)","level":"river_l3"},"geometry":{"type":"LineString","coordinates":[[113.52324065900007,24.69797008200004],[113.5242401800001,24.70926761000004],[113.50133621100008,24.723123040000075],[113.50393030100008,24.73063055800003],[113.52807036500008,24.74239532200005],[113.56492120100006,24.723080866000032],[113.58842826300008,24.79818085100004]]}},{"type":"Feature","properties":{"name":"东江(寻邬水)","level":"river_l3"},"geometry":{"type":"LineString","coordinates":[[115.55504009900005,25.199204724000026],[115.57460223800001,25.172411409000063],[115.597124742,25.164438395000047],[115.640689511,25.126677443000062],[115.64351240300005,25.114292687000045],[115.6594658140001,25.102394269000058],[115.66306689100008,25.08289491000005],[115.67569383200009,25.077412996000078],[115.68729083400001,25.08409266600006],[115.71638235800003,25.064410102000068],[115.73536466700011,25.041952309000067],[115.74404694700002,24.99974343200006],[115.76250283500008,24.981871030000036],[115.75449164200006,24.953405029000066],[115.72757434500011,24.92720318100004],[115.71445147400004,24.931082881000066],[115.71349005800005,24.911345114000028],[115.69789513600006,24.900534031000063],[115.70680634400003,24.86704769200003],[115.67029072000003,24.771059852000064],[115.6604485800001,24.777005252000038],[115.65600042200003,24.75221479700008],[115.64341921700009,24.74805671200005],[115.62061425400009,24.718402455000046],[115.62844979200008,24.70786595100003],[115.62094983300005,24.690638345000025],[115.58779158800007,24.675640584000064],[115.57152520900001,24.652423776000035],[115.51898776400003,24.62560783600003]]}},{"type":"Feature","properties":{"name":"柳江(都柳江、融江)","level":"river_l3"},"geometry":{"type":"LineString","coordinates":[[109.25040996600006,24.534310512000047],[109.28544511700005,24.554521243000067],[109.28605552000005,24.56584357400004],[109.28013497900008,24.573282453000047],[109.24206333000006,24.57940721600005],[109.24971590500007,24.60970244600003],[109.21705381700008,24.673978130000023],[109.20036792400003,24.682733143000064],[109.16757590000009,24.671588283000062],[109.15642149700005,24.69174572600008],[109.18509366500007,24.742785796000078],[109.14007149700006,24.76233486500007],[109.12225646600007,24.784632429000055],[109.15111171600006,24.826633325000046],[109.14426800800004,24.83857367300004],[109.12527794800008,24.83747315200003],[109.12832219300009,24.84959658500003]]}},{"type":"Feature","properties":{"name":"东江(寻邬水)","level":"river_l3"},"geometry":{"type":"LineString","coordinates":[[115.25870444400005,24.627432252000062],[115.27181967500007,24.620859306000057],[115.27531404700005,24.625929162000034],[115.27510816300003,24.652548832000036],[115.28095239200002,24.644552992000058],[115.2776181480001,24.617912353000065],[115.28929897800003,24.602607336000062],[115.32234265800003,24.589261141000065],[115.339852457,24.56595646900007],[115.35867466600007,24.570650512000043],[115.342690618,24.555414261000067],[115.35588972000005,24.536441310000043],[115.36316072300008,24.53808927700004],[115.35521064000011,24.525424172000044],[115.35937630700005,24.505251498000064],[115.37671072,24.503971571000022],[115.38206664300003,24.493213818000072],[115.39863047600011,24.493532294000033],[115.41352355000004,24.522065031000068],[115.4011939830001,24.485742464000054],[115.40710683100008,24.466956464000077],[115.416636186,24.46746379800004],[115.39860744600003,24.460715483000058],[115.39638720300002,24.452902782000024],[115.43233778400008,24.446661642000038],[115.48909445200002,24.488471636000043],[115.46970807600007,24.581320104000042],[115.48511978600004,24.569000154000037],[115.50690994700005,24.583557349000046],[115.4931691810001,24.61080460200003],[115.47758956900009,24.611420749000047],[115.4730270980001,24.616217875000075],[115.50298845200007,24.60947320100007],[115.51898776400003,24.62560783600003]]}},{"type":"Feature","properties":{"name":"东江(寻邬水)","level":"river_l3"},"geometry":{"type":"LineString","coordinates":[[115.364632701,24.414068240000063],[115.38077693700006,24.421840836000058],[115.38137976200005,24.442265269000075],[115.36851632600008,24.452981086000023],[115.38786511,24.488885907000054],[115.37278142500008,24.490409974000045],[115.36718135700005,24.501394708000078],[115.32877400300004,24.49704788200006],[115.34982406100005,24.504280666000056],[115.33684623800002,24.52807361600003],[115.34992334300011,24.52700161000007],[115.34631460700007,24.540519365000023],[115.32902609100006,24.56979419700008],[115.31796318600004,24.568583038000043],[115.32442548900008,24.578717029000074],[115.31835236300003,24.584189380000055],[115.28607927300004,24.59799716200007],[115.27439844100002,24.613073291000035],[115.26237418800008,24.607030692000023],[115.27035477400011,24.616260571000055],[115.25870444400005,24.627432252000062]]}},{"type":"Feature","properties":{"name":"东江(寻邬水)","level":"river_l3"},"geometry":{"type":"LineString","coordinates":[[115.51898776400003,24.62560783600003],[115.51979645600011,24.615513875000033],[115.50681083200004,24.599621469000056],[115.51545507700007,24.582220231000065],[115.5264874820001,24.587776446000078],[115.53006571100002,24.577005347000068],[115.50945819300011,24.575538632000075],[115.4856767010001,24.55867730600005],[115.48920900300004,24.513256386000023],[115.49476331000005,24.505939581000064],[115.50631451700008,24.509203100000036],[115.49330603100009,24.499505928000076],[115.4956330010001,24.487124988000062],[115.45115234800005,24.447903291000046],[115.45428802600009,24.429102042000068],[115.44374393600003,24.428362009000068],[115.43430606600009,24.41156357400007],[115.4306134740001,24.441147355000055],[115.41729222800006,24.443602227000042],[115.41205067200008,24.436462849000065],[115.39267156300002,24.445538326000076],[115.39107687700005,24.421665318000066],[115.37506995700005,24.41010653400008],[115.364632701,24.414068240000063]]}},{"type":"Feature","properties":{"name":"东江(寻邬水)","level":"river_l3"},"geometry":{"type":"LineString","coordinates":[[115.364632701,24.414068240000063],[115.33177958700003,24.386624692000055],[115.32450851100009,24.367495407000035],[115.33419803600009,24.356119641000078],[115.32790355400005,24.33883671500007],[115.30602954500011,24.341816151000046],[115.290671126,24.326959470000077],[115.26961346100006,24.325120812000023],[115.23323544100003,24.28821848000007],[115.18497056900003,24.261495981000053],[115.18122439800004,24.250972871000045]]}},{"type":"Feature","properties":{"name":"郁江(驮娘江、右江、邕江)","level":"river_l3"},"geometry":{"type":"LineString","coordinates":[[105.91492618800004,24.195739075000063],[105.88353048000005,24.227907464000054],[105.87493198000004,24.25065133700008],[105.88105859000007,24.270143061000056],[105.89698159300008,24.286455128000057],[105.89270909900006,24.32043358800007],[105.87891481300005,24.32970358700004],[105.86001630700008,24.330012623000073],[105.85058618100004,24.352771757000028],[105.81966336900007,24.325391068000044],[105.80812741900007,24.324069261000034],[105.79518002100008,24.334823217000064],[105.79328785000007,24.321292113000027],[105.78091264200003,24.319226422000042],[105.77065841400008,24.296783955000024],[105.75919876900008,24.29922354400003],[105.71453508300004,24.283338790000073],[105.67942371400005,24.29517237700003],[105.67801990000004,24.308756894000055],[105.65435291800009,24.318152800000064],[105.56626922200007,24.308886812000026],[105.53629260200006,24.334930531000055],[105.50276055400008,24.345192415000042],[105.41750749100004,24.359908180000048],[105.39934904300009,24.354872674000035],[105.34794088700005,24.380401435000067],[105.32160351900006,24.378473101000054],[105.31117390100007,24.39593347500005],[105.29304597700008,24.39314488800005],[105.28756034000008,24.412049156000023],[105.27758081200005,24.404637012000023],[105.23447367400007,24.43906378400004],[105.19652404700008,24.430469103000064],[105.19092394900008,24.441835320000052],[105.19779826300004,24.463606390000052],[105.18558330100007,24.47279055100006],[105.18572828800006,24.484089999000048],[105.16429674800008,24.48132239800003],[105.15042616400007,24.490523730000064],[105.14287283800007,24.47855289100005],[105.12990255900007,24.493768258000046],[105.14905288200003,24.510883338000042],[105.12779685200007,24.521669733000067],[105.10709010600004,24.511352636000026],[105.09363908100005,24.489650245000064],[105.04011746100008,24.48645735300005],[105.02539998700007,24.494146116000024],[104.98062182900009,24.465975782000044],[104.97643316400007,24.458483516000058],[104.99116590000006,24.452307322000024],[104.99091407800006,24.431213368000044],[105.00977442800007,24.426498236000043],[104.97823362600008,24.401955756000064],[104.98391766200007,24.39587113400006],[104.97633381000009,24.380127455000036],[104.95823640600008,24.378801843000076],[104.88776187700006,24.399831074000076],[104.87523404200005,24.381867188000058],[104.86203483200006,24.377470650000078],[104.86343863300004,24.356361433000075],[104.84610417200008,24.347480602000076],[104.84510466200004,24.331668243000024],[104.82853315300008,24.319012663000024],[104.83230210500005,24.28658110500004],[104.74987189100005,24.256421415000034],[104.73482627300007,24.230179409000073]]}},{"type":"Feature","properties":{"name":"柳江(都柳江、融江)","level":"river_l3"},"geometry":{"type":"LineString","coordinates":[[109.25040996600006,24.534310512000047],[109.23315932300005,24.490274390000025],[109.24422980700007,24.472373403000063],[109.26914039700006,24.463004185000045],[109.27112416500006,24.48716713600004],[109.28016523800005,24.48883036700005],[109.30948568600007,24.46444989200006],[109.31530692700005,24.41930932500003],[109.30287820500007,24.381397855000046],[109.31130124600008,24.371740662000036],[109.33024552200004,24.37130763300007],[109.38169179800008,24.350303202000077],[109.39267073500008,24.335404464000078],[109.39295298400003,24.32033027400007],[109.40560283000008,24.314787334000073],[109.41355287900006,24.319159076000062],[109.41726869200005,24.384815623000065],[109.42862155300008,24.394047415000045],[109.46401523500003,24.39537105900007],[109.49057394900007,24.42896795100006],[109.51782684200003,24.425624206000066],[109.51641532500008,24.412032071000056],[109.49776092300004,24.395905044000074],[109.48913178100008,24.37239635000003],[109.48487435300007,24.334631729000023],[109.45123532700006,24.284333653000033],[109.45080800300008,24.262463394000065],[109.48044896200008,24.260676083000078],[109.47289555200007,24.22361339400004],[109.48217309700004,24.210942506000038],[109.49288504000003,24.209605390000036],[109.51050184900004,24.236268903000052],[109.55564601400005,24.19399505900003],[109.57216406700007,24.189724346000048],[109.58680528200006,24.198992369000052],[109.57145464000007,24.23042446900007],[109.58273121900004,24.244167263000065],[109.60433818500007,24.23167563900006],[109.61045719900005,24.25815416200004]]}},{"type":"Feature","properties":{"name":"北江(浈水)","level":"river_l3"},"geometry":{"type":"LineString","coordinates":[[113.40972557100008,24.165559769000026],[113.42335213800004,24.197813861000043],[113.46282783800007,24.253130244000033],[113.44972022200011,24.257057623000037],[113.42081931200005,24.24910576600007],[113.40559076000011,24.276425507000056],[113.428304174,24.310083416000055],[113.46655139800009,24.33601248900004],[113.51679244900004,24.39118768700007],[113.50639339800011,24.41091786800007],[113.5166094980001,24.43190114300006],[113.56015936500012,24.477344807000065],[113.58664189300009,24.53505883100007],[113.58401747800008,24.57656195800007],[113.55447575000005,24.585986520000063],[113.54405380800006,24.604967092000038],[113.50576865800008,24.636359210000023],[113.52343887000006,24.658006235000073],[113.52324065900007,24.69797008200004]]}},{"type":"Feature","properties":{"name":"柳江(都柳江、融江)","level":"river_l3"},"geometry":{"type":"LineString","coordinates":[[109.61045719900005,24.25815416200004],[109.63529912100006,24.248722000000043],[109.67218059200007,24.25680165400007],[109.73658192700009,24.241136002000076],[109.74506598100004,24.224669388000052],[109.70470529700009,24.178111744000034],[109.70845896800006,24.149515980000047]]}},{"type":"Feature","properties":{"name":"北江(浈水)","level":"river_l3"},"geometry":{"type":"LineString","coordinates":[[113.30529130500008,24.042361131000064],[113.31939845500006,24.053513654000028],[113.34491944100012,24.057751816000064],[113.36406977700005,24.076379424000038],[113.37500304500008,24.09434709800007],[113.37287447900007,24.117739460000053],[113.40972557100008,24.165559769000026]]}},{"type":"Feature","properties":{"name":"郁江(驮娘江、右江、邕江)","level":"river_l3"},"geometry":{"type":"LineString","coordinates":[[106.06926464300005,23.934335112000042],[106.06686134200004,23.94324840400003],[106.08438655100008,23.95677566100005],[106.09494597400004,23.984202167000035],[106.08730113900003,23.992131250000057],[106.08923147400009,24.012641535000057],[106.07970977600007,24.02788169200005],[106.05677521700005,24.028289921000066],[106.02511243700008,24.043917324000063],[105.99940076500008,24.06998201700003],[106.00045367500007,24.08126620300004],[106.02724124400004,24.10792208600003],[106.00516120500004,24.111321119000024],[105.99041329700009,24.153016946000037],[105.96773817800005,24.168474573000026],[105.96722703200004,24.184306007000032],[105.91492618800004,24.195739075000063]]}},{"type":"Feature","properties":{"name":"郁江(驮娘江、右江、邕江)","level":"river_l3"},"geometry":{"type":"LineString","coordinates":[[106.14883366600009,23.928229362000025],[106.21051894100003,23.93127536000003],[106.23110364700005,23.95720835000003],[106.24602714500008,23.962201897000057],[106.32021724500004,23.93186834200003],[106.41428262100004,23.978319101000068]]}},{"type":"Feature","properties":{"name":"郁江(驮娘江、右江、邕江)","level":"river_l3"},"geometry":{"type":"LineString","coordinates":[[106.14883366600009,23.928229362000025],[106.09407610900007,23.94543232500007],[106.06926464300005,23.934335112000042]]}},{"type":"Feature","properties":{"name":"郁江(驮娘江、右江、邕江)","level":"river_l3"},"geometry":{"type":"LineString","coordinates":[[106.41428262100004,23.978319101000068],[106.42375853800007,23.962367483000037],[106.45941922900005,23.949673653000048],[106.46813218800008,23.93417027600003],[106.45521527300008,23.928759005000074],[106.45708450300003,23.920292046000043],[106.47446469300007,23.910154172000034],[106.49367601500006,23.912189330000047],[106.58003531200006,23.88140560100004],[106.60849370000005,23.882828464000056],[106.62775084000003,23.90136073700006]]}},{"type":"Feature","properties":{"name":"柳江(都柳江、融江)","level":"river_l3"},"geometry":{"type":"LineString","coordinates":[[109.70845896800006,24.149515980000047],[109.71719475000003,24.117225567000048],[109.68116779600007,24.10992222300007],[109.66571006300006,24.05089774100003],[109.67948898500003,24.011898987000052],[109.66995958700005,23.99939790600007],[109.66909722300005,23.92724093100003],[109.64208847400005,23.928709699000024],[109.61020434900007,23.907703575000028],[109.55356221200009,23.89090333200005],[109.52070138600004,23.832304244000056],[109.53388523500007,23.80397358400006]]}},{"type":"Feature","properties":{"name":"北江(浈水)","level":"river_l3"},"geometry":{"type":"LineString","coordinates":[[113.30529130500008,24.042361131000064],[113.29767691400002,24.02586214400003],[113.26896668400002,24.00166495700006],[113.2817918820001,23.964852093000047],[113.25846050000007,23.937509586000033],[113.2688213030001,23.890225104000024],[113.255164132,23.834439415000077],[113.25866601300004,23.807663321000064],[113.22715573500011,23.785518504000038],[113.19654567100008,23.74269174500006]]}},{"type":"Feature","properties":{"name":"东江(寻邬水)","level":"river_l3"},"geometry":{"type":"LineString","coordinates":[[115.18122439800004,24.250972871000045],[115.2484789990001,24.204376766000053],[115.2497072220001,24.170879009000032],[115.26205942400009,24.14783376300005],[115.24773847900008,24.096948205000047],[115.20217451600001,24.078068924000036],[115.19894712200005,24.058981587000062],[115.17703491800012,24.050463217000072],[115.1663991690001,24.024860228000023],[115.11977478600011,24.028205970000045],[115.10083803400005,23.99882063700005],[115.09792345100004,23.979239281000048],[115.07204381400004,23.958845454000027],[115.07645365700012,23.944957661000046],[115.05674640000007,23.935733545000062],[115.04305121900006,23.91748168500004],[115.01028975100007,23.910439678000046],[114.97443055100007,23.874161059000073],[114.94688778900002,23.88445729800003],[114.92661592000002,23.869463299000074],[114.90886187900003,23.870600170000046],[114.88762864500006,23.846626135000065],[114.8592389480001,23.84426105700004],[114.85000711600003,23.835979159000033],[114.81575028400005,23.837581492000027],[114.80050627800006,23.814444785000035],[114.76750829500008,23.808036034000054],[114.7056854760001,23.73631991900004]]}},{"type":"Feature","properties":{"name":"郁江(驮娘江、右江、邕江)","level":"river_l3"},"geometry":{"type":"LineString","coordinates":[[106.62775084000003,23.90136073700006],[106.64427648300006,23.877895850000073],[106.63282440800003,23.85530842600008],[106.64002670300005,23.838635815000032],[106.63158068600006,23.815159535000078],[106.64658046300008,23.813467639000066],[106.64891510200005,23.80660861900003],[106.63011574900008,23.79244048000004],[106.67022449000007,23.77905234700006],[106.68866517200007,23.76064588500003],[106.76593009000004,23.77073778600004],[106.76511368500007,23.755133337000075],[106.78215055400005,23.750006206000023],[106.80088131100007,23.792827329000033],[106.82787469700008,23.746032994000075],[106.82888174500005,23.721957771000064],[106.85112968400006,23.74049194400004],[106.86831916500006,23.743612417000065],[106.90855756900004,23.71480103500005],[106.92524355600005,23.74176784100007]]}},{"type":"Feature","properties":{"name":"北江(浈水)","level":"river_l3"},"geometry":{"type":"LineString","coordinates":[[113.19654567100008,23.74269174500006],[113.17303111800004,23.698129229000074],[113.13542491500004,23.706901480000056]]}},{"type":"Feature","properties":{"name":"北江(浈水)","level":"river_l3"},"geometry":{"type":"LineString","coordinates":[[113.00227333500004,23.701318934000028],[113.03704139100012,23.70852116900005],[113.07037499300009,23.69050757800005],[113.1125209280001,23.71610666500004],[113.13542491500004,23.706901480000056]]}},{"type":"Feature","properties":{"name":"郁江(驮娘江、右江、邕江)","level":"river_l3"},"geometry":{"type":"LineString","coordinates":[[106.92524355600005,23.74176784100007],[106.93144642400006,23.74502757700003],[106.93162186300003,23.72851520300003],[106.91438655900004,23.70682045500007],[106.95023797400006,23.689663304000078],[106.95911872500005,23.650965926000026],[107.05197078800006,23.617000635000068],[107.06481136300005,23.60493247900007],[107.04914779400008,23.599090142000023],[107.05716648600009,23.595015915000033],[107.10952075300008,23.595370581000054],[107.11317528300003,23.577273149000064],[107.12564966400004,23.57574910900007]]}},{"type":"Feature","properties":{"name":"郁江(驮娘江、右江、邕江)","level":"river_l3"},"geometry":{"type":"LineString","coordinates":[[107.12564966400004,23.57574910900007],[107.15178103100004,23.58027722500003],[107.18101761100007,23.572660909000035],[107.20885801300005,23.579943308000054],[107.23466888500008,23.56380854500003],[107.26978028100007,23.56791129000004],[107.35019596800004,23.48094887600007]]}},{"type":"Feature","properties":{"name":"东江(寻邬水)","level":"river_l3"},"geometry":{"type":"LineString","coordinates":[[114.7056854760001,23.73631991900004],[114.71036995600002,23.71510198800007],[114.67482346100007,23.650523274000022],[114.6727785270001,23.59881176500005],[114.65280418600003,23.577130418000024],[114.65835073800008,23.537338225000042],[114.69369858100004,23.53074994800005],[114.67977446400005,23.49936754600003],[114.69330159000003,23.466684205000035],[114.66305023900009,23.45504726000007],[114.63463749800007,23.412685913000075]]}},{"type":"Feature","properties":{"name":"东江(寻邬水)","level":"river_l3"},"geometry":{"type":"LineString","coordinates":[[114.63463749800007,23.412685913000075],[114.60206678400004,23.40901236900004],[114.59616141900005,23.392084216000057],[114.57268513600002,23.379474474000062],[114.55229132900001,23.398426466000046]]}},{"type":"Feature","properties":{"name":"东江(寻邬水)","level":"river_l3"},"geometry":{"type":"LineString","coordinates":[[114.55229132900001,23.398426466000046],[114.5380011100001,23.397074167000028],[114.50451473200008,23.363959909000073],[114.50037934200009,23.32380915600004]]}},{"type":"Feature","properties":{"name":"北江(浈水)","level":"river_l3"},"geometry":{"type":"LineString","coordinates":[[112.811417559,23.242351340000027],[112.81674305400009,23.25449192700006],[112.8575156610001,23.281117203000065],[112.86229191400002,23.318210401000044],[112.86549624300005,23.290701865000074],[112.8799849620001,23.328077329000052],[112.86440532200004,23.321596030000023],[112.88544806700008,23.417736567000077],[112.88329660900001,23.441699242000027],[112.87214984100001,23.45811436300005],[112.90575071600006,23.506077746000074],[112.94630969200011,23.53107600900006],[112.94590569200011,23.632660331000068],[112.95760194700006,23.659426842000073],[112.96591054900011,23.654355039000052],[112.97800355700008,23.685016460000043],[113.00227333500004,23.701318934000028]]}},{"type":"Feature","properties":{"name":"郁江(驮娘江、右江、邕江)","level":"river_l3"},"geometry":{"type":"LineString","coordinates":[[110.08901301600008,23.39688512500004],[110.07498216700009,23.386260939000067],[110.08104763200004,23.36659943500007],[110.06271362600006,23.33342787500004],[110.03595655800007,23.301414128000033],[110.04335720800009,23.284236057000044],[110.07635524000005,23.30254129800005],[110.08915765600005,23.290707750000024],[110.09142358100007,23.26977783500007],[110.08468663000008,23.262178767000023],[110.06022616000007,23.26059378000008],[110.02213168500003,23.283011560000034],[110.01162573500005,23.281478037000056],[110.00576619900005,23.27774908300006],[110.00946645800008,23.24715055000007],[109.96667970000004,23.241031717000055],[109.98729482400006,23.231961973000068],[109.98177860500004,23.223407295000072]]}},{"type":"Feature","properties":{"name":"北江(浈水)","level":"river_l3"},"geometry":{"type":"LineString","coordinates":[[113.13542491500004,23.706901480000056],[113.1145045930001,23.70869259400007],[113.09961157300006,23.69099387400007],[113.07594457500011,23.685971763000055],[113.07898876000002,23.680592885000067],[113.01927968300004,23.70078290200007],[112.97308237900006,23.659195999000076],[112.9552594490001,23.600440497000022],[112.96523118400012,23.563009645000022],[112.9533365210001,23.525351879000027],[112.90736049200007,23.48764462500003],[112.90114991000007,23.460250562000056],[112.88685963300009,23.44366385400008],[112.90316384300002,23.382741441000064],[112.88272402500002,23.339676221000047],[112.88352506100011,23.31988694100005],[112.86046829100007,23.275311068000065],[112.8104866870001,23.224566743000025],[112.80643521600007,23.179174445000058],[112.82856095000011,23.159800914000073]]}},{"type":"Feature","properties":{"name":"北江(浈水)","level":"river_l3"},"geometry":{"type":"LineString","coordinates":[[112.80882317500004,23.150183861000073],[112.79122947300004,23.18581796500007],[112.811417559,23.242351340000027]]}},{"type":"Feature","properties":{"name":"东江北干流","level":"river_l3"},"geometry":{"type":"LineString","coordinates":[[113.78275506800003,23.132888371000035],[113.85889828800009,23.120564418000072],[113.86757307900007,23.107687534000036]]}},{"type":"Feature","properties":{"name":"东江北干流","level":"river_l3"},"geometry":{"type":"LineString","coordinates":[[113.64506382500008,23.103621658000066],[113.73319329800006,23.138055674000043],[113.7523969230001,23.126586417000055],[113.8485296660001,23.11656081900003],[113.85637284800009,23.10786305000005]]}},{"type":"Feature","properties":{"name":"郁江(驮娘江、右江、邕江)","level":"river_l3"},"geometry":{"type":"LineString","coordinates":[[107.35019596800004,23.48094887600007],[107.40850884700006,23.442928520000066],[107.41290343000009,23.41840314500007],[107.46586036800005,23.39364305400005],[107.51292721600004,23.351636253000038],[107.52900270500004,23.327383611000073],[107.55414983300005,23.32427449200003],[107.56072649500004,23.305946259000052],[107.56921821800006,23.300931683000044],[107.57612302700005,23.312200595000036],[107.58987914800008,23.29894603300005],[107.63944857900009,23.28788109100003],[107.64900840500007,23.267265877000057],[107.64680332000006,23.214718884000035],[107.69320641500008,23.182291054000075],[107.70572652900006,23.16420314100003],[107.72612042000009,23.16128095700003],[107.73237666300008,23.152812082000025],[107.75473136800008,23.153103866000038],[107.75104625400007,23.14483338200006],[107.77594158400007,23.134117547000074],[107.76458108500009,23.11963276700004],[107.77089832500008,23.09532864600004],[107.77660526400007,23.096948018000035]]}},{"type":"Feature","properties":{"name":"东江(寻邬水)","level":"river_l3"},"geometry":{"type":"LineString","coordinates":[[114.55229132900001,23.398426466000046],[114.53673451500003,23.375455701000078],[114.506956177,23.358060313000067],[114.50259955600006,23.325100459000055],[114.51960591800002,23.329485515000044],[114.53134010400004,23.299525947000063],[114.57749133400011,23.265720948000023],[114.57863573500003,23.25639757400006],[114.56032465300007,23.23606475200006],[114.60704801200006,23.17935188000007],[114.60391980400004,23.159009472000037],[114.59961669800009,23.153832803000057],[114.58182455200006,23.165725499000075],[114.55073399700007,23.166440876000024],[114.51144921000002,23.152444505000062],[114.47543767700006,23.180788584000027],[114.45916372900001,23.16951971900005],[114.45374660800007,23.139047117000075],[114.43304741400004,23.105139338000072],[114.4207637400001,23.093981089000067],[114.40607679300001,23.095154188000038]]}},{"type":"Feature","properties":{"name":"东江(寻邬水)","level":"river_l3"},"geometry":{"type":"LineString","coordinates":[[114.03789592500004,23.101955255000064],[114.01708236200011,23.087279786000067],[113.96866511600001,23.115272942000047],[113.928724224,23.112106785000037],[113.90015908300006,23.119332107000048],[113.88376306100008,23.107958333000056],[113.86757307900007,23.107687534000036]]}},{"type":"Feature","properties":{"name":"郁江(驮娘江、右江、邕江)","level":"river_l3"},"geometry":{"type":"LineString","coordinates":[[109.98177860500004,23.223407295000072],[109.95926363100006,23.205245081000044],[109.93002705600009,23.20973708500003],[109.90925923500004,23.183724005000045],[109.87336198600008,23.17417946200004],[109.87318646800009,23.161344562000068],[109.89387785200006,23.13990532400004],[109.89449579300003,23.121086905000027],[109.85415817000006,23.127253634000056],[109.86161221000003,23.103889862000074],[109.82167129400005,23.09948958900003],[109.79942333400004,23.073503216000063],[109.75401202400008,23.076572338000062],[109.74696236600005,23.10496211000003],[109.73406838600005,23.114022297000076],[109.72543168900006,23.113673264000056],[109.71133215200007,23.095146714000066],[109.68313322600005,23.108050352000078],[109.65911526800005,23.10510729200007],[109.64890682400005,23.087177749000034],[109.63180126500004,23.080980646000057],[109.60219847900004,23.08886400800003]]}},{"type":"Feature","properties":{"name":"东江(寻邬水)","level":"river_l3"},"geometry":{"type":"LineString","coordinates":[[114.50037934200009,23.32380915600004],[114.50234012400006,23.318434097000022],[114.51709576100006,23.323223529000074],[114.528028844,23.294148998000026],[114.57313482600011,23.261921422000057],[114.55485421200001,23.228789947000053],[114.58077947700008,23.211852152000063],[114.60259232400006,23.17665101700004],[114.59685482000009,23.162021279000044],[114.57868118100009,23.170457768000063],[114.55036016200006,23.170333880000044],[114.51742320100004,23.159278699000026],[114.484013344,23.184254302000056],[114.45818719700003,23.183727944000054],[114.43944106900005,23.12163260400007],[114.41561379000007,23.099112011000045],[114.3997824490001,23.11173142000007],[114.38351629600004,23.143857809000053],[114.36627344300007,23.146327948000078],[114.34818366400009,23.137746614000037],[114.34477328600008,23.150045540000065],[114.30451964800011,23.163988764000067],[114.25012067500006,23.15613045200007],[114.2320461270001,23.140190370000028],[114.23209184900008,23.12526305800003],[114.20036799800005,23.11601799300007],[114.18660415800002,23.097907276000058],[114.14669373800007,23.081965355000023],[114.1123223400001,23.050802366000028],[114.10370855600002,23.05558233800008],[114.08486365200008,23.10161177300006],[114.03789592500004,23.101955255000064]]}},{"type":"Feature","properties":{"name":"东江北干流","level":"river_l3"},"geometry":{"type":"LineString","coordinates":[[113.51618466200011,23.049312658000076],[113.54671839600007,23.085537905000024],[113.5792509690001,23.090424563000056],[113.60033157700002,23.107417524000027],[113.64269104300001,23.108971922000023],[113.65869796700008,23.123140040000067],[113.72698286100001,23.150453793000054],[113.75607440200008,23.13151703400007],[113.78275506800003,23.132888371000035]]}},{"type":"Feature","properties":{"name":"东江(寻邬水)","level":"river_l3"},"geometry":{"type":"LineString","coordinates":[[114.10641703500005,23.04923640900006],[114.06726219500001,23.100593278000076],[114.04054337600007,23.09767504100006],[114.02587160900009,23.077914425000074],[114.00061006900012,23.082387358000062],[113.97297581700002,23.111210167000024],[113.93276786700005,23.102075756000033],[113.90490466500012,23.11387502100007],[113.87865883600011,23.09917286500007],[113.85801319100005,23.103048767000075]]}},{"type":"Feature","properties":{"name":"东江(寻邬水)","level":"river_l3"},"geometry":{"type":"LineString","coordinates":[[114.40607679300001,23.095154188000038],[114.38529395700004,23.13541374400006],[114.37435315900007,23.14266571400003],[114.34673401100008,23.12943798500004],[114.34017263300007,23.146463458000028],[114.310760619,23.156139793000023],[114.26228223500004,23.156502356000033],[114.23748602500007,23.141044867000062],[114.23687559100006,23.12334419900003],[114.20261107100009,23.109197124000048],[114.18294955500005,23.089297284000054],[114.15520072000004,23.080624426000043],[114.12976356500008,23.049053224000033],[114.10641703500005,23.04923640900006]]}},{"type":"Feature","properties":{"name":"东江北干流","level":"river_l3"},"geometry":{"type":"LineString","coordinates":[[113.52672873100005,23.044120682000028],[113.54478039900005,23.062750203000064],[113.55102147000002,23.082095035000066],[113.58159322100005,23.081991940000023],[113.61028054200005,23.10342530400004],[113.63538187800009,23.103070450000075]]}},{"type":"Feature","properties":{"name":"郁江(驮娘江、右江、邕江)","level":"river_l3"},"geometry":{"type":"LineString","coordinates":[[107.77660526400007,23.096948018000035],[107.79052163400007,23.09492042000005],[107.79951689200004,23.08324138200004],[107.80844352500009,23.087393775000066],[107.80887845600006,23.104831236000052],[107.81681323500004,23.10622743700003],[107.82234464800007,23.090178551000065],[107.83576509600005,23.088831896000045],[107.84202895300007,23.07393317100008],[107.85792902200006,23.074198265000064],[107.87119680700005,23.045085571000072],[107.90601822200006,23.029551619000074],[107.91304501500008,23.00592843900006],[107.92519134400004,23.01352177700005],[107.92318477800006,23.019713205000073],[107.94503592800004,23.019751305000057],[107.94746218000006,23.03604622900008],[107.98638840600006,23.05583543000006]]}},{"type":"Feature","properties":{"name":"郁江(驮娘江、右江、邕江)","level":"river_l3"},"geometry":{"type":"LineString","coordinates":[[109.60219847900004,23.08886400800003],[109.56485153800008,23.05498866000005],[109.57609748800007,23.032456505000027],[109.55279668000009,23.01838757300004],[109.57322870300004,23.011896637000063],[109.56691134600004,22.99234388600007],[109.60054258600007,22.994676554000023],[109.58294866300008,22.964182979000043],[109.63643201800005,22.93975285700003],[109.63730176300004,22.929971703000035],[109.60457841300007,22.91615647900005],[109.57039027600007,22.935390794000057],[109.56797921600008,22.89716457800006],[109.55689336900008,22.87863039000007]]}},{"type":"Feature","properties":{"name":"黑水河(李仙江、把边河、川河)","level":"river_l3"},"geometry":{"type":"LineString","coordinates":[[100.40226138500009,24.850447796000026],[100.42119807200004,24.869485558000065],[100.44350700800004,24.86118452000005],[100.47381941300006,24.868701561000023],[100.48092255300008,24.855311590000042],[100.51484373800008,24.847538891000056],[100.56950974600005,24.79591117900003],[100.57765812300005,24.768971023000063],[100.65048256100005,24.707436244000064],[100.70052507200006,24.688846649000027],[100.71243484100006,24.662762912000062],[100.73589584000007,24.65073099400007],[100.74165616600004,24.634592459000032],[100.75903639100005,24.635487011000066],[100.76582669400005,24.605344328000058],[100.78220742500008,24.592719216000035],[100.78748705000004,24.548837517000038],[100.80044209800008,24.541535967000073],[100.81632692500006,24.544509590000075],[100.82610797200005,24.470517636000068],[100.83316535300008,24.47224573400007],[100.88737358500003,24.42646611600003],[100.89734540900008,24.380446214000074],[100.91104051100007,24.360510032000036],[100.90929331600006,24.347467219000066],[100.93101475400005,24.32740323200005],[100.94781509000006,24.298929514000065],[100.95066853000009,24.276639610000075],[100.97380906800004,24.253107964000037],[100.97473985600004,24.235893659000055],[100.98645126600007,24.218505769000046],[100.98302551100005,24.169258557000035],[100.99356196800005,24.15624624800006],[101.02514087200007,24.15664676800003],[101.04634349800006,24.138179277000063],[101.07094888400007,24.089153293000038],[101.08336986200004,24.084129182000027],[101.09524147000008,24.05067905800007],[101.11320915100004,24.03523861800005],[101.12719408000004,23.94326748700007],[101.14495576500008,23.930915131000063],[101.13537295600008,23.904808529000036],[101.14042370800007,23.873168538000073],[101.12694981600004,23.855397287000073],[101.14449023100008,23.834032457000035],[101.14899166800006,23.815170152000064],[101.13466320900005,23.757604773000025],[101.14455112100006,23.72286334000006],[101.17645041600008,23.686197314000026],[101.18279054900006,23.63950028900007],[101.16843920000008,23.580429969000022],[101.18943583500004,23.569510069000046],[101.21892423000008,23.57344309900003],[101.23973774300003,23.554254610000044],[101.26113872200006,23.52528687100005],[101.27788556600007,23.434799697000074],[101.28204360500007,23.365593422000074],[101.25334100700007,23.321833836000053],[101.25512629400004,23.29249608200007],[101.24236194900004,23.26795355400003],[101.26739463900009,23.257689795000033],[101.29030632100006,23.261741092000022],[101.31341633600005,23.238737797000056],[101.33550402100008,23.24280053800004],[101.34670425500008,23.23355534800004],[101.34753578800007,23.16290517400006],[101.32809553800007,23.131740153000067],[101.33432890100005,23.119591902000025],[101.37111114300006,23.090286536000065],[101.40666509000005,23.114352187000065],[101.45129821500007,23.108162617000062],[101.48895023500006,23.082569053000043],[101.50868796400005,23.057351268000048],[101.51370057000008,23.028688731000045],[101.48908748400004,23.020193191000033],[101.46821288100006,22.997340630000053],[101.46782375000004,22.980814899000052],[101.48543284000004,22.969168282000055],[101.49386351400005,22.947196908000024],[101.51684382200006,22.92265815500008],[101.52181827900006,22.893242195000028],[101.53639843200006,22.890674815000068],[101.54978834800005,22.873099997000054],[101.59000392000007,22.85569300000003],[101.63057047400008,22.853297256000076],[101.69153865600003,22.918076373000076],[101.74539597800003,22.92587567700008]]}},{"type":"Feature","properties":{"name":"郁江(驮娘江、右江、邕江)","level":"river_l3"},"geometry":{"type":"LineString","coordinates":[[107.98638840600006,23.05583543000006],[107.99733685200005,23.04919574200005],[107.97682842200004,23.014978917000064],[107.97144186700007,22.99019034300005],[107.99922880700007,22.977986729000065],[108.01427431300004,22.959170183000026],[108.04200789300006,22.96545500800005],[108.04782925900008,22.96067314000004],[108.05972372300005,22.934337626000058],[108.04166442500008,22.912635255000055],[108.05479494700006,22.910807936000026],[108.07821010900005,22.890240377000055],[108.08007171300005,22.884018430000026],[108.06456836900009,22.87831914900005],[108.10742367500006,22.83701237400004]]}},{"type":"Feature","properties":{"name":"郁江(驮娘江、右江、邕江)","level":"river_l3"},"geometry":{"type":"LineString","coordinates":[[108.48284513500005,22.766866856000036],[108.48836130800004,22.75873368500004],[108.49493048400007,22.79620647200005],[108.50886975200007,22.798455266000076],[108.50939613900005,22.777582575000054],[108.51782686500007,22.788420409000025],[108.56624430600004,22.81084942800004],[108.56085787900008,22.834800676000043],[108.56838829500003,22.838548702000026],[108.61780512800004,22.829072620000034],[108.69555068800008,22.84146482500006],[108.72144550000007,22.834737362000055],[108.73071549000008,22.84852975800004],[108.74495228700005,22.841809951000073],[108.79819163600007,22.86636189400008],[108.81564049000008,22.859338802000025],[108.86382903800006,22.879621992000068],[108.88944149800005,22.852237376000062],[108.90994972200008,22.810057061000066],[108.92998499300006,22.797920221000027],[108.89980995500008,22.794696784000053]]}},{"type":"Feature","properties":{"name":"郁江(驮娘江、右江、邕江)","level":"river_l3"},"geometry":{"type":"LineString","coordinates":[[108.10742367500006,22.83701237400004],[108.12146977100008,22.844105968000065],[108.10697344100004,22.80263146900006],[108.13467641000005,22.773493947000077],[108.15999136400006,22.762278372000026],[108.18366599800004,22.767594247000034],[108.19788759600004,22.78339321900006],[108.18706131100004,22.823704260000056],[108.24081942500004,22.830313285000045],[108.26277737200007,22.824415551000072],[108.27104018500006,22.811277354000026],[108.33602898900006,22.79212308500007],[108.32086132800003,22.77887621900004],[108.32707178700008,22.76821383200007],[108.36959153600009,22.783701834000055],[108.40500040000006,22.758272282000064],[108.42547829500006,22.786312940000073],[108.45294484100003,22.79381087200005],[108.46897465700005,22.811383722000073],[108.48284513500005,22.766866856000036]]}},{"type":"Feature","properties":{"name":"郁江(驮娘江、右江、邕江)","level":"river_l3"},"geometry":{"type":"LineString","coordinates":[[109.55689336900008,22.87863039000007],[109.53424103300006,22.849199249000037],[109.50638535000007,22.831342230000075],[109.46746679400007,22.824769421000042],[109.44328854400004,22.796261466000033],[109.41567707600007,22.80268756600003],[109.42190275300004,22.778227042000026],[109.40338572300004,22.772729957000024],[109.41876692800008,22.755836069000054],[109.40797860500004,22.726298085000053],[109.39516855700003,22.737855058000036],[109.37697195400006,22.726841769000032],[109.35776829000008,22.731444373000045],[109.35022259200008,22.719479265000075],[109.30259106200003,22.719042585000068],[109.30422373700009,22.69836826200003],[109.29865412500004,22.694147197000063],[109.28551599600007,22.70318067900007],[109.27973266300006,22.665486635000036],[109.25798075800009,22.685502953000025],[109.25019849400007,22.655882942000062],[109.23801401800006,22.648085516000037]]}},{"type":"Feature","properties":{"name":"郁江(驮娘江、右江、邕江)","level":"river_l3"},"geometry":{"type":"LineString","coordinates":[[108.89980995500008,22.794696784000053],[108.90515060100006,22.769971132000023],[108.87013843200003,22.777576022000062],[108.88102575500005,22.73981517800007],[108.91607603700004,22.719600460000038],[108.91034610800006,22.680143975000078],[108.93935379600003,22.675249517000054],[108.95307175000005,22.657211193000023],[108.97019253600007,22.652021115000025],[108.97771525800005,22.63234434900005],[108.98381138500008,22.663516989000072],[108.99273797300003,22.651672008000048],[109.01346761700006,22.66919143800004],[109.01030893000006,22.65587969300003],[109.03180914800004,22.667900084000053],[109.04100278500005,22.66129282600008],[109.05082975600004,22.68265378600006],[109.04867815500006,22.662013805000072],[109.07171951900006,22.663032303000023],[109.08145482600008,22.64496347000005],[109.09506602400006,22.64845779700005],[109.08410996900005,22.661479649000057],[109.09825521400006,22.65603589400007],[109.10860097700004,22.670520672000066],[109.10249724300007,22.647801634000075],[109.12482139900004,22.639182036000022],[109.13901238800008,22.62158622800007],[109.12724765000007,22.65431916400007],[109.14009590300009,22.662849031000064],[109.12795722700008,22.663261059000035],[109.14304094600004,22.670654109000054],[109.13013169700008,22.676794063000045],[109.12537087200008,22.690987046000032],[109.11423166800006,22.690025742000046],[109.12186891300007,22.69922511900006],[109.10118517500007,22.72871168000006],[109.11829071400007,22.728093641000044],[109.09975850200004,22.750625813000056],[109.11513213400008,22.753517397000053],[109.11749727400007,22.74161520900003],[109.12442494900006,22.744163480000054],[109.12250225100007,22.729026350000026],[109.13216893800006,22.727918128000056],[109.13232142800007,22.691015640000046],[109.13853189800005,22.684848998000064],[109.14021806800008,22.69631819600005],[109.14420070500006,22.692894402000036],[109.15743795900005,22.662229085000035],[109.16706652800008,22.671891956000024],[109.17158320200008,22.65609103500003],[109.21865778700004,22.661845552000045],[109.23801401800006,22.648085516000037]]}},{"type":"Feature","properties":{"name":"郁江(驮娘江、右江、邕江)","level":"river_l3"},"geometry":{"type":"LineString","coordinates":[[109.23801401800006,22.648085516000037],[109.22193843900004,22.636095631000046],[109.21992426300005,22.648926722000056],[109.17877789400006,22.652220901000078],[109.16991227200003,22.63820534000007],[109.16812698600006,22.651723095000023],[109.15351631800007,22.650752262000026],[109.14851897100004,22.663110325000048],[109.15282961200006,22.634934188000045],[109.14372746300006,22.617477675000032],[109.13309180700008,22.614456377000067],[109.14775583400007,22.59823771200007],[109.13932514700008,22.601873238000053],[109.12722459400004,22.593114481000043],[109.14194200100007,22.566809480000074],[109.13330529100006,22.561438259000056],[109.12704906300007,22.574545933000024],[109.12136500600008,22.569939573000056],[109.11956447700004,22.589875733000042],[109.10276409300008,22.579720769000062],[109.12619462600009,22.602739229000065],[109.11848876400006,22.611417922000044],[109.12490526100004,22.615799207000066],[109.11177474500005,22.61895598600006],[109.12264693100008,22.626335695000023],[109.10826516200007,22.629027072000042],[109.10599157500008,22.640252132000057],[109.09014491300007,22.639040970000053],[109.08274419200006,22.63190349300004],[109.09016773600007,22.614950495000073],[109.07610641500008,22.619726660000026],[109.06004610500008,22.61117581900004],[109.07606829200006,22.628666649000024],[109.06907962600008,22.64284819200003],[109.05973333100007,22.625385958000038],[109.04909005500008,22.626257665000026],[109.04888402500006,22.61456529700007],[109.03226679300008,22.619993799000042],[109.03453275300006,22.60968810600008],[109.02044851600004,22.604580119000047],[109.00427368800007,22.568745814000067],[108.99067774300005,22.562722274000066],[109.00298431600004,22.579055320000066],[109.00241213500004,22.593265459000065],[109.01403201200009,22.597673435000047],[109.03738629700007,22.63835443000005],[109.04902905300008,22.639092566000045],[109.03892744000007,22.62552333900004],[109.05845921500008,22.635008799000047],[109.05642977300005,22.64531449100008],[109.06458581600003,22.64970530900007],[109.03036712600004,22.657117550000066],[108.99079240700007,22.643868835000035],[108.99111280600005,22.627825684000072],[108.97204645700003,22.626585918000046],[108.97259576100004,22.616732283000033],[108.95718401800008,22.627202043000068],[108.94893640300006,22.616780023000047],[108.94926450000008,22.62601565800003],[108.93838469500008,22.622294344000068],[108.94899748000006,22.63174549200005],[108.97252713200004,22.630486552000036],[108.96775104600005,22.644216036000046],[108.91472540200004,22.646699596000076],[108.93996410300008,22.65301875600005],[108.94141374400004,22.65990256300006],[108.93268552400008,22.67154726700005],[108.90344130800008,22.67231411000006],[108.91177286800007,22.69000714300006],[108.91137620900008,22.719346786000074],[108.87010018600006,22.74135829100004],[108.86440862400008,22.782815666000033],[108.88020951900006,22.787959889000035],[108.89792539500007,22.77589172200004],[108.89980995500008,22.794696784000053]]}},{"type":"Feature","properties":{"name":"黑水河(李仙江、把边河、川河)","level":"river_l3"},"geometry":{"type":"LineString","coordinates":[[101.74539597800003,22.92587567700008],[101.80040530100007,22.884027211000046],[101.83016066100004,22.840496447000078],[101.87471744600003,22.804879476000053],[101.89492060700007,22.800645019000058],[101.91348344800008,22.826509368000075],[101.93148166600008,22.829582171000027],[101.96233571300007,22.804724871000076],[101.98531604900006,22.80203922100003],[102.00772414800008,22.787357921000023],[102.05399756500003,22.73494627200006],[102.06127614500008,22.697196870000028],[102.08044926200006,22.65897251000007],[102.13840362900004,22.63567733900004],[102.17885573400008,22.631801448000033],[102.19763215200004,22.622485674000075],[102.21897214100005,22.631809028000077],[102.25231344100007,22.612639597000054],[102.27151713700005,22.61709907900007],[102.29538244900004,22.576404628000034],[102.31199968500005,22.562678942000048],[102.32535910500008,22.562442408000038]]}}]}