{"type":"FeatureCollection","features":[{"type":"Feature","properties":{"name":"黄河","level":"river_l1"},"geometry":{"type":"LineString","coordinates":[[107.54912804100007,41.24807741800004],[107.53197640400003,41.21372904000003],[107.49911557300004,41.21519785500004],[107.49827624300008,41.20399379700007]]}},{"type":"Feature","properties":{"name":"黄河","level":"river_l1"},"geometry":{"type":"LineString","coordinates":[[107.78318971200008,41.20320310200003],[107.79231477200005,41.20573228000006]]}},{"type":"Feature","properties":{"name":"黄河","level":"river_l1"},"geometry":{"type":"LineString","coordinates":[[107.78318971200008,41.20320310200003],[107.75583742100008,41.19561557000003],[107.72937026700004,41.203565705000074],[107.64816807700004,41.206568246000074],[107.49827624300008,41.20399379700007]]}},{"type":"Feature","properties":{"name":"黄河","level":"river_l1"},"geometry":{"type":"LineString","coordinates":[[107.49827624300008,41.20399379700007],[107.34966612900007,41.19254611800005],[107.28147230000008,41.168841204000046]]}},{"type":"Feature","properties":{"name":"黄河","level":"river_l1"},"geometry":{"type":"LineString","coordinates":[[107.27681849100009,41.212471065000045],[107.28147230000008,41.168841204000046]]}},{"type":"Feature","properties":{"name":"黄河","level":"river_l1"},"geometry":{"type":"LineString","coordinates":[[107.96314962600007,41.15855023200004],[108.00695904300005,41.16676332900005],[108.01181155100005,41.17602182500008],[107.99723904400008,41.190769887000044],[107.94827954500005,41.170433382000056],[107.93946738700004,41.18140095800004],[107.94464802800007,41.19968907900005],[107.89174401700006,41.18092428500006],[107.86377381200003,41.186616066000056],[107.82001016700008,41.17765908200005],[107.81968983400009,41.19502785700007],[107.78685189700008,41.19703837600008],[107.78318971200008,41.20320310200003]]}},{"type":"Feature","properties":{"name":"黄河","level":"river_l1"},"geometry":{"type":"LineString","coordinates":[[108.39977083500008,41.17422359100004],[108.45882429400007,41.187224195000056],[108.51063701100009,41.16791730500006],[108.55070784900005,41.167650114000025],[108.56035927200008,41.158128342000055],[108.66259637300004,41.15848272200003],[108.69129895800006,41.14407411900004]]}},{"type":"Feature","properties":{"name":"黄河","level":"river_l1"},"geometry":{"type":"LineString","coordinates":[[107.96314962600007,41.15855023200004],[107.89903785200005,41.16607325000007],[107.86196534800007,41.14936075700007],[107.80605543400009,41.15729574200003],[107.78569952600009,41.15086788200006],[107.73961625500004,41.10758535400004],[107.73541221800008,41.09066292600005],[107.75187668100006,41.04521336500005],[107.75254790600007,41.016415453000036]]}},{"type":"Feature","properties":{"name":"黄河","level":"river_l1"},"geometry":{"type":"LineString","coordinates":[[107.28147230000008,41.168841204000046],[107.20912030000005,41.14186702200004],[107.16132019100007,41.069313546000046],[107.10193854000005,41.036418748000074],[107.06299679500006,41.02194553900006],[106.99686312900008,41.02413927500004],[106.95301556300006,41.01552942600006]]}},{"type":"Feature","properties":{"name":"黄河","level":"river_l1"},"geometry":{"type":"LineString","coordinates":[[108.15990103200005,40.91143452800003],[108.18066900000008,40.92753289700005],[108.18913042600008,40.95232905100005],[108.21876408800006,40.97743412400007],[108.21966484000006,41.04681003200005],[108.25631796700009,41.101910832000044],[108.38027674700004,41.118626805000076],[108.39977083500008,41.17422359100004]]}},{"type":"Feature","properties":{"name":"黄河","level":"river_l1"},"geometry":{"type":"LineString","coordinates":[[108.18008139000005,40.90782565300003],[108.27704654700005,40.92940560000005],[108.30471947900008,40.967461918000026],[108.34654529200009,40.991819243000066],[108.37176926100005,41.05197087800008],[108.43228003900003,41.07442073100003],[108.54828093200007,41.06505495700003],[108.80008893100006,41.001289635000035]]}},{"type":"Feature","properties":{"name":"黄河","level":"river_l1"},"geometry":{"type":"LineString","coordinates":[[107.83988363100008,40.90617129000003],[107.93530756600006,40.92198327700004],[108.00015939500008,40.91255667200005],[108.03238710300008,40.93346164500008],[108.07219854600004,40.93541848900003],[108.10519680400006,40.94946826600005],[108.16875985600007,41.03695278600003],[108.13747887100004,41.11567888500008],[108.16727287600008,41.158656284000074],[108.16312257000004,41.19123085700005],[108.18708735400008,41.20652047600004]]}},{"type":"Feature","properties":{"name":"黄河","level":"river_l1"},"geometry":{"type":"LineString","coordinates":[[107.83988363100008,40.90617129000003],[107.90867277200005,40.96242786200003],[107.92323788800007,40.985061005000034],[107.95930323600004,40.99535319600005],[108.01710563100005,41.03954360000006],[108.01606053700004,41.06514089700005],[108.02631492400008,41.08956319500004],[108.01464935000007,41.110636181000075],[108.01482496700004,41.131472606000045],[107.96314962600007,41.15855023200004]]}},{"type":"Feature","properties":{"name":"黄河","level":"river_l1"},"geometry":{"type":"LineString","coordinates":[[108.17110875700007,40.87950844300008],[108.18787869000005,40.87927567700007],[108.18951904800008,40.87727671700003],[108.17741841800006,40.87248537600004],[108.17110875700007,40.87950844300008]]}},{"type":"Feature","properties":{"name":"黄河","level":"river_l1"},"geometry":{"type":"LineString","coordinates":[[108.16746937300007,40.872123008000074],[108.16247961000005,40.87468275600003],[108.15687944400008,40.872420601000044],[108.16185395000008,40.87008592600006],[108.16746937300007,40.872123008000074]]}},{"type":"Feature","properties":{"name":"黄河","level":"river_l1"},"geometry":{"type":"LineString","coordinates":[[108.73713615500009,40.90255528900008],[108.71898539700004,40.92316671100008],[108.69618046400007,40.929194180000025],[108.66157998000006,40.914919342000076],[108.64439042200007,40.915716701000065],[108.63305270900008,40.90413883400004],[108.54637224100009,40.87357882400005],[108.30219345000006,40.873087645000055]]}},{"type":"Feature","properties":{"name":"黄河","level":"river_l1"},"geometry":{"type":"LineString","coordinates":[[107.83988363100008,40.90617129000003],[107.74735136800007,40.89663844700004],[107.67812752000003,40.86837104400007]]}},{"type":"Feature","properties":{"name":"黄河","level":"river_l1"},"geometry":{"type":"LineString","coordinates":[[107.75254790600007,41.016415453000036],[107.75171603700005,40.97870236400007],[107.72027412700004,40.94915305300003],[107.72001458400007,40.92766811200005],[107.68858800700008,40.90954030600005],[107.67812752000003,40.86837104400007]]}},{"type":"Feature","properties":{"name":"黄河","level":"river_l1"},"geometry":{"type":"LineString","coordinates":[[108.15015768100005,40.86383733100007],[108.15419377800004,40.86705700600004],[108.16115200300004,40.86685479500005],[108.15770339000005,40.86398226500006],[108.15015768100005,40.86383733100007]]}},{"type":"Feature","properties":{"name":"黄河","level":"river_l1"},"geometry":{"type":"LineString","coordinates":[[108.19440957300009,40.866469376000055],[108.19905600900006,40.86480610700005],[108.19757579300006,40.85445275100005],[108.19453923100008,40.85937766700005],[108.19440957300009,40.866469376000055]]}},{"type":"Feature","properties":{"name":"黄河","level":"river_l1"},"geometry":{"type":"LineString","coordinates":[[107.67812752000003,40.86837104400007],[107.67424394100004,40.85305082900004]]}},{"type":"Feature","properties":{"name":"黄河","level":"river_l1"},"geometry":{"type":"LineString","coordinates":[[108.20348873900008,40.85146574200007],[108.20921093500004,40.84686888900006],[108.20824957400004,40.84271457800003],[108.20467127200004,40.84212329800005],[108.20348873900008,40.85146574200007]]}},{"type":"Feature","properties":{"name":"黄河","level":"river_l1"},"geometry":{"type":"LineString","coordinates":[[108.08326086400007,40.83455900700005],[108.11008670700005,40.842539464000026],[108.11380995900004,40.84107456800007],[108.10752310400005,40.83534858000007],[108.08326086400007,40.83455900700005]]}},{"type":"Feature","properties":{"name":"黄河","level":"river_l1"},"geometry":{"type":"LineString","coordinates":[[108.22021278900007,40.83490945700004],[108.22526355000008,40.82639480900008],[108.22388257300008,40.82428523100003],[108.21783993500009,40.829099529000075],[108.22021278900007,40.83490945700004]]}},{"type":"Feature","properties":{"name":"黄河","level":"river_l1"},"geometry":{"type":"LineString","coordinates":[[108.08497746800003,40.82472063700004],[108.09098202100006,40.82947003800007],[108.09890157300003,40.82839042000006],[108.08323790100007,40.82300016900007],[108.08497746800003,40.82472063700004]]}},{"type":"Feature","properties":{"name":"黄河","level":"river_l1"},"geometry":{"type":"LineString","coordinates":[[108.19933051800007,40.840555436000045],[108.20364888000006,40.83888453800006],[108.22398171500004,40.817651297000054],[108.20803580700004,40.821649265000076],[108.19933051800007,40.840555436000045]]}},{"type":"Feature","properties":{"name":"黄河","level":"river_l1"},"geometry":{"type":"LineString","coordinates":[[108.23862299900009,40.82024149000006],[108.24200291900007,40.81921529700003],[108.24617630300008,40.81524789100007],[108.24007260200005,40.81617491000003],[108.23862299900009,40.82024149000006]]}},{"type":"Feature","properties":{"name":"黄河","level":"river_l1"},"geometry":{"type":"LineString","coordinates":[[108.23753954400007,40.81310782200006],[108.24082029000004,40.813683844000025],[108.24696213500005,40.81207397600008],[108.25206636400009,40.81271484300004],[108.25460701700007,40.81051751000007],[108.23753954400007,40.81310782200006]]}},{"type":"Feature","properties":{"name":"黄河","level":"river_l1"},"geometry":{"type":"LineString","coordinates":[[108.42520557800009,40.80461537300005],[108.41441730300005,40.80859043300006],[108.41395954300003,40.811321830000054],[108.42036842700008,40.81016973700008],[108.42520557800009,40.80461537300005]]}},{"type":"Feature","properties":{"name":"黄河","level":"river_l1"},"geometry":{"type":"LineString","coordinates":[[108.45571644400007,40.79902657800005],[108.43220957500006,40.80371123900005],[108.42413748400008,40.81281719200007],[108.43974772300004,40.81426675600005],[108.45571644400007,40.79902657800005]]}},{"type":"Feature","properties":{"name":"黄河","level":"river_l1"},"geometry":{"type":"LineString","coordinates":[[108.33445870900005,40.80283039100004],[108.34680345900006,40.80326523200006],[108.35181610800004,40.800236263000045],[108.34583446900007,40.79933980800007],[108.33445870900005,40.80283039100004]]}},{"type":"Feature","properties":{"name":"黄河","level":"river_l1"},"geometry":{"type":"LineString","coordinates":[[108.40177496400008,40.80297509900004],[108.39086459100008,40.80342910100006],[108.38439464400005,40.80068628600003],[108.39144441200006,40.798641528000076],[108.40177496400008,40.80297509900004]]}},{"type":"Feature","properties":{"name":"黄河","level":"river_l1"},"geometry":{"type":"LineString","coordinates":[[108.30280346400008,40.81863140400003],[108.31566699700005,40.814293930000076],[108.33141445500007,40.798145831000056],[108.31046352900006,40.80541310000007],[108.30280346400008,40.81863140400003]]}},{"type":"Feature","properties":{"name":"黄河","level":"river_l1"},"geometry":{"type":"LineString","coordinates":[[108.45947776800006,40.78610965800004],[108.45000940600005,40.78807813000003],[108.43574207200004,40.800171093000074],[108.45215340000004,40.79821785400003],[108.45947776800006,40.78610965800004]]}},{"type":"Feature","properties":{"name":"黄河","level":"river_l1"},"geometry":{"type":"LineString","coordinates":[[107.75254790600007,41.016415453000036],[107.72376126900008,41.01224598300007],[107.61859384600007,40.92626081800006],[107.60390659700005,40.89375879200003],[107.58457304700005,40.884553753000034],[107.59282058000008,40.86835227700004],[107.58409982900008,40.85552695700005],[107.48833255200009,40.83802119000006],[107.44351586700009,40.80308542800003],[107.36240508600008,40.78005196300006]]}},{"type":"Feature","properties":{"name":"黄河","level":"river_l1"},"geometry":{"type":"LineString","coordinates":[[107.49827624300008,41.20399379700007],[107.49996982800008,41.17314352100004],[107.46810811300008,41.11586825900008],[107.47777463100005,41.07910883200003],[107.46465142600005,41.04156745200004],[107.47035053000008,41.00410993000003],[107.44850661800007,40.96081205100006],[107.44530178900004,40.89885974200007],[107.43286522900007,40.857202192000045],[107.42393081400007,40.83864704500007],[107.38207449600009,40.81512514800005],[107.36240508600008,40.78005196300006]]}},{"type":"Feature","properties":{"name":"黄河","level":"river_l1"},"geometry":{"type":"LineString","coordinates":[[108.46845771500006,40.766280305000066],[108.47510312400004,40.76604757700005],[108.47994790400008,40.760493213000075],[108.47327198000005,40.76117990200004],[108.46845771500006,40.766280305000066]]}},{"type":"Feature","properties":{"name":"黄河","level":"river_l1"},"geometry":{"type":"LineString","coordinates":[[107.55078051100008,40.74129676300004],[107.55714360300004,40.737661238000044],[107.53124092700006,40.72636952700003],[107.53332384900006,40.73163394100004],[107.55078051100008,40.74129676300004]]}},{"type":"Feature","properties":{"name":"黄河","level":"river_l1"},"geometry":{"type":"LineString","coordinates":[[108.55477908900008,40.72205120900003],[108.52415380000008,40.73063843600005],[108.50828411600008,40.72346667700003],[108.49235357800006,40.74397890500006],[108.52641988900007,40.743986405000044],[108.55477908900008,40.72205120900003]]}},{"type":"Feature","properties":{"name":"黄河","level":"river_l1"},"geometry":{"type":"LineString","coordinates":[[107.26020543700008,40.663811606000024],[107.67424394100004,40.85305082900004]]}},{"type":"Feature","properties":{"name":"黄河","level":"river_l1"},"geometry":{"type":"LineString","coordinates":[[107.36240508600008,40.78005196300006],[107.34896155500007,40.76101235300007],[107.35234144200007,40.754401296000026],[107.34001191700008,40.74838921700007],[107.33720406100008,40.723463336000066],[107.26366175800007,40.68005881900007],[107.26020543700008,40.663811606000024]]}},{"type":"Feature","properties":{"name":"黄河","level":"river_l1"},"geometry":{"type":"LineString","coordinates":[[107.21226063300008,40.63287375800007],[107.26020543700008,40.663811606000024]]}},{"type":"Feature","properties":{"name":"黄河","level":"river_l1"},"geometry":{"type":"LineString","coordinates":[[107.28147230000008,41.168841204000046],[107.27942730700005,41.12814494700007],[107.29544175700005,41.10309692700008],[107.28459216300007,41.061889518000044],[107.25712519600006,41.01600903800005],[107.21998350100006,40.91199869900004],[107.19046436100007,40.89831512100005],[107.19001412200004,40.88322759600004],[107.16662155000006,40.86455042500006],[107.21448202900007,40.82830967700005],[107.23225874800005,40.773799964000034],[107.25845115100009,40.752025005000064],[107.25124855600006,40.71541059700007],[107.21541194600007,40.678834437000035],[107.21226063300008,40.63287375800007]]}},{"type":"Feature","properties":{"name":"黄河","level":"river_l1"},"geometry":{"type":"LineString","coordinates":[[107.21226063300008,40.63287375800007],[107.21094819400008,40.60901220000005],[107.19574224100006,40.59337539400008]]}},{"type":"Feature","properties":{"name":"黄河","level":"river_l1"},"geometry":{"type":"LineString","coordinates":[[107.13324016600006,40.573790435000035],[107.14277732400006,40.59330691100007],[107.21226063300008,40.63287375800007]]}},{"type":"Feature","properties":{"name":"黄河","level":"river_l1"},"geometry":{"type":"LineString","coordinates":[[107.19574224100006,40.59337539400008],[107.16716161100004,40.58952254700006],[107.14484477700006,40.56331877400004]]}},{"type":"Feature","properties":{"name":"黄河","level":"river_l1"},"geometry":{"type":"LineString","coordinates":[[107.26020543700008,40.663811606000024],[107.24939402800004,40.62740320900008],[107.19315560200005,40.56082372900005]]}},{"type":"Feature","properties":{"name":"黄河","level":"river_l1"},"geometry":{"type":"LineString","coordinates":[[107.50076816500007,40.72556471300004],[107.48184658300005,40.710858733000066],[107.47351489800008,40.69048774100003],[107.41564410600006,40.68702410800006],[107.37614524100007,40.645694724000066],[107.35153219400007,40.670700812000064],[107.30275590600007,40.66402508600004],[107.25520777300005,40.621463548000065],[107.25436828200009,40.58283871800006],[107.21077252500004,40.57752867000005],[107.20077756500007,40.55393036300006],[107.19315560200005,40.56082372900005]]}},{"type":"Feature","properties":{"name":"黄河","level":"river_l1"},"geometry":{"type":"LineString","coordinates":[[109.02042976900009,40.567996418000064],[109.03068398900007,40.567149492000055],[109.04536332200007,40.55568215200003],[109.02170378000005,40.54767498500007],[109.02042976900009,40.567996418000064]]}},{"type":"Feature","properties":{"name":"黄河","level":"river_l1"},"geometry":{"type":"LineString","coordinates":[[108.90094958900005,40.54613809600005],[108.89354887100006,40.54980414500005],[108.87737416300007,40.566471060000026],[108.88752158300008,40.56792445900004],[108.90094958900005,40.54613809600005]]}},{"type":"Feature","properties":{"name":"黄河","level":"river_l1"},"geometry":{"type":"LineString","coordinates":[[107.19574224100006,40.59337539400008],[107.19768008600005,40.57968026200007],[107.16507853600007,40.558435763000034],[107.16045486500008,40.539213010000026],[107.15784564700004,40.559072859000025],[107.14484477700006,40.56331877400004]]}},{"type":"Feature","properties":{"name":"黄河","level":"river_l1"},"geometry":{"type":"LineString","coordinates":[[107.14484477700006,40.56331877400004],[107.13311024200004,40.536500782000076],[107.10898525600004,40.521974113000056]]}},{"type":"Feature","properties":{"name":"黄河","level":"river_l1"},"geometry":{"type":"LineString","coordinates":[[110.16310391300004,40.507290675000036],[110.16564461900003,40.51259704800003],[110.17391517100003,40.51709847300003],[110.17459418800007,40.514370890000066],[110.16310391300004,40.507290675000036]]}},{"type":"Feature","properties":{"name":"黄河","level":"river_l1"},"geometry":{"type":"LineString","coordinates":[[109.74419130300004,40.49036236000006],[109.75275178300006,40.49529485800008],[109.75997704000008,40.494772201000046],[109.75114189400006,40.48999992500006],[109.74419130300004,40.49036236000006]]}},{"type":"Feature","properties":{"name":"黄河","level":"river_l1"},"geometry":{"type":"LineString","coordinates":[[109.29084636000005,40.50416996000007],[109.31525348900004,40.49525468000007],[109.31971678100007,40.48919676300005],[109.27515970700006,40.485031183000046],[109.29084636000005,40.50416996000007]]}},{"type":"Feature","properties":{"name":"黄河","level":"river_l1"},"geometry":{"type":"LineString","coordinates":[[109.73264759000006,40.478830275000064],[109.73640139800005,40.483030351000025],[109.74393946600009,40.482061361000035],[109.74432093300004,40.48000899900006],[109.73264759000006,40.478830275000064]]}},{"type":"Feature","properties":{"name":"黄河","level":"river_l1"},"geometry":{"type":"LineString","coordinates":[[109.45326575400009,40.47642809600006],[109.45741633300008,40.48499611400007],[109.46690761300005,40.487750360000064],[109.46486281400007,40.47946844200004],[109.45326575400009,40.47642809600006]]}},{"type":"Feature","properties":{"name":"黄河","level":"river_l1"},"geometry":{"type":"LineString","coordinates":[[107.17986430300004,40.48027049400008],[107.17316538000006,40.46233715000005],[107.15287810300003,40.44848187200006],[107.14938383200007,40.46559507000006],[107.17986430300004,40.48027049400008]]}},{"type":"Feature","properties":{"name":"黄河","level":"river_l1"},"geometry":{"type":"LineString","coordinates":[[107.19315560200005,40.56082372900005],[107.18364902100006,40.551069323000036],[107.19822900300005,40.50935063800006],[107.18459473400009,40.49006306500007],[107.14746885300008,40.47563562600004],[107.13986962700005,40.45661506700003],[107.14906321800004,40.43678952800008]]}},{"type":"Feature","properties":{"name":"黄河","level":"river_l1"},"geometry":{"type":"LineString","coordinates":[[107.12343484800004,40.36293130400003],[107.10180474100008,40.34619204300003],[107.07367425000007,40.34026012700008],[107.09019254200007,40.36369819300006],[107.11024324500005,40.36842084400007],[107.12343484800004,40.36293130400003]]}},{"type":"Feature","properties":{"name":"黄河","level":"river_l1"},"geometry":{"type":"LineString","coordinates":[[107.14906321800004,40.43678952800008],[107.15778374100006,40.41173008800007],[107.15112293900006,40.389058764000026],[107.12733363300003,40.37014889000005],[107.11074685000006,40.37687825100005],[107.09189400100007,40.37239211200006],[107.03784536300009,40.31747445800005]]}},{"type":"Feature","properties":{"name":"黄河","level":"river_l1"},"geometry":{"type":"LineString","coordinates":[[107.14906321800004,40.43678952800008],[107.07652793000005,40.374017269000035],[107.03784536300009,40.31747445800005]]}},{"type":"Feature","properties":{"name":"黄河","level":"river_l1"},"geometry":{"type":"LineString","coordinates":[[107.03784536300009,40.31747445800005],[107.03070397100004,40.30784593100003]]}},{"type":"Feature","properties":{"name":"黄河","level":"river_l1"},"geometry":{"type":"LineString","coordinates":[[111.03543599700004,40.29419992600003],[111.03873962100005,40.293551395000065],[111.04151676800006,40.288553998000054],[111.03790796000004,40.289427603000036],[111.03543599700004,40.29419992600003]]}},{"type":"Feature","properties":{"name":"黄河","level":"river_l1"},"geometry":{"type":"LineString","coordinates":[[107.00981381100007,40.26890453900006],[107.01433816800005,40.26619983100005],[107.00374815400005,40.25171507700003],[107.00242065400005,40.261297855000066],[107.00981381100007,40.26890453900006]]}},{"type":"Feature","properties":{"name":"黄河","level":"river_l1"},"geometry":{"type":"LineString","coordinates":[[106.97550316800005,40.23661620000007],[106.95867209400006,40.218419668000024],[106.94642652300007,40.21647797600008],[106.95404859300004,40.22820082700008],[106.97550316800005,40.23661620000007]]}},{"type":"Feature","properties":{"name":"黄河","level":"river_l1"},"geometry":{"type":"LineString","coordinates":[[111.23838312100008,40.165335165000045],[111.25088810200003,40.16796731800008],[111.25750296100006,40.164369935000025],[111.24762260800009,40.16633460000003],[111.23838312100008,40.165335165000045]]}},{"type":"Feature","properties":{"name":"黄河","level":"river_l1"},"geometry":{"type":"LineString","coordinates":[[106.91786101000008,40.18691719800006],[106.88552649900004,40.16427266200003],[106.86189752500007,40.16381115000007],[106.87277745300008,40.176487690000044],[106.91786101000008,40.18691719800006]]}},{"type":"Feature","properties":{"name":"黄河","level":"river_l1"},"geometry":{"type":"LineString","coordinates":[[106.81620341800004,40.121539519000066],[106.81016066400008,40.10639860400005],[106.79225391000006,40.105071113000065],[106.80491153700007,40.11708387200008],[106.81620341800004,40.121539519000066]]}},{"type":"Feature","properties":{"name":"黄河","level":"river_l1"},"geometry":{"type":"LineString","coordinates":[[106.75624189400008,40.07795564300005],[106.76179621100005,40.06818592600007],[106.72734072500003,40.05616179400005],[106.73014086000006,40.066930961000025],[106.75624189400008,40.07795564300005]]}},{"type":"Feature","properties":{"name":"黄河","level":"river_l1"},"geometry":{"type":"LineString","coordinates":[[106.72385357800005,39.98326481700008],[106.71669687800005,39.96436632700005],[106.72578374200003,39.959372726000026],[106.73255894600004,39.97576107900005],[106.72385357800005,39.98326481700008]]}},{"type":"Feature","properties":{"name":"黄河","level":"river_l1"},"geometry":{"type":"LineString","coordinates":[[106.72421155800004,39.872696689000065],[106.74497930000007,39.85188307800007],[106.72930790100008,39.827178493000076],[106.72351703800007,39.83211104700007],[106.73608315600006,39.85297414000007],[106.72421155800004,39.872696689000065]]}},{"type":"Feature","properties":{"name":"黄河","level":"river_l1"},"geometry":{"type":"LineString","coordinates":[[106.77448157800006,39.57807579400003],[106.73970565700006,39.56613177200006],[106.74060590300007,39.55693810400004],[106.75555232200009,39.55183003900004],[106.77448157800006,39.57807579400003]]}},{"type":"Feature","properties":{"name":"黄河","level":"river_l1"},"geometry":{"type":"LineString","coordinates":[[106.79441579300004,39.20755193100007],[106.78411594300007,39.23552207100005]]}},{"type":"Feature","properties":{"name":"黄河","level":"river_l1"},"geometry":{"type":"LineString","coordinates":[[106.79906217500007,39.195985445000076],[106.79441579300004,39.20755193100007]]}},{"type":"Feature","properties":{"name":"黄河","level":"river_l1"},"geometry":{"type":"LineString","coordinates":[[106.83607299900007,39.101836082000034],[106.84777703100008,39.13556649800006],[106.79906217500007,39.195985445000076]]}},{"type":"Feature","properties":{"name":"黄河","level":"river_l1"},"geometry":{"type":"LineString","coordinates":[[106.83077746600009,38.99499120400003],[106.83913197500004,39.00744268100004],[106.84399202500003,39.002983165000046],[106.83768230100009,38.998981462000074],[106.83077746600009,38.99499120400003]]}},{"type":"Feature","properties":{"name":"黄河","level":"river_l1"},"geometry":{"type":"LineString","coordinates":[[106.67636102600005,38.921129559000065],[106.72594605800003,38.93582782200008],[106.76273629600007,38.968108534000066],[106.78089493000004,38.99026482900007],[106.78013990100004,39.047471561000066],[106.78645730900007,39.06162063000005],[106.83607299900007,39.101836082000034]]}},{"type":"Feature","properties":{"name":"黄河","level":"river_l1"},"geometry":{"type":"LineString","coordinates":[[106.67636102600005,38.921129559000065],[106.67418668500005,38.94074144900003],[106.68756155200003,38.96527819500005],[106.69363491800004,38.99975251600006],[106.68766103100006,39.02095519000005],[106.72502343400004,39.041944095000076],[106.78236806900009,39.106860347000065],[106.78678570400007,39.12181053000006],[106.77648588700004,39.15590342400003],[106.79906217500007,39.195985445000076]]}},{"type":"Feature","properties":{"name":"黄河","level":"river_l1"},"geometry":{"type":"LineString","coordinates":[[106.77220436200008,38.910779701000024],[106.76646685500003,38.905843369000024],[106.75063528400005,38.88824956600007],[106.76574960000005,38.89254498100007],[106.77220436200008,38.910779701000024]]}},{"type":"Feature","properties":{"name":"黄河","level":"river_l1"},"geometry":{"type":"LineString","coordinates":[[106.77396685400004,38.919923769000036],[106.76163737600007,38.92016795600006],[106.74363902100004,38.90835739500005],[106.73499453300008,38.88580433000004],[106.75053613200004,38.894448615000044],[106.75218421000005,38.909337771000025],[106.77396685400004,38.919923769000036]]}},{"type":"Feature","properties":{"name":"黄河","level":"river_l1"},"geometry":{"type":"LineString","coordinates":[[106.53776074000007,38.83305391300007],[106.55453087500007,38.874085842000056],[106.58236389700005,38.90058716500005],[106.59050506700004,38.96888730500007],[106.63283438700006,38.99581965300007],[106.62438093300005,39.02910761800007],[106.64023551000008,39.06864414700004],[106.67258535900004,39.11082427800005],[106.71991972800004,39.13911849100003],[106.74219839900007,39.16796211500008],[106.77663100700005,39.18524304300007],[106.79441579300004,39.20755193100007]]}},{"type":"Feature","properties":{"name":"黄河","level":"river_l1"},"geometry":{"type":"LineString","coordinates":[[106.53776074000007,38.83305391300007],[106.59142752700006,38.82966238700004],[106.61001335000009,38.83904673400008],[106.65180117600005,38.906618141000024],[106.67636102600005,38.921129559000065]]}},{"type":"Feature","properties":{"name":"黄河","level":"river_l1"},"geometry":{"type":"LineString","coordinates":[[106.29479383100005,38.55518086400008],[106.33800057600007,38.58799563700006],[106.33905363500008,38.62183672000003],[106.36023380500006,38.686138914000026],[106.38221490600006,38.714303511000026],[106.43639296800006,38.72903228200005],[106.45502458300007,38.74144558100005],[106.47839463300005,38.83879537400003],[106.51780959100006,38.89667338500004],[106.55093750400005,38.90952915400004],[106.54575707700008,38.92694372900007],[106.52794196300005,38.94010484300003],[106.54226305200007,38.993229693000046]]}},{"type":"Feature","properties":{"name":"黄河","level":"river_l1"},"geometry":{"type":"LineString","coordinates":[[106.18403222200004,38.08306922400004],[106.18875509000009,38.10997499200005],[106.21066746200006,38.127545894000036],[106.23772998300007,38.17625699000007],[106.24693915600005,38.22018819600004],[106.28222636600009,38.258427640000036],[106.29078694400005,38.286298541000065],[106.31027306100003,38.29654503300003],[106.32029084100009,38.31268160500008],[106.34426314300003,38.315737186000035],[106.38495214300008,38.35615486200004],[106.41209078500003,38.36809510100005],[106.45597663800004,38.41601266300006],[106.49207244200005,38.42364977900007],[106.50675954400003,38.437619529000074],[106.51381706200004,38.45999330700005],[106.55092009800006,38.49146528600005],[106.54334393400006,38.502390896000065],[106.56045732000007,38.52848025600008],[106.53737006800009,38.52843455100003],[106.52390382500005,38.53808603600004],[106.52699374800005,38.523112938000054],[106.51368775400005,38.538040290000026],[106.52142443200006,38.584500709000054],[106.51188741700008,38.58811335400003],[106.51395489200007,38.55800695000005],[106.50573783000004,38.567101458000025],[106.50429599300008,38.59903514900003],[106.51433665300004,38.612859951000075],[106.53309028300004,38.61390133200007],[106.55230940200005,38.63100301700007],[106.56638622600008,38.66242547600007],[106.58344608800007,38.66532848400004],[106.60109363200007,38.70723781500004],[106.60059024700007,38.74007179500006],[106.61063100300004,38.77224959600005],[106.62602008900006,38.79652311500007],[106.64597925100009,38.80717015700003],[106.65218229600003,38.837352829000054],[106.64481201800004,38.82646923000004],[106.64220274200005,38.83730708300004],[106.65054962900007,38.85138366600006],[106.67667357500005,38.87039654200004],[106.72598390800005,38.87932301500007],[106.73924435800006,38.90889911100004],[106.77370750200004,38.930258061000075],[106.78236724900006,38.95281112600003],[106.79954919400006,38.95682805400003],[106.80071662200004,38.97470801400004],[106.82592499700007,38.990268498000034],[106.84673885200004,39.03299418200004],[106.84811235900008,39.06555730300005],[106.83582108600007,39.07659355700008],[106.83607299900007,39.101836082000034]]}},{"type":"Feature","properties":{"name":"黄河","level":"river_l1"},"geometry":{"type":"LineString","coordinates":[[106.53776074000007,38.83305391300007],[106.52945197900004,38.81441483000003],[106.53119899300003,38.78126803300006],[106.50114569500005,38.74351687300003],[106.47641751300006,38.63415809500003],[106.45290277000004,38.588735351000025],[106.45103337100005,38.560929283000064],[106.46546849100008,38.53429812300004],[106.45933406200004,38.49302964100008],[106.44081690200005,38.48211937200006],[106.42317698700003,38.43882526600004],[106.37625446200008,38.375038147000055],[106.31082254300009,38.32663998600003],[106.28698759100007,38.32709020500005],[106.27220892800005,38.31156783000006],[106.26211468500009,38.26133457900005],[106.21114838400007,38.18025116600006],[106.17319085400004,38.15158687500008],[106.16262348100008,38.081039815000054],[106.18403222200004,38.08306922400004]]}},{"type":"Feature","properties":{"name":"黄河","level":"river_l1"},"geometry":{"type":"LineString","coordinates":[[105.99549586800003,37.94318870600006],[106.05486987900008,37.998632831000066],[106.09671871900008,38.07016020300006],[106.12180499200008,38.08326778000003],[106.11337444000009,38.12179346900007],[106.11584670000008,38.17593691500008],[106.13509628600008,38.18387545500008],[106.23193956200004,38.27167659300005],[106.23995073600008,38.28507414500007],[106.23585373800006,38.30772643800003],[106.27082805100008,38.32890228400004],[106.28009052800007,38.35130276000007],[106.31457646400008,38.35591474700004],[106.34801742900004,38.418484987000056],[106.36471875600006,38.43321006200006],[106.35589902500004,38.45670925500008],[106.37561407700008,38.47589000600004],[106.37094506600005,38.53994813500003],[106.39432246200005,38.583131593000076],[106.45925849300005,38.63676747100004]]}},{"type":"Feature","properties":{"name":"黄河","level":"river_l1"},"geometry":{"type":"LineString","coordinates":[[105.99052107900008,37.88539831600008],[106.00891626200007,37.918342874000075],[106.06855728700003,37.969167276000064],[106.12480294600005,37.98122187600006],[106.13295914500009,38.00818867100003],[106.15485620000004,38.01406721200004],[106.16785719100005,38.03660119600005],[106.17953053200006,38.039408853000054],[106.21444406700004,38.11532326400004],[106.19591165900005,38.105732913000054],[106.18998329700008,38.076210196000034],[106.18236128500007,38.07311260100005],[106.18403222200004,38.08306922400004]]}},{"type":"Feature","properties":{"name":"黄河","level":"river_l1"},"geometry":{"type":"LineString","coordinates":[[105.48949706900004,37.494077564000065],[105.51349989700009,37.500513065000064],[105.54248480800004,37.492891013000076],[105.52675246700005,37.48041666000006],[105.48949706900004,37.494077564000065]]}},{"type":"Feature","properties":{"name":"黄河","level":"river_l1"},"geometry":{"type":"LineString","coordinates":[[110.60861090100008,35.55693161800008],[110.60705438900004,35.54476241400005],[110.62010090400008,35.52330411500003],[110.62475499000004,35.52706548900005],[110.60861090100008,35.55693161800008]]}},{"type":"Feature","properties":{"name":"黄河","level":"river_l1"},"geometry":{"type":"LineString","coordinates":[[110.61297511500004,35.56961580900003],[110.61176960000006,35.56340532000007],[110.63644357700008,35.530067691000056],[110.63374262300005,35.51810449000004],[110.64066270100005,35.52100371100005],[110.63857988800004,35.53331789200007],[110.61297511500004,35.56961580900003]]}},{"type":"Feature","properties":{"name":"黄河","level":"river_l1"},"geometry":{"type":"LineString","coordinates":[[110.59984438600009,35.54185937900007],[110.57644417900008,35.511127446000046],[110.58526379400007,35.473551636000025],[110.59804341800009,35.47703831300004],[110.62010843000007,35.50567592700003],[110.61994828800005,35.519409206000034],[110.59984438600009,35.54185937900007]]}},{"type":"Feature","properties":{"name":"黄河","level":"river_l1"},"geometry":{"type":"LineString","coordinates":[[110.50128426200007,35.40986388400006],[110.49950653200005,35.40478639300005],[110.50414531200005,35.40031161500008],[110.50477097600009,35.40650684700006],[110.50128426200007,35.40986388400006]]}},{"type":"Feature","properties":{"name":"黄河","level":"river_l1"},"geometry":{"type":"LineString","coordinates":[[110.48656652500006,35.37335249400007],[110.47413780600004,35.35979093000003],[110.47548058100006,35.353412579000064],[110.48726837900006,35.36100780000004],[110.48656652500006,35.37335249400007]]}},{"type":"Feature","properties":{"name":"黄河","level":"river_l1"},"geometry":{"type":"LineString","coordinates":[[110.41360399400008,35.280313627000055],[110.40695095900008,35.278326142000026],[110.40517323000006,35.273248651000074],[110.41229168400008,35.27753645800004],[110.41360399400008,35.280313627000055]]}},{"type":"Feature","properties":{"name":"黄河","level":"river_l1"},"geometry":{"type":"LineString","coordinates":[[110.44544247500005,35.29822780400008],[110.42624630200004,35.287019996000026],[110.41900570100006,35.269910648000064],[110.43571461500005,35.28037457900007],[110.44544247500005,35.29822780400008]]}},{"type":"Feature","properties":{"name":"黄河","level":"river_l1"},"geometry":{"type":"LineString","coordinates":[[110.39475127900005,35.29108669400006],[110.38870097600005,35.28774113800006],[110.38518361500007,35.26865570800004],[110.39620080700007,35.273721720000026],[110.39475127900005,35.29108669400006]]}},{"type":"Feature","properties":{"name":"黄河","level":"river_l1"},"geometry":{"type":"LineString","coordinates":[[110.38137637600005,35.25780261800003],[110.37215975500004,35.24934142800004],[110.37566167900007,35.23729046200003],[110.39262237200006,35.24822361300005],[110.38137637600005,35.25780261800003]]}},{"type":"Feature","properties":{"name":"黄河","level":"river_l1"},"geometry":{"type":"LineString","coordinates":[[110.39082171300004,35.23581789100007],[110.38652621100005,35.230679373000044],[110.38893714100004,35.225701050000055],[110.39181353800006,35.23149190500004],[110.39082171300004,35.23581789100007]]}},{"type":"Feature","properties":{"name":"黄河","level":"river_l1"},"geometry":{"type":"LineString","coordinates":[[110.37289966300006,35.220509169000024],[110.36175274700008,35.21154443200004],[110.36198159900005,35.20513556800006],[110.36881012900005,35.209652264000056],[110.37289966300006,35.220509169000024]]}},{"type":"Feature","properties":{"name":"黄河","level":"river_l1"},"geometry":{"type":"LineString","coordinates":[[114.88701996400005,35.202456951000045],[114.91476882000006,35.198382612000046],[114.93599455900005,35.22173288500005],[114.92139151600009,35.22548290300006],[114.92799118900007,35.23402801800006],[114.90150876300004,35.22620018200007],[114.88701996400005,35.202456951000045]]}},{"type":"Feature","properties":{"name":"黄河","level":"river_l1"},"geometry":{"type":"LineString","coordinates":[[110.35660268700008,35.19905479800008],[110.35094148000007,35.19319528700004],[110.35315402700007,35.18592045500003],[110.35770893700004,35.19129549100006],[110.35660268700008,35.19905479800008]]}},{"type":"Feature","properties":{"name":"黄河","level":"river_l1"},"geometry":{"type":"LineString","coordinates":[[110.34082457600005,35.186771203000035],[110.33794818000007,35.18120542100007],[110.34394503700008,35.17768815300008],[110.34373906900004,35.18340653800004],[110.34082457600005,35.186771203000035]]}},{"type":"Feature","properties":{"name":"黄河","level":"river_l1"},"geometry":{"type":"LineString","coordinates":[[110.34468508100008,35.17266787300008],[110.34626433700004,35.15965558600004],[110.35167371800009,35.157038612000065],[110.34901867800005,35.16865087300005],[110.34468508100008,35.17266787300008]]}},{"type":"Feature","properties":{"name":"黄河","level":"river_l1"},"geometry":{"type":"LineString","coordinates":[[110.36129477500003,35.17718834800007],[110.35503079100005,35.16467582900003],[110.36140906600008,35.15017193600005],[110.36798581500005,35.153994340000054],[110.36129477500003,35.17718834800007]]}},{"type":"Feature","properties":{"name":"黄河","level":"river_l1"},"geometry":{"type":"LineString","coordinates":[[110.34840042300004,35.123300536000045],[110.34267819100006,35.11926831400007],[110.34669126300008,35.10081992800008],[110.35448877400006,35.109021717000076],[110.34840042300004,35.123300536000045]]}},{"type":"Feature","properties":{"name":"黄河","level":"river_l1"},"geometry":{"type":"LineString","coordinates":[[110.34354765300009,35.06364853100007],[110.33787119200008,35.05847186900007],[110.33644441600006,35.051799790000075],[110.34193775200004,35.054222167000034],[110.34354765300009,35.06364853100007]]}},{"type":"Feature","properties":{"name":"黄河","level":"river_l1"},"geometry":{"type":"LineString","coordinates":[[110.33458303800006,35.09571958600003],[110.31222042700006,35.05762126600007],[110.31977365600005,35.04200726200003],[110.33393440500004,35.075092967000046],[110.33458303800006,35.09571958600003]]}},{"type":"Feature","properties":{"name":"黄河","level":"river_l1"},"geometry":{"type":"LineString","coordinates":[[110.34427235300006,35.04351783000004],[110.33565088500006,35.04262138400003],[110.33390367100009,35.03685341400006],[110.33993871200005,35.03974882400007],[110.34427235300006,35.04351783000004]]}},{"type":"Feature","properties":{"name":"黄河","level":"river_l1"},"geometry":{"type":"LineString","coordinates":[[110.30742895100008,35.04353704400006],[110.30437705900005,35.035220792000075],[110.30891671000006,35.04082471500004],[110.30742895100008,35.04353704400006]]}},{"type":"Feature","properties":{"name":"黄河","level":"river_l1"},"geometry":{"type":"LineString","coordinates":[[110.35028450900006,35.047096089000036],[110.34714107500008,35.04129760500007],[110.34653829800004,35.034640782000054],[110.35261915400008,35.04417394300003],[110.35028450900006,35.047096089000036]]}},{"type":"Feature","properties":{"name":"黄河","level":"river_l1"},"geometry":{"type":"LineString","coordinates":[[110.33924435200004,35.028281538000044],[110.32738790700006,35.02364660200004],[110.32339759000007,35.01827919400006],[110.33906122500008,35.02530218100003],[110.33924435200004,35.028281538000044]]}},{"type":"Feature","properties":{"name":"黄河","level":"river_l1"},"geometry":{"type":"LineString","coordinates":[[110.31286117200005,35.032222327000056],[110.30606316000006,35.027472927000076],[110.30079100400008,35.010859494000044],[110.31470746800005,35.01967162900007],[110.31286117200005,35.032222327000056]]}},{"type":"Feature","properties":{"name":"黄河","level":"river_l1"},"geometry":{"type":"LineString","coordinates":[[113.45955692200005,35.00527674800003],[113.46401257600007,34.999550715000055],[113.47070370400002,34.993595784000036],[113.46932280400006,35.00252241900006],[113.45955692200005,35.00527674800003]]}},{"type":"Feature","properties":{"name":"黄河","level":"river_l1"},"geometry":{"type":"LineString","coordinates":[[110.31953695600004,35.00948609500006],[110.31377649500007,34.991026300000044],[110.31811772200007,34.98700930000007],[110.32358821400004,34.99767927400006],[110.31953695600004,35.00948609500006]]}},{"type":"Feature","properties":{"name":"黄河","level":"river_l1"},"geometry":{"type":"LineString","coordinates":[[110.30877918200008,35.00601848300005],[110.31012195900007,34.99986902000006],[110.30527708300008,34.98692542300006],[110.30398012100005,34.99994533900008],[110.30877918200008,35.00601848300005]]}},{"type":"Feature","properties":{"name":"黄河","level":"river_l1"},"geometry":{"type":"LineString","coordinates":[[114.80196365200004,35.00198592000004],[114.78921453900011,34.99657659800005],[114.77649592500006,34.98841680700008],[114.80879971900004,34.993352999000024],[114.80196365200004,35.00198592000004]]}},{"type":"Feature","properties":{"name":"黄河","level":"river_l1"},"geometry":{"type":"LineString","coordinates":[[110.29597664300007,34.99745812000003],[110.28975085000008,34.99227001600008],[110.28682864200005,34.98051662900008],[110.29824259100008,34.98904266300008],[110.29597664300007,34.99745812000003]]}},{"type":"Feature","properties":{"name":"黄河","level":"river_l1"},"geometry":{"type":"LineString","coordinates":[[110.28122855300006,34.98885198800008],[110.27301143600005,34.98475873900003],[110.27292748000008,34.97926161200007],[110.27871836700007,34.98123384200005],[110.28122855300006,34.98885198800008]]}},{"type":"Feature","properties":{"name":"黄河","level":"river_l1"},"geometry":{"type":"LineString","coordinates":[[114.75673521800002,34.985216286000025],[114.75404955200008,34.97899817900003],[114.79607361000001,35.00398490200007],[114.78409511500001,35.00247811500003],[114.79706551800007,35.01224393500007],[114.79148839800007,35.02959747800003],[114.75673521800002,34.985216286000025]]}},{"type":"Feature","properties":{"name":"黄河","level":"river_l1"},"geometry":{"type":"LineString","coordinates":[[110.28337240300004,34.97608384500006],[110.27363696900005,34.967599767000024],[110.27275952600007,34.96093531500003],[110.28357074100006,34.970361644000036],[110.28337240300004,34.97608384500006]]}},{"type":"Feature","properties":{"name":"黄河","level":"river_l1"},"geometry":{"type":"LineString","coordinates":[[110.25135074000008,34.94437534900004],[110.24833711700006,34.95781108600005],[110.25058026400006,34.96519653000007],[110.25381519400008,34.96046616600006],[110.25135074000008,34.94437534900004]]}},{"type":"Feature","properties":{"name":"黄河","level":"river_l1"},"geometry":{"type":"LineString","coordinates":[[110.26158223300007,34.97714825600008],[110.25870575400006,34.95646442200007],[110.26630475300004,34.93925201700006],[110.26881497900007,34.95419839300007],[110.26158223300007,34.97714825600008]]}},{"type":"Feature","properties":{"name":"黄河","level":"river_l1"},"geometry":{"type":"LineString","coordinates":[[113.52612502500006,34.96952033900004],[113.52694129700001,34.955069879000064],[113.56117518500002,34.92983483100005],[113.56427290900001,34.94516267700004],[113.52612502500006,34.96952033900004]]}},{"type":"Feature","properties":{"name":"黄河","level":"river_l1"},"geometry":{"type":"LineString","coordinates":[[110.29592311700009,34.976163908000046],[110.27875633800005,34.94940696700007],[110.27929028700004,34.92720483000005],[110.29650287700008,34.95992048800008],[110.29592311700009,34.976163908000046]]}},{"type":"Feature","properties":{"name":"黄河","level":"river_l1"},"geometry":{"type":"LineString","coordinates":[[113.24402006600008,34.94716689100005],[113.23290363100011,34.93296826000005],[113.23207195400005,34.92541496200005],[113.24515682200001,34.93869803200005],[113.24402006600008,34.94716689100005]]}},{"type":"Feature","properties":{"name":"黄河","level":"river_l1"},"geometry":{"type":"LineString","coordinates":[[113.29477207900004,34.92453727800006],[113.31370886700006,34.93918983400005],[113.32068233500001,34.93987646700003],[113.30368347800004,34.92682993200003],[113.29477207900004,34.92453727800006]]}},{"type":"Feature","properties":{"name":"黄河","level":"river_l1"},"geometry":{"type":"LineString","coordinates":[[113.5775941920001,34.94296147800003],[113.60349655200002,34.91876409300005],[113.62076999300007,34.91964523300004],[113.59019069900012,34.94626122200003],[113.5775941920001,34.94296147800003]]}},{"type":"Feature","properties":{"name":"黄河","level":"river_l1"},"geometry":{"type":"LineString","coordinates":[[112.45997065200004,34.92236268700003],[112.49560857900008,34.92489937600004],[112.50206320400002,34.920821328000045],[112.49962931200002,34.91348166500006],[112.4729180170001,34.90894979800004],[112.45997065200004,34.92236268700003]]}},{"type":"Feature","properties":{"name":"黄河","level":"river_l1"},"geometry":{"type":"LineString","coordinates":[[114.17541205500004,34.92319043300006],[114.19779721400005,34.90704610200004],[114.2256376690001,34.90908688800005],[114.20831092600008,34.92325513000003],[114.17541205500004,34.92319043300006]]}},{"type":"Feature","properties":{"name":"黄河","level":"river_l1"},"geometry":{"type":"LineString","coordinates":[[110.25574536200008,34.93807328400004],[110.25400577900007,34.93253420100007],[110.26409957900006,34.90049365900006],[110.27688690000008,34.91661495500006],[110.25574536200008,34.93807328400004]]}},{"type":"Feature","properties":{"name":"黄河","level":"river_l1"},"geometry":{"type":"LineString","coordinates":[[112.48525505500004,34.90239592100005],[112.49275497700012,34.904738175000034],[112.49890443100003,34.902720120000026],[112.49476152600005,34.89856963700004],[112.48525505500004,34.90239592100005]]}},{"type":"Feature","properties":{"name":"黄河","level":"river_l1"},"geometry":{"type":"LineString","coordinates":[[110.27478102300006,34.89801018400004],[110.26906642200004,34.894206850000046],[110.26789142900009,34.888225248000026],[110.27360603000005,34.89202858200008],[110.27478102300006,34.89801018400004]]}},{"type":"Feature","properties":{"name":"黄河","level":"river_l1"},"geometry":{"type":"LineString","coordinates":[[113.75531046000003,34.911023173000046],[113.77997682900002,34.88782145600004],[113.80749675900006,34.87765107700005],[113.81978046300003,34.88264077700006],[113.82177184700004,34.89086928800003],[113.80624568600001,34.90466367100004],[113.75531046000003,34.911023173000046]]}},{"type":"Feature","properties":{"name":"黄河","level":"river_l1"},"geometry":{"type":"LineString","coordinates":[[113.15057969200006,34.86420688000004],[113.16894420400001,34.87064236400005],[113.17368216800003,34.86698776500003],[113.17091257300001,34.85988462200004],[113.15057969200006,34.86420688000004]]}},{"type":"Feature","properties":{"name":"黄河","level":"river_l1"},"geometry":{"type":"LineString","coordinates":[[110.28521818700005,34.871478212000056],[110.28292164200008,34.86592387200005],[110.28514181700007,34.85819507900004],[110.28855991400007,34.863772303000076],[110.28521818700005,34.871478212000056]]}},{"type":"Feature","properties":{"name":"黄河","level":"river_l1"},"geometry":{"type":"LineString","coordinates":[[112.56147473800002,34.882592972000054],[112.60313236600007,34.87566511700004],[112.62270221400001,34.859478841000055],[112.60349084300003,34.85755245000007],[112.56147473800002,34.882592972000054]]}},{"type":"Feature","properties":{"name":"黄河","level":"river_l1"},"geometry":{"type":"LineString","coordinates":[[112.62717314000008,34.85545039400006],[112.63441363800007,34.855263437000076],[112.62886689300001,34.85225740000004],[112.62717314000008,34.85545039400006]]}},{"type":"Feature","properties":{"name":"黄河","level":"river_l1"},"geometry":{"type":"LineString","coordinates":[[113.00306871600003,34.84833415400004],[113.00393845000008,34.84192528900007],[113.01146885000003,34.838053235000075],[113.01031682000007,34.844458287000066],[113.00306871600003,34.84833415400004]]}},{"type":"Feature","properties":{"name":"黄河","level":"river_l1"},"geometry":{"type":"LineString","coordinates":[[112.64201266200007,34.84454763400004],[112.64234833100011,34.83928702500003],[112.64877244200011,34.835888011000065],[112.64677352600006,34.84251432600007],[112.64201266200007,34.84454763400004]]}},{"type":"Feature","properties":{"name":"黄河","level":"river_l1"},"geometry":{"type":"LineString","coordinates":[[112.89647540200008,34.84273831300004],[112.89984001700009,34.83611199200004],[112.91461093300006,34.834788192000076],[112.91010950900011,34.84186847900003],[112.89647540200008,34.84273831300004]]}},{"type":"Feature","properties":{"name":"黄河","level":"river_l1"},"geometry":{"type":"LineString","coordinates":[[112.65990404700005,34.83663566400003],[112.66219288200011,34.82909379700004],[112.66998271200009,34.82867795000004],[112.66548890600006,34.83414839100004],[112.65990404700005,34.83663566400003]]}},{"type":"Feature","properties":{"name":"黄河","level":"river_l1"},"geometry":{"type":"LineString","coordinates":[[112.72535843600008,34.83102381100008],[112.73317113700011,34.82785749400006],[112.72896725200007,34.832645085000024],[112.72535843600008,34.83102381100008]]}},{"type":"Feature","properties":{"name":"黄河","level":"river_l1"},"geometry":{"type":"LineString","coordinates":[[110.28437109000004,34.83366973300008],[110.27955677300008,34.828058181000074],[110.27845806400006,34.82001277200004],[110.28564516600005,34.82110759300008],[110.28437109000004,34.83366973300008]]}},{"type":"Feature","properties":{"name":"黄河","level":"river_l1"},"geometry":{"type":"LineString","coordinates":[[112.72598400400011,34.82164321800008],[112.74048786300011,34.816905175000045],[112.74910171200008,34.81992264300004],[112.73153836900008,34.82304322500005],[112.72598400400011,34.82164321800008]]}},{"type":"Feature","properties":{"name":"黄河","level":"river_l1"},"geometry":{"type":"LineString","coordinates":[[110.28599607600006,34.81172699900003],[110.28424886400006,34.806187916000056],[110.28797201500004,34.78818967600006],[110.29285498600007,34.791512348000026],[110.28599607600006,34.81172699900003]]}},{"type":"Feature","properties":{"name":"黄河","level":"river_l1"},"geometry":{"type":"LineString","coordinates":[[110.26253511200008,34.829008130000034],[110.26679980000006,34.78102174700007],[110.27373512100007,34.78142227400008],[110.27663444100006,34.79363343800003],[110.26253511200008,34.829008130000034]]}},{"type":"Feature","properties":{"name":"黄河","level":"river_l1"},"geometry":{"type":"LineString","coordinates":[[110.27645886000005,34.77553602800003],[110.27051536400006,34.770580625000036],[110.27045429300006,34.76439683500007],[110.27534489300007,34.76772332200005],[110.27645886000005,34.77553602800003]]}},{"type":"Feature","properties":{"name":"黄河","level":"river_l1"},"geometry":{"type":"LineString","coordinates":[[110.28327971200008,34.77158387000003],[110.27983868800004,34.759132376000025],[110.26377063000007,34.74224431700003],[110.28335591200005,34.754180752000025],[110.28327971200008,34.77158387000003]]}},{"type":"Feature","properties":{"name":"黄河","level":"river_l1"},"geometry":{"type":"LineString","coordinates":[[110.26477004100008,34.72990343600003],[110.25940639400005,34.72450169900003],[110.26456402900004,34.72760692700007],[110.26477004100008,34.72990343600003]]}},{"type":"Feature","properties":{"name":"黄河","level":"river_l1"},"geometry":{"type":"LineString","coordinates":[[110.25255498700005,34.72181229100005],[110.24773304400009,34.716650885000035],[110.25345527200005,34.72000025700004],[110.25255498700005,34.72181229100005]]}},{"type":"Feature","properties":{"name":"黄河","level":"river_l1"},"geometry":{"type":"LineString","coordinates":[[110.25036515700003,34.69793928100006],[110.24907578000006,34.70294430300004],[110.25279905600007,34.70738853100005],[110.25300502500005,34.70189521900005],[110.25036515700003,34.69793928100006]]}},{"type":"Feature","properties":{"name":"黄河","level":"river_l1"},"geometry":{"type":"LineString","coordinates":[[110.83244335500007,34.66742629200007],[110.84680994300004,34.67260291900004],[110.89934742900004,34.668971026000065],[110.88193661900004,34.66262708200003],[110.83244335500007,34.66742629200007]]}},{"type":"Feature","properties":{"name":"黄河","level":"river_l1"},"geometry":{"type":"LineString","coordinates":[[110.24772524900004,34.68665129800007],[110.24655017500004,34.66578053200004],[110.26108448900004,34.64804928800004],[110.27421504100005,34.64608843100007],[110.24772524900004,34.68665129800007]]}},{"type":"Feature","properties":{"name":"黄河","level":"river_l1"},"geometry":{"type":"LineString","coordinates":[[110.72165355000004,34.62989672000003],[110.71365007100007,34.627066170000035],[110.71011753400006,34.62221757300006],[110.71677055900005,34.62297287800004],[110.72165355000004,34.62989672000003]]}},{"type":"Feature","properties":{"name":"黄河","level":"river_l1"},"geometry":{"type":"LineString","coordinates":[[110.44142540900003,34.60761173000003],[110.45539528200004,34.61717538000005],[110.46512303300005,34.616385680000064],[110.45801983100006,34.61033924900005],[110.44142540900003,34.60761173000003]]}},{"type":"Feature","properties":{"name":"黄河","level":"river_l1"},"geometry":{"type":"LineString","coordinates":[[110.46720587600004,34.60908033000004],[110.48399098100003,34.60150788900006],[110.49256667500003,34.60344577400008],[110.47105883600005,34.61004927500005],[110.46720587600004,34.60908033000004]]}},{"type":"Feature","properties":{"name":"黄河","level":"river_l1"},"geometry":{"type":"LineString","coordinates":[[110.64100078600006,34.60543271900008],[110.65038532100004,34.62545656700007],[110.73740882700008,34.65272823600003],[110.69111212000007,34.61331390300006],[110.68303227200005,34.59742529300007],[110.64100078600006,34.60543271900008]]}},{"type":"Feature","properties":{"name":"黄河","level":"river_l1"},"geometry":{"type":"LineString","coordinates":[[110.55456486400004,34.59664756500007],[110.56346861700007,34.595834979000074],[110.57241812500007,34.591135112000075],[110.56437651400006,34.591039772000045],[110.55456486400004,34.59664756500007]]}},{"type":"Feature","properties":{"name":"黄河","level":"river_l1"},"geometry":{"type":"LineString","coordinates":[[98.81224890400006,34.47964542900007],[98.73271773500005,34.470036020000066],[98.72556873100007,34.43477199200004],[98.82193088700006,34.47689876100003],[98.81224890400006,34.47964542900007]]}},{"type":"Feature","properties":{"name":"黄河","level":"river_l1"},"geometry":{"type":"LineString","coordinates":[[102.26358928300004,33.83490080000007],[102.26009491000008,33.83181463100004],[102.25885131000007,33.84232822800004],[102.26157508100005,33.84163393000006],[102.26358928300004,33.83490080000007]]}},{"type":"Feature","properties":{"name":"长江","level":"river_l1"},"geometry":{"type":"LineString","coordinates":[[108.00800276500007,30.219894863000036],[108.00478309100004,30.22468626400007],[108.00602674700008,30.232727862000047],[108.00843006300005,30.230454234000035],[108.00800276500007,30.219894863000036]]}},{"type":"Feature","properties":{"name":"长江","level":"river_l1"},"geometry":{"type":"LineString","coordinates":[[107.99399478400005,30.21247702100004],[107.98259613700009,30.20743579200007],[107.97741563900007,30.208294138000042],[107.98010890300009,30.212005932000068],[107.99399478400005,30.21247702100004]]}},{"type":"Feature","properties":{"name":"长江","level":"river_l1"},"geometry":{"type":"LineString","coordinates":[[107.85859930200007,30.07053816000007],[107.85838564200009,30.062256226000045],[107.85489127800008,30.060818055000027],[107.85331960200006,30.066874058000053],[107.85859930200007,30.07053816000007]]}},{"type":"Feature","properties":{"name":"长江","level":"river_l1"},"geometry":{"type":"LineString","coordinates":[[107.74965556100005,29.89935113200005],[107.74684783400005,29.890365373000066],[107.73982858300008,29.885976463000077],[107.74095780200008,29.896499591000065],[107.74965556100005,29.89935113200005]]}},{"type":"Feature","properties":{"name":"长江","level":"river_l1"},"geometry":{"type":"LineString","coordinates":[[107.46964893900008,29.853019219000032],[107.46184384900005,29.851642097000024],[107.45516035200006,29.861541526000053],[107.46964893900008,29.853019219000032]]}},{"type":"Feature","properties":{"name":"长江","level":"river_l1"},"geometry":{"type":"LineString","coordinates":[[106.95408569300008,29.739202145000036],[106.95133900500008,29.730199219000042],[106.94789042200006,29.729487767000023],[106.94890519000006,29.738511679000055],[106.95408569300008,29.739202145000036]]}},{"type":"Feature","properties":{"name":"长江","level":"river_l1"},"geometry":{"type":"LineString","coordinates":[[107.16198462600005,29.698028441000076],[107.15762811500008,29.695831127000076],[107.15515614400005,29.701890947000038],[107.15861998700007,29.70259476900003],[107.16198462600005,29.698028441000076]]}},{"type":"Feature","properties":{"name":"长江","level":"river_l1"},"geometry":{"type":"LineString","coordinates":[[107.22398277500008,29.694882974000052],[107.21858860600008,29.683663654000043],[107.21162276500007,29.67999764800004],[107.21616242100004,29.691983745000073],[107.22398277500008,29.694882974000052]]}},{"type":"Feature","properties":{"name":"长江","level":"river_l1"},"geometry":{"type":"LineString","coordinates":[[106.91699037700005,29.685430695000036],[106.90999400800007,29.678739549000056],[106.90394373000004,29.678058623000027],[106.90748388300005,29.683288708000077],[106.91699037700005,29.685430695000036]]}},{"type":"Feature","properties":{"name":"长江","level":"river_l1"},"geometry":{"type":"LineString","coordinates":[[106.87868187400005,29.607566863000045],[106.87501198700005,29.593297604000043],[106.86201875500007,29.58818008000003],[106.85876095400005,29.600269197000046],[106.86845822800007,29.61446595900003],[106.87367688700004,29.617414788000076],[106.87868187400005,29.607566863000045]]}},{"type":"Feature","properties":{"name":"长江","level":"river_l1"},"geometry":{"type":"LineString","coordinates":[[106.82838745000004,29.584805973000073],[106.82145213100006,29.581876222000062],[106.81807986100006,29.586433012000043],[106.82155133600008,29.587897888000043],[106.82838745000004,29.584805973000073]]}},{"type":"Feature","properties":{"name":"长江","level":"river_l1"},"geometry":{"type":"LineString","coordinates":[[106.72933229600005,29.582149215000072],[106.71527849900008,29.561963223000078],[106.68770510500008,29.55999485500007],[106.70860264600009,29.577098469000077],[106.72933229600005,29.582149215000072]]}},{"type":"Feature","properties":{"name":"雅鲁藏布江","level":"river_l1"},"geometry":{"type":"LineString","coordinates":[[94.88899875800007,29.556330685000034],[94.88896824000005,29.55105671800004],[94.88378010600007,29.54957466700006],[94.88295610800009,29.555605872000058],[94.88899875800007,29.556330685000034]]}},{"type":"Feature","properties":{"name":"雅鲁藏布江","level":"river_l1"},"geometry":{"type":"LineString","coordinates":[[94.79369731600008,29.470852370000046],[94.79195776500006,29.46859782100006],[94.78595326400006,29.473143161000053],[94.78940184700008,29.473883233000038],[94.79369731600008,29.470852370000046]]}},{"type":"Feature","properties":{"name":"长江","level":"river_l1"},"geometry":{"type":"LineString","coordinates":[[106.44958454100004,29.364954134000072],[106.44268737000004,29.361999586000024],[106.45666486800008,29.38221419000007],[106.45658091600006,29.373930347000055],[106.44958454100004,29.364954134000072]]}},{"type":"Feature","properties":{"name":"雅鲁藏布江","level":"river_l1"},"geometry":{"type":"LineString","coordinates":[[91.21966856500006,29.311430465000058],[91.21050541600005,29.301418505000072],[91.21493822200006,29.297000965000052],[91.23982600000005,29.29908577300006],[91.21966856500006,29.311430465000058]]}},{"type":"Feature","properties":{"name":"雅鲁藏布江","level":"river_l1"},"geometry":{"type":"LineString","coordinates":[[91.37596109400005,29.291612668000027],[91.37432836100004,29.28856082300007],[91.36480660900008,29.29061127400007],[91.36562297600005,29.292137196000056],[91.37596109400005,29.291612668000027]]}},{"type":"Feature","properties":{"name":"雅鲁藏布江","level":"river_l1"},"geometry":{"type":"LineString","coordinates":[[94.32580397500004,29.30162573800004],[94.32149324700003,29.291079711000066],[94.31375682500004,29.28806792200004],[94.31805992300008,29.299369280000064],[94.32580397500004,29.30162573800004]]}},{"type":"Feature","properties":{"name":"雅鲁藏布江","level":"river_l1"},"geometry":{"type":"LineString","coordinates":[[91.40080309300004,29.295173804000058],[91.41034773500007,29.292368022000062],[91.39506563700007,29.285249587000067],[91.38623054400006,29.293344596000054],[91.40080309300004,29.295173804000058]]}},{"type":"Feature","properties":{"name":"雅鲁藏布江","level":"river_l1"},"geometry":{"type":"LineString","coordinates":[[91.38556677500009,29.286548522000032],[91.38475040800006,29.285020692000046],[91.37785324200007,29.28562342600003],[91.37948597600007,29.288673363000044],[91.38556677500009,29.286548522000032]]}},{"type":"Feature","properties":{"name":"雅鲁藏布江","level":"river_l1"},"geometry":{"type":"LineString","coordinates":[[91.22993804200007,29.28453610300005],[91.23844505200003,29.287748175000047],[91.26086084000008,29.286002918000065],[91.22703878200008,29.295022998000036],[91.22993804200007,29.28453610300005]]}},{"type":"Feature","properties":{"name":"雅鲁藏布江","level":"river_l1"},"geometry":{"type":"LineString","coordinates":[[91.41999156500003,29.285793214000023],[91.41833594200006,29.283496701000047],[91.41401758300003,29.284156659000075],[91.41653535200004,29.286472247000063],[91.41999156500003,29.285793214000023]]}},{"type":"Feature","properties":{"name":"雅鲁藏布江","level":"river_l1"},"geometry":{"type":"LineString","coordinates":[[91.53285634700006,29.288188986000023],[91.53952462500007,29.28683282800006],[91.53884559600004,29.280034846000035],[91.52405178100008,29.28651046600004],[91.53285634700006,29.288188986000023]]}},{"type":"Feature","properties":{"name":"雅鲁藏布江","level":"river_l1"},"geometry":{"type":"LineString","coordinates":[[91.28146840900007,29.28722939200003],[91.29343926100006,29.289764338000055],[91.30207597800006,29.288452051000036],[91.29544585700006,29.280009885000027],[91.28146840900007,29.28722939200003]]}},{"type":"Feature","properties":{"name":"雅鲁藏布江","level":"river_l1"},"geometry":{"type":"LineString","coordinates":[[91.60677199200006,29.280681499000025],[91.60253756100008,29.278333485000076],[91.59815816400004,29.281257529000072],[91.60677199200006,29.280681499000025]]}},{"type":"Feature","properties":{"name":"雅鲁藏布江","level":"river_l1"},"geometry":{"type":"LineString","coordinates":[[91.51130271200003,29.280965640000034],[91.50452762400005,29.277053554000076],[91.50018637600004,29.278470751000043],[91.50354340100006,29.281555022000077],[91.51130271200003,29.280965640000034]]}},{"type":"Feature","properties":{"name":"雅鲁藏布江","level":"river_l1"},"geometry":{"type":"LineString","coordinates":[[91.33117529600008,29.29363066800005],[91.34924983700006,29.293281626000066],[91.36341040100007,29.27927367500007],[91.32347702400006,29.29194833400004],[91.33117529600008,29.29363066800005]]}},{"type":"Feature","properties":{"name":"雅鲁藏布江","level":"river_l1"},"geometry":{"type":"LineString","coordinates":[[91.33939239800009,29.277232738000066],[91.33597433500006,29.276403016000074],[91.32894746200003,29.281518663000043],[91.33324293100009,29.281617851000078],[91.33939239800009,29.277232738000066]]}},{"type":"Feature","properties":{"name":"雅鲁藏布江","level":"river_l1"},"geometry":{"type":"LineString","coordinates":[[91.37888324500005,29.279617018000067],[91.37211578600005,29.275699210000028],[91.36679031500006,29.281610245000024],[91.37448095800005,29.283288764000076],[91.37888324500005,29.279617018000067]]}},{"type":"Feature","properties":{"name":"雅鲁藏布江","level":"river_l1"},"geometry":{"type":"LineString","coordinates":[[91.30447931600008,29.275104053000064],[91.29466763900007,29.276946597000062],[91.31731230900004,29.28313613200004],[91.31517602200006,29.279779103000067],[91.30447931600008,29.275104053000064]]}},{"type":"Feature","properties":{"name":"雅鲁藏布江","level":"river_l1"},"geometry":{"type":"LineString","coordinates":[[91.25572612900004,29.270318347000057],[91.24647141000008,29.275697214000047],[91.27740946800003,29.27640869700008],[91.27320555700004,29.273299629000064],[91.25572612900004,29.270318347000057]]}},{"type":"Feature","properties":{"name":"雅鲁藏布江","level":"river_l1"},"geometry":{"type":"LineString","coordinates":[[91.61472967900005,29.272552157000064],[91.61048761900008,29.27020414200007],[91.60779436400009,29.274669369000037],[91.61035028200007,29.275478109000062],[91.61472967900005,29.272552157000064]]}},{"type":"Feature","properties":{"name":"雅鲁藏布江","level":"river_l1"},"geometry":{"type":"LineString","coordinates":[[91.58560747100006,29.268188002000045],[91.58974271300008,29.27430122800007],[91.60351415500008,29.273830109000073],[91.58516494000008,29.284761418000073],[91.57594838100005,29.27552767900005],[91.58560747100006,29.268188002000045]]}},{"type":"Feature","properties":{"name":"雅鲁藏布江","level":"river_l1"},"geometry":{"type":"LineString","coordinates":[[91.62168788400004,29.26967770600004],[91.62504490800006,29.27275816300005],[91.62937852700009,29.271339058000024],[91.61914722500006,29.268117450000034],[91.62168788400004,29.26967770600004]]}},{"type":"Feature","properties":{"name":"雅鲁藏布江","level":"river_l1"},"geometry":{"type":"LineString","coordinates":[[94.28881563800007,29.27376049700007],[94.28365039400006,29.267731199000025],[94.27935492500006,29.26999337700005],[94.28365039400006,29.27451392100005],[94.28881563800007,29.27376049700007]]}},{"type":"Feature","properties":{"name":"雅鲁藏布江","level":"river_l1"},"geometry":{"type":"LineString","coordinates":[[91.32387377600008,29.278392428000075],[91.31532098700006,29.276691019000054],[91.30507442600003,29.274198038000065],[91.31904424400005,29.266978531000063],[91.32925265600005,29.27097454500006],[91.32387377600008,29.278392428000075]]}},{"type":"Feature","properties":{"name":"长江","level":"river_l1"},"geometry":{"type":"LineString","coordinates":[[106.24506507700005,29.266403022000077],[106.24076197800008,29.265680127000053],[106.23568831800009,29.274000224000076],[106.23827475400009,29.273983051000073],[106.24506507700005,29.266403022000077]]}},{"type":"Feature","properties":{"name":"雅鲁藏布江","level":"river_l1"},"geometry":{"type":"LineString","coordinates":[[91.71290747400008,29.266965438000057],[91.71384591800006,29.26397081700003],[91.70781089800005,29.264605978000077],[91.71290747400008,29.266965438000057]]}},{"type":"Feature","properties":{"name":"雅鲁藏布江","level":"river_l1"},"geometry":{"type":"LineString","coordinates":[[91.66229266100004,29.262200716000052],[91.66663390900004,29.260779704000072],[91.66409325100005,29.259223262000035],[91.66229266100004,29.262200716000052]]}},{"type":"Feature","properties":{"name":"长江","level":"river_l1"},"geometry":{"type":"LineString","coordinates":[[105.86471309400008,28.93945816100006],[105.85269645400007,28.934239539000032],[105.84501345000007,28.93653034600004],[105.85700719900007,28.940999359000045],[105.86471309400008,28.93945816100006]]}},{"type":"Feature","properties":{"name":"长江","level":"river_l1"},"geometry":{"type":"LineString","coordinates":[[105.55077015700004,28.931367678000072],[105.54734445800005,28.929116952000072],[105.54651285600005,28.937400799000045],[105.55077015700004,28.931367678000072]]}},{"type":"Feature","properties":{"name":"长江","level":"river_l1"},"geometry":{"type":"LineString","coordinates":[[105.74872778100007,28.910452574000033],[105.74348624500004,28.910980936000044],[105.74153305700008,28.907484674000045],[105.74366934300008,28.906403173000058],[105.74872778100007,28.910452574000033]]}},{"type":"Feature","properties":{"name":"长江","level":"river_l1"},"geometry":{"type":"LineString","coordinates":[[105.63975409200003,28.887394246000042],[105.64456075300006,28.89121094500007],[105.64471335300004,28.893963325000072],[105.63948707500003,28.89402818900004],[105.63975409200003,28.887394246000042]]}},{"type":"Feature","properties":{"name":"长江","level":"river_l1"},"geometry":{"type":"LineString","coordinates":[[105.66006404200004,28.869012573000077],[105.64346203700006,28.873077282000054],[105.63948700000009,28.868142844000033],[105.65596693900005,28.867055588000028],[105.66006404200004,28.869012573000077]]}},{"type":"Feature","properties":{"name":"长江","level":"river_l1"},"geometry":{"type":"LineString","coordinates":[[105.03115557700005,28.773888025000076],[105.01919999700004,28.776871227000072],[105.01322600100008,28.77083431400007],[105.02433469900006,28.76935414600007],[105.03115557700005,28.773888025000076]]}},{"type":"Feature","properties":{"name":"浔江","level":"river_l1"},"geometry":{"type":"LineString","coordinates":[[110.27465678300007,23.585785986000076],[110.26425763600008,23.58082486400008],[110.25717739000004,23.585158497000066],[110.27024688700004,23.587979508000046],[110.27465678300007,23.585785986000076]]}},{"type":"Feature","properties":{"name":"浔江","level":"river_l1"},"geometry":{"type":"LineString","coordinates":[[110.39232016700004,23.536538493000023],[110.38747538600006,23.539325219000034],[110.38391999200007,23.537599030000024],[110.39239644400004,23.53046914400005],[110.39232016700004,23.536538493000023]]}},{"type":"Feature","properties":{"name":"浔江","level":"river_l1"},"geometry":{"type":"LineString","coordinates":[[110.65384701000005,23.461821092000037],[110.65817299400004,23.463745648000042],[110.66935795000006,23.456741642000054],[110.65741764400008,23.457353950000027],[110.65384701000005,23.461821092000037]]}},{"type":"Feature","properties":{"name":"浔江","level":"river_l1"},"geometry":{"type":"LineString","coordinates":[[110.67617113800009,23.44575308800006],[110.66130107600009,23.44806299000004],[110.65941657700006,23.451101485000038],[110.67807091900005,23.449815847000025],[110.67617113800009,23.44575308800006]]}},{"type":"Feature","properties":{"name":"浔江","level":"river_l1"},"geometry":{"type":"LineString","coordinates":[[111.20286453300008,23.432703119000053],[111.22711140400008,23.444252362000043],[111.24218754200007,23.465445448000025],[111.26927260400004,23.472096479000072],[111.23745708900009,23.432514190000063],[111.20286453300008,23.432703119000053]]}},{"type":"Feature","properties":{"name":"浔江","level":"river_l1"},"geometry":{"type":"LineString","coordinates":[[111.21458355700008,23.425060132000056],[111.19804259500006,23.421117581000033],[111.19412099300007,23.423282492000055],[111.20866300100005,23.426816865000035],[111.21458355700008,23.425060132000056]]}},{"type":"Feature","properties":{"name":"浔江","level":"river_l1"},"geometry":{"type":"LineString","coordinates":[[110.96619462300004,23.415561963000073],[110.96981109100005,23.428787869000075],[110.99926131700005,23.432291683000074],[110.98771010600007,23.428360562000023],[110.96619462300004,23.415561963000073]]}},{"type":"Feature","properties":{"name":"西江","level":"river_l1"},"geometry":{"type":"LineString","coordinates":[[112.64584764400001,23.172254877000057],[112.61159080100003,23.17318960600005],[112.61043874200004,23.17552426700007],[112.62939829300001,23.183378885000025],[112.64584764400001,23.172254877000057]]}},{"type":"Feature","properties":{"name":"西江","level":"river_l1"},"geometry":{"type":"LineString","coordinates":[[112.77898393200007,23.170652263000022],[112.78780372400001,23.167588952000074],[112.79506703200002,23.150801900000033],[112.78206625100006,23.160899716000074],[112.77898393200007,23.170652263000022]]}},{"type":"Feature","properties":{"name":"黑龙江","level":"river_l1"},"geometry":{"type":"LineString","coordinates":[[121.00596465800004,53.28850821600008],[121.04277017300001,53.28736346100004],[121.08649628100011,53.30599830300008],[121.11510715100007,53.289399926000044],[121.12581120400012,53.27381643800004],[121.15158442600011,53.281556411000054],[121.23416793100012,53.27860304500007],[121.25544733600009,53.28878833400006],[121.293435552,53.29194282700007],[121.3343771100001,53.32198389600006],[121.43794223600003,53.32004888800003],[121.58509646800007,53.35023397500004],[121.68507667400002,53.38976569600004],[121.73359367300009,53.38633577300004],[121.8673885820001,53.42554292900007],[121.90610141800005,53.42080461900008],[121.98271880700008,53.429787747000034],[122.0905411010001,53.42096699400008],[122.11635251100006,53.43011461300006],[122.16290979100006,53.47046316300003],[122.23936649400002,53.46131461700003],[122.3307709610001,53.50068235600003],[122.34873881200008,53.49970179200005],[122.37128382000003,53.47356650200004],[122.43238145300006,53.443505447000064],[122.48367603000008,53.455269771000076],[122.53758718900008,53.45167193600008],[122.60129523100011,53.46310807300006],[122.852547705,53.455918702000076],[122.90613111300001,53.46506605600007],[122.95448852100003,53.486630579000064],[123.05838221800002,53.50524956900006],[123.1416979920001,53.49708133900003],[123.17960260100006,53.512763559000064],[123.22534339200001,53.54772180600003],[123.27337244500006,53.55850574700003],[123.38120195800002,53.53595936100004],[123.44000375300004,53.53367375100004],[123.4880315150001,53.49609768000005],[123.49717980100002,53.507862386000056],[123.48084549900011,53.53857154600007],[123.51907058300003,53.555234158000076],[123.55010764700012,53.53922703300003],[123.52820970500011,53.509494819000054],[123.53802107500007,53.495116807000045],[123.56513728100003,53.508838326000046],[123.57853589500007,53.543144545000075],[123.59160564800004,53.54804641800007],[123.63374411300003,53.54085896500004],[123.69614587100011,53.49250217800005],[123.86670686600007,53.48433309900008],[123.95361532800007,53.44447159600003],[124.01340016400002,53.39873177100003],[124.06404554400001,53.385989908000056],[124.07874731200002,53.36377246900008],[124.11632295000004,53.34645299200008],[124.1356031150001,53.34645280600006],[124.20584259100008,53.37520414900007],[124.2447232070001,53.369325192000076],[124.28405362900003,53.350716299000055],[124.3197367680001,53.32099879300006],[124.35360374100003,53.27993613900003],[124.36155323300011,53.25700540100007],[124.40508034100003,53.252324240000064],[124.41443371600008,53.23033192400004],[124.43361436400005,53.21816257900008],[124.51317603000007,53.20085032000003],[124.60209233100011,53.20833405800005],[124.66947741600006,53.20459109800004],[124.70375702400008,53.187328869000055],[124.71993854300001,53.15059235000007],[124.76874523100003,53.14082984200007],[124.8255176670001,53.14519721200003],[124.85711851600001,53.10049908800005],[124.8835781350001,53.09869825100003],[124.89437433600006,53.10717459300008],[124.89744948100008,53.12156010900003],[124.8781778550001,53.15469931900003],[124.88486173400008,53.16549127400003],[124.95191187900002,53.19014937000003],[125.09551776800004,53.20427790700006],[125.14329470400003,53.20402184300008],[125.20697148500005,53.190352844000074]]}},{"type":"Feature","properties":{"name":"黑龙江","level":"river_l1"},"geometry":{"type":"LineString","coordinates":[[125.20697148500005,53.190352844000074],[125.2470878790001,53.17704648300003],[125.2951157760001,53.14724492200003],[125.39324793000003,53.12746429500004],[125.49189856100008,53.09560987300006],[125.49831378700003,53.047829655000044],[125.51963874300009,53.04988179500003],[125.57924244100002,53.07865610400006],[125.62162490300011,53.06786365800008],[125.63267187500003,53.039863042000036],[125.66760726200005,53.01006542400006],[125.7241273730001,52.99541990500006],[125.73927954900012,52.98360537000008],[125.7233552460001,52.93993389800005],[125.65886877000003,52.918098729000064],[125.65091066900004,52.90473943900008],[125.65065051500005,52.87750952200008],[125.68610515700004,52.86363861700005],[125.72667992700008,52.87262965200006]]}},{"type":"Feature","properties":{"name":"额尔古纳河","level":"river_l1"},"geometry":{"type":"LineString","coordinates":[[121.00596465800004,53.28850821600008],[120.94750622600009,53.29366249800006],[120.89895076900007,53.28470198900004],[120.87473435000004,53.29151540400005],[120.86932458900003,53.278114112000026],[120.81501637500003,53.269859387000054],[120.81063677500003,53.26288599800006],[120.82747523000012,53.25312381900005],[120.83278515800009,53.23958891700005],[120.81405431900009,53.23994003800004],[120.76333159700005,53.21259609800006],[120.73333158000003,53.20664529100003],[120.71789637600011,53.19087510400004],[120.68767495700001,53.17897323400007],[120.68342429400002,53.13957798700005],[120.64493239800004,53.13128116000007],[120.63689774200009,53.10546276400004],[120.62746734100006,53.10014121900008],[120.54134303400008,53.07634532600008],[120.5195061600001,53.04435472500006],[120.50143132300002,53.038277926000035],[120.49492292900004,53.02618892700008],[120.4445056400001,53.00852690000005],[120.42170779900005,52.992234146000044],[120.40146545000005,52.95661566900003],[120.34364718000006,52.930202585000075],[120.33288100300001,52.89946695100008],[120.29096346600011,52.89435167800008],[120.2817232320001,52.863890695000066],[120.2127428550001,52.84157859600003],[120.18182668800011,52.809412585000075],[120.13617080200004,52.812552536000055],[120.08646283900009,52.784010727000066],[120.02177061900011,52.77383723300005],[120.06229794700005,52.70798988300004],[120.04011016900006,52.67725434100004],[120.02813826400006,52.635017135000055],[120.03873560900001,52.62308439800006],[120.04081804000009,52.60215265200003],[120.06826925500002,52.58697339200006],[120.19824817000006,52.580098064000026],[120.27920756200001,52.62249109700008],[120.39013516400007,52.614727076000065],[120.42806284000005,52.64045366900007],[120.45450734500002,52.64340609000004],[120.55172349200006,52.59485067900005],[120.59232086400004,52.590482406000035],[120.62139699800002,52.56700978500004],[120.64891718900003,52.56584604100004]]}},{"type":"Feature","properties":{"name":"黑龙江","level":"river_l1"},"geometry":{"type":"LineString","coordinates":[[125.72667992700008,52.87262965200006],[125.77308401700009,52.89114232600008],[125.83652486400001,52.89984320700006],[125.84451973700004,52.86322121200004],[125.89273815600006,52.82624022200008],[125.92211111200004,52.781641301000036],[125.94712056100002,52.76097255500008],[125.97866910200003,52.75770678300006],[126.00114668900005,52.78018707000007],[126.04357557100002,52.793240827000034],[126.06388565700001,52.79106619500004],[126.11029621900002,52.76786040200005],[126.10230002900005,52.75661831800005],[126.04030871100008,52.74356857500004],[126.04248273500002,52.727977536000026],[126.06714103800005,52.70078170000005],[126.06422594300011,52.68011323700006],[126.05046178500004,52.67068704800005],[125.97612609400005,52.67249982000004],[125.95872202600003,52.64240517400003],[125.96379506700009,52.61738777700003],[125.97902319900004,52.59309508700005],[126.00440672900004,52.580765453000026],[126.03631392900002,52.58004032200006],[126.05646440700002,52.60048735400005],[126.06961036200005,52.60265401800007],[126.15132301300002,52.56746944900004],[126.20447015400009,52.52948130400006],[126.18190809900011,52.486652966000065],[126.18585975100007,52.46791471200004],[126.26477337800009,52.471991915000046],[126.34086203600009,52.40277572300005],[126.34787250900001,52.35930620200003],[126.32315173800009,52.333686371000056],[126.33346621600003,52.30360288900005],[126.42734889400003,52.296079183000074],[126.42734839000002,52.27746685800008],[126.39802766600008,52.27861540500004],[126.3444898790001,52.25962214500004],[126.30746253900008,52.23603953200006],[126.29891657900009,52.20812685200008],[126.31561752200003,52.19448501900007],[126.49656138300008,52.15828089200005],[126.55278355900009,52.13121443500006],[126.5359663690001,52.07765124000008],[126.5156864700001,52.06699294200007],[126.50467641400007,52.04945268200004],[126.45893634300012,52.037760837000064],[126.44100630600008,52.02440164800004],[126.45576008000012,51.95024593100004],[126.53144465900004,51.891642466000064],[126.57819720600003,51.81803575200007],[126.65823772200008,51.737134834000074],[126.71577247100004,51.72069634800005],[126.72485881300008,51.69906262100005],[126.70695147700008,51.67816160600006]]}},{"type":"Feature","properties":{"name":"额尔古纳河","level":"river_l1"},"geometry":{"type":"LineString","coordinates":[[120.64891718900003,52.56584604100004],[120.67699399000003,52.549175191000074],[120.71450145600011,52.54968986800003],[120.7250070990001,52.53176410200007],[120.68243318200007,52.51580721700003],[120.69689847100005,52.491163580000034],[120.67499322900005,52.47083859000003],[120.68301126300003,52.43800466300007],[120.67765486400003,52.42162783500004],[120.64306881700008,52.38810379300003],[120.6427326060001,52.36573389400007],[120.61025280100012,52.35211919900007],[120.62306229800004,52.32036100100004],[120.65368728700003,52.29831128100005],[120.68802822000009,52.289376762000074],[120.70580478200009,52.26438976600008],[120.75161311600004,52.25603499700003],[120.74056430700011,52.20936500400006],[120.77887937800006,52.15969235500006],[120.75402912700008,52.14065678600008],[120.76416089200006,52.12135388400003],[120.73829577400011,52.09680214300005],[120.74671093000006,52.08041756700004],[120.70963826400009,52.075122958000065],[120.68054559000007,52.04109913000008],[120.68419229000006,52.028437825000026],[120.71046848300011,52.01148851000005],[120.70836246100009,52.000929201000076],[120.71895214900007,51.98794739500005],[120.6701749020001,51.95206211700008],[120.66881629200009,51.92806712600003],[120.65906538200011,51.91908720200007],[120.59476225100002,51.90495014700008],[120.56446490000008,51.90723927300007],[120.55836856700012,51.89674866300004],[120.56194656700006,51.88249277700004],[120.55222621000007,51.875008249000075],[120.50987411800008,51.88329431900007],[120.49049468600003,51.879555991000075],[120.48320812600002,51.86906539100005],[120.49163090000002,51.85180722900003],[120.48193344900005,51.84506658300006],[120.41537198700007,51.833081081000046],[120.40688757100008,51.82258286100006],[120.41412789600008,51.812084509000044],[120.4056740960001,51.80608010600008],[120.38633286200002,51.80457724200005],[120.3681890790001,51.78432087900006],[120.32348674000002,51.77829770300008],[120.30299279600001,51.747527809000076],[120.27764690200001,51.74074914400006],[120.26319597800011,51.72497893800005],[120.24148188600009,51.72195399200007],[120.19938818700007,51.682875670000044],[120.15724169100008,51.67229380100008],[120.09453351800005,51.67438863500007],[120.11152433600012,51.65343387400003],[120.10915899700001,51.646677907000026],[120.06708105700011,51.630808742000056],[120.06120577000002,51.609789317000036],[120.0492118090001,51.603754424000044],[120.05168361400001,51.59401143900004],[120.04333653800006,51.58348269700008],[120.05668045800007,51.56626645700004],[120.05800002600006,51.54901979700003],[120.03884170000003,51.53770911200007],[120.03292839300002,51.52268653100003],[119.96967043600011,51.503224009000064],[119.97212690900005,51.48990275400007]]}},{"type":"Feature","properties":{"name":"黑龙江","level":"river_l1"},"geometry":{"type":"LineString","coordinates":[[126.70695147700008,51.67816160600006],[126.72217249300002,51.67311067900005],[126.7335171200001,51.648013105000075],[126.71966106600007,51.62465151400005],[126.67682782400004,51.60951107500006],[126.67986377900002,51.58485228500007],[126.71880503800003,51.56711314800003],[126.81262625000011,51.54544422600003],[126.83214245800002,51.52904045900004],[126.82995244100005,51.51724517200006],[126.7806176580001,51.46036725600004],[126.77715314400007,51.43522787000006],[126.81958111300003,51.41605815300005],[126.89185654300002,51.40788615200006],[126.91888002300004,51.37991970100006],[126.91573593100009,51.353838060000044],[126.9069387620001,51.34660913500005],[126.82208929400008,51.34001423800004],[126.80763794000006,51.308901012000035],[126.81957748500008,51.275906829000064],[126.85162902000002,51.252338773000076],[126.90064938000012,51.247939830000064],[126.90944655600003,51.25548156700006],[126.90662413900009,51.27684819700005],[126.87048320500003,51.30387248900007],[126.86734018900006,51.31927280100007],[126.94936689700012,51.334038993000036],[126.9744908560001,51.31612832900004],[126.96695980900006,51.29350292700008],[126.8962460460001,51.20802961100003],[126.89592477700012,51.17597780500006],[126.9157293940001,51.100246524000056],[126.91321840600006,51.06756529900008],[126.98171616600007,51.02105476500003],[127.03325287300004,50.96071962700006],[127.12125222100008,50.923013412000046],[127.23059657200008,50.77782927100003],[127.28543778500011,50.75201025700005],[127.28006529200002,50.70359689500003],[127.2852602260001,50.66983219400004],[127.33981072100005,50.61268999600003],[127.35582448700006,50.57892136900006],[127.3493842580001,50.54657969900006],[127.27920504500003,50.475461403000054],[127.3012694790001,50.45597907900003],[127.34716144200002,50.442993089000026],[127.35928455100009,50.42740575900007],[127.35842925700001,50.39632672600004],[127.33114479200003,50.36117377200003],[127.33417304000011,50.332169941000075],[127.365774052,50.293640304000064],[127.49564492200011,50.25943944800008]]}},{"type":"Feature","properties":{"name":"额尔古纳河","level":"river_l1"},"geometry":{"type":"LineString","coordinates":[[119.97212690900005,51.48990275400007],[119.96384853600011,51.48096096200004],[119.98392154900012,51.450740059000054],[119.96058959900006,51.42981233100005],[119.95984891700004,51.400812330000065],[119.94196476500008,51.39025314600008],[119.89676657700011,51.38744964600005],[119.89108229100009,51.378442981000035],[119.92116571700001,51.36218030100008],[119.92205056800003,51.35302862100008],[119.91229202500006,51.34322088400006],[119.86839832200008,51.33124281100004],[119.87028976400006,51.296673199000054],[119.83234734300004,51.291634173000034],[119.8062688550001,51.27715345400003],[119.80230895300008,51.271992080000075],[119.81564529800005,51.25704945200005],[119.78400474700004,51.24063849600003],[119.80972402900011,51.225409659000036],[119.80687794100004,51.21449939200005],[119.79399890200011,51.206339667000066],[119.78965788800008,51.21924512600003],[119.77854916500007,51.22247634000007],[119.75337865600011,51.21025396600004],[119.76238111600003,51.18375638500004],[119.77805219300001,51.17150316300007],[119.75049364000006,51.161165313000026],[119.77175730400006,51.15107121500006],[119.76309716100002,51.12772479000006],[119.73926941900004,51.112721425000075],[119.74022295000009,51.10401225900006],[119.75268209500007,51.099381007000034],[119.75175108100007,51.08980208500003],[119.7353929620001,51.08377485400007],[119.73448484200003,51.07441718900003],[119.70327941700009,51.06917973700007],[119.71515863400009,51.06091299800005],[119.71501348900006,51.05199402800008],[119.69551936900007,51.035525749000044],[119.67417147200001,51.030513291000034],[119.68219776300009,51.02484826800003],[119.67572770600009,51.01973269000007],[119.6257684740001,51.009642979000034],[119.61358356800008,50.99298771700006],[119.58794768500002,50.98211959400004],[119.55822910100005,50.929716101000054],[119.506957037,50.89285422200004],[119.50524789300005,50.88785686500006],[119.52715244800004,50.877564395000036],[119.51824092000004,50.87341016200003],[119.52052196000011,50.86192382000007],[119.50116531200001,50.852047490000075],[119.50890156800006,50.84090825000004],[119.49098718900007,50.84425777600006],[119.48403640200002,50.835941595000065],[119.51013655300005,50.78943913100005],[119.49692953800002,50.785826633000056],[119.48818564700002,50.77069344100005],[119.49385404000009,50.74816707800005],[119.46726444700005,50.73681829700007],[119.43292999300002,50.68698981700004],[119.37726393300011,50.68425505500005],[119.37628682200011,50.65797499300004],[119.34715623500006,50.63020738500006],[119.33943495500012,50.62693435800003],[119.32554154400009,50.637264912000035],[119.31965111000011,50.62000304600008],[119.2761770520001,50.60712848000003],[119.27091234900001,50.594883054000036],[119.28586627400011,50.584079458000076],[119.28670529700003,50.57171572500005],[119.26029120500004,50.56101545400003],[119.2700111050001,50.54619874300005],[119.2539275260001,50.533014964000074],[119.25484272800009,50.51447890400004],[119.22783340900003,50.49783901200004],[119.2506535120001,50.48689039300007],[119.24818871500008,50.465218605000075],[119.2294653560001,50.45619677900004],[119.23794170700012,50.445748009000056],[119.21344268000007,50.43592130800005],[119.19915938800011,50.40623855700005],[119.18703603800009,50.415607770000065],[119.15856222700006,50.41978900000004],[119.13544413800003,50.40832192900007],[119.11649925400002,50.385341796000034],[119.11478246400009,50.37919618600006],[119.13986893800006,50.38720323000007],[119.15940827600002,50.37564808500008],[119.14899348000006,50.359370468000066],[119.18039710900007,50.35674183400005],[119.16828108800007,50.35032927000003],[119.17380487600008,50.34588500000007],[119.22042241500003,50.36262392400005],[119.22741845700011,50.34396955700004],[119.24633235800002,50.342695270000036],[119.24669873000005,50.350462175000075],[119.2676041950001,50.36080771600007],[119.29600903800008,50.34105070800007],[119.29618473100004,50.352025850000075],[119.31121515400002,50.35172817900008],[119.31730376400003,50.35915552300003],[119.35646658000007,50.347401855000044],[119.35050009600002,50.34272115700003],[119.35969364800007,50.33293615500003],[119.34711981700002,50.324951903000056],[119.3757537890001,50.31774554400005],[119.33980249100011,50.29970951100006],[119.33570502000009,50.28172663400005],[119.31462427600002,50.28191753800007],[119.32458845800011,50.27394455400008],[119.32249767500002,50.26049362900005],[119.33710831400003,50.25220779600005],[119.32605294700011,50.25265039800007],[119.33200389100011,50.24270138500003],[119.31137318800006,50.23717010400003],[119.30591017200004,50.227663696000036],[119.33078239300005,50.20316493400003],[119.3484145870001,50.20601062800006],[119.34999370800006,50.194543364000026],[119.32647120700005,50.180608128000074],[119.33423789200003,50.16445625600005],[119.2929308040001,50.15816599400006],[119.3045049210001,50.154278635000026],[119.31190537500004,50.137676621000026],[119.28308040400009,50.13114974400003],[119.28268322500003,50.10807409600005],[119.25953484700005,50.10828409000004],[119.24573255100006,50.09528721500004],[119.24599163200003,50.07790704000007],[119.23534841300011,50.08610891700005],[119.2330211530001,50.07472560800005],[119.21327552800005,50.070987270000046],[119.18081923200009,50.085304421000046],[119.17830862500011,50.06135520200007],[119.16932085200006,50.05945550800004],[119.18942478000008,50.04765621200005],[119.17041160600002,50.044116237000026],[119.17459247700003,50.03443808700007],[119.16735951300006,50.03182882900006],[119.15219180500003,50.03461755600006],[119.15238996300002,50.02318845000008],[119.13768007700003,50.02825460300005],[119.10053838200008,50.00034971700006],[119.04636743800006,49.98027290700003],[119.03277913700003,49.98668567000004],[118.98147709600005,49.97475722400003],[118.96263199500004,49.98305834800004]]}},{"type":"Feature","properties":{"name":"额尔古纳河","level":"river_l1"},"geometry":{"type":"LineString","coordinates":[[118.96263199500004,49.98305834800004],[118.92777986300007,49.99097430100005],[118.87769846000003,49.97326643900004],[118.87698907100003,49.98242193600004],[118.85729668500005,49.96947469700007],[118.81828609400009,49.961399089000054],[118.80109657500009,49.96691158900006],[118.73898318800002,49.94842941500008],[118.65887947600004,49.95227914700007],[118.63243476900004,49.93524250400003],[118.61687802600011,49.94239153500007],[118.60821809300012,49.927563519000046],[118.55964011900005,49.93093997500006],[118.55484066600002,49.90900497900003],[118.54273995300002,49.90493087600004],[118.55047629400008,49.89758735000004],[118.52283406400011,49.898819736000064],[118.52625952800008,49.88485758500008],[118.47973365000007,49.872650614000065],[118.48028260600006,49.85160823700005],[118.4904832850001,49.84197582000007],[118.4677773200001,49.836326289000056],[118.47263716900011,49.822821902000044],[118.44544526200002,49.83363703200007],[118.41703980800003,49.820441892000076],[118.38414079600011,49.82462696200008],[118.38021907000007,49.820056875000034],[118.39076299900012,49.80562926600004],[118.37903605500003,49.79673708300004],[118.38358316300003,49.78735648400004],[118.36659952000002,49.78601380600003],[118.37361863400008,49.77639667100004],[118.30742348900003,49.763465034000035],[118.28155859000003,49.74337273700007],[118.25256584500005,49.740881896000076],[118.24582108200002,49.73265726300008],[118.23028715500004,49.73586561600007],[118.22921123100002,49.727862197000036],[118.21119002700004,49.73062042400005],[118.22423649500001,49.716662015000054],[118.2069094530001,49.71164188200004],[118.21007553400011,49.698835614000075],[118.18498123800009,49.67894549300007],[118.1751009520001,49.68581218600008],[118.15566772500006,49.65814366800004],[118.11120989400001,49.66864992600006],[118.1080356540001,49.65149866000007],[118.09393580500011,49.63777315400006],[118.07981342100004,49.64416684500003],[118.05619949700008,49.63659847900004],[118.07383912600005,49.628610181000056],[118.06503437600009,49.62151473900008],[118.06927634200008,49.61443064500003],[118.04036752800005,49.61211528200005],[118.02906818800011,49.622621293000066],[118.02168253900004,49.61460647700005],[118.00652241700004,49.61504528900008]]}},{"type":"Feature","properties":{"name":"额尔古纳河","level":"river_l1"},"geometry":{"type":"LineString","coordinates":[[117.7924781480001,49.50848454900006],[117.79427127400004,49.51759806700005],[117.80885161300012,49.521233454000026],[117.84366629600004,49.55331938900008],[117.83715827100002,49.55755385200007],[117.85648473900005,49.58899138500004],[117.94046455700004,49.598901590000025],[117.94867411000007,49.601266698000074],[117.94413461600004,49.61003693100008],[117.97453133500005,49.61930282900005],[118.00652241700004,49.61504528900008]]}},{"type":"Feature","properties":{"name":"额尔古纳河","level":"river_l1"},"geometry":{"type":"LineString","coordinates":[[118.00652241700004,49.61504528900008],[118.01185522800006,49.59676096800007],[117.96719074000009,49.56971063000003],[117.94008249800004,49.56577396700004],[117.92888188200004,49.549744307000026],[117.8708352970001,49.54115382800006],[117.87730477700006,49.513958151000054],[117.84991415800005,49.505424669000035],[117.85665859800008,49.49515139300007],[117.85143975900007,49.486221011000055],[117.86764501000005,49.47803054000008],[117.85500260000003,49.47410903000008],[117.85504826400006,49.467475112000045],[117.89026651200004,49.452929064000045],[117.87731879800003,49.44215238000004],[117.90021514800003,49.42757208900008],[117.90346504400009,49.40791445800005]]}},{"type":"Feature","properties":{"name":"额尔古纳河","level":"river_l1"},"geometry":{"type":"LineString","coordinates":[[117.90346504400009,49.40791445800005],[117.83204476900005,49.46298145900005],[117.82811617800007,49.50260951400003],[117.7924781480001,49.50848454900006]]}},{"type":"Feature","properties":{"name":"海拉尔河","level":"river_l1"},"geometry":{"type":"LineString","coordinates":[[117.90346504400009,49.40791445800005],[117.91403959900003,49.39924718000003],[117.90566964900006,49.38665462400007],[117.94078878800008,49.376659619000066],[117.93625665700006,49.370021920000056],[117.9531180890001,49.36365491300006],[117.95878663000008,49.346511210000074],[117.97068142600006,49.35590694800004],[117.97702905300002,49.34151370300003],[118.00087924900004,49.33514283100004],[117.98830530800001,49.31957476900004],[118.04229252900006,49.30637901800003],[118.09414314200001,49.27555132700007],[118.13509945800001,49.29431978700006],[118.15681332500003,49.28654890100006],[118.15857603200004,49.301411306000034],[118.20026455100003,49.305981115000066],[118.19503852100001,49.322445782000045],[118.21852271300008,49.328835380000044],[118.21855351300007,49.34507493500007],[118.2599752650001,49.36516712100007],[118.2547798280001,49.385755575000076],[118.31732820700006,49.411981782000055],[118.35187581100001,49.44165676600005],[118.3753903380001,49.43750228600004],[118.37897650200011,49.45030087500004],[118.41897866700003,49.44335766100005],[118.43189544900008,49.43052080000007],[118.46348982900008,49.42906712900003],[118.47427791700011,49.41508966300006],[118.49015541900008,49.42579384100003],[118.48826293500008,49.407051798000055],[118.51601969800004,49.41131270900007],[118.50541430300007,49.401508782000064],[118.51482916500004,49.39393635600004],[118.52501476700002,49.39458860800005],[118.52929517300004,49.404182769000045],[118.55798247900009,49.392875520000075],[118.55158866300008,49.38352170700006],[118.5838468280001,49.38249528600005],[118.57189109400008,49.37887895600005],[118.5765752750001,49.35462449500005],[118.59310119200006,49.35936615300005],[118.61852289600006,49.341886600000066],[118.59049156000003,49.34291298900007],[118.60439256200004,49.32982053000006],[118.57753577100004,49.30682518500004],[118.5922151740001,49.30379994800006],[118.59387827800003,49.29464444200005],[118.62197079100008,49.301625294000075],[118.59757837600011,49.27839722900006],[118.62104722100003,49.27990389400003],[118.64502693500003,49.26333990100005],[118.61743821300001,49.26962688100008],[118.6124864630001,49.26370255100005],[118.62879079800007,49.250144669000065],[118.60948002700002,49.24359100800007],[118.63459672800002,49.23663264400005],[118.63372665100007,49.219714063000026],[118.66810606000001,49.23031510200008],[118.6789095900001,49.22683211800006]]}},{"type":"Feature","properties":{"name":"海拉尔河","level":"river_l1"},"geometry":{"type":"LineString","coordinates":[[118.6789095900001,49.22683211800006],[118.66697673500005,49.22254438600004],[118.66548116600006,49.21362923600003],[118.68434929200009,49.21308739400007],[118.6884691890001,49.20643818600007],[118.71161767500007,49.21295748500006],[118.73282794300007,49.203252503000044],[118.74241863500004,49.215551309000034],[118.80363138500002,49.21750783300007],[118.81298566300006,49.23575008200004],[118.84444270800009,49.23465118400003],[118.85514693800008,49.224755541000036],[118.89692711000009,49.235242078000056],[118.90646388900007,49.21894141400003],[118.92000642200003,49.21313901800005],[118.91172798500008,49.19832625600003],[118.93837846000008,49.20363624000004],[118.95174533300008,49.18776661700008],[118.96254925300002,49.206443740000054],[118.96612728500008,49.19086793100007],[118.97612998700004,49.20360161900004],[118.99467735200005,49.18540112100004],[119.02206028900002,49.19160375900003],[119.02457016900007,49.176031773000034],[119.0607348960001,49.185587542000064],[119.0630926990001,49.19905754200005],[119.07785615800003,49.20351691700006],[119.07978630100001,49.19457885300005],[119.12059724200003,49.19035938500008],[119.14804890200003,49.19972829500006],[119.16458215800003,49.188379172000054],[119.17692732000012,49.209764782000036],[119.22394081800007,49.18600973300005],[119.25809133700011,49.19666798900005],[119.26511800800006,49.18333143500007],[119.28177397700006,49.20764295300006],[119.30802764200007,49.20921062900004],[119.2927686920001,49.22902857300005],[119.31190378500003,49.224725344000035],[119.31226264600002,49.23958394200008],[119.3400955080001,49.23335417700008],[119.33069606200002,49.24923139900005],[119.35585125500006,49.26177804400004],[119.37599342800002,49.25561700500003],[119.39013127200008,49.26095759900005],[119.40348295600006,49.24937961300003],[119.41935296700001,49.26772862200005],[119.42891275500006,49.258473871000035],[119.43843460500011,49.26088092900005],[119.44370718000005,49.287584406000065],[119.47794138100005,49.28468108700008],[119.49233878300004,49.29822728800008],[119.53948995400003,49.29354617600006],[119.56269200300005,49.308595334000074],[119.62040985600004,49.282715360000054],[119.64425253600007,49.283550612000056],[119.65572769000005,49.29209564800004],[119.70383252200008,49.28504554300008],[119.71722241200007,49.27686271700003],[119.72470678100001,49.259375669000065],[119.75149422200002,49.24466945000006]]}},{"type":"Feature","properties":{"name":"海拉尔河","level":"river_l1"},"geometry":{"type":"LineString","coordinates":[[119.75149422200002,49.24466945000006],[119.75936045100002,49.24778988500003],[119.76039828800003,49.25897483600005],[119.75284520500009,49.273864014000026],[119.76601391500003,49.27001860400003],[119.82347321200007,49.29091937700008],[119.85461707400009,49.27033071900007],[119.86315490100003,49.28369767000004],[119.89281877100007,49.27182581500006],[119.91955325100002,49.28154186900008],[119.97178568600009,49.27265681500006],[119.9896616740001,49.25718389300005],[120.003684969,49.25687096900003],[120.00501234500007,49.246960139000066],[120.01412231600011,49.25599730000005],[120.04159676400002,49.25984620300005],[120.04396939100002,49.24934407200004],[120.07258827200008,49.25243763800006],[120.08177427600003,49.24720749100004],[120.07496085800005,49.23968478300003],[120.09102120600005,49.23597668100007],[120.07398372000011,49.21040629200007],[120.0888995790001,49.20444366000004],[120.08323058100007,49.19541791600005],[120.09813124900006,49.19320903500005],[120.09817683300002,49.18269929400003],[120.11765520900008,49.17600037100004],[120.13138859500009,49.176786108000044],[120.1359283910001,49.18505653300008],[120.15426992000005,49.176843148000046],[120.15652084800001,49.18660517300003],[120.18282794200002,49.18966823800008],[120.2102187810001,49.21073709400008],[120.22053402800009,49.208501546000036],[120.2228684370001,49.19424566500004],[120.23316848000002,49.195012355000074],[120.23429017800004,49.202519849000055],[120.24918317400011,49.198037354000064],[120.23660939700005,49.19201390400008],[120.23434320900003,49.182251879000034],[120.29612071800011,49.194348079000065],[120.32359488200007,49.183117123000045],[120.33616896700005,49.205643345000055],[120.37509567100005,49.21767487400007],[120.37051061500006,49.237187551000034],[120.37624052600006,49.239445860000046],[120.38541121200001,49.23118677000008],[120.39114123400009,49.23944955500008],[120.4667819880001,49.260460798000054],[120.47023840400004,49.27021136800005],[120.48857237000004,49.26570214100008],[120.49662959300008,49.282212478000076],[120.51151485700007,49.27243887100008],[120.54362047000006,49.27466263300005],[120.55170821200011,49.291169155000034],[120.56430466600011,49.285897016000035],[120.58154788900003,49.29713142700007],[120.61136455000008,49.29633389500003],[120.60346836000008,49.32262166100003],[120.61505055400005,49.34286664600006],[120.63684843800002,49.34132911000006],[120.65872286100011,49.35254440800003],[120.66893857700006,49.332257284000036],[120.68857768400005,49.352475499000036],[120.70114353200006,49.34269046700007],[120.72299493700007,49.34713833100005],[120.72521499300001,49.33812015500007],[120.7515753350001,49.332794497000066],[120.76309619300002,49.33726151900004],[120.75510043400004,49.34329276400007],[120.7608990980001,49.350033446000054],[120.7930275120001,49.34767946000005],[120.80339627800004,49.351398793000044],[120.7977046740001,49.35742239000007],[120.80463248300009,49.36190089400003],[120.84474901100009,49.35275270500006],[120.84026300700009,49.36477695200006],[120.84604635300002,49.36851158200005],[120.87470321800004,49.363147756000046],[120.92554772500011,49.38995766700003],[120.92450263700005,49.39896820300004],[120.99138448100007,49.41591675500007],[120.98576163300004,49.42645705900003],[121.02242189700007,49.415760093000074],[121.02372678500001,49.427013706000025],[121.11578622500008,49.43099176900006],[121.14381043900005,49.457096128000046],[121.2129810020001,49.46489679500007],[121.22821772000009,49.48055255600008],[121.25827868500005,49.48784236400007],[121.26321526700008,49.49794769500005],[121.29767081500006,49.500312576000056],[121.31050404700011,49.50846467000008],[121.33348449100004,49.50528294600008],[121.33482750100006,49.51503353100003],[121.36734531700006,49.52753050300004],[121.36769662200004,49.54479241200005],[121.3771805130001,49.55672498800004],[121.44771681200007,49.56587225700008],[121.46652420900011,49.58147076400007],[121.56169692800006,49.60458757500004],[121.61895799600006,49.63178271000004],[121.65247507300012,49.63293067800004],[121.66959585400002,49.625236107000035],[121.69315655500009,49.642246044000046],[121.77818948400011,49.66604577900006],[121.85440201000006,49.66362274200003],[121.94086941800003,49.69254190400005],[121.96494846400003,49.68621678200003],[122.01015420300007,49.68935596500006],[122.03549289000011,49.719786303000035],[122.05657375900012,49.72699606900005],[122.06745391300001,49.74035154500007],[122.1754218860001,49.77930721900003],[122.20423962000007,49.80589221900004],[122.33247268900004,49.88042822600005],[122.34035458300002,49.90282095400005],[122.33180975300002,49.920987042000036],[122.29791935900005,49.94556982100005],[122.28027248400008,49.969881609000026]]}},{"type":"Feature","properties":{"name":"黑龙江","level":"river_l1"},"geometry":{"type":"LineString","coordinates":[[127.49564492200011,50.25943944800008],[127.58135579900011,50.23996028900007],[127.60040627600006,50.21052140900008],[127.5718314830001,50.13779666500005],[127.49693690400011,50.05424603300003],[127.49303780900004,50.03995970700004],[127.49835441800008,49.988856809000026],[127.53117566800006,49.92943358800005],[127.52098882300004,49.87680111900005],[127.52551215500011,49.83379319900007],[127.57644652600004,49.78908341600004],[127.64039795700012,49.78172404900005],[127.6607688250001,49.770973781000066],[127.66755894100004,49.76021983600003],[127.66076751100002,49.71664362800004],[127.6667944300001,49.696203955000044],[127.70846657900006,49.65806332200003],[127.76920545700011,49.63122188600005],[127.79180351700006,49.59308144600004],[127.91187841400006,49.58107509900003],[127.93871989400009,49.59872964400006],[127.95849597400002,49.601556197000036],[128.02983945300002,49.55070058500007],[128.07433523800012,49.54081221000007],[128.1181141610001,49.54434425100004],[128.18168402700007,49.534455680000065],[128.2417295140001,49.54575445200004],[128.3328425750001,49.54504777900007],[128.36957255800007,49.58318760700007],[128.3872276840001,49.58954666900007],[128.52848289400004,49.597201478000045],[128.6367930770001,49.59393871300006],[128.70159887700004,49.581921471000044],[128.71200582300003,49.587120913000035],[128.71252486900005,49.596478571000034],[128.76729030500007,49.59393735400005],[128.794039375,49.57697273400004],[128.7966479370001,49.54565715000007],[128.7457573470001,49.50716270100003],[128.74902230100008,49.48562821500008],[128.77055288100007,49.47584307100004],[128.8697535770001,49.48524166300007],[128.93472699100005,49.46392778900008],[129.0008604410001,49.45626701200007],[129.01521916500008,49.44647812800008],[129.05045114400002,49.37927653600008],[129.09024670100007,49.35513235500008],[129.13462070800006,49.35839734400008],[129.18371055400007,49.39115818700003],[129.21801356100002,49.39895142900008],[129.25231618400005,49.39115746600004],[129.3167704330001,49.356331631000046],[129.35420140700012,49.35685004700008],[129.36874378800007,49.36932423400003],[129.3656317110001,49.40207036500004],[129.38226501300005,49.43065817400003],[129.41969616900008,49.438455195000074],[129.5132504490001,49.429096541000035],[129.52936387600005,49.415061783000056],[129.5423626050001,49.328260072000035],[129.5569193560001,49.30486766800004],[129.59901919300012,49.286674521000066],[129.65982749700004,49.29343367200005],[129.70972504300005,49.28459428900004],[129.73104175800006,49.26588255200005],[129.74922925600004,49.204029467000055],[129.78354693300003,49.18843426900003],[129.8318727720001,49.17959871700003],[129.84331604200008,49.132295286000044],[129.8630610140001,49.11202331900006],[129.9431101550001,49.07563706600007],[130.0179548870001,48.998711169000046],[130.09334971500004,48.95286430300007]]}},{"type":"Feature","properties":{"name":"黑龙江","level":"river_l1"},"geometry":{"type":"LineString","coordinates":[[134.27303797500008,48.37578608700005],[134.34701471900007,48.37751713500006],[134.39691265400006,48.388430639000035],[134.4805941310001,48.38531298500004],[134.5538845430001,48.399865514000055],[134.66095861600002,48.405063803000075],[134.716532432,48.395446089000075],[134.73269140000002,48.37491475200005],[134.80234975300004,48.37595155200006],[134.82522358200004,48.38582774900004],[134.89175519200012,48.43936740300006],[134.93333666900003,48.443525022000074],[135.0217025820001,48.43572656600003],[135.06235367400006,48.45592916000004],[135.0741947670001,48.453735521000056]]}},{"type":"Feature","properties":{"name":"黑龙江","level":"river_l1"},"geometry":{"type":"LineString","coordinates":[[130.09334971500004,48.95286430300007],[130.17857177000008,48.91814123700004],[130.2123546350001,48.87292043900004],[130.23211518300002,48.865641622000055],[130.30748074000007,48.87084036300007],[130.37193636900008,48.893709294000075],[130.42755656000008,48.903066358000046],[130.46758138600012,48.89578732200005],[130.49486422600012,48.86771785600007],[130.5161812010001,48.85992021100003],[130.56581963400004,48.86407778900008],[130.62610942100002,48.88434889300004],[130.6739316280001,48.87343428200006],[130.67965336700001,48.85420390100006],[130.6172721270001,48.79598717700003],[130.55333268800007,48.66604110500003],[130.53358664000007,48.642130259000055],[130.5294202560001,48.61718162400007],[130.53617992300008,48.609902945000044],[130.58244576200002,48.60210884700007],[130.59594991400002,48.59067198300005],[130.61778361000006,48.49711038300006],[130.64480760300012,48.49191054400006],[130.7227828660001,48.513741707000065],[130.75969463100012,48.49970672300003],[130.76280708500008,48.48203280100006],[130.7394140340001,48.45604675200008],[130.73630080700002,48.44201220000008],[130.76228564200005,48.37391804600003],[130.774538462,48.359448443000076]]}},{"type":"Feature","properties":{"name":"黑龙江","level":"river_l1"},"geometry":{"type":"LineString","coordinates":[[130.774538462,48.359448443000076],[130.81322014400007,48.33909234500004],[130.83453649700004,48.30582720900003],[130.832461039,48.29751100500005],[130.8033456810001,48.26736308900007],[130.77163657900007,48.25073097600006],[130.74876146600002,48.18783689500003],[130.66559730400002,48.13325968600003],[130.65728062100004,48.11662732100007],[130.66039312200007,48.100513644000046],[130.68326559500008,48.053213904000074],[130.72225251800012,48.035020786000075],[130.7617577090001,47.99395422400005],[130.85792020200006,47.942495585000074],[130.8823496970001,47.91962569900005],[130.94732130900002,47.826063634000036],[130.96030445500003,47.72158421600005],[131.0091638870001,47.694555955000055],[131.10221452300004,47.68728016500006],[131.17758035400004,47.707547298000065],[131.24359248400003,47.73665719500008],[131.35118537100004,47.738216280000074],[131.45410922500002,47.752245937000055],[131.5034878020001,47.739771063000035],[131.54113158000007,47.70848562100008],[131.5523465230001,47.68363600500004],[131.56845996100003,47.67063886500006],[131.61107878100006,47.66180336600007],[131.63811839700008,47.67271716500005],[131.6687748600001,47.700786003000076],[131.69840844600003,47.70754166000006],[131.79040573300006,47.682073169000034],[131.83770924400005,47.677914540000074],[131.9213911920001,47.69194821000008],[132.00405130800004,47.72833269900008],[132.05030189100012,47.722613833000025],[132.12021914600007,47.70078106500006],[132.16283813100006,47.699220350000076],[132.21377363200008,47.70753601500007],[132.36503959700008,47.75899575700004],[132.49291145600012,47.74028283300004],[132.55527606300006,47.74651931000005],[132.58542864800006,47.76107236800004],[132.61817599000005,47.80369456300008],[132.65560882700004,47.88322090400004],[132.66105759000004,47.932599380000056],[132.67561526500003,47.947675236000066],[132.73643857900004,47.94923098600003],[132.78165126600004,47.93311684200006],[132.81960101100003,47.93519547300008],[132.86794382800008,47.999130672000035],[132.88665189800008,48.00952574200005],[132.99737329200002,48.02771719000003],[133.00854376200004,48.05630503700007],[133.0371400460001,48.07605765300008],[133.14836540200008,48.11036272600006],[133.339136488,48.12075584000007],[133.437374814,48.09892272900004],[133.49870173600004,48.10308014100008],[133.59486682800002,48.16077379300003],[133.69362488800004,48.17532986700007],[133.76069021,48.21587258900007],[133.823573785,48.22834620000003],[133.90103062800006,48.26836617400005],[133.98004316000004,48.27928316400005],[134.0003078100001,48.29487393900007],[134.02214478300004,48.334379556000044],[134.10582652900007,48.341134563000026],[134.1895087480001,48.36608225700007],[134.27303797500008,48.37578608700005]]}},{"type":"Feature","properties":{"name":"黄河","level":"river_l1"},"geometry":{"type":"LineString","coordinates":[[107.79928828800007,41.21031382700005],[107.82146018900005,41.23845932300003],[107.90817862700004,41.23898926000004],[107.96844525700004,41.26071812500004],[108.00325161100005,41.254175617000044],[108.01397879100006,41.240827600000046],[108.03231287300008,41.25138307700007],[108.07016350800006,41.253717592000044],[108.10162823400009,41.270449177000046],[108.18515742400007,41.262067752000064],[108.22718914200004,41.270906479000075],[108.25214560800003,41.26035846900004],[108.28987431800005,41.285043881000036],[108.32614552500007,41.273503980000044],[108.33658299300004,41.29240626200004],[108.35110219600006,41.29359642400004],[108.44108597400009,41.27335094800003],[108.55575897400007,41.212893594000036],[108.65907951400004,41.217406098000026],[108.69277922700007,41.16150773800007],[108.69129895800006,41.14407411900004]]}},{"type":"Feature","properties":{"name":"黄河","level":"river_l1"},"geometry":{"type":"LineString","coordinates":[[108.69129895800006,41.14407411900004],[108.74185281000007,41.128971138000054],[108.86150833900007,41.126033273000075],[108.91174932700005,41.10421243300004],[108.93270021200004,41.09134122300003],[108.92630637500008,41.061864308000054],[108.94359491300008,41.031265749000056],[108.93805576900007,41.02698175300003]]}},{"type":"Feature","properties":{"name":"黄河","level":"river_l1"},"geometry":{"type":"LineString","coordinates":[[108.80008893100006,41.001289635000035],[108.82879916800005,40.990505090000056]]}},{"type":"Feature","properties":{"name":"黄河","level":"river_l1"},"geometry":{"type":"LineString","coordinates":[[108.15990103200005,40.91143452800003],[108.18008139000005,40.90782565300003]]}},{"type":"Feature","properties":{"name":"黄河","level":"river_l1"},"geometry":{"type":"LineString","coordinates":[[108.18008139000005,40.90782565300003],[108.30219345000006,40.873087645000055]]}},{"type":"Feature","properties":{"name":"黄河","level":"river_l1"},"geometry":{"type":"LineString","coordinates":[[107.67424394100004,40.85305082900004],[107.76946198100006,40.885937858000034],[108.15990103200005,40.91143452800003]]}},{"type":"Feature","properties":{"name":"黄河","level":"river_l1"},"geometry":{"type":"LineString","coordinates":[[107.67424394100004,40.85305082900004],[107.58079577100006,40.78671945600007],[107.55736499200003,40.758753255000045],[107.50076816500007,40.72556471300004]]}},{"type":"Feature","properties":{"name":"黄河","level":"river_l1"},"geometry":{"type":"LineString","coordinates":[[108.00005976900007,40.84388649600004],[107.99863313600008,40.86085853700007],[107.98140547400004,40.86886204700005],[107.94782737100007,40.85560956200004],[107.89945560000007,40.87250548000003],[107.82959104000008,40.872215811000046],[107.79421999100003,40.861885467000036],[107.78878763000006,40.85205093700006],[107.77155233000008,40.85887948800007],[107.74252155500005,40.85608334700004],[107.70868404000004,40.842075531000035],[107.70724951700004,40.81785156900003],[107.68973944400005,40.80775386200003],[107.67952324300006,40.788306058000046],[107.62606240200006,40.788847952000026],[107.59806151600009,40.76796584700003],[107.57331096200005,40.76445632200006],[107.56191219600004,40.74933450300006],[107.52068913200009,40.72450031400007],[107.50076816500007,40.72556471300004]]}},{"type":"Feature","properties":{"name":"黄河","level":"river_l1"},"geometry":{"type":"LineString","coordinates":[[108.30219345000006,40.873087645000055],[108.46221708200005,40.82784735000007],[108.66207447100004,40.70075278000007]]}},{"type":"Feature","properties":{"name":"黄河","level":"river_l1"},"geometry":{"type":"LineString","coordinates":[[106.95301556300006,41.01552942600006],[106.94041134900004,41.00604206600008],[106.93145397900008,40.976019636000046],[106.96797672500009,40.922631411000054],[106.96325367300005,40.87070439400003],[106.94309600700007,40.841723441000056],[106.95170205200009,40.810712917000046],[107.02730340500005,40.693197799000075],[107.08127516100006,40.64655407600003],[107.11785890100003,40.58672265400003],[107.13324016600006,40.573790435000035]]}},{"type":"Feature","properties":{"name":"黄河","level":"river_l1"},"geometry":{"type":"LineString","coordinates":[[109.01631742500007,40.57199434200004],[108.99628199600005,40.56957583900004],[108.98920159700003,40.55472485900003],[109.00072220100009,40.53402190600008],[108.96755616700005,40.530294979000075],[108.95364740100007,40.538115369000025],[108.91915378600004,40.53067664900004],[108.89601335500004,40.56657780200004],[108.87657315800004,40.582229993000055],[108.80666282000004,40.579163168000036],[108.82037324500004,40.57569927900005],[108.80506816100007,40.569275219000076],[108.81057674200008,40.56738687200004],[108.87812192700005,40.57541294400005],[108.84574167900007,40.561840019000044],[108.77529729900004,40.563537878000034],[108.76949882700006,40.570908090000046],[108.77427532700005,40.623216580000076],[108.75843623500003,40.626836884000056],[108.75557518000005,40.63543926400007],[108.71256697700005,40.64048259400005],[108.72411048500004,40.621633633000044],[108.75245459700005,40.62596331900005],[108.70684452700004,40.60666824800006],[108.69932952700009,40.63479478100004],[108.61220691600005,40.65896949100005],[108.59989275700008,40.66931908500004],[108.58577062700004,40.71758777600007],[108.48290824300005,40.766772358000026],[108.45814273600007,40.80940281800008],[108.44064042600007,40.819790580000074],[108.37787895700006,40.80366185300005],[108.33380259900008,40.808758590000025],[108.30085798000005,40.829789695000045],[108.25315741300005,40.81458409000004],[108.23036011700009,40.822000143000025],[108.20887536300006,40.86722465200006],[108.18855012300008,40.88319347200007],[108.16439470000006,40.88276249000006],[108.09637623800006,40.83973945400004],[108.06952755300006,40.83919403700003],[108.04544854300008,40.85682612200003],[108.01966786900005,40.83479194500006],[108.00005976900007,40.84388649600004]]}},{"type":"Feature","properties":{"name":"黄河","level":"river_l1"},"geometry":{"type":"LineString","coordinates":[[107.10898525600004,40.521974113000056],[107.13324016600006,40.573790435000035]]}},{"type":"Feature","properties":{"name":"黄河","level":"river_l1"},"geometry":{"type":"LineString","coordinates":[[106.75206558500008,40.90612169600007],[106.79165568000008,40.892136512000036],[106.82752242900006,40.863933588000066],[106.83409146500009,40.85028421800007],[106.87610013100004,40.83264063400003],[106.87751119300003,40.76088045900008],[106.92270120400008,40.70736631600005],[106.94420123700007,40.66024967000004],[106.96077281000004,40.66153901500007],[106.99019260500006,40.64899967300005],[107.06736635700008,40.64964029600003],[107.07968794700008,40.604255598000066],[107.09780830700004,40.60074210700003],[107.11300631700004,40.563372291000064],[107.10898525600004,40.521974113000056]]}},{"type":"Feature","properties":{"name":"黄河","level":"river_l1"},"geometry":{"type":"LineString","coordinates":[[108.66207447100004,40.70075278000007],[108.70942369700003,40.65983126000003],[108.76664578500004,40.63670573400003],[108.78896992800009,40.61269912500006],[108.88329505000007,40.60988725100003],[108.92061162000005,40.61581911500008],[108.95432687900006,40.60332933500007],[109.13259315800008,40.593402526000034],[109.15713769900009,40.59569512200005],[109.16606447200007,40.610813129000064],[109.26554730000004,40.61972028400004],[109.46133108600009,40.592817539000066],[109.56484996200004,40.59835620300004],[109.58429017500004,40.58601906800004],[109.65254474700004,40.570729079000046],[109.67169491500005,40.54167931600006],[109.72299639900007,40.51999961000007]]}},{"type":"Feature","properties":{"name":"黄河","level":"river_l1"},"geometry":{"type":"LineString","coordinates":[[109.76572982900007,40.50153581300003],[109.70844643600009,40.48375909300006],[109.62967858400003,40.54823331100005],[109.60156342200008,40.55236103800007],[109.60375305800005,40.54258370300005],[109.59671087800007,40.53829589900005],[109.56679517800006,40.55014859800008],[109.52413775100007,40.527374430000066],[109.50395738700007,40.52870587700005],[109.51833930000004,40.53706785500003],[109.50390409100004,40.54471276800007],[109.48486034800004,40.518390742000065],[109.43012538400006,40.51974903200005],[109.41852827800005,40.51007856700005],[109.42803471500008,40.49819924800005],[109.45743164000004,40.49185893500004],[109.39703534100005,40.47178571500007],[109.37619883900004,40.47467360100006],[109.34410874900004,40.49464801100004],[109.32128852200009,40.49449932500005],[109.29704172900006,40.51992505000004],[109.27878405800004,40.525155211000026],[109.21470252600005,40.48750341400006],[109.21957040300003,40.512566615000026],[109.20987319900007,40.52098972700003],[109.13169242000004,40.528875226000025],[109.10401996800005,40.56125533900007],[109.06939666500006,40.55614746200007],[109.08026883900004,40.548681860000045],[109.06086666600004,40.54583609800005],[109.04161723600004,40.56495212500005],[109.05920351400005,40.56157214500007],[109.05860844600005,40.56796193300005],[109.01631742500007,40.57199434200004]]}},{"type":"Feature","properties":{"name":"黄河","level":"river_l1"},"geometry":{"type":"LineString","coordinates":[[108.00191372300009,40.83663837300003],[108.02498567500004,40.82721192200006],[108.04298405300005,40.83842354600006],[108.06150116700007,40.83728666800005],[108.06653667300009,40.82923742600008],[108.04436493900005,40.82634207600006],[108.08778513000004,40.81790358200004],[108.13383010900009,40.839758388000064],[108.14925735200006,40.858866653000064],[108.18224031600005,40.86785419300003],[108.19017512700009,40.866541873000074],[108.20197025200008,40.82211469300006],[108.23439608400008,40.805211202000066],[108.26066487900005,40.80020608900003],[108.29347241100004,40.81694148300005],[108.31668925600007,40.797169299000075],[108.42518262400006,40.79477700900003],[108.44995593600004,40.77846483900004],[108.50931406700005,40.71595152100008],[108.52331449800005,40.72420287500006],[108.56769599200004,40.71218227700007],[108.58571693900006,40.67525496500008],[108.57855277800007,40.684856839000076],[108.57149534700005,40.681652435000046],[108.57630953700004,40.66533652700008],[108.56158445000005,40.681091698000046],[108.56330861300006,40.66078552300007],[108.58361101500009,40.653220701000066],[108.58940959800009,40.66256311800004],[108.61923372200005,40.646159373000046],[108.68221625500007,40.63378774100005],[108.69021968100009,40.62512430400005],[108.68556554700007,40.61628162100004],[108.70859931300004,40.60214770600004],[108.76629471300004,40.62045088200006],[108.75663529700006,40.57530660200007],[108.76075519400007,40.55965065600003],[108.75084430200008,40.55956676900007],[108.76570673200007,40.545623625000076],[108.77223770700004,40.547199111000054],[108.77082629100005,40.55699170300005],[108.83751690900004,40.557926069000075],[108.84607733800004,40.55521752900006],[108.83084854100008,40.54742777100006],[108.83685298400007,40.535945206000065],[108.86052785700008,40.55474443800006],[108.88765881800003,40.55328707900003],[108.91823056400005,40.52516045500005],[108.94875677800007,40.533854260000055],[108.95333450600003,40.526213202000065],[108.98222789500005,40.522329624000065],[109.04484441500006,40.54220065900006],[109.09568830400008,40.54575203400003],[109.12096511200008,40.52205822500008],[109.20910253200009,40.510098483000036],[109.20618023600008,40.488609739000026],[109.21516788700006,40.48071307200007],[109.24649522000004,40.49058564300003],[109.39454041200008,40.46600249100004],[109.45583690100005,40.47088518400005],[109.47140141500006,40.48047933700008],[109.46345146600004,40.49864162100005],[109.43789983600004,40.499366536000025],[109.42509739600007,40.51092924000005],[109.44711654500009,40.515838795000036],[109.48312073100004,40.50965867700006],[109.50214911400008,40.521568398000056],[109.52984466500004,40.52019877300006],[109.55889084400008,40.54492617200003],[109.59377340500004,40.52907554500007],[109.61966084100004,40.54296130200004],[109.68988353500004,40.48241636100005]]}},{"type":"Feature","properties":{"name":"黄河","level":"river_l1"},"geometry":{"type":"LineString","coordinates":[[107.16165976900004,40.44134435400008],[107.20245561700006,40.47510899400004],[107.22438337300008,40.507252409000046],[107.21644116900006,40.54834162900005],[107.26057104800009,40.561651307000034],[107.29076185100007,40.61897236100003],[107.33620399000006,40.62586554300003],[107.37725137300004,40.61831209800005],[107.42933918900007,40.66908306400006],[107.47605545800008,40.67272603200007],[107.53198849800003,40.70472054500004],[107.54427993400009,40.720307767000065],[107.57865908500008,40.723859221000055],[107.60781972700005,40.75321017300007],[107.70113777600005,40.753007654000044],[107.72821558900006,40.791922311000064],[107.93853417200006,40.80770717900003],[107.98238177900004,40.82370628000007],[108.08683138000004,40.81079280300003],[108.13511940300003,40.82213401700005],[108.20290864700007,40.81443550200004],[108.24560395400005,40.79580768300008],[108.27065207600003,40.801216973000066],[108.33024706600008,40.78981050200008],[108.42667799300006,40.788722919000065],[108.49522976800006,40.716405536000025],[108.52439783600005,40.71373506600003],[108.54621085900004,40.69899078900005],[108.55393945300005,40.665126798000074],[108.56346117100009,40.65547150900005],[108.65955616100007,40.620825145000026],[108.77132970700006,40.53615909000007],[108.86733333800004,40.53217988200004],[108.91470557400004,40.51028657200004],[108.98634789600004,40.52241734800003],[109.03302593200004,40.51510419700003],[109.09745824000004,40.52541152500004],[109.13766619100005,40.49504176100004],[109.18312348500007,40.48790790800007],[109.22565856500006,40.47119129500004],[109.29826213800004,40.471686928000054],[109.36054261300006,40.44233180900005],[109.39924010200008,40.44250713300005],[109.47841295200004,40.46702451700003],[109.50024147200008,40.48797148300008]]}},{"type":"Feature","properties":{"name":"黄河","level":"river_l1"},"geometry":{"type":"LineString","coordinates":[[107.16165976900004,40.44134435400008],[107.21333563800005,40.502827281000066],[107.19476540600004,40.55274398100005],[107.20865131700003,40.54895202400007],[107.21625056500005,40.57139827100008],[107.24631135100009,40.57639173700005],[107.25573388900006,40.56639693300008],[107.26907062500004,40.589331454000046],[107.27093241600005,40.61607699800004],[107.30975984900005,40.65401121600007],[107.34769442600003,40.66039705600008],[107.37113248900005,40.63195765300003],[107.39064914600004,40.640971953000076],[107.43466475800005,40.68299942900006],[107.46036130900006,40.67397734100007],[107.47993134900008,40.678860213000064],[107.48706516200008,40.696030595000025],[107.50178278800007,40.70637246000007],[107.50141663300008,40.71734000600003],[107.51321964300007,40.711903877000054],[107.56531492300007,40.73472381400006],[107.58028441300007,40.75876843300006],[107.61619713900006,40.765280165000036],[107.63214315400006,40.77812453300004],[107.67803542000007,40.781218169000056],[107.71751899700007,40.81672998100004],[107.71898398200005,40.831817502000035],[107.74162882300004,40.84579865500007],[107.79847720200007,40.84201416900004],[107.81356873000004,40.859855924000044],[107.82869069700007,40.864902846000064],[107.86860885100003,40.85054761600003],[107.88099943500004,40.859924344000035],[107.91154086200004,40.86017219400003],[107.93421605600008,40.84806775700008],[107.97383681200006,40.85858119400007],[107.98228277700008,40.85240882000005],[107.97895621400005,40.84578252800003],[108.00191372300009,40.83663837300003]]}},{"type":"Feature","properties":{"name":"黄河","level":"river_l1"},"geometry":{"type":"LineString","coordinates":[[107.10898525600004,40.521974113000056],[107.05017527100006,40.39009673400005],[107.04461306900004,40.355771197000024],[107.02315071300006,40.32154108300006],[107.03070397100004,40.30784593100003]]}},{"type":"Feature","properties":{"name":"黄河","level":"river_l1"},"geometry":{"type":"LineString","coordinates":[[109.68988353500004,40.48241636100005],[109.70446367100004,40.46994572700004],[109.74580865400009,40.47203988000007],[109.76902577300007,40.49360483500004],[109.82145667700007,40.50506426900006],[109.84587910300007,40.50217255100006],[109.85300525500008,40.512846325000055],[109.87055337800007,40.50911156500007],[109.91175349600007,40.524862692000056],[109.92080985800004,40.52345117900006],[109.94307292400003,40.496251580000035],[109.95734799100006,40.50021128000003],[109.97303468700005,40.52454580700004],[109.98449438200004,40.523183876000076],[109.99771640100005,40.505162717000076],[110.01179307500007,40.50590654400003],[110.02277990300007,40.52808191500003],[110.05281012900008,40.52823056600005],[110.05658675900008,40.52304624000004],[110.04634010600006,40.514836839000054],[110.09645922300007,40.525209061000055],[110.09703894400008,40.507157437000046],[110.13350861500004,40.51243696300003],[110.15961714200006,40.50310967200005],[110.18088863200006,40.51425642000004],[110.17430447400005,40.54340150000007],[110.17951555900004,40.549901893000026],[110.23726406600008,40.52742867500007],[110.24951682300008,40.468890556000076],[110.26455496300008,40.487914887000045],[110.28855778400003,40.48857474400006],[110.30475541200008,40.478118315000074],[110.29588204200007,40.46309949600004],[110.30926429200008,40.44664621700008],[110.35179957500009,40.459738419000075],[110.41276751900006,40.40179901400006],[110.43915832100004,40.390121806000025],[110.45412766000004,40.39082747900005],[110.46063583900008,40.40510623700004],[110.46959303700004,40.40685719000004],[110.47656624100006,40.369247073000054],[110.48704172600009,40.36987265400006],[110.49976045200009,40.387912776000064],[110.51160913200005,40.36981151100008],[110.54514880900007,40.34633510300006],[110.58788992700005,40.337625735000074],[110.60337028800006,40.31659850400007],[110.61927042500008,40.31524036700006],[110.62667109800009,40.30620689500006],[110.64099192900005,40.30847663700007],[110.65882250800007,40.326799031000064],[110.67955218700007,40.323674621000066],[110.67026683400007,40.31096757200004],[110.69620750700005,40.30219342400005]]}},{"type":"Feature","properties":{"name":"黄河","level":"river_l1"},"geometry":{"type":"LineString","coordinates":[[107.00261906700007,40.26883589700003],[107.03070397100004,40.30784593100003]]}},{"type":"Feature","properties":{"name":"黄河","level":"river_l1"},"geometry":{"type":"LineString","coordinates":[[106.77405309700003,40.71755232900006],[106.77021536200004,40.71248247500006],[106.85618598200006,40.69530414900004],[106.87525230700004,40.67286162600004],[106.94547536000005,40.65569098100008],[107.05766107000005,40.58305302500003],[107.06789226600006,40.558680243000026],[107.07224843900008,40.499520336000046],[107.06419137400007,40.47019982300003],[107.02687445300006,40.40407423500005],[107.02716424900007,40.38167755200004],[107.00145195000005,40.306270518000076],[107.00261906700007,40.26883589700003]]}},{"type":"Feature","properties":{"name":"黄河","level":"river_l1"},"geometry":{"type":"LineString","coordinates":[[111.20787241400006,40.18812490100004],[111.17527133100003,40.22963385600008],[111.09577850100004,40.26446331100004],[111.05024491000006,40.26853390300005],[111.04442368900004,40.292929558000026],[111.03597772500007,40.29740435300005],[110.97592463100005,40.25945120200004],[110.95042644700004,40.26394514700007],[110.92785031400007,40.25567095100007],[110.88777950100007,40.255171390000044],[110.86576820100004,40.278895712000065],[110.81699209700008,40.293800340000075],[110.79765857700005,40.28828804300008],[110.79615543400007,40.27409318900004],[110.77731788200003,40.27429545600006],[110.76734599200006,40.27896099700007],[110.76691888000005,40.29861483500008],[110.67805668200003,40.31062039100004],[110.69274381000008,40.322949752000056],[110.68607554100004,40.32650898700007],[110.65270358600009,40.33219699600005],[110.63103528700009,40.31175740600003],[110.59439039900008,40.34138328200004],[110.55949252400006,40.347933441000066],[110.56429164800005,40.35966392200004],[110.54778114100009,40.36123569000006],[110.55785219600006,40.35362131100004],[110.54894839400004,40.35028340100007],[110.50165265800007,40.39571402900003],[110.47854235000005,40.37408041200007],[110.47591036400007,40.40604079600007],[110.46760938600005,40.413906945000065],[110.45067910900008,40.39648483800005],[110.42173996900004,40.402630601000055],[110.35375279600004,40.46457557400004],[110.30725775500008,40.454157562000034],[110.30062768800008,40.465239577000034],[110.31460527900003,40.480121041000075],[110.30204697400006,40.48904390600006],[110.25932106800008,40.49216077900007],[110.25015014400009,40.477359404000026],[110.24474111100005,40.52847771200004],[110.20774519200006,40.54997425400006],[110.16833816100007,40.55129052600006],[110.16310419500007,40.545930758000054],[110.17129825400008,40.52345012200004],[110.14631116000004,40.51588548500007],[110.11007039400005,40.51289865200005],[110.09257580500008,40.53405177800005],[110.07104489700004,40.52150500100004],[110.05654105900004,40.533792524000035],[110.02104039800008,40.53513548300003],[110.00435423700009,40.513070765000066],[109.97433176800007,40.530748662000065],[109.94704801000006,40.502969421000046],[109.92902701200006,40.52934119200006],[109.91997064800006,40.530294929000036],[109.86972179600008,40.51572642800005],[109.84946515500008,40.51962905000005],[109.84349871400008,40.509893711000075],[109.82357014000007,40.51288841000007],[109.76572982900007,40.50153581300003]]}},{"type":"Feature","properties":{"name":"黄河","level":"river_l1"},"geometry":{"type":"LineString","coordinates":[[111.41266534800008,39.98878174500004],[111.41676258900009,40.00593305500007],[111.40731742400004,40.046820095000044],[111.38245254800006,40.05713160500005],[111.36461481400005,40.100635633000024],[111.31850162000006,40.136353788000065],[111.31258117200008,40.15504632200003],[111.26100500600006,40.17034770600003],[111.22513813900008,40.17206452700003],[111.22017897500007,40.184359640000025],[111.20787241400006,40.18812490100004]]}},{"type":"Feature","properties":{"name":"黄河","level":"river_l1"},"geometry":{"type":"LineString","coordinates":[[110.69620750700005,40.30219342400005],[110.75710715600007,40.295734706000076],[110.76202049000005,40.27614570000003],[110.77538752900006,40.26672690600003],[110.79776524800008,40.26908816800005],[110.80467016200004,40.282436113000074],[110.81895285700006,40.28651406900008],[110.86260948800009,40.27268142100007],[110.88879419900007,40.24947207800005],[110.95619440900003,40.258985884000026],[110.97542103400008,40.25395789600003],[111.02897364700004,40.287039580000055],[111.04159302700003,40.28375116800004],[111.04974893900004,40.26258663700003],[111.11059515800008,40.25387718300004],[111.17869696300005,40.22029521700006],[111.19649665400004,40.19007049800007],[111.21546383300006,40.180197718000045],[111.22048400600005,40.16424802800003],[111.28808244300006,40.155740725000044],[111.31276400400009,40.11870274700004],[111.34639527600007,40.102310412000065],[111.38253641800009,40.04981863800003],[111.40113737300004,40.039911525000036],[111.41266534800008,39.98878174500004]]}},{"type":"Feature","properties":{"name":"黄河","level":"river_l1"},"geometry":{"type":"LineString","coordinates":[[106.78411594300007,39.23552207100005],[106.78291055600005,39.25299004000004],[106.79810890000005,39.275638453000056],[106.79734615400008,39.31581210400003],[106.78378840500005,39.33489758800005],[106.78329259300006,39.356020132000026],[106.76695001300004,39.37194315600004],[106.74925690800006,39.37320591200006],[106.72824515700006,39.41950619600004],[106.73859861500006,39.42871508700006],[106.73527218300006,39.44484025400004],[106.74516040800006,39.48617738300004],[106.73912545200005,39.50121152600008],[106.75466718300004,39.533259601000054],[106.73149613900006,39.55963901100006],[106.74789233100006,39.580887388000065],[106.77480970700009,39.58816212100004],[106.77518362000006,39.599396703000025],[106.75325621900004,39.62804591400004],[106.75388205700006,39.666121420000025],[106.78223389000004,39.68896815700003],[106.74010312500008,39.69919195700004],[106.72602653900009,39.71437490200003],[106.74802292000004,39.74262723000004],[106.74635988700004,39.78372406400007],[106.74129391200006,39.801947374000065],[106.71436912200005,39.83434654900003],[106.72589760600005,39.85455731500008],[106.69614223300005,39.88882956500004],[106.69989614900004,39.91375926200004],[106.72473072200006,39.93576675500003],[106.70528298600004,39.97100411500003],[106.72151139200008,40.00326581400003],[106.70909809100004,40.02305321600005],[106.70468070500004,40.053850100000034],[106.71186027800007,40.06992563800003],[106.75966002300004,40.08758799900005],[106.85034632700007,40.175350955000056],[106.91496943600004,40.19676701800006],[106.94132230200006,40.217118880000044],[106.95299576200006,40.23847408300003],[106.99234948800006,40.25253148200005],[107.00261906700007,40.26883589700003]]}},{"type":"Feature","properties":{"name":"黄河","level":"river_l1"},"geometry":{"type":"LineString","coordinates":[[106.78411594300007,39.23552207100005],[106.72859489600006,39.19159484000005],[106.68968374400004,39.18343129500005],[106.65635730400004,39.14202557200008],[106.60777162900007,39.10470554700004],[106.50490886700004,39.08504058500006],[106.48993182500004,39.069548732000044],[106.48398816800005,39.035814481000045],[106.46996482600008,39.01954440700007],[106.44567968500007,39.01326532400003],[106.36691111500005,38.958389683000064],[106.29489491400005,38.93192664400004],[106.24169329700004,38.88927735100003],[106.22069642500009,38.86257382000008],[106.20595576100004,38.81845189500007],[106.21495099000003,38.79797402400004],[106.20861050600007,38.74541755100006],[106.21641547500008,38.717439788000036],[106.20703074100004,38.65892079200006],[106.22964473500008,38.61411208800007],[106.28052658600006,38.58682848500007],[106.29479383100005,38.55518086400008]]}},{"type":"Feature","properties":{"name":"黄河","level":"river_l1"},"geometry":{"type":"LineString","coordinates":[[111.41266534800008,39.98878174500004],[111.41931803200004,39.94308044300004],[111.43852930900005,39.926871283000025],[111.43530172500004,39.89396867000005],[111.41057395300004,39.874013578000074],[111.40449293900008,39.847485504000076],[111.40947494800008,39.82942241600006],[111.38838657500008,39.81825660000004],[111.39192657500007,39.79879348800006],[111.36659615400004,39.790759638000054],[111.36690118300004,39.77009106500003],[111.34984884400006,39.753702772000054],[111.37050189700005,39.707890777000046],[111.40212650000007,39.681797420000066],[111.43334683500007,39.66924659600005],[111.41078595700009,39.65943503800003],[111.42743371100005,39.64754805500007],[111.43210290600007,39.62947733800007],[111.45488490200006,39.62068031200005],[111.44943722200009,39.60381130300004],[111.42799044700007,39.61745693000006],[111.41957492200004,39.61110914500006],[111.43392606000003,39.58608019400003],[111.41836135100004,39.54973668800005],[111.42670028400005,39.51679206000006],[111.41649172700005,39.50099121400007],[111.36038327500006,39.47586720900006],[111.35157074300008,39.433427626000025],[111.34185051500003,39.421990906000076],[111.30861582400007,39.41609719200005],[111.21779284600007,39.42703080500007],[111.19451477000007,39.41486170400003],[111.16805526300004,39.41940143000005],[111.12511554500009,39.39396454800004],[111.11322846900003,39.377641081000036],[111.11752384700009,39.36370560700004],[111.15390951900008,39.36235882300008],[111.15044545200004,39.33264537900004],[111.16645252600006,39.34904893800007],[111.18383282400004,39.35076552100003],[111.18825030900007,39.34143069100003],[111.17473046300006,39.32094147300006],[111.18939448900005,39.30536940400003],[111.24579260500008,39.295649050000065],[111.20563005400004,39.267534169000044],[111.20208977400006,39.24907819300006],[111.20999394200004,39.23222438200003],[111.16220906500007,39.15820225700003],[111.17162382300006,39.130804338000075],[111.16817514800005,39.119016628000054],[111.14212743900003,39.09528488500007],[111.11929924700007,39.04586809400007],[111.08541590500005,39.020587576000025],[111.04498655500004,39.02458184500006],[110.99580582600004,39.00056790600007],[110.97522091900004,38.97507370100004],[110.97316085800009,38.966292045000046],[111.00352649900009,38.92923878100004],[111.01648891400004,38.88468188500008],[111.01018675000006,38.87121567600008],[110.99015131100003,38.864585643000055],[111.00077155400004,38.83722586600004],[110.99653701900007,38.82403049800007],[110.97556291200004,38.78542101800008],[110.95492468400005,38.77164587100003],[110.94507452100004,38.72614300300006],[110.91163365900007,38.69414462000003],[110.90758214500005,38.66784541900006],[110.87852064100008,38.62903760200004],[110.89129999100004,38.59023342100005],[110.91583674600008,38.573989906000065],[110.90204199900006,38.51781706200006],[110.87746693200006,38.510374496000054]]}},{"type":"Feature","properties":{"name":"黄河","level":"river_l1"},"geometry":{"type":"LineString","coordinates":[[106.33410800600006,38.29478252200005],[106.37208084400004,38.332266627000024],[106.52221711300007,38.426789265000025],[106.54098621900005,38.47098365900007],[106.58009594000004,38.52054922600007],[106.57407623500006,38.53443130000005],[106.53944538300004,38.539417352000044],[106.52863425400005,38.549938603000044],[106.52785610100005,38.563496403000045],[106.53469984700007,38.55763684900006],[106.53016034800004,38.58296713200008],[106.53647781500007,38.60947996900006],[106.57387839600005,38.638186217000055],[106.59705736900008,38.67035634700005],[106.61314102600005,38.74810190800008],[106.63015515000006,38.75857347800007],[106.66377935700007,38.84241121600007],[106.68691247900006,38.859646405000035],[106.70684101600006,38.84962486400008],[106.72988261300009,38.87258988200006],[106.77344027300006,38.89399839500004],[106.82566554800007,38.98246723500006],[106.85246853500007,39.00166321700004],[106.86829265800009,39.05275095600007],[106.84783016000006,39.083696674000066],[106.86138066700005,39.136894003000066],[106.84065872300005,39.16072512100004],[106.81612974600006,39.21285443100004],[106.79259244700006,39.23283261000006],[106.79363783200006,39.25622114000004],[106.80527313300007,39.277789976000065],[106.80075652800008,39.302891369000065],[106.80635677000004,39.32022198200008],[106.79424101600006,39.338361391000035],[106.79610275900006,39.35920544700008],[106.78465074800005,39.37090547300005],[106.75859560600009,39.37898911700006],[106.74207761300005,39.40776420000003],[106.74850194700008,39.44205922200007],[106.75700902300008,39.449238646000026],[106.74818948300003,39.50676965800005],[106.76141176500005,39.531066069000076],[106.76116772600005,39.55125780100008],[106.78049369000007,39.57130450600005],[106.78934430400005,39.61564007000004],[106.76290024900004,39.660437340000044],[106.78921492900008,39.67552478300007],[106.79158779300008,39.68442470100007],[106.76908812600004,39.705284095000025],[106.75909342600005,39.72635326200003],[106.75749891700008,39.74175742500006],[106.76850857900007,39.760583421000035],[106.75214327200007,39.80632291300003],[106.75552337100004,39.83745547500007],[106.74017272800006,39.869179392000035],[106.72566886400006,39.881157908000034],[106.72727115800006,39.89397181100003],[106.71587257800007,39.910245780000025],[106.73387863500005,39.93306966200004],[106.73924252600006,39.97975896600008],[106.72850773800008,39.99854307000004],[106.72280101600006,40.042172942000036],[106.76748028200007,40.06733520700004],[106.77492690900004,40.08614976900003],[106.81123638200006,40.09567138600005],[106.85721288900004,40.156456234000075],[106.88680061800005,40.159027310000056],[106.90877402100006,40.16997570800004],[107.01899980400009,40.25412979300006],[107.03433561000008,40.296527411000056],[107.07048501100007,40.33109699200003],[107.11437838900008,40.34834354600008],[107.16584050300008,40.38939441600007],[107.16949523400007,40.412725710000075],[107.16165976900004,40.44134435400008]]}},{"type":"Feature","properties":{"name":"黄河","level":"river_l1"},"geometry":{"type":"LineString","coordinates":[[106.29479383100005,38.55518086400008],[106.28434871400003,38.52354857800003],[106.25502032000009,38.50227734600003],[106.24587993800009,38.48438596400007],[106.26359554400005,38.40579340800008],[106.22892631000008,38.36354460800004],[106.20746393200005,38.315024236000056],[106.18880940400004,38.29654921800005],[106.09814636800007,38.25901949200005],[106.08032344100008,38.23449419800005],[106.05155208500008,38.22746360800005],[106.00041803700009,38.16661007500005],[105.97108926200008,38.063240531000076],[105.98698918400004,38.01707759000004],[105.99549586800003,37.94318870600006]]}},{"type":"Feature","properties":{"name":"黄河","level":"river_l1"},"geometry":{"type":"LineString","coordinates":[[105.99549586800003,37.94318870600006],[105.98234987500007,37.91179675600006]]}},{"type":"Feature","properties":{"name":"黄河","level":"river_l1"},"geometry":{"type":"LineString","coordinates":[[105.98234987500007,37.91179675600006],[105.95378471000004,37.94462319400003],[105.95520408300007,38.000284935000025],[105.94073844400003,38.02836572000007],[105.94621665000005,38.056873703000065],[105.96094954600005,38.075447920000045],[105.97227987600007,38.145998795000025],[105.99081232000009,38.16300511700007],[106.02477207600003,38.22339711200004],[106.08367293400005,38.252500043000055],[106.08427578000004,38.27431306600005],[106.05019444700008,38.31778662600004],[106.03304322200006,38.354195126000036],[105.99953405100007,38.38560247200007],[105.99908399700007,38.40517239600007],[106.05535299900004,38.508076448000054],[106.10470203900007,38.63214121100003],[106.18854476200005,38.78114702500005],[106.19309214100008,38.80514209900008],[106.17763466600007,38.835511765000035]]}},{"type":"Feature","properties":{"name":"黄河","level":"river_l1"},"geometry":{"type":"LineString","coordinates":[[106.03918294500005,37.90934748600006],[106.09924357500006,37.95497231400003],[106.14880565900006,37.962380507000034],[106.21495462400009,37.985265293000054],[106.27778461900004,37.990865229000065],[106.33877618200006,38.05968784600003],[106.34580312600008,38.07159381500003],[106.33774647000007,38.118412877000026],[106.34751258200004,38.15735432200006],[106.32586782700008,38.257866731000036],[106.33410800600006,38.29478252200005]]}},{"type":"Feature","properties":{"name":"黄河","level":"river_l1"},"geometry":{"type":"LineString","coordinates":[[105.99052107900008,37.88539831600008],[105.98234987500007,37.91179675600006]]}},{"type":"Feature","properties":{"name":"黄河","level":"river_l1"},"geometry":{"type":"LineString","coordinates":[[105.99603729400008,37.88431108200007],[106.04605729100007,37.920589681000024],[106.05600640900008,37.93881676600006],[106.13010549100005,37.97173445300007],[106.15263593800006,38.005605993000074],[106.17882089100004,38.02174633200008],[106.22282896000007,38.101650996000046],[106.21566487800004,38.12976609200007],[106.26001621700004,38.19588025200005],[106.26541814200004,38.22632615200007],[106.31700234200008,38.286336608000056],[106.33410800600006,38.29478252200005]]}},{"type":"Feature","properties":{"name":"黄河","level":"river_l1"},"geometry":{"type":"LineString","coordinates":[[105.98321944000008,37.86680881800004],[105.99603729400008,37.88431108200007]]}},{"type":"Feature","properties":{"name":"黄河","level":"river_l1"},"geometry":{"type":"LineString","coordinates":[[106.35821638600004,38.04275389000003],[106.34986945800006,38.01883130600004],[106.31919816800007,37.978783632000045],[106.29969676300004,37.961849795000035],[106.26816348700004,37.95492221400008],[106.25528443700006,37.904738561000045],[106.22182833000005,37.863218380000035],[106.18178038700006,37.854921310000066],[106.13414875400008,37.879854985000065],[106.08979777700006,37.88740842100003],[106.05515935400007,37.90380453500006],[105.99603729400008,37.88431108200007]]}},{"type":"Feature","properties":{"name":"黄河","level":"river_l1"},"geometry":{"type":"LineString","coordinates":[[105.97147728200008,37.83155628600008],[105.97352978600009,37.86051061200004],[105.99052107900008,37.88539831600008]]}},{"type":"Feature","properties":{"name":"黄河","level":"river_l1"},"geometry":{"type":"LineString","coordinates":[[105.97662727500006,37.830694126000026],[105.98321944000008,37.86680881800004]]}},{"type":"Feature","properties":{"name":"黄河","level":"river_l1"},"geometry":{"type":"LineString","coordinates":[[105.98321944000008,37.86680881800004],[106.11901142100004,37.84700960300006],[106.19842037500007,37.80795344400008],[106.25621478800008,37.808388157000024],[106.31531392400007,37.820812782000075],[106.34564183400005,37.85183082700007],[106.36410604100007,37.957592282000064],[106.36219878200006,37.987733021000054]]}},{"type":"Feature","properties":{"name":"黄河","level":"river_l1"},"geometry":{"type":"LineString","coordinates":[[118.87853284300002,37.80314571900004],[118.84046083100009,37.776308871000026],[118.71088675200008,37.732630261000054],[118.7046077230001,37.74698155900006],[118.67274653800007,37.75354320100007],[118.6718159400001,37.77572624000004],[118.73057243400001,37.865259120000076],[118.72487362600009,37.91759051300005],[118.74984586800008,37.971573523000075],[118.746122979,38.008367244000056],[118.79036795800005,38.096591733000025]]}},{"type":"Feature","properties":{"name":"黄河","level":"river_l1"},"geometry":{"type":"LineString","coordinates":[[118.77510885400011,38.10839480300007],[118.73363333100008,38.01077064100008],[118.73447984100005,37.97234802100007],[118.71445921000009,37.91772409500004],[118.72288190200004,37.877085032000025],[118.70475370700001,37.85220886500008],[118.68032360400002,37.842603360000055],[118.66839058400001,37.81069267200007],[118.66504820600005,37.74775238900003],[118.69774865900001,37.742342810000025],[118.6996025840001,37.735041281000065],[118.61184596700002,37.64679797400004],[118.53526720800005,37.60802486000006],[118.43284739600006,37.61465177700006],[118.36302111500004,37.60466506300003]]}},{"type":"Feature","properties":{"name":"黄河","level":"river_l1"},"geometry":{"type":"LineString","coordinates":[[105.01195865200003,37.44892689500006],[105.04467450000004,37.452783571000055],[105.10577269700008,37.490313412000035],[105.18834809300006,37.48199310900003],[105.19159835000005,37.49069465900004],[105.25207074700006,37.48821105900004],[105.24982003300005,37.49396759900003],[105.28079636700005,37.50705227900005],[105.32703947000005,37.49476849500007],[105.36869728500005,37.50912728800006],[105.40992015600006,37.51084764800004],[105.48700221200005,37.50098617500004],[105.51619318500008,37.50737206800005],[105.53711358200007,37.499601262000056],[105.67287529900005,37.53861865400006],[105.67617896300004,37.546618280000075],[105.70406522000007,37.541952700000024],[105.72965504100006,37.55498016900003],[105.79362950900008,37.56916722700004],[105.82454483200007,37.58739425300007],[105.84849422800005,37.588248699000076],[105.88735972300009,37.628857133000054],[105.90695306500004,37.72961357500003],[105.93048299100008,37.76443500100004],[105.92593595400007,37.81155160900005],[105.94975573300007,37.83052253900007],[105.96759377400008,37.82546787700005],[105.97147728200008,37.83155628600008]]}},{"type":"Feature","properties":{"name":"黄河","level":"river_l1"},"geometry":{"type":"LineString","coordinates":[[105.01195865200003,37.44892689500006],[105.06194796700004,37.45177260200006],[105.11087688200007,37.48247779800005],[105.12519765100006,37.47366938600004],[105.18357950900008,37.46618458900008],[105.23977171100006,37.469476609000026],[105.24969028000004,37.48248886500005],[105.28203228600006,37.488680197000065],[105.34074986200005,37.484560051000074],[105.42411881900006,37.49511918700006],[105.52465429500006,37.47492716900007],[105.59450363600007,37.50339682600003],[105.63833584000008,37.50570084100008],[105.74397574900007,37.53347228500007],[105.78071249500005,37.556235092000065],[105.87335912100008,37.57646470900005],[105.91044696600005,37.628334438000024],[105.92061727100008,37.63164947000007],[105.92195256600007,37.655736113000046],[105.94465837000007,37.66439182800008],[105.95628600300006,37.68260746400006],[105.96009366000004,37.78447787300007],[105.94622313500008,37.81312324700008],[105.97121018300004,37.81830367200007],[105.97662727500006,37.830694126000026]]}},{"type":"Feature","properties":{"name":"黄河","level":"river_l1"},"geometry":{"type":"LineString","coordinates":[[110.87746693200006,38.510374496000054],[110.87060787200005,38.50608287700004],[110.87585677100009,38.46527214400004],[110.87082112200005,38.45090182000007],[110.84373583900003,38.43304868000007],[110.80439760600007,38.447789227000044],[110.77929609300008,38.43985455200004],[110.76505146900007,38.42250491000004],[110.74190278900005,38.36286826600008],[110.69298911100009,38.33802650500007],[110.65352079200005,38.29614400000003],[110.58272553100005,38.29693395800007],[110.56761872300007,38.27378963900003],[110.56726747600004,38.23123556400003],[110.55820334600008,38.21031143300007],[110.52129880800004,38.202022029000034],[110.50419304300004,38.17904938300006],[110.50458199300004,38.15490933700005],[110.51881863100004,38.11916843100005],[110.49828711200007,38.087822317000075],[110.50340636900006,38.05461066000004],[110.49654713200005,38.023153860000036],[110.50214716600004,38.00673875800004],[110.52631765000007,37.98274739100003],[110.51323271100006,37.96171646000005],[110.51461358900008,37.949104731000034],[110.58366908800008,37.91796043100004],[110.65733999500009,37.80939095900004],[110.66425991500006,37.78724602500006],[110.74534724600005,37.74503875800008],[110.74714009400009,37.72783400900005],[110.70265167300005,37.71205618600004],[110.70283465000006,37.69158979100007],[110.76945635700008,37.670634826000025],[110.79409990700009,37.65189643300005],[110.78829366900004,37.637041632000034],[110.75563122100004,37.630297203000055],[110.76658725400006,37.61491589000008],[110.76750259200008,37.58181869300006],[110.78469199200003,37.561295005000034],[110.78688918600005,37.54041660300004],[110.76220724300003,37.521670785000026],[110.76303109500009,37.49915584000007],[110.74227054700009,37.44484845200003],[110.71887804500005,37.431180124000036],[110.65013516400006,37.42997111500006],[110.63674511000005,37.418831958000055],[110.62561319000008,37.371410240000046],[110.63238053900005,37.35225610800006],[110.69909383100008,37.33664186300007],[110.69829261000007,37.31937608700008],[110.67263406900008,37.298970834000045],[110.68655800400006,37.28022104100006],[110.68495571300008,37.269146687000045],[110.65177447700006,37.265572356000064],[110.62711525400005,37.21965372300008],[110.53185122700006,37.124333730000046],[110.52461813000008,37.08964960800006],[110.48847649700008,37.06916428300008],[110.45401325800009,37.028929737000055],[110.41400348100007,37.02004523100004],[110.41864223600004,37.011431396000035],[110.45059505300009,37.00721973000003],[110.44828319200008,36.993360575000054],[110.43128437700005,36.98945810300006],[110.39492174700007,37.010794420000025],[110.36941589300005,37.00458402900006],[110.37328404500005,36.99410857500004],[110.40864721700007,36.97620176700008],[110.42433350200008,36.94235299300004],[110.40441231800008,36.90189331400006],[110.40630430600004,36.87640281900008],[110.37377914800004,36.86102930900006],[110.41041652300004,36.85258319800005],[110.42373776600004,36.84120359900004],[110.41898441100005,36.824510057000055],[110.39952117400009,36.811333819000026],[110.42392063000005,36.80117491200008],[110.40523545400004,36.762019888000054],[110.37776879700004,36.756679279000025],[110.42742226400009,36.74259484300006],[110.41751124900009,36.71955349600006]]}},{"type":"Feature","properties":{"name":"黄河","level":"river_l1"},"geometry":{"type":"LineString","coordinates":[[104.70125410000009,36.61719054800005],[104.70261993900004,36.65199678700003],[104.71303444800009,36.67074650600006],[104.70579403700003,36.69637054200007],[104.67437539500008,36.73340852300004],[104.63436571400007,36.74941552800004],[104.59910934400006,36.77968224700004],[104.59559220500006,36.80979629300003],[104.57416062600004,36.81816983500005],[104.57799838500006,36.83320014000003],[104.52195882200004,36.83870503900005],[104.51187258600004,36.87109653700003],[104.47727987300004,36.87123014200006],[104.42873263600006,36.88644368900003],[104.38474783300006,36.88056137600006],[104.35588508500007,36.91148803700003],[104.30159264500008,36.90183291000005],[104.31568463200006,36.92061314000006],[104.30744484800005,36.97555392000004],[104.31878259100006,37.00712899800004],[104.30483575700003,37.038009844000044],[104.27768959100007,37.047848282000075],[104.26931234500006,37.06892889200003],[104.27591967100005,37.08772821300005],[104.28907317000005,37.09447274900003],[104.29387998100003,37.13283437200005],[104.31266413400004,37.13730908700006],[104.33513332900009,37.124468412000056],[104.34452540500007,37.126703862000056],[104.31646374200005,37.15159932100005],[104.29114104500007,37.15842406200005],[104.29117160400006,37.16895672700008],[104.39549919000007,37.19427911400004],[104.45655145800004,37.19709428300007],[104.48111896200004,37.22559841100008],[104.49708012700006,37.22328278700007],[104.51034812200004,37.24279164400008],[104.52629401600007,37.23746232700006],[104.52917805900006,37.248735055000054],[104.54610820500005,37.25092470800007],[104.54844292900003,37.26558116500007],[104.61304301700005,37.279215098000066],[104.62071087400005,37.30024607300004],[104.64511801300006,37.29259733500004],[104.66976180100005,37.317301920000034],[104.70091361300007,37.33067653000006],[104.71425027100008,37.348659465000026],[104.75654889200007,37.34389848400008],[104.77368511500003,37.36486076800003],[104.79623827000006,37.360958168000025],[104.82081333200006,37.370579031000034],[104.80964362000009,37.38496467300007],[104.81436637600007,37.389420347000055],[104.83601160300009,37.38477386300008],[104.86813999600008,37.39508899900005],[104.90015390200006,37.394863841000074],[104.90967571400006,37.40457629800005],[104.94652684500005,37.41483419900004],[104.98538460600008,37.434095022000065],[104.98459880500008,37.44613834900008],[104.97152166900008,37.456026347000034],[104.97725154300008,37.462000309000075],[105.01195865200003,37.44892689500006]]}},{"type":"Feature","properties":{"name":"黄河","level":"river_l1"},"geometry":{"type":"LineString","coordinates":[[118.36302111500002,37.604665063000006],[118.33643942300014,37.59066492400009],[118.31418338300013,37.54112994000006],[118.31286318700012,37.51203068900006],[118.25046765200015,37.44930819500011],[118.23212547100003,37.385105297000045],[118.16503810000007,37.36172481400007],[118.10876210100004,37.361488630000046],[118.04729000400005,37.32523317600004],[117.99222705400008,37.318767421000075],[117.95261384400013,37.288535399000104],[117.89436913500003,37.25886044400008],[117.83421747600003,37.27862906700007],[117.77578962200005,37.245227056000026],[117.75458692300003,37.24369744600006],[117.64645266900003,37.26597648100005],[117.59289221100005,37.19976719400008],[117.5799825560001,37.160245984000035],[117.56695871700005,37.149591334000036],[117.46921550200013,37.11750564600005],[117.42704639000011,37.08844095700007],[117.36016503900011,37.066658854000046],[117.309191639,37.06907009500007],[117.23627517300008,37.03660659400005],[117.23442057500007,36.96808523700003],[117.17673257400008,36.90826955900011],[117.16956037900002,36.86671502400005],[117.14249801000007,36.85010555400006],[117.1299851890001,36.81993058600007],[117.10523447100005,36.78937039200013],[117.0537267100001,36.75821142400001],[117.02143050200006,36.74975038600009],[117.0139762800001,36.7388820730001],[117.01527313700001,36.71827835100003],[116.96352157600009,36.72739981700007],[116.94415773100002,36.739492829000056],[116.92529725200006,36.729593537000035],[116.89428298400003,36.74058795200006],[116.79746293300002,36.70450432800006],[116.78877266200003,36.68741408800002],[116.77497827600007,36.68123800900004],[116.77375737300012,36.66174440600005],[116.74884636700006,36.62262380500007],[116.6868632290001,36.59983455000003],[116.67655546500008,36.580646180000045],[116.65040870200008,36.56966352400009],[116.64985918400012,36.547430893000104],[116.60952126100004,36.52611403000005],[116.60058685300011,36.509920267000055],[116.61886727700009,36.49557653200004],[116.5948263470001,36.49171990300006],[116.58577753500002,36.48033278500004],[116.6057058780001,36.456856418000044],[116.61101585200004,36.42877185600003],[116.60554535900006,36.42111558900007],[116.55034501800004,36.406615847000054],[116.49876860300003,36.37543397800006],[116.47652800400012,36.34042952300006],[116.4436672750001,36.34004059100005],[116.4310859200001,36.32422069700008],[116.39576080600013,36.32124916000003],[116.32130321100011,36.29183366100006],[116.27676113200005,36.24007092100003],[116.27187805500014,36.224392132000084],[116.222659087,36.17984319600006],[116.15806677600006,36.17458293400005],[116.15410680300012,36.14906577800007],[116.12409697590424,36.14314416497027],[116.09625887800007,36.120310144000065]]}},{"type":"Feature","properties":{"name":"黄河","level":"river_l1"},"geometry":{"type":"LineString","coordinates":[[103.27699234100004,36.06147656700006],[103.29602832300009,36.08409448300006],[103.32927060900005,36.09107931200003],[103.35305224100006,36.12131156100003],[103.39487024800007,36.135487271000045],[103.44240292700005,36.17523358100004],[103.47295194000009,36.17689676600003],[103.49058398700004,36.173978404000025],[103.50649930600008,36.15224163100004],[103.53622426800007,36.138836354000034],[103.54376989600007,36.11856066800004],[103.57335758800008,36.123954731000026],[103.60563858900008,36.14439436400005],[103.64175721000004,36.14152173700006],[103.68460500200007,36.09352381100007],[103.76236608300007,36.08622592000006],[103.80313109000008,36.068269557000065],[103.84014238000009,36.066838922000045],[103.87526920100004,36.07893557500006],[103.93915195200009,36.05870935100006],[104.01591359100007,36.063275489000034],[104.03348466000006,36.07756950800007],[104.04457064000007,36.11668645300006],[104.03530829800007,36.12195090000006],[104.03808556400008,36.14527077300005],[103.99825896800007,36.153533726000035],[103.99268939500007,36.16782017000003],[104.02600808300008,36.203942443000074],[104.08255126500006,36.21898407100008],[104.11500776200006,36.24229242800004],[104.13451687200006,36.28816918000007],[104.17727347500005,36.34304499000007],[104.21069884200006,36.34074840000005],[104.21909148500004,36.35653402600008],[104.24417771100008,36.36401860500007],[104.28781150100008,36.35867396300006],[104.31945925800005,36.38117358300008],[104.35011508000008,36.38109721200004],[104.39290204900004,36.39376987600008],[104.39119314100009,36.42762623900006],[104.46320926400006,36.45849924500004],[104.51500677400008,36.45954818600006],[104.59536980000007,36.51487022800006],[104.62743732400008,36.57188997600008],[104.67415357600004,36.59046030800005],[104.69487574000004,36.618182413000056],[104.70125410000009,36.61719054800005]]}},{"type":"Feature","properties":{"name":"黄河","level":"river_l1"},"geometry":{"type":"LineString","coordinates":[[100.89491744000009,36.111615130000075],[100.91975189200008,36.12306331100007],[100.98457319200008,36.13110481000007],[101.00697375100003,36.12508120200005],[101.01273406700005,36.10443930100007],[101.04705967400008,36.07635467600005],[101.09866646500006,36.08405286300007],[101.12392809200009,36.06156075100006],[101.15051730600004,36.05234033200003],[101.18675806600004,36.07264646200008],[101.22962128400007,36.07071228700005],[101.27790915300005,36.064269007000064],[101.30921344800004,36.045160613000064],[101.34868909900007,36.037832313000024],[101.39712958500007,36.04161270000003],[101.41055013300007,36.05756617800006],[101.47677528300005,36.06605018400006]]}},{"type":"Feature","properties":{"name":"黄河","level":"river_l1"},"geometry":{"type":"LineString","coordinates":[[116.03554120600006,35.96408308100007],[116.04851928100004,35.97806043000003],[116.0646716220001,36.03575915000005],[116.10728332700012,36.07840072600004],[116.09955475900006,36.10663789400007],[116.12326016200007,36.13258601800004],[116.16472717600004,36.14379367200007],[116.1631251450001,36.166899906000026],[116.22241485600011,36.16952798700004],[116.276875399,36.218311319000065],[116.28555806500003,36.23933461800004],[116.32682700900011,36.28713380200003],[116.39824036900006,36.31397051500005],[116.43796009700009,36.31198279200004],[116.44471247500007,36.33318539600003],[116.48492814800011,36.33371162100008],[116.50156859600008,36.366553116000034],[116.55168014300011,36.399768280000046],[116.61801214600007,36.42179074100005],[116.60746839100011,36.46559229300004],[116.58977544100003,36.479260805000024],[116.60453119600004,36.49005659900007],[116.62548212200011,36.492482696000025],[116.6084224980001,36.51418135200004],[116.6603041410001,36.55012789700004],[116.65934293600003,36.565005609000025],[116.68651210500002,36.58058508900007],[116.69092215500007,36.596694951000075],[116.7197697580001,36.60267257900006],[116.75595716200007,36.62250932200004],[116.79846998700009,36.698106909000046],[116.90066129900003,36.736101716000064],[116.92828038200003,36.724138362000076],[116.94942211300008,36.73383927100008],[116.963094264,36.72120840500003],[117.01820287300006,36.71442539000003],[117.02240704300004,36.744035816000064],[117.0564275370001,36.751836885000046],[117.11097954800005,36.78715396300004],[117.15304976100003,36.85023901300008],[117.18280545200003,36.87489768800003],[117.18021165400012,36.90579373700007],[117.24219512100001,36.96519739200005],[117.23985325800004,37.01374068600006],[117.24745254000004,37.03536672200005],[117.31072514000005,37.063359336000076],[117.35797528900002,37.06067726600003],[117.4308458920001,37.08344355300005],[117.48384908000003,37.11604449600003],[117.56930860000011,37.14549041500004],[117.5894356450001,37.16056255700005],[117.59724105600003,37.19613929800005],[117.65054209300001,37.26074637200003],[117.7529312480001,37.23818889100005],[117.78100060400004,37.240683604000026],[117.83656734700003,37.27337608000005],[117.90561512900001,37.25343192400004],[117.98970921900002,37.311877915000025],[118.06193884800007,37.32461890700006],[118.11653662800006,37.35671246000004],[118.16735746500001,37.35783752400005],[118.23817572100006,37.381919907000054],[118.2434709470001,37.411488355000074],[118.270487935,37.46930141900003],[118.3180741650001,37.50723164500005],[118.345671218,37.58725062700006],[118.42714036300003,37.60574045000004],[118.53349699800003,37.59327305700003],[118.61241806100008,37.63362548300006],[118.69861824700001,37.72290642400003],[118.84225375300002,37.77266191600006],[118.8835225470001,37.797011498000074]]}},{"type":"Feature","properties":{"name":"黄河","level":"river_l1"},"geometry":{"type":"LineString","coordinates":[[103.27699234100004,36.06147656700006],[103.19387505200007,36.00384272700006],[103.19227279400008,35.992535659000055],[103.17933295500006,35.99234494600006],[103.18535265700007,35.970623454000076],[103.21856440900007,35.973358596000025],[103.26439546100005,35.94692573900005],[103.30030048000003,35.952686011000026],[103.31167620000008,35.93855214800004],[103.34424701400008,35.92619975000008],[103.32251015500003,35.905603685000074],[103.30755612500008,35.914427353000065],[103.30584706800005,35.907633195000074],[103.29380753200007,35.90972373200003],[103.29891167300008,35.88647632100003],[103.26905701100009,35.90110996400006],[103.26294563100004,35.88447744300004],[103.18217839000005,35.863767059000054],[103.14326721000003,35.829346188000045],[103.13721686500008,35.811954521000075],[103.08565574500005,35.76829422600008],[103.07463093700005,35.766619551000076]]}},{"type":"Feature","properties":{"name":"黄河","level":"river_l1"},"geometry":{"type":"LineString","coordinates":[[101.47677528300005,36.06605018400006],[101.50868245400005,36.099586051000074],[101.53687393100006,36.106975273000046],[101.55334632400007,36.12119301000007],[101.58964808700006,36.12694185300006],[101.61912137800005,36.14844202300003],[101.72051912200004,36.167615037000076],[101.73285617800008,36.151135073000034],[101.74895473300006,36.169808498000066],[101.74994653800007,36.15256940800003],[101.77175200900007,36.15552202500004],[101.78747664100007,36.14770165400006],[101.78461550300005,36.13705454800004],[101.79723483200007,36.11239946200004],[101.84905526600005,36.12505306600008],[101.88612756400005,36.11037745700003],[101.88528827000005,36.09750631800006],[101.90546097300006,36.090269603000024],[101.89490916400007,36.075704710000025],[101.95371826500008,36.06403512400004],[101.94257133500008,36.04549902400004],[101.95333668400008,36.02805773100005],[101.97257096400006,36.02847732400005],[101.98146703800006,36.004810279000026],[102.01929467300005,35.992663881000055],[102.03374513300008,35.97645476200006],[102.03330257700009,35.96290077300006],[102.04679170600008,35.94742028300004],[102.04319807400009,35.918744426000046],[102.06395061200004,35.906445467000026],[102.06401920100006,35.87860886000004],[102.07807287500003,35.84658357400008],[102.10663048100008,35.82166523700005],[102.22739993200008,35.879325737000045],[102.25132643300009,35.88135898100006],[102.32644003200005,35.87095205900005],[102.37317149800003,35.88172115400005],[102.39195559800004,35.87158137500006],[102.43512402000005,35.87849371200008],[102.48362547800008,35.86217771100007],[102.50173814400006,35.84297778000007],[102.59021887800009,35.84622018700003],[102.60138100700004,35.84342773000003],[102.60444808300008,35.83295227900004],[102.61623587000008,35.83994860100006],[102.69082306800004,35.84511369400008],[102.71272763800005,35.82069129100006],[102.73288511300007,35.825570381000034],[102.77253636300009,35.86013621800004],[102.82509683200004,35.86181843900005],[102.85682838600007,35.84807364400007],[102.90565034500008,35.85115590300006],[102.92821108600003,35.83498491300003],[102.96593194600007,35.83861652600007],[103.00352300400004,35.81063487900008],[103.02212400100007,35.80416493700005],[103.04692791100007,35.80756387400004],[103.05390131700005,35.78585763900003],[103.07463093700005,35.766619551000076]]}},{"type":"Feature","properties":{"name":"黄河","level":"river_l1"},"geometry":{"type":"LineString","coordinates":[[103.07463093700005,35.766619551000076],[103.09161442100009,35.74957879700003],[103.08760115900009,35.72393952500005],[103.10254005500008,35.75501105200004],[103.12373514400008,35.75533526500004],[103.16105168800004,35.776202151000064],[103.18159822100006,35.76446777800004],[103.20160299300005,35.73466650600005],[103.24162792400006,35.71568015400004],[103.20946919500005,35.754339421000054],[103.19184492100004,35.80147514500004],[103.25546847400005,35.84526130000006],[103.26947643300008,35.837177706000034],[103.27559544100006,35.85306252600003],[103.30844864900007,35.870812726000054],[103.31630723000006,35.892732558000034],[103.34719202100007,35.91796358800008],[103.35153332000004,35.93155953000007],[103.31527739600006,35.943110828000044],[103.30197902400005,35.96098320100003],[103.27629005900008,35.95235799000005],[103.23700521100005,35.97512480900008],[103.18977786700003,35.97971411700007],[103.20154278100006,35.99116231000005],[103.20128341200007,36.00319419400006],[103.24851085800009,36.02960777800007],[103.27699234100004,36.06147656700006]]}},{"type":"Feature","properties":{"name":"黄河","level":"river_l1"},"geometry":{"type":"LineString","coordinates":[[110.41751124900009,36.71955349600006],[110.41819022600004,36.70990586600004],[110.44090370100008,36.72661841100006],[110.45033386200004,36.71904599700008],[110.43091631300007,36.691148448000035],[110.43237343500004,36.66910271800003],[110.42165380500006,36.66628362400007],[110.39442380900005,36.684190400000034],[110.38957887100008,36.66289239500003],[110.42292017200003,36.64192612700003],[110.45907662900004,36.592734148000034],[110.49621745200005,36.56748003000007],[110.48605465700007,36.54374820500004],[110.49748368400009,36.520809772000064],[110.49374486800008,36.47101902900005],[110.46745301000004,36.43857808100006],[110.48499329300006,36.40453092800004],[110.47724144100005,36.37786932700004],[110.46285950900005,36.360695158000055],[110.45468033800006,36.32390145100004],[110.47106863500005,36.30409113400003],[110.46251575400004,36.290750815000024],[110.47257902500007,36.258580573000074],[110.47038159800007,36.24241727700007],[110.45023928500007,36.22140925700006],[110.45538909700008,36.191642358000024],[110.44508116100008,36.13730439700004],[110.46235439600008,36.10118962400003],[110.46446760900005,36.06927118900006],[110.48328213300005,36.050906671000064],[110.49493981000006,35.987859436000065],[110.51367801800006,35.96619511700004],[110.50282857400003,35.944321100000025],[110.51330387600007,35.917331353000066],[110.51270859300007,35.88800699300003],[110.55080314300005,35.86798296100005],[110.55026885200004,35.83113963100004],[110.56812960400003,35.801189570000076],[110.57934453500008,35.69901775300008],[110.59443571800006,35.66603493800005]]}},{"type":"Feature","properties":{"name":"黄河","level":"river_l1"},"geometry":{"type":"LineString","coordinates":[[115.01236806400004,35.375728267000056],[115.10673893600006,35.40909202100005],[115.1643580330001,35.44873892700008],[115.18654492900009,35.44799493100004],[115.21459879600002,35.42072661800006],[115.24877968300007,35.453278116000035],[115.30848164600002,35.490353835000064],[115.33452918100011,35.497403450000036],[115.3448444710001,35.50525806600007],[115.31606615500004,35.58065386900006],[115.33677298400005,35.59017931500006],[115.36568899100007,35.56242651700006],[115.37970460500003,35.56549354400005],[115.38815083100008,35.59852964700008],[115.40010654100001,35.61349122300004],[115.39988547700011,35.63914192200008],[115.41718193600002,35.65710953100006],[115.49175400600006,35.693261988000074],[115.49590458800003,35.703134662000025],[115.48592519500005,35.72071330000006],[115.49343282600012,35.73335168500006],[115.59215246500003,35.750559733000046],[115.64992379700004,35.74233854900007],[115.70540676700011,35.80140658500005],[115.71026719100007,35.84814164200003],[115.74359322600003,35.83589215600006],[115.76234705500008,35.86801265200006],[115.77360837300012,35.87011073200006],[115.80751423700008,35.85509933000003],[115.85937273900004,35.861874141000044],[115.88303225300001,35.87429499700005],[115.88131566800007,35.88414099800008],[115.85900674600009,35.89095815600007],[115.85952570100005,35.90904792200007],[115.91779352500009,35.972834841000065],[115.98892444600006,35.982802535000076],[116.02255561000004,35.96383900200004],[116.03074220000008,35.96636817000007],[116.03864651800006,35.97186906600007],[116.05332634000001,36.029090944000075],[116.09813545200007,36.08163572300003],[116.09017797900003,36.10780908700008],[116.09625887800007,36.12031014400003]]}},{"type":"Feature","properties":{"name":"黄河（约古宗列渠）","level":"river_l1"},"geometry":{"type":"LineString","coordinates":[[97.05398053000005,34.954337975000044],[97.04664082600004,34.94457208500006],[97.04209357700006,34.95135099100003],[96.97357958700007,34.96199433000004],[96.95258288200006,34.97782195800004],[96.87672920100005,34.995946127000025],[96.81912560300003,35.053149122000036],[96.78344186600003,35.056906721000075],[96.70478808500008,35.04106770100003],[96.66362627700005,35.04178109000003],[96.59679843600009,35.06275109100005],[96.52529364700007,35.100983076000034],[96.32020941800005,35.10862421400003],[96.25985147400007,35.099342824000075],[96.17176750500005,35.12676365800007],[96.13238339700007,35.12730919000006],[96.11510992600006,35.112915946000044],[96.08950491300004,35.10976111300005],[96.06690595700007,35.07878111000008],[96.06578436300003,35.001271951000035],[96.05397370500003,34.99292516700007],[96.01653514900005,34.98817956500005],[95.97944756600003,35.002683457000046],[95.95506329200003,34.99569093200006],[95.92576555000005,35.00533094700006]]}},{"type":"Feature","properties":{"name":"黄河","level":"river_l1"},"geometry":{"type":"LineString","coordinates":[[97.76172722900009,35.082610232000036],[97.71037986600004,35.07321059800006],[97.64954884500008,35.028489713000056],[97.64832044000008,34.995388673000036],[97.62155570000004,34.96847907600005],[97.66706637100003,34.95011076800006],[97.64507779500008,34.94348828700004],[97.59484437100008,34.945323244000065],[97.57731911200005,34.92661927900008],[97.58819131200005,34.91676945100005],[97.55059252000007,34.898939091000045],[97.53486784600005,34.87495162400006],[97.52301141600003,34.87577562900003],[97.52588776900006,34.86226359600005],[97.53660738900004,34.864407508000056],[97.53355553300008,34.85742642100007],[97.55642148200008,34.83268359600004],[97.54900548700004,34.82975383300004],[97.55269058800008,34.82367685000003]]}},{"type":"Feature","properties":{"name":"黄河","level":"river_l1"},"geometry":{"type":"LineString","coordinates":[[112.39929233600003,34.91869311000005],[112.35919877800006,34.926044399000034],[112.32742919900011,34.94508038200007],[112.30449452900007,34.93546718600004],[112.2801028340001,34.962716399000044],[112.26912381900001,34.96204122600005],[112.25981558100011,34.94405067300005],[112.2479133700001,34.94111714300004],[112.18875352400005,34.96631795600007],[112.1616533770001,35.00333688100005],[112.13890959600008,35.017760733000046],[112.09146112000008,35.03005984500004],[112.02927979000003,35.03037673500006],[112.00848932400004,35.06657545100006],[111.92166444000009,35.08199523300004],[111.81455224500007,35.06958995200006],[111.79791945700003,35.03128180700003],[111.77780016700007,35.030591412000035],[111.76130486800008,35.01785005100004],[111.66795639300005,34.98873207300005],[111.66968044800007,34.94961511300005],[111.62028618000005,34.92262561100006],[111.60745300500008,34.89481577600003],[111.59191908000008,34.88881897500005],[111.56721415900006,34.84898494000004],[111.53528428500005,34.85728988900007],[111.49329075600008,34.83249767800004],[111.43580929000007,34.83702989200003],[111.38086069500008,34.81466013000005],[111.33792132800005,34.82934346500008]]}},{"type":"Feature","properties":{"name":"黄河","level":"river_l1"},"geometry":{"type":"LineString","coordinates":[[97.05398053000005,34.954337975000044],[97.04213937100008,34.97016178300004],[97.06138129300007,34.98968974600007],[97.06691278400007,35.00698224200005],[97.08974060200006,34.99715148300004],[97.08333171600003,34.99189850300007],[97.09701162000005,34.98358985500005],[97.09603500900005,34.96176918500004],[97.10706745900006,34.98206392800006],[97.10435895400008,34.99335574600008],[97.12269294700008,35.00835935300006],[97.18208191100007,34.99765879500006],[97.17564250100008,34.98714520400006],[97.21229522100003,35.00734837500005],[97.23696941500003,35.005761402000076],[97.24606391400005,34.99519439300008],[97.25068747400007,35.005711801000075],[97.26162834500008,34.99965388700008],[97.27816938000007,35.01539375200008],[97.32389370100003,35.015965943000026],[97.32576296600007,35.02348110200006],[97.33765754600006,35.02418301800003],[97.36768008200005,34.999222745000054],[97.41147409600006,34.98622568400003],[97.44145085200006,34.960494821000054],[97.46447707400006,34.984451765000074],[97.46899380200006,34.97690608200003],[97.49551436800004,34.97901946400003],[97.49910028000005,34.96997075000007],[97.48439035900003,34.95876287100003],[97.48058315700007,34.93846812400005],[97.45870904000009,34.94535767200006],[97.45970853300008,34.957389559000035],[97.45058350700003,34.95894219000007],[97.45319282000008,34.94087146800007],[97.44303014800005,34.92512015500006],[97.38434306800008,34.890039271000035],[97.37237217800003,34.875043290000065],[97.37041134400005,34.853230250000024],[97.33938167600007,34.85336760300004],[97.32739552100008,34.832348049000075],[97.27988586100008,34.821250819000056],[97.30537641400008,34.810615133000056]]}},{"type":"Feature","properties":{"name":"黄河","level":"river_l1"},"geometry":{"type":"LineString","coordinates":[[112.39929233600003,34.91869311000005],[112.42147167400003,34.92824908700004],[112.5028109640001,34.929973027000074],[112.51918397100007,34.90833923200006],[112.55811010800005,34.88707537500005],[112.585622521,34.892972936000035],[112.61915458200008,34.881040100000064],[112.63548180900011,34.85916215700007],[112.66411568900003,34.851917730000025],[112.68221299300001,34.83126051600004],[112.73729118300002,34.83680318000006],[112.80204350600002,34.80917612500008],[112.82565717800003,34.813852965000024],[112.8582586550001,34.837794501000076],[112.92671162500005,34.85500275800007],[112.93338752800003,34.85420925100004],[112.92259156300008,34.84377200900008],[112.997148175,34.85385038000004],[113.02281409200009,34.839956769000025],[113.05105898000011,34.851217931000065],[113.09541755200007,34.85455186900003],[113.1126452520001,34.860994987000026],[113.14458304200002,34.898360799000045],[113.19386274800002,34.90713080200004],[113.21783495500006,34.90304123100003],[113.23447542600002,34.94746448800004],[113.32476430400004,34.95918695900008],[113.39390402800007,34.98962492600003],[113.4084460790001,34.99197859100008],[113.42845840700011,34.97129847800005],[113.49508012700005,34.96689208400005],[113.48758033500008,34.983837453000035],[113.44825742500007,34.99849408700004],[113.4586108640001,35.00721085500004],[113.5087677460001,34.981750662000024],[113.58190511700002,34.97214085200005],[113.65448523700002,34.919790042000045],[113.68176868700004,34.91513967800006],[113.7434160360001,34.931203512000025],[113.79628148900008,34.915230708000024],[113.83416249200002,34.91462779600005],[113.83024084100009,34.90983261200006],[113.88802732800002,34.88487212000007],[113.92535138000005,34.88584472100007],[113.95467967400009,34.89737672100006],[113.97825532200011,34.920376031000046],[113.99660478500005,34.95755497000005],[114.05267494100008,34.98097757100004],[114.07218385700003,34.98199603100005],[114.12208143500004,34.97296998500008],[114.14583223000011,34.94746413300004],[114.17921171300009,34.93952156700004],[114.19475325000008,34.943206589000056],[114.21301840500007,34.924704732000066],[114.2559806370001,34.91139088400007],[114.3308043610001,34.93383298900005],[114.3347335090001,34.919451182000046],[114.36764763500003,34.919016139000064],[114.38210566300006,34.90753734300006],[114.41161700100008,34.90956286100004],[114.42859279400011,34.89742409300004],[114.49758739200001,34.90501521400006],[114.52323824000007,34.92025139500004],[114.56214166300003,34.92763284400007],[114.61710535000009,34.926499586000034],[114.58384791500009,34.93020391400006],[114.61496150900007,34.937699844000065],[114.66643078100003,34.92893700600007],[114.71116300300002,34.90517822900006],[114.72353830000009,34.91563453100008],[114.72439268800008,34.897540940000056],[114.74204755900007,34.89178813900003],[114.77237540200008,34.91321189900003],[114.76662275800004,34.92460291300006],[114.76057243800005,34.91880445000004],[114.75511734000008,34.928829765000046],[114.74342877200002,34.92754804900005],[114.74779295200005,34.93378522300003],[114.72691845100007,34.94866685000005],[114.72677354900009,34.95714714700006],[114.82962164000003,35.09393767500006],[114.83496262000006,35.129281752000054],[114.82840121400011,35.137231823000036],[114.8269057230001,35.125070254000036],[114.82319777000009,35.130071472000054],[114.82516647000011,35.16629296900004],[114.89999815500005,35.233745860000056],[114.94596666300004,35.25001193300005],[114.98992114000009,35.29166930900004],[114.99611652300007,35.31097215500006],[115.0152059400001,35.329706533000035],[115.01236806400004,35.375728267000056]]}},{"type":"Feature","properties":{"name":"黄河","level":"river_l1"},"geometry":{"type":"LineString","coordinates":[[97.55269058800008,34.82367685000003],[97.53067148600007,34.808005656000034],[97.44228997200008,34.82203274600005],[97.41940109800004,34.81085920500004],[97.38837142700004,34.80799812400005],[97.30537641400008,34.810615133000056]]}},{"type":"Feature","properties":{"name":"黄河","level":"river_l1"},"geometry":{"type":"LineString","coordinates":[[97.30537641400008,34.810615133000056],[97.29986019100005,34.80311141900006],[97.28528761900009,34.80693004600005],[97.27076846400007,34.82128515800008],[97.27354565400003,34.82955183300004],[97.23889954900005,34.83419065500004],[97.13327513300004,34.89772244300008],[97.12140344200009,34.89699763700003],[97.10683087600006,34.908319980000044],[97.07121580600005,34.90990695900007],[97.06128207500007,34.952068163000035],[97.05398053000005,34.954337975000044]]}},{"type":"Feature","properties":{"name":"黄河","level":"river_l1"},"geometry":{"type":"LineString","coordinates":[[112.39929233600003,34.91869311000005],[112.45755202100008,34.91523665300008],[112.48955808500011,34.89119565300007],[112.52519600100004,34.89212631000004],[112.53843328000005,34.877103575000035],[112.66028544200003,34.82313508900006],[112.75414482800011,34.81125921300003],[112.78178681700001,34.797426632000054],[112.82903703400007,34.80427399000007],[112.87649334500009,34.82575110100004],[112.96939153900007,34.83591713200008],[113.07352038900001,34.82634915800003],[113.1530668050001,34.84275244100007],[113.21008304800012,34.86892552100005],[113.23537539900008,34.89870754200007],[113.31530335700006,34.92439222300004],[113.33312628400006,34.94843300400004],[113.36685692300011,34.96880387700003],[113.4468456730001,34.95732478800005],[113.49925347300007,34.959331134000024],[113.5516686520001,34.92389904800007],[113.59009126700005,34.909410268000045],[113.7341230290001,34.90995131200003],[113.77216408400011,34.88395710100008],[113.80691687900003,34.87330221000008],[113.84182244500005,34.88895798200008],[113.88267891300006,34.876197293000075],[113.94648535600004,34.88002324100006],[113.99144685400006,34.91137304600005],[114.03882709200002,34.96515766700003],[114.08919018200004,34.97150907100007],[114.11272749600005,34.96731649800006],[114.14501569200002,34.922702281000056],[114.16656168400004,34.919612194000024],[114.17213884300008,34.90732470200004],[114.23910381500002,34.89279763700006],[114.27680177800005,34.90277315700007],[114.30180394500007,34.89421263200006],[114.34282079500008,34.90536309400005],[114.4181020420001,34.89154935300007],[114.48687536300008,34.89662270900004],[114.50063151100005,34.891537517000074],[114.53613977200007,34.900944640000034],[114.5509260560001,34.915803209000046],[114.5808035880001,34.91412455500006],[114.63186864500005,34.92714040200008],[114.72849732800012,34.88498641900003],[114.75606311600006,34.88713401800004],[114.78058480300001,34.90528470900006],[114.78152332400009,34.916523099000074],[114.74374181700011,34.96009208900006],[114.76439528900005,34.977510358000075],[114.812248253,34.98652067900008],[114.830071169,35.00779190600008],[114.82725598800005,35.02792642300005],[114.8182607120001,35.03240885500003],[114.82573788600007,35.05448886900007],[114.8482759210001,35.07856013400004],[114.84588833800001,35.145895144000065],[114.86230742800001,35.169893957000056],[114.88183925100009,35.17353317900006],[114.87774986700003,35.185404850000054],[114.88385358400001,35.189593468000055],[114.9126248560001,35.19240483400006],[114.93315622500006,35.20521101000003],[114.9504222160001,35.231040921000044],[115.00765230000002,35.284962807000056],[115.02410973200006,35.335058651000054],[115.02532310400011,35.37103600200004],[115.10798248800006,35.399024764000046],[115.17061426100008,35.44191803800004],[115.18890239400002,35.43679085900004],[115.2116155540001,35.41199837600004],[115.31920883800001,35.48538691400006],[115.35082601900001,35.49659081600004],[115.35582344700003,35.501206696000054],[115.34917822600005,35.523611035000044],[115.32623638100006,35.574996473000056],[115.34020626200004,35.58402221400007],[115.35733450600003,35.553896672000064],[115.38509107400012,35.560946278000074],[115.40476808100004,35.59358940100003],[115.41165038800011,35.64630986700007],[115.4990936580001,35.689180117000035],[115.50576202900004,35.70135310200004],[115.49437879100003,35.71938570700007],[115.49854461500001,35.726965688000064],[115.53797442000007,35.725336569000035],[115.5761607390001,35.74201085400006],[115.60233794500004,35.744421672000044],[115.65110631300001,35.732721439000045],[115.70632982400002,35.78515172900006],[115.71847657400008,35.83832231100007],[115.74562259900006,35.82261665100003],[115.76858799800004,35.85818570200007],[115.77872014900004,35.862111076000076],[115.81035240100005,35.84869427000007],[115.86897074600006,35.85663256000004],[115.88248285800012,35.86628011100004],[115.89203526300003,35.883477167000024],[115.86151697200012,35.90172731600006],[115.90431176200002,35.94189690700006],[115.92231786100001,35.97009579400003],[115.98697121500004,35.976386056000024],[116.01777179500004,35.95742253900005],[116.03554120600006,35.96408308100007]]}},{"type":"Feature","properties":{"name":"黄河","level":"river_l1"},"geometry":{"type":"LineString","coordinates":[[97.76172722900009,35.082610232000036],[97.76893721100004,35.07277185100003],[97.76858621200006,35.041173843000024],[97.79479393000008,35.013127395000026],[97.79995152200007,34.98448966800004],[97.78334945100005,34.971076835000076],[97.79765495900006,34.94312195200007],[97.78901055500006,34.90556522700007],[97.81518012500004,34.87902181100003],[97.84433290100009,34.87351321400007],[97.88969097100005,34.850548067000034],[97.89844211100007,34.82037297200003],[97.89465017600008,34.809115492000046],[97.87181471900004,34.80705551700004],[97.84830787700008,34.82456547900006],[97.82902781400009,34.81418923100006],[97.79899763300006,34.820453160000056],[97.77972520000009,34.81082461300008],[97.74720778900007,34.840419876000055],[97.75406677300003,34.79973118700008],[97.74030292900005,34.79231140600007],[97.73131525000008,34.80441959600006],[97.70484046300004,34.80235580800007],[97.68507977900003,34.833347278000076],[97.67942621000003,34.81532997000005],[97.66569288700003,34.810157108000055],[97.69376987000004,34.79039259500007],[97.67081232400005,34.77400040500004],[97.61514660600005,34.769106054000076],[97.57329814800005,34.77990579000004],[97.56155617600007,34.793520829000045],[97.56256329700005,34.80405349800003],[97.54978368100006,34.80337447200003],[97.56627129900005,34.81080188100003],[97.55269058800008,34.82367685000003]]}},{"type":"Feature","properties":{"name":"黄河","level":"river_l1"},"geometry":{"type":"LineString","coordinates":[[111.33792132800005,34.82934346500008],[111.34301795600004,34.83743844900005],[111.28480389300006,34.81610632400003],[111.20047380200003,34.81727017400004],[111.19088333800005,34.81015561100003],[111.15667223100007,34.82244703200007],[111.14139010100007,34.819360919000076],[111.12651982800008,34.792077532000064],[111.09600130100006,34.77824900400003],[111.08207714100007,34.75784751100008],[111.03215656200007,34.75280072800007],[110.96571004200007,34.71261588900006],[110.95821013300008,34.71247095600006],[110.94312651700005,34.73461974200006],[110.92744768500006,34.73820953000006],[110.91079218200008,34.727577749000034],[110.90957887600007,34.692977520000056],[110.89953825800006,34.684535408000045],[110.84599362400007,34.68117477800007],[110.77419886600006,34.66162039200003]]}},{"type":"Feature","properties":{"name":"黄河","level":"river_l1"},"geometry":{"type":"LineString","coordinates":[[110.77495415800007,34.654631676000065],[110.85926137100006,34.65533708800007],[110.90484835200004,34.66425972700006],[110.91674300400007,34.67952650900003],[110.91829966600005,34.71810557200007],[110.92653972200009,34.73132000500004],[110.93653451600005,34.731743409000046],[110.94888666600008,34.69832190100004],[110.95924003400006,34.69577738900006],[111.01659203700007,34.73258998100005],[111.10237185200003,34.74813876600007],[111.13182997000007,34.780495779000034],[111.15090402200008,34.78424946700005],[111.13913918500003,34.78841146000008],[111.15459686600008,34.80356759700004],[111.18045362700008,34.80471193400007],[111.22116515100004,34.79030327400005],[111.25488815200004,34.810338467000065],[111.26071711100008,34.79930985800007],[111.27276425100007,34.796444895000036],[111.27973015100008,34.807553564000045],[111.33792132800005,34.82934346500008]]}},{"type":"Feature","properties":{"name":"黄河","level":"river_l1"},"geometry":{"type":"LineString","coordinates":[[110.59443571800006,35.66603493800005],[110.62998958000009,35.641852785000026],[110.61846866100007,35.60772944900003],[110.62125327300004,35.57414012900006],[110.63966330100004,35.534714104000045],[110.67766639800004,35.53271881500007],[110.62789060100005,35.49966758700003],[110.56584618800008,35.43260365400005],[110.54083622600007,35.41762303300004],[110.53208492400006,35.394303197000056],[110.47476332900004,35.34149133300008],[110.46678258900005,35.312918515000035],[110.45769569400005,35.30858875300004],[110.44359599900008,35.27918433100007],[110.40305204200007,35.245949952000046],[110.38597642900004,35.151445985000066],[110.36399540600007,35.132604773000025],[110.35663227800006,35.034778076000066],[110.32889851100003,35.01291937900004],[110.32857794200004,34.99070198600003],[110.28936904200003,34.933636544000024],[110.30790113600005,34.89126930800006],[110.28971185400007,34.83998702200006],[110.29837887400004,34.80035121900005],[110.29236655200003,34.76654067000004],[110.27032444200006,34.737597866000044],[110.25777348400004,34.69308682800005],[110.29711899200004,34.619628893000026],[110.34735236500006,34.620857070000056],[110.37474260100004,34.60777601800004],[110.40455910800006,34.60482325000004],[110.46645061700008,34.62208498600006],[110.53401072400004,34.602800916000035],[110.61609006000003,34.597768882000025],[110.62927405400006,34.60218255500007],[110.64647134900008,34.62889371700004],[110.73582189900009,34.65829403500004],[110.77419886600006,34.66162039200003]]}},{"type":"Feature","properties":{"name":"黄河","level":"river_l1"},"geometry":{"type":"LineString","coordinates":[[110.59443571800006,35.66603493800005],[110.59276461400009,35.62890931600003],[110.58481447000008,35.61431774000005],[110.52164854100005,35.55431119000008],[110.50319983100007,35.50238802500007],[110.48385865900008,35.48523676100007],[110.46990375200005,35.426080719000026],[110.47834954000007,35.39216711800003],[110.47294001700004,35.37029307800003],[110.42957300300009,35.32006759300003],[110.39012775700007,35.29532876900004],[110.36713951100006,35.25677267700007],[110.36298118600007,35.22416378500003],[110.33359932400003,35.185451310000076],[110.35058263400003,35.14830654000008],[110.34556988700007,35.13216232700006],[110.23965462400008,34.958967003000055],[110.25828576600009,34.89187604800003],[110.24460566500005,34.854895430000056],[110.25928446300009,34.75037748700004],[110.24243809400008,34.71697897700005],[110.23515924400004,34.68060870200003],[110.24841935700005,34.65254316900007],[110.27210920900006,34.635269667000046],[110.28377477200007,34.61459340700003],[110.31013503100007,34.60529282600004],[110.36583884600009,34.60824908700005],[110.42007002700007,34.58985010200007],[110.45702032400004,34.605376198000044],[110.51274697900004,34.599794934000045],[110.54679786100007,34.586141636000036],[110.68297119400006,34.59007035900004],[110.74854042200008,34.65123279200003],[110.77495415800007,34.654631676000065]]}},{"type":"Feature","properties":{"name":"黄河","level":"river_l1"},"geometry":{"type":"LineString","coordinates":[[98.88028223000003,34.48496701000005],[98.83569473000006,34.482693433000065],[98.73922575200004,34.43606138200005],[98.72341715700009,34.419749301000024],[98.73196229600006,34.39552911100003],[98.71223205800004,34.36572407700004]]}},{"type":"Feature","properties":{"name":"黄河","level":"river_l1"},"geometry":{"type":"LineString","coordinates":[[98.71223205800004,34.36572407700004],[98.72186067300004,34.39041728500007],[98.71270518300008,34.42819528500007],[98.72467612500009,34.476185490000034],[98.76276318100008,34.472576649000075],[98.86773151600005,34.49195192600007],[98.88028223000003,34.48496701000005]]}},{"type":"Feature","properties":{"name":"黄河","level":"river_l1"},"geometry":{"type":"LineString","coordinates":[[98.71223205800004,34.36572407700004],[98.64140629900004,34.36378622600006],[98.62530781800007,34.37531457500006],[98.59359912300005,34.37803456000006],[98.58216234800005,34.395513996000034],[98.55062151700008,34.407252174000064],[98.48985923300006,34.41110518100004],[98.48151248000005,34.448852661000046],[98.45573966400008,34.47855092300006],[98.44919350200007,34.517027029000076],[98.41671422800005,34.530249164000054],[98.38994192800004,34.557689064000044],[98.31307354000006,34.58348482800005],[98.31240215100007,34.59704263700007],[98.33102608500008,34.62089658100007],[98.37851285200009,34.62933488200008],[98.38985812800007,34.65252505700005],[98.38744725700008,34.71953969600003],[98.39707594100008,34.796934401000044],[98.37655229500007,34.82203200500004],[98.28191449900004,34.83673433900003],[98.26673158000006,34.85647977000008],[98.21112690900009,34.86088210100007],[98.14505443800005,34.89698163400004],[98.14252142100008,34.91055470300006],[98.12350841900007,34.92129338900003],[98.11468860300005,34.942454105000024],[98.08570369400007,34.95931174200007],[98.05974776900007,34.997200382000074],[98.03048054100003,34.995987299000035],[98.01519080200006,35.014195364000045],[98.00673724200004,35.06394039500003],[97.98504625200007,35.08371253400003],[97.95765591700007,35.08848105900006],[97.92097269000004,35.08279321800006],[97.89376548300004,35.102595880000024],[97.83880931600004,35.10005526500004],[97.79681589000006,35.11017596800008],[97.78122857100004,35.10804350600006],[97.76172722900009,35.082610232000036]]}},{"type":"Feature","properties":{"name":"通天河","level":"river_l1"},"geometry":{"type":"LineString","coordinates":[[93.02279421100008,34.13726100700006],[93.02560953200003,34.15300088500004],[93.05283964100005,34.155839109000055],[93.07421019900005,34.16740178500004],[93.07325646800007,34.21889399400004],[93.09953287200005,34.228881158000036],[93.11261766000007,34.24489952000005],[93.15564109800005,34.219065690000036],[93.35330927700005,34.224250074000054],[93.41655120300004,34.19983535500006],[93.46705164500008,34.22112578500003],[93.51400432400004,34.22026746700004],[93.54810872900003,34.20409271200003],[93.57710891100004,34.20811733700003],[93.60060814400003,34.19491812500007],[93.63412506300006,34.19161069900008],[93.65919598800008,34.20337174300005],[93.69163713300009,34.196192291000045],[93.71653257500003,34.21369461300003],[93.73661373400006,34.212107659000026],[93.77568501100006,34.22620336400007],[93.81818198300004,34.254383322000024],[93.81218509800004,34.26844468400003],[93.81634323600008,34.285485410000035],[93.79978695500006,34.307378560000075],[93.85639873000008,34.31789979800004],[93.87618995600008,34.34502686400003],[93.87393158200007,34.369487380000066],[93.91182789800007,34.393482497000036],[93.90334375200007,34.42420691700005],[93.91010359000006,34.44664177400006],[93.93975992100007,34.45469482800007],[93.94346028300004,34.46853874800007],[94.00298657600007,34.48323337800008],[94.02981230900008,34.53896002100004],[94.05312842800004,34.53901343200005],[94.09150541400004,34.56408432100005],[94.11714094000007,34.557347383000035],[94.14150994400006,34.576406141000064],[94.17481324100004,34.55619150500007],[94.21010786200009,34.576318409000066],[94.27112193700003,34.57105017200007],[94.28448903100008,34.579358814000045],[94.28683132200007,34.596712352000054],[94.30048834100006,34.608912092000025],[94.30314344500005,34.64210469100004],[94.34837183700006,34.63711493300008],[94.34882198100007,34.67041816100004],[94.37358010200006,34.65126403800008],[94.37907342600005,34.67719325300004],[94.39865866300005,34.67506459400005],[94.42188322700008,34.688382072000024],[94.45021964000006,34.68029850600004],[94.46145044100007,34.68938536700006]]}},{"type":"Feature","properties":{"name":"沱沱河(玛曲)","level":"river_l1"},"geometry":{"type":"LineString","coordinates":[[91.08247512800006,34.25178017300004],[91.08028539400004,34.278724123000075],[91.08770137500005,34.285667070000045],[91.07920193500007,34.320980692000035],[91.09144746100009,34.33148666900007],[91.14870014500008,34.315220399000054],[91.18223993900006,34.32566535700005],[91.23325920900004,34.32144622800007],[91.26560117600008,34.31307657700006],[91.30226915700007,34.286918505000074],[91.35941500800004,34.28478989000007],[91.37754297000004,34.296489905000044],[91.47210450500006,34.26740592200008],[91.51805767600007,34.29074873500008],[91.54453247300006,34.27465791700007],[91.57713382900005,34.28134910600005],[91.75694110100005,34.25015177800003],[91.79364718700003,34.26217987700005],[91.81034843400005,34.25182269800007],[91.81736770800006,34.227972556000054],[91.81169891000008,34.218034991000025],[91.82758380000007,34.195069889000024],[91.85965109600005,34.18907685500005],[91.92760816200007,34.13837435600004],[91.97476684400004,34.13097748400003],[92.00607881500008,34.11509266500008],[92.04247208700008,34.12659813300007],[92.06497179200005,34.17296707600008],[92.11916496000003,34.19261334400005],[92.13225736800007,34.213323916000036],[92.16005968700006,34.22897225400004],[92.18975415800008,34.23766239300005],[92.27138345700007,34.23565966900003]]}},{"type":"Feature","properties":{"name":"沱沱河(玛曲)","level":"river_l1"},"geometry":{"type":"LineString","coordinates":[[92.27138345700007,34.23565966900003],[92.31792413000005,34.24196175000003],[92.35949792900004,34.23850556200006],[92.37121703200006,34.22938437500005],[92.40658793800009,34.24059228500005],[92.44291257200007,34.22052262600005],[92.47218742200005,34.22020219800004],[92.49957013300008,34.20960850500006],[92.57525595000004,34.219816956000045],[92.58763883400007,34.202616016000036],[92.61129828500003,34.20062470100004],[92.64369366700004,34.17512276000008],[92.66031864700005,34.11756883700008],[92.69005891400008,34.10018479400003],[92.71245949300004,34.074793476000025],[92.74231418800008,34.081049767000025],[92.76234194300008,34.07365287300007],[92.80296965700006,34.08523844800004],[92.82906295800007,34.07783011200007],[92.85102099400007,34.09101789500005],[92.93025458500006,34.09650743000003],[93.01459237800003,34.12402745300005],[93.02279421100008,34.13726100700006]]}},{"type":"Feature","properties":{"name":"通天河","level":"river_l1"},"geometry":{"type":"LineString","coordinates":[[94.46145044100007,34.68938536700006],[94.46965991200005,34.70643753600007],[94.50600742500006,34.70505657900003],[94.51607089300006,34.73948517300005],[94.53950145900006,34.75139117300006],[94.60749664000008,34.75594986400006],[94.64030401100007,34.72966205900008],[94.69127750800004,34.72287171000005],[94.72550398700008,34.730043539000064],[94.79681042300007,34.70025374200003],[94.88918224200006,34.699715851000065],[94.91360465700006,34.69036576800005],[94.93461663100004,34.66761809800005],[94.98555197800005,34.66093837500006],[94.97946353600008,34.622874273000036],[95.01249979100004,34.608416168000076],[95.01172919600003,34.58133106900004],[95.02093051800006,34.57829448500007],[95.03784538800005,34.58816719300006],[95.05262396200004,34.58183461900006],[95.07891562600008,34.52542512800005],[95.11919239200006,34.52893092700003],[95.12718060200007,34.51446137900007],[95.14572058000005,34.51364882400003],[95.17189780200005,34.487345756000025],[95.20913798100008,34.50134226200004],[95.25230636400005,34.46255715600006],[95.26572686600008,34.46041323500003],[95.28000951900003,34.47868232400003],[95.28830291600008,34.47820928700003],[95.30777370000004,34.45202829200008],[95.31868405900008,34.459680785000046],[95.30821622400003,34.477297546000045],[95.31223703600006,34.485575667000035],[95.34708914100008,34.48403066700007],[95.35455853800005,34.48037989900007],[95.35864800700006,34.44978518000005],[95.39862721500003,34.443326712000044],[95.40125942900005,34.42523310200005],[95.43139642000006,34.39449723000007],[95.45674201400004,34.38266370600007],[95.46090015300007,34.36953696900002],[95.55720120200004,34.328649892000044],[95.57443650700009,34.30991157700004],[95.56273265800007,34.27058477700007],[95.58781884100006,34.24999246500005],[95.56695945400008,34.226397914000074],[95.57864039900005,34.22063755900007],[95.63746476700004,34.22539079000006],[95.64607097400005,34.21290875300008],[95.67977100000007,34.20580939700005],[95.69525149000003,34.182947279000075],[95.69402310500004,34.13776856900006],[95.73072156200004,34.10539232700006],[95.75082560500005,34.098182344000065],[95.75563225900004,34.080630435000046],[95.78032933400004,34.07543085200007],[95.78744013100004,34.05589905900007],[95.80488907400007,34.06563824600005],[95.81923275600008,34.062220178000075],[95.83198184400004,34.04716314800004],[95.82581710200009,34.02385088900007]]}},{"type":"Feature","properties":{"name":"黄河","level":"river_l1"},"geometry":{"type":"LineString","coordinates":[[102.00568575200003,33.99376107300003],[101.98076740400006,33.98642143700005],[101.95653575100005,33.990434651000044],[101.93754567100007,34.005552746000035],[101.92067656200004,33.994970513000055],[101.80987180600005,34.065819213000054],[101.78831810600008,34.05313121700004],[101.77279949700005,34.066566978000026],[101.74392139800005,34.06773817100003],[101.72761698300008,34.09928661400005],[101.71861399800008,34.08456912200006],[101.70723062500008,34.09105430500006],[101.70855823500005,34.11435893000004],[101.70075315200006,34.120695330000046],[101.69180357600004,34.10673316900005],[101.65100804800005,34.12190852100008],[101.64511800200006,34.12967928300003],[101.65619625500005,34.14958490300006],[101.61736158500008,34.18425770700003],[101.59283236000005,34.18295690000008],[101.57739005200006,34.19862431900003],[101.55809473700003,34.19409236600006],[101.53744903800003,34.21373100200003],[101.49318196400009,34.20034874800007],[101.47721322800004,34.22355421700007],[101.41414682400006,34.23120299900006],[101.34923409100008,34.25546143200006],[101.32080611900005,34.24898012800003],[101.32702429200003,34.26381588500004],[101.32198876200005,34.271533238000075],[101.30006886400008,34.26931687300004],[101.26448435600008,34.28266492300003],[101.25902158900004,34.30017868900006],[101.22732052800006,34.30131936500004],[101.23234087900005,34.32825949200003],[101.19218622800008,34.34174488100007],[101.19136990400006,34.361360596000054],[101.20439371700007,34.38500090600007],[101.15868470000004,34.39716638200008],[101.18063520100009,34.435562333000064],[101.16169853500008,34.45657048000004],[101.15741074200008,34.479318153000065],[101.11145756700006,34.48770697500004],[101.09670191600009,34.501779803000034],[101.07086038000006,34.49438675700003],[101.04845224600007,34.51925930200008],[101.01601112000009,34.52563770200004],[101.00326969800005,34.544150957000056],[100.99066557300006,34.54683659700004],[100.97095824000007,34.53469411200007],[100.95903318400008,34.551666185000045],[100.93516772500004,34.54719527300006],[100.91542232600005,34.57194955600005],[100.90901357000007,34.62789745600003],[100.89135102800009,34.639776777000066],[100.87745764800007,34.71102967500008],[100.86696694200003,34.720410290000075],[100.85158563600004,34.723172230000046],[100.79196773000007,34.69648396200006],[100.76632453000008,34.673961408000025],[100.74387820600003,34.68145371300005],[100.72970234900004,34.670604436000076],[100.71000268800003,34.67800518100006],[100.69434670100009,34.67472828900003],[100.65542039500008,34.68046199400004],[100.64668449900006,34.689018608000026],[100.62716791400004,34.68058410800006],[100.59725222700007,34.70484629400005],[100.58679208500007,34.73603994800004],[100.55518258500007,34.74302108200004],[100.48408992300006,34.80764774900007],[100.38624008200009,34.82481068200008],[100.35511122800006,34.82269351000008],[100.31614681700006,34.85165935800006],[100.31433105800005,34.89613232600004],[100.29634805800004,34.903414808000036],[100.28069979100007,34.945263210000064],[100.29126684100004,34.95776430300003],[100.28967998300004,35.008253213000046],[100.26073321900009,35.01658859600008],[100.23889729600006,35.04203717100006],[100.24922781600009,35.04852613600008],[100.24169741600008,35.066047533000074],[100.24879299800006,35.083168355000055],[100.24629817000005,35.11184422700006],[100.25874973800006,35.12505105500003],[100.24245292400008,35.15260157900008],[100.24581003400004,35.19015067200007],[100.22833824500003,35.21170814300007],[100.23083316500004,35.22819953000004],[100.22108252600003,35.236748515000045],[100.23693698500006,35.28825213700003],[100.26973676000006,35.30466337000007],[100.27294885400005,35.31586362500008],[100.26078727200007,35.33275940000004],[100.20344306400006,35.345622992000074],[100.20469443200005,35.399785551000036],[100.19842289100006,35.40371480500005],[100.19234205400005,35.38958097200003],[100.18417836400005,35.39205679000003],[100.18137833700007,35.41396520200004],[100.18827553900007,35.42582159800003],[100.16739327800008,35.43240597400006],[100.17252804100008,35.44581499700007],[100.13767598100009,35.47158021800004],[100.13367046000008,35.48674024600007],[100.14156714600006,35.50007678400004],[100.16738579000008,35.50164463200008],[100.14877717800005,35.519455968000045],[100.14654172600007,35.533063370000036],[100.16185440800007,35.54770456000006],[100.16150347400009,35.56201388300008],[100.18666598400006,35.56961674900003],[100.19927782900004,35.608409453000036],[100.19598948200007,35.61828598000005],[100.20905903400006,35.62244791100005],[100.20123869500009,35.633945735000054],[100.21988550300006,35.63946191300005],[100.21751271100004,35.649311735000026],[100.23381724600006,35.664670106000074],[100.21947357700009,35.67484420200003],[100.26335156300007,35.68794417100003],[100.26255813600005,35.713549123000064],[100.27555906500004,35.73802868900003],[100.29458737200008,35.75180009800005],[100.29539615400006,35.77134332700007],[100.33200306700007,35.76354963500006],[100.35044391000008,35.784855278000066],[100.38502901200007,35.795162823000055],[100.42437495800004,35.78651079600007],[100.43475125600008,35.79148146800003],[100.42619089900006,35.82859950300008],[100.44995716200003,35.82264837800005],[100.46260710800004,35.837331532000064],[100.48504584200003,35.84345044100007],[100.49868764400009,35.85960610800004],[100.52031764300006,35.86800245500007],[100.52167573700007,35.87774545700006],[100.60103148400003,35.89494246600003],[100.60632647500006,35.909835445000056],[100.63426616500004,35.91425675900007],[100.62832276000006,35.94604551100008],[100.65543850000006,35.97231038100006],[100.69642484800005,35.977822708000076],[100.71824559700008,35.98918696900006],[100.72724101300008,36.028769339000064],[100.72427317100005,36.06375489100003],[100.74450698400005,36.08602567200006],[100.83790893100007,36.12756871900007],[100.86738980200005,36.129903332000026],[100.89491744000009,36.111615130000075]]}},{"type":"Feature","properties":{"name":"黄河","level":"river_l1"},"geometry":{"type":"LineString","coordinates":[[102.00568575200003,33.99376107300003],[102.01563477200006,33.99325368700005],[102.01687837500003,33.983495420000054],[102.03141278800007,33.98083266300006],[102.04374983600007,33.96381480800005],[102.06586812700004,33.976395987000046],[102.07347482700004,33.96528345400003],[102.09877463500004,33.964379301000065],[102.11273680200009,33.95190868800006],[102.11668135700006,33.968567922000034],[102.13825029100008,33.97133361600004],[102.18642359600005,33.93405146600003],[102.26016364300006,33.857415769000056],[102.26699973700005,33.84100447700007],[102.26673265000005,33.82141928200008],[102.23590894300008,33.799640631000045],[102.24065454500004,33.79221701700004],[102.25676067400008,33.79559308800003],[102.30212634700007,33.78531211400008],[102.32277201900007,33.758658052000044],[102.31805688500003,33.746755878000045],[102.29137609000009,33.73637584900007],[102.29263494800006,33.725110735000044],[102.30272128600006,33.71931221700004],[102.31155639500008,33.72477499800004],[102.32172672500008,33.74457761900004],[102.34534799900007,33.73756596900006],[102.34656108000007,33.727048557000046],[102.32016248600007,33.67978701800007],[102.34350133600009,33.623823824000056],[102.41740933100004,33.58776617700005],[102.44444868100004,33.58457313800005],[102.45270391000008,33.57872503100003],[102.44821767000008,33.56858910900007]]}},{"type":"Feature","properties":{"name":"黄河","level":"river_l1"},"geometry":{"type":"LineString","coordinates":[[102.44821767000008,33.56858910900007],[102.43714712200006,33.57814520900007],[102.40114297100007,33.58039219400007],[102.37351619000003,33.60238839500005],[102.33188140100003,33.61202466100008],[102.30820687400006,33.67852052500007],[102.33351444900006,33.73178656500005],[102.32082640400006,33.73452180100003],[102.30276703500004,33.708520141000065],[102.28375404000008,33.71186194200004],[102.27713918800004,33.721505775000026],[102.28036654700009,33.73362158100008],[102.31318156600008,33.74865947300003],[102.31827054500008,33.75855887600005],[102.29678560900004,33.78293550200004],[102.23262818200004,33.789779373000044],[102.22874473100006,33.79872509200004],[102.25669971300005,33.824959437000075],[102.25053504500005,33.84891640700005],[102.16162737500008,33.94702946800004],[102.13118525300007,33.96665286600006],[102.12219756200005,33.96568773700005],[102.11469760200004,33.94743773600004],[102.09441811200008,33.95975958300005],[102.07007963200004,33.95917596100003],[102.06158026700007,33.97026942200006],[102.04392530400008,33.95854656500006],[102.02700286200007,33.97771597700006],[102.01069837500006,33.97957762900006],[102.00568575200003,33.99376107300003]]}},{"type":"Feature","properties":{"name":"沱沱河(玛曲)","level":"river_l1"},"geometry":{"type":"LineString","coordinates":[[91.11546660900007,33.41963054400003],[91.07858504800004,33.41315297700004],[91.03205200500008,33.42112206100006],[91.02509377800004,33.434595940000065],[90.99493388300004,33.449977199000045],[90.98571724900006,33.49563275400004],[90.99318662000007,33.515206514000056],[90.98429808900005,33.53721410500003],[90.99422416600004,33.58198082700005],[90.99450631300004,33.701574899000036],[91.00634743600006,33.737334872000076],[90.99019550000008,33.76478999500006],[91.00439420200007,33.77892766600007],[91.01496880500008,33.81701848200004],[91.00843781700007,33.84471394600007],[91.01368694100006,33.88797763000008],[90.99956447800008,33.91951459300003],[91.01946246600005,33.96428513600006],[91.02001938600006,33.998469585000066],[91.04805820500007,34.02170175800006],[91.03319566400006,34.05624478500005],[91.03859740700005,34.07792431400003],[91.04950772400008,34.107973525000034],[91.07264833900007,34.12373631000003],[91.06639964600004,34.15165684600004],[91.08603063400005,34.16933084400006],[91.09703250500007,34.20098227200003],[91.07180894600003,34.231638006000026],[91.08247512800006,34.25178017300004]]}},{"type":"Feature","properties":{"name":"黄河","level":"river_l1"},"geometry":{"type":"LineString","coordinates":[[98.88028223000003,34.48496701000005],[98.89176478700006,34.471226079000076],[98.93304862700006,34.450198845000045],[98.95859259900004,34.454273027000056],[98.97985631600005,34.43282618500007],[99.01462450700006,34.44274845000007],[99.02219305300008,34.41927596200003],[99.06073786000007,34.39975939100003],[99.05724345000004,34.37046552500004],[99.06604038400008,34.359764995000035],[99.06465939500004,34.34172479400007],[99.05356591600008,34.333645054000044],[99.04994179400006,34.299140168000065],[99.03778779000004,34.284998708000046],[99.04789698900004,34.25545686500004],[99.04262487900007,34.22694503500003],[99.08024650500005,34.21044597400004],[99.07908678700005,34.200683895000054],[99.05399293400006,34.17629970300004],[99.06867227900005,34.14892847800007],[99.05423699000005,34.11606778300006],[99.04830864200005,34.02733929200008],[99.06748183100007,33.99988413700004],[99.08350401500007,33.99055692700006],[99.06563540900004,33.963784660000044],[99.08834116000008,33.96863325100003],[99.09892342500007,33.95864990100006],[99.10861297400004,33.91555787800007],[99.12281167900005,33.90625737400006],[99.14360239000007,33.907367460000046],[99.15652692800006,33.88453585100007],[99.18684700800009,33.87115349000004],[99.20658477300003,33.83462673200006],[99.22872590100008,33.81989012500003],[99.23075534200007,33.795757680000065],[99.24139864900008,33.789520466000056],[99.24374092100004,33.77667602300005],[99.27258845600005,33.745230572000025],[99.28757300700005,33.73363355500004],[99.32513359800004,33.72383328500007],[99.32646880500005,33.738867421000066],[99.33373983400008,33.74097318400004],[99.34138468500004,33.72500441100004],[99.37459645200005,33.75141806900007],[99.38267626400005,33.780616560000055],[99.37156757400004,33.80117836000005],[99.39535674100006,33.81272192600005],[99.45155652000005,33.82206813000005],[99.47746668800005,33.813976903000025],[99.48778953400006,33.797939461000055],[99.54511841400006,33.757521559000054],[99.58593688100007,33.76563941200004],[99.64161018900006,33.75909696000008],[99.66637594900004,33.772074889000066],[99.67242626900008,33.79151130200006],[99.71102454100009,33.81319459500003],[99.76221163400004,33.80670173900006],[99.79718574600008,33.774981611000044],[99.82420984900006,33.77431780300003],[99.84638912900004,33.76398347500003],[99.86016055600004,33.74556559000007],[99.90054411200003,33.74078940700008],[99.90649519600004,33.730851839000024],[99.89041192400003,33.70941648200005],[99.93164999600003,33.70385444800007],[99.93985942400008,33.68180869300005],[99.96185558500008,33.66768626500004],[100.01518661800009,33.67308032900007],[99.99450268400005,33.649523948000024],[100.02325870800007,33.64801706500003],[100.02179379400008,33.63299437300003],[100.03977680100007,33.632521315000076],[100.04713934500006,33.61274918300006],[100.07069198000005,33.616640252000025],[100.07604029500004,33.59164565700007],[100.11274637300005,33.58689618000005],[100.12378639800005,33.57002710800003],[100.14914725300008,33.574612468000055],[100.16944201400008,33.56426288200004],[100.18042867100007,33.56923355600003],[100.17426399000004,33.59576170200006],[100.20256988900007,33.60627907700007],[100.21489938000008,33.62249960200006],[100.24029075400006,33.62706588700007],[100.26636123900005,33.671519749000026],[100.29709338300006,33.696254889000045],[100.27682151200008,33.707375066000054],[100.27469287600007,33.721745430000055],[100.26128764400005,33.724381477000065],[100.25807559400005,33.73426182000003],[100.24096999300008,33.73474250800007],[100.24564700000008,33.761724601000026],[100.26537718400004,33.758909251000034],[100.28299399400004,33.77121578100002],[100.28748779500006,33.74849481000007],[100.32340802700008,33.74521021700008],[100.31756376200008,33.75667370700006],[100.32678797900007,33.76168253000003],[100.34600695600005,33.74682003300006],[100.35970975600009,33.750943816000074],[100.37202398700003,33.76564986400007],[100.38096589500009,33.76387978300005],[100.37692985000007,33.77529749300004],[100.40467117000009,33.79180792100004],[100.42079254600009,33.78907650100007],[100.46915675900004,33.82379113800005],[100.53852527600009,33.84204105800006],[100.57936667000007,33.867905362000045],[100.59449619100008,33.86292320900003],[100.58988030900008,33.88114271300003],[100.61996390400009,33.887742278000076],[100.62975273800004,33.90476391400006],[100.64701856800008,33.90723969600003],[100.66306368500005,33.922552291000045],[100.70760540400005,33.92867880000006],[100.73797126600005,33.92093089200006],[100.76468258000006,33.93212729900006],[100.78243668600004,33.92552766400007],[100.81791429500004,33.872398857000064],[100.84617441000006,33.878250723000065],[100.83251735000005,33.856857330000025],[100.87888242700006,33.80636453500006],[100.88423074500008,33.78584851800008],[100.91693129400005,33.79078482400007],[100.90440342700003,33.773877638000044],[100.90837080300008,33.76244466900005],[100.93944625200004,33.77119196500007],[100.93253379200007,33.75861838600002],[100.91611484800006,33.754651015000036],[100.91665653500007,33.74710152000006],[100.95788697400008,33.74194384600003],[100.98497207600008,33.724452935000045],[101.00550340600006,33.73881563600003],[101.00967679200005,33.731895578000035],[100.99534833500007,33.71505706100004],[101.02809466400004,33.72146969500005],[101.02887291900004,33.73726297600007],[101.04636768700004,33.76302431200003],[101.03148999300004,33.79065876400006],[101.03225298900009,33.80645204600006],[101.01167595900006,33.82824985900004],[101.01176755900008,33.84859038600007],[101.03888330000007,33.886074595000025],[101.06184838500008,33.85741013300003],[101.10881631000007,33.85803187500005],[101.15312908900006,33.841403082000056],[101.15033660600005,33.821917075000044],[101.19396269100008,33.79248962100007],[101.19762487000008,33.77578459500006],[101.21359364700004,33.77068799400007],[101.22797543300004,33.75209080900004],[101.25237494600003,33.75123625500004],[101.25658644500004,33.72921720800008],[101.28548739700005,33.71309580700006],[101.31188588000003,33.71741030700008],[101.32216295100005,33.707236213000044],[101.33426354100004,33.715071798000054],[101.33968816000004,33.698294288000056],[101.35837312000007,33.711157772000035],[101.35190315800008,33.69030988700007],[101.38027009100006,33.698298038000075],[101.39334719600004,33.67294484000007],[101.40693554700005,33.67469199800007],[101.41947867300007,33.69079044400007],[101.43046532900007,33.69413982300006],[101.44526676300006,33.68453794200008],[101.49140309700005,33.70314265900004],[101.54767149900005,33.69419304100006],[101.55806298100003,33.67043061900006],[101.62580635300009,33.67380279400004],[101.69550295000005,33.69515794300003],[101.78789758700003,33.68766551600004],[101.80581184600004,33.65453011100004],[101.83445337900008,33.63528056900003],[101.83442282000004,33.61871288200007],[101.85796774600004,33.589865305000046],[101.89140832400005,33.577913472000034],[101.91080275300004,33.55525732700005],[101.89568841400006,33.526520445000074],[101.90356975700007,33.505874721000055],[101.90063230900006,33.48714786000005],[101.92584815600009,33.47327338000002],[101.92289545400007,33.45675910500006],[101.95797638900007,33.44099246600007],[101.96417922700005,33.424893989000054],[102.00509678800006,33.397328155000025],[102.01487789900006,33.374225694000074],[102.07237460600004,33.343997099000035],[102.11601602600007,33.35181736800007],[102.15299675300008,33.34440895700004],[102.17301690800008,33.36219734600007],[102.20079633700004,33.362086668000074],[102.24806189300006,33.39705687800006],[102.26077289000006,33.419934226000066],[102.35485361000008,33.39340592100007],[102.38593668800007,33.40311453700008],[102.39521434900007,33.422138940000025],[102.43994687100007,33.455468788000076],[102.45969994500007,33.455129234000026],[102.45286385600008,33.47305881800003],[102.46845113200004,33.462091232000034],[102.47734727000005,33.46453650400008],[102.45432877200005,33.48438496400007],[102.44741647300003,33.53544229200003],[102.46542999100006,33.533561562000045],[102.47241110800007,33.540485415000035],[102.44821767000008,33.56858910900007]]}},{"type":"Feature","properties":{"name":"通天河","level":"river_l1"},"geometry":{"type":"LineString","coordinates":[[95.82581710200009,34.02385088900007],[95.84705032800008,34.014706800000056],[95.84819476500007,33.99968029100006],[95.86636087800008,33.97738276200005],[95.86854293600004,33.946181488000036],[95.90099933500005,33.948069806000035],[95.89282799900008,33.915441798000074],[95.92170610400007,33.91133324700007],[95.92213335400004,33.89151534500007],[95.95581811600005,33.88272221400007],[95.96040350800007,33.86333538400004],[95.98694695300009,33.867176882000024],[95.99398908600006,33.856606061000036],[95.98843471400005,33.83486931500005],[96.02048673600007,33.823909376000074],[96.03389961000005,33.835285114000044],[96.04386389000007,33.83082942100003],[96.04680891100008,33.80525498000003],[96.06653910900008,33.816668864000064],[96.08109641400006,33.801699572000075],[96.10625127000009,33.81163331100004],[96.12987255800005,33.78993851800004],[96.10021622600004,33.779230376000044],[96.10121570100006,33.76794618800005],[96.13087966100005,33.77639596700004],[96.15083873400005,33.75994271400003],[96.17506277900009,33.773618774000056],[96.18505757300005,33.762380361000055],[96.18311203000007,33.78193885700006],[96.20832792000004,33.78432310000005],[96.21548450600005,33.79188785100007],[96.21469864700003,33.77532397700003],[96.22731803500005,33.77538119400003],[96.23104890900004,33.75733717500003],[96.20320079600003,33.74591185000003],[96.20145361000004,33.73837380000003],[96.23295630500007,33.742291591000026],[96.23129303800005,33.72271402200005],[96.24034176200007,33.71673240700005],[96.25022211900006,33.71978806100003],[96.25552471200007,33.73561949200007],[96.26284913600006,33.71758691500003],[96.26995994800006,33.731919127000026],[96.28439518300007,33.72821876300003],[96.28614999900003,33.73500148200003],[96.32403867800008,33.726124420000076],[96.33022630900007,33.74572106100004],[96.34554658200005,33.744271430000026],[96.36976300100008,33.763932915000055],[96.41578485000008,33.74978760600004],[96.39974737200004,33.715111053000044],[96.38538842600008,33.70602801300004],[96.38812745400008,33.69850903500003],[96.40434802000004,33.69480104000007],[96.40350875500008,33.68350540900008],[96.41248118900006,33.68880416600007],[96.44942379500009,33.68139580300004],[96.45129304200003,33.666342590000056],[96.48380282900007,33.64084443200005],[96.46679639700005,33.61972187500004],[96.49561345900008,33.61227155200004],[96.53786628700004,33.61839429200006],[96.55320943700008,33.60111322700004],[96.56217424400006,33.61091726700005],[96.61890806400004,33.58316836400007],[96.62611804700003,33.574901682000075],[96.61807641800004,33.556068003000064],[96.62259314500005,33.54704217700004],[96.63336616900006,33.553081005000024],[96.64058378000004,33.54104911300004],[96.68460667900007,33.55013213800004],[96.69988880000005,33.544879147000074],[96.70619848600006,33.53434647300003],[96.67659555000006,33.50496487300006],[96.69730231300008,33.47638054400005],[96.69285422900003,33.45229006400007],[96.71261493500003,33.44779240200006],[96.71621610900007,33.43951427700006],[96.71443077200007,33.42972930800005],[96.69648591200007,33.43046557400004],[96.72524954500005,33.395109965000074],[96.73152872000009,33.39586910700007],[96.72971288200006,33.41167383800007],[96.75933105200005,33.40491399200005],[96.74588003100007,33.396628246000034],[96.75037387100008,33.39060848500003],[96.77010406800008,33.40040107400006],[96.77283543500005,33.34921785900008],[96.78269290600008,33.356748276000076],[96.78805654300004,33.38008342400008],[96.79971460200005,33.38535547600003],[96.80062251400005,33.36804008400003],[96.81228056200007,33.35825510800004],[96.79793687400007,33.34771862900004],[96.82663946600007,33.30933025100006],[96.83291101300006,33.311584796000034],[96.83381132200003,33.33190625200007],[96.84456144700005,33.323624309000024],[96.86070572300008,33.33265394000006],[96.90372912500004,33.32058388000007],[96.94496721000007,33.32732080000005],[96.95304697900008,33.333332926000026],[96.94947632900005,33.347638439000036],[96.97459303100004,33.35136930300007],[96.97453960000007,33.321259062000024],[96.98350440100006,33.32199912900006],[96.98622055600003,33.33630082500002],[97.00056423500007,33.335526412000036],[97.00772080900003,33.32647769500005],[96.99603985300007,33.31069204600004],[97.01844804100006,33.31441909600005],[97.03544681400007,33.297828508000066],[97.01839461300005,33.288074066000036],[97.01114644700004,33.24969715000003],[97.02455930500008,33.239137767000045],[97.02180498800004,33.206776793000074],[97.04502189200008,33.181896634000054]]}},{"type":"Feature","properties":{"name":"扎曲","level":"river_l1"},"geometry":{"type":"LineString","coordinates":[[94.65338118300008,33.785742492000054],[94.63626031900009,33.792387879000046],[94.58301321200008,33.790797105000024],[94.57507078000003,33.77649540800007],[94.54032549900006,33.76059149300005],[94.52555455900006,33.73928200300003],[94.49213683200009,33.714790966000066],[94.49234283300007,33.695011212000054],[94.46428873200006,33.61920344400005],[94.46432688200008,33.59322463500007],[94.43059634500008,33.544368449000046],[94.42707909400008,33.50707493400006],[94.43948485500005,33.46989204800008],[94.43553271500008,33.45308402500007],[94.45581224000006,33.426529181000035],[94.47606887900008,33.35054974700006],[94.53950151700008,33.32681404400006],[94.57278953900004,33.28071214800008],[94.59892860800005,33.21221354100004],[94.61784242900006,33.198117843000034],[94.63510062200004,33.19858706400004],[94.65499103300004,33.18305318500006],[94.69320778400004,33.18240466900005],[94.72216217900007,33.17120440600007],[94.74752302600007,33.18502162300007],[94.76554418100005,33.181065672000045],[94.78554903700007,33.18895086900005],[94.88630575400003,33.15910003000005],[94.89778069700009,33.14834991400005],[94.89517136700005,33.12871893600004],[94.90177098400005,33.11870126200006],[94.93878988500006,33.12056669900005],[94.95040979000004,33.11187657600004],[94.94348209700007,33.10007357500007],[94.95572763000007,33.08191892600007],[94.97322997200007,33.103251304000025],[95.05033487400004,33.07318683300008],[95.06150463100005,33.06244053100005],[95.08208170700004,33.06380622900008],[95.08012088900006,33.01148620200007],[95.09116857200007,33.00625992000005],[95.10033936800005,32.98090292200004],[95.08695701900007,32.970393140000056],[95.08530902000007,32.95646147800005],[95.10569535200005,32.938516642000025],[95.13822803500005,32.93620486700007],[95.14585765400005,32.949797011000044],[95.16557257800008,32.92360456900008],[95.19454223100007,32.927919108000026],[95.21341789900004,32.91188167200005],[95.21746159200006,32.89440224300006],[95.24551569400006,32.91439943800003],[95.26394121400006,32.89630963800005],[95.28403762200008,32.89536737900005]]}},{"type":"Feature","properties":{"name":"狮泉河(森格藏布、印度河)","level":"river_l1"},"geometry":{"type":"MultiLineString","coordinates":[[[79.85215396500008,32.471445254000066],[79.95201784900009,32.48261914100006],[79.98793051900003,32.459909751000076],[80.0142526750001,32.45794903100004],[80.06126620800008,32.48194428500005],[80.06598126000006,32.491870413000086],[80.10140550700005,32.49688699300001],[80.11145363000009,32.51238274800007],[80.14620650600007,32.509807872000074],[80.16931644900006,32.540364504000046],[80.18389661100008,32.54466001800006],[80.25166286100007,32.52934000000003],[80.3202911050001,32.547494862000065],[80.35711166200008,32.532716443000034],[80.41012213200008,32.54378335300006],[80.43190469300002,32.537332595000095],[80.49801522600005,32.54274219700006],[80.53818512500006,32.54055644500007],[80.55651150900009,32.52625100000006],[80.58122382300009,32.523466274000064],[80.66778163900005,32.544550957000084],[80.69747613600003,32.531222136000075],[80.70963771100008,32.535899121000064],[80.75487376700005,32.511877462000044],[80.77602304600002,32.511095494000095],[80.83735001800007,32.47062827600008],[80.91234156000007,32.44350527500006],[80.97953553100008,32.44200626700006],[81.05021641700006,32.397567866000074],[81.13936082600003,32.383445746000056],[81.17657819300007,32.35144349200006],[81.22720863100005,32.267376868000056],[81.25153217400003,32.18392053200006],[81.27935735900006,32.18306991500007],[81.28081476700005,32.14636008500002],[81.26708152000005,32.134858418000086],[81.26180963900005,32.09217458800004],[81.29971373100007,32.0443027590001],[81.32078677700008,32.02759780700006],[81.36072020500006,32.013212310000014],[81.37248515000005,31.991626291000067],[81.35042049800006,31.949192280000062],[81.27825978300008,31.92094345900005],[81.25453944800006,31.89294656000005],[81.18512550200006,31.838720855000073],[81.19026041700006,31.792826902000066],[81.16310686200006,31.740077652000036],[81.16535765800006,31.725072137000062],[81.20648914500003,31.65811295700008],[81.20582551200003,31.62303585500009],[81.21782700400009,31.593587530000054],[81.24935267100005,31.561455550000062],[81.28693618100004,31.54508444100003],[81.29560350900006,31.52168256600005],[81.32133058900006,31.51038510700006],[81.33345418600005,31.472666292000042],[81.40671377800004,31.445844637000068],[81.43801050800005,31.424901468000055],[81.47562450200007,31.416728365000033],[81.49386695300007,31.401408174000057],[81.53202264500004,31.394131551000044],[81.60630470300005,31.34142455800003],[81.62741584800007,31.335759638000074],[81.67564276200005,31.291862852000094],[81.72418997000004,31.286703471000084],[81.74550722900007,31.250897802000054],[81.76709902500005,31.24856892700007],[81.75320569800006,31.1998862940001]],[[79.8527414420001,32.47208614300006],[79.85215396500008,32.471445254000066]],[[79.30579570100008,32.89470314300007],[79.32068110100003,32.88763055500007],[79.39287289000004,32.79895576900005],[79.41663156300008,32.78399420300008],[79.43112799700003,32.747295872000066],[79.41887489800007,32.73675553500007],[79.45440607500007,32.71763206300007],[79.50500586900006,32.66937882400004],[79.52124929100006,32.67194624100007],[79.56441009100008,32.649477214000065],[79.60168103100007,32.58581594700007],[79.68961262600006,32.50893656700005],[79.71912424600005,32.445816973000035],[79.75695950900007,32.4376610570001],[79.78109953100005,32.44949083600005],[79.81089314500008,32.45038360000009],[79.85215396500008,32.471445254000066]]]}},{"type":"Feature","properties":{"name":"长江","level":"river_l1"},"geometry":{"type":"LineString","coordinates":[[119.74840451700004,32.30450183800008],[119.72785039600001,32.305146652000076],[119.72037326800012,32.28868584800006],[119.72983399800012,32.293110960000035],[119.74840451700004,32.30450183800008]]}},{"type":"Feature","properties":{"name":"长江","level":"river_l1"},"geometry":{"type":"LineString","coordinates":[[119.55226251800002,32.25273232300003],[119.52810725000006,32.25625351300005],[119.51751733300011,32.25093956000006],[119.54744821600002,32.24902436800005],[119.55226251800002,32.25273232300003]]}},{"type":"Feature","properties":{"name":"长江","level":"river_l1"},"geometry":{"type":"LineString","coordinates":[[119.48463369300009,32.239178724000055],[119.49304150800003,32.23952963900007],[119.48724307300006,32.246884598000065],[119.47478390900005,32.242104727000026],[119.48463369300009,32.239178724000055]]}},{"type":"Feature","properties":{"name":"长江","level":"river_l1"},"geometry":{"type":"LineString","coordinates":[[119.04453574000001,32.23231830000003],[119.04006473900006,32.22444076900007],[119.06998051800008,32.24286226000004],[119.06130566600007,32.24249608700006],[119.04453574000001,32.23231830000003]]}},{"type":"Feature","properties":{"name":"长江","level":"river_l1"},"geometry":{"type":"LineString","coordinates":[[119.34685825500003,32.20952706600008],[119.36850352400006,32.22406895100005],[119.31187673800002,32.23249996000004],[119.238823335,32.227750936000064],[119.2861953040001,32.203400833000046],[119.34685825500003,32.20952706600008]]}},{"type":"Feature","properties":{"name":"长江","level":"river_l1"},"geometry":{"type":"LineString","coordinates":[[119.46695617700004,32.27262695500008],[119.48214669000004,32.27145191400007],[119.5003507670001,32.253709196000045],[119.58362784500002,32.26132307200004],[119.58748849900007,32.27173362900004],[119.59005958400007,32.26014044900006],[119.61282622600004,32.25137773700004],[119.61780034700007,32.20245294800003],[119.62468985100008,32.19986647800005],[119.66350175100001,32.220302127000025],[119.68302634200006,32.280385059000025],[119.70003286000008,32.30035542300004]]}},{"type":"Feature","properties":{"name":"长江","level":"river_l1"},"geometry":{"type":"LineString","coordinates":[[119.59827629300003,32.212466896000024],[119.60351040700004,32.24027673100005],[119.58309370400002,32.25215230400005],[119.57281653500002,32.23832753900007],[119.53650714900004,32.218910426000036],[119.54697483400003,32.20331548200005],[119.60987315500006,32.19657820500004],[119.59827629300003,32.212466896000024]]}},{"type":"Feature","properties":{"name":"长江","level":"river_l1"},"geometry":{"type":"LineString","coordinates":[[119.90196450500002,32.19487518900007],[119.90065215300001,32.186887013000046],[119.90490172500006,32.17245180100008],[119.91654462100007,32.19009516800003],[119.90196450500002,32.19487518900007]]}},{"type":"Feature","properties":{"name":"长江","level":"river_l1"},"geometry":{"type":"LineString","coordinates":[[118.84101584100006,32.17119109200007],[118.85928882500002,32.18524852000007],[118.84597541300002,32.21650322100004],[118.83138771100005,32.227814171000034],[118.78515232600012,32.22276744200008],[118.76061539600005,32.20225159600005],[118.77434074300004,32.16226482400003],[118.76692459600008,32.137712832000034],[118.80659868400005,32.163901200000055],[118.84101584100006,32.17119109200007]]}},{"type":"Feature","properties":{"name":"长江","level":"river_l1"},"geometry":{"type":"LineString","coordinates":[[120.54380315500009,32.08673356000003],[120.55575871000008,32.084749798000075],[120.56300678700006,32.08019107600006],[120.55778048800005,32.076570865000065],[120.54380315500009,32.08673356000003]]}},{"type":"Feature","properties":{"name":"长江","level":"river_l1"},"geometry":{"type":"LineString","coordinates":[[120.51777854300008,32.077448495000056],[120.51323130000003,32.076597821000064],[120.51205631500011,32.073114919000034],[120.5144901540001,32.072973758000046],[120.51777854300008,32.077448495000056]]}},{"type":"Feature","properties":{"name":"长江","level":"river_l1"},"geometry":{"type":"LineString","coordinates":[[120.50753195700008,32.07180647000007],[120.50439622100009,32.07513680500006],[120.49963538100008,32.07840611200004],[120.50709713800006,32.08050802200006],[120.50753195700008,32.07180647000007]]}},{"type":"Feature","properties":{"name":"长江","level":"river_l1"},"geometry":{"type":"LineString","coordinates":[[119.7938227940001,32.214064214000075],[119.75627764100011,32.22418507700007],[119.71839695100005,32.25590531600005],[119.70187128500004,32.26028479400003],[119.760283791,32.30399058900008],[119.78812417200004,32.303029106000054],[119.83889129800002,32.27830894500005],[119.86608284500005,32.23621251900005],[119.88845975800007,32.14720175800005],[119.92042712600005,32.06535131600003],[119.88979436400007,32.072450821000075],[119.82983369700003,32.11253321600003],[119.79481387800001,32.114509474000045],[119.78895456500004,32.14257114700007],[119.79637824500003,32.15374082900007],[119.79662259300005,32.179929403000074],[119.83282514300004,32.19674863800003],[119.81348424500004,32.21252674200008],[119.7938227940001,32.214064214000075]]}},{"type":"Feature","properties":{"name":"长江","level":"river_l1"},"geometry":{"type":"LineString","coordinates":[[120.60438959500004,32.06765923700004],[120.61414788000002,32.07235138000004],[120.63182553600006,32.05852264500004],[120.60693786000002,32.06522156800003],[120.60438959500004,32.06765923700004]]}},{"type":"Feature","properties":{"name":"长江","level":"river_l1"},"geometry":{"type":"LineString","coordinates":[[120.5157184520001,32.06453542300005],[120.53055813900005,32.081110626000054],[120.56697401600002,32.05993067400004],[120.5542630760001,32.054895216000034],[120.5157184520001,32.06453542300005]]}},{"type":"Feature","properties":{"name":"长江","level":"river_l1"},"geometry":{"type":"LineString","coordinates":[[120.63502229800008,32.05381898400003],[120.63811230700003,32.05690513600007],[120.658559491,32.04133302400004],[120.64650472200003,32.03954395300008],[120.63502229800008,32.05381898400003]]}},{"type":"Feature","properties":{"name":"长江","level":"river_l1"},"geometry":{"type":"LineString","coordinates":[[120.51159081300011,32.060720651000054],[120.53370896000001,32.05554384800007],[120.5457483880001,32.04680026800003],[120.5194262330001,32.03876264200005],[120.51159081300011,32.060720651000054]]}},{"type":"Feature","properties":{"name":"长江","level":"river_l1"},"geometry":{"type":"LineString","coordinates":[[120.62648463900007,32.03518375600004],[120.63966857700007,32.035641456000064],[120.60136824200004,32.06319594300004],[120.56776745200011,32.05468532500004],[120.56829381000011,32.04392759800004],[120.5889241210001,32.03043836400008],[120.62648463900007,32.03518375600004]]}},{"type":"Feature","properties":{"name":"长江","level":"river_l1"},"geometry":{"type":"LineString","coordinates":[[120.53328914200006,32.031232157000034],[120.5477167680001,32.039765773000056],[120.55253100400012,32.03511932500004],[120.54805237300002,32.027398204000065],[120.53328914200006,32.031232157000034]]}},{"type":"Feature","properties":{"name":"长江","level":"river_l1"},"geometry":{"type":"LineString","coordinates":[[120.55463669300002,32.025109289000056],[120.559252635,32.03008375600007],[120.5686598850001,32.02537243000006],[120.5625409380001,32.023552807000044],[120.55463669300002,32.025109289000056]]}},{"type":"Feature","properties":{"name":"长江","level":"river_l1"},"geometry":{"type":"LineString","coordinates":[[119.95521758300004,32.00174702800007],[119.97471112200003,31.992507484000043],[119.98186760500005,31.982691974000033],[119.97360477400002,31.98498662000003],[119.95521758300004,32.00174702800007]]}},{"type":"Feature","properties":{"name":"长江","level":"river_l1"},"geometry":{"type":"LineString","coordinates":[[120.43601923900007,32.00116448700004],[120.4260474460001,32.01202526700007],[120.43626355700007,32.02316822800003],[120.38222288100008,31.987793932000045],[120.38559511500011,31.98189242400008],[120.42108797300011,31.981361967000055],[120.43353953000008,31.989371060000053],[120.43601923900007,32.00116448700004]]}},{"type":"Feature","properties":{"name":"长江","level":"river_l1"},"geometry":{"type":"LineString","coordinates":[[118.6971891070001,32.002287918000036],[118.65515748600001,31.977278332000026],[118.69165800000007,32.050247572000046],[118.71690447500009,32.070061493000026],[118.69390858100007,32.02972776800004],[118.6971891070001,32.002287918000036]]}},{"type":"Feature","properties":{"name":"扎曲","level":"river_l1"},"geometry":{"type":"LineString","coordinates":[[95.28403762200008,32.89536737900005],[95.32272740500008,32.891960754000024],[95.33649122700007,32.87044907500007],[95.35913593200007,32.88728761400006],[95.36631539700005,32.87191777000004],[95.38618291700004,32.87166217500004],[95.38901350200007,32.85976380300008],[95.40312829100009,32.859161061000066],[95.41326041800005,32.84659509700003],[95.47959992900007,32.84839185800007],[95.48394881400009,32.861240114000054],[95.49477523700006,32.85391950500008],[95.54715255200006,32.85789451900007],[95.57812115100006,32.81828922400007],[95.60466458300004,32.81345586300006],[95.62017558900004,32.80054656500005],[95.62629452800007,32.760601757000074],[95.64205730800006,32.74123399700005],[95.63893678400007,32.70783920900004],[95.69447275500005,32.702116991000025],[95.70332310400005,32.68799840100007],[95.71704878400004,32.69266771700006],[95.74778850100006,32.680174229000045],[95.77919198500007,32.64416629100003],[95.79417655500004,32.65703361900006],[95.80485801100008,32.64233136400003],[95.82560293600005,32.64332702200005],[95.84241096800008,32.61488765800004],[95.93389765400008,32.53729453100004],[95.98914369400006,32.52960768500003],[96.00055760300006,32.54117035100006],[96.03072510300007,32.545130107000034],[96.03417369400006,32.556440999000074],[96.05108855000003,32.552786412000046],[96.09006063100009,32.567324615000075],[96.10882184900004,32.55539190300004],[96.14347556100006,32.55483493000003],[96.15582028400007,32.56694311200005],[96.18163889900006,32.560305345000074],[96.19599782500006,32.54081169500006],[96.24858112000004,32.516232897000066],[96.25135066200005,32.50043961000006],[96.26026967900003,32.49445799500006],[96.28157919400007,32.49380184100005],[96.31007579900006,32.480373722000024],[96.31554622000004,32.45631375500005],[96.32982885200005,32.44207308800003],[96.34759822200004,32.43762502000004],[96.35744041800007,32.423361466000074],[96.38488414800008,32.43400094200007],[96.39471108500004,32.421236606000036],[96.42493198200003,32.40779322700007],[96.41267117300004,32.37539029100003],[96.42612216600008,32.343826602000036],[96.44922463100005,32.33035270600004],[96.47434128100008,32.25818042900005],[96.49123323800006,32.24091462100006],[96.49495646200006,32.19426720200005],[96.54290092900004,32.14471669900007],[96.59774259300008,32.14106590800003],[96.60927093200007,32.126787093000075],[96.63936212100003,32.11253497400003],[96.66144985700004,32.11858142800003],[96.68092825300005,32.10430642400007],[96.69772103300005,32.102818643000035],[96.73483148500009,32.117147027000044],[96.75958957400007,32.10511894000007],[96.76847803200008,32.04115994000006],[96.82147333300009,32.044928940000034],[96.85150348300004,32.03062341200007],[96.84090594400004,32.02235292300003],[96.83640445900005,32.003194982000025],[96.84845160000003,31.975800872000036],[96.86445089300008,31.965455116000044],[96.89021610000003,31.96772300400005],[96.89140631300006,31.957220849000066],[96.89934111900004,31.968417294000062],[96.91520308100007,31.961726120000037],[96.94292147300007,31.969533101000025]]}},{"type":"Feature","properties":{"name":"长江","level":"river_l1"},"geometry":{"type":"LineString","coordinates":[[118.55342369000005,31.869625300000052],[118.54832707700007,31.863603670000032],[118.54917392300001,31.858085562000042],[118.55278274000011,31.86071966000003],[118.55342369000005,31.869625300000052]]}},{"type":"Feature","properties":{"name":"长江","level":"river_l1"},"geometry":{"type":"LineString","coordinates":[[118.53276285200002,31.884209377000047],[118.5077757470001,31.85886971900004],[118.51283397200007,31.831487081000034],[118.52114259500001,31.830779392000068],[118.52640709000002,31.84114798300004],[118.53276285200002,31.884209377000047]]}},{"type":"Feature","properties":{"name":"长江","level":"river_l1"},"geometry":{"type":"LineString","coordinates":[[118.50371665800003,31.83885159400006],[118.49766636600009,31.835599511000055],[118.4979409880001,31.829411909000044],[118.50208387500004,31.83180758000003],[118.50371665800003,31.83885159400006]]}},{"type":"Feature","properties":{"name":"长江","level":"river_l1"},"geometry":{"type":"LineString","coordinates":[[119.70719708800004,32.30552061700007],[119.73322179800005,32.32697870100003],[119.76402249300008,32.330030366000074],[119.81679628200004,32.315579625000055],[119.87987745200007,32.27537132300006],[119.87747403300011,32.26283210200006],[119.8916572920001,32.242674641000065],[119.90004194500011,32.20760135900008],[119.91478223500008,32.196607035000056],[119.92651656100008,32.198159592000025],[119.94225668600006,32.233549366000034],[119.91395796800009,32.161476583000024],[119.91942049700003,32.127681274000054],[119.92969752600004,32.12331709000006],[119.92957537000007,32.112525033000054],[119.9362817760001,32.11176585100003],[119.98351595200006,32.02898832900007],[120.03113944900008,31.973986336000053],[120.18283843400002,31.94740971400006],[120.25361817400005,31.94899436600008],[120.44163508800011,32.06141915500007],[120.49193710200007,32.07583879800006],[120.49730842400004,32.08726408000007],[120.55735334200006,32.09076953700003],[120.57042277400001,32.08320472300005],[120.5690111780001,32.06779295600006],[120.61687172800009,32.08299083000003],[120.65335625600005,32.05995307100005],[120.67342973900008,32.06339390200003],[120.71517107200009,32.04258013900005],[120.79535793900004,32.02464251200007],[120.8169953580001,32.01168352700006],[120.86522928200009,31.966954773000055],[120.9278676130001,31.889224141000057],[120.97436214200002,31.86404622500004],[120.9287296760001,31.87893181800007],[120.94274478700004,31.822026434000065],[120.97594875700008,31.820830305000072]]}},{"type":"Feature","properties":{"name":"长江","level":"river_l1"},"geometry":{"type":"LineString","coordinates":[[118.5223251540001,31.82685205300004],[118.51640458800011,31.82680058400007],[118.50941583300005,31.820372688000077],[118.51616803000002,31.821087927000065],[118.5223251540001,31.82685205300004]]}},{"type":"Feature","properties":{"name":"长江","level":"river_l1"},"geometry":{"type":"LineString","coordinates":[[118.48847236900008,31.788742408000076],[118.49680402400008,31.807932701000027],[118.52029561000006,31.816843944000027],[118.51387135700008,31.798040843000024],[118.48847236900008,31.788742408000076]]}},{"type":"Feature","properties":{"name":"长江","level":"river_l1"},"geometry":{"type":"LineString","coordinates":[[120.97423162200005,31.76002629000004],[120.94170672900009,31.76665468300007],[120.88693383600003,31.758868998000025],[120.82528687500007,31.77596535500004],[120.79454736600007,31.790452216000062],[120.78655169400008,31.808374171000025],[120.73559388500007,31.83795057100008],[120.73579995000011,31.846415602000036],[120.77386382700001,31.826721503000044],[120.80531301400003,31.82825677900007],[120.81385822000004,31.83653865200006],[120.80710638100004,31.881114576000073],[120.76089446100002,31.94675793500005],[120.75532505800004,31.972118728000055],[120.72503575500002,31.994391585000074],[120.61027141500006,31.991607437000027],[120.45059955800002,32.02277140800004],[120.45385708700007,31.983400790000076],[120.43649965400004,31.969083960000034],[120.3961085950001,31.969217705000062],[120.28893554000001,31.946798753000053],[120.20826000600005,31.917457702000036],[120.14018114800001,31.916790492000075],[120.10893049600008,31.93752026800007],[120.00069723500008,31.955810909000036],[119.94801522900002,31.99936854300006],[119.92250956300006,32.00757240300004],[119.94108001900008,32.01111624600003],[119.92258620000007,32.05215592400003],[119.89244938900003,32.062910002000024],[119.87019402100009,32.08319339600007],[119.81310200200005,32.11302923200003],[119.78628400800005,32.11648558600007],[119.78243119100011,32.13319822900007],[119.79206776600006,32.185182403000056],[119.81520837500011,32.19199931500003],[119.80258151100008,32.20679316400003],[119.77550408000002,32.206350798000074],[119.71574175500007,32.24314865300005],[119.69490537100012,32.247936337000056],[119.6629446500001,32.20194151600003],[119.6020527180001,32.183115833000045],[119.56086819600011,32.18642730200003]]}},{"type":"Feature","properties":{"name":"长江","level":"river_l1"},"geometry":{"type":"LineString","coordinates":[[118.44698986800006,31.733428068000023],[118.43436265200012,31.70015547500003],[118.41681456700007,31.69769502200006],[118.41689106800004,31.72653297900007],[118.44615070100008,31.745812811000064],[118.44698986800006,31.733428068000023]]}},{"type":"Feature","properties":{"name":"通天河","level":"river_l1"},"geometry":{"type":"LineString","coordinates":[[97.04502189200008,33.181896634000054],[97.07805811000009,33.154727587000025],[97.12272950100004,33.13730917000004],[97.16369287300006,33.089776699000026],[97.17426748900004,33.050606293000044],[97.24643599000007,33.00520627700007],[97.25260833600004,32.98862332300007],[97.24363590000007,32.979624208000075],[97.26033708400007,32.926121582000064],[97.27373469100007,32.92833034500006],[97.28438562500008,32.917000373000064],[97.32278548900007,32.92437054900006],[97.32804991000006,32.90854292800003],[97.34411788200003,32.90922195300004],[97.34936704300009,32.892642814000055],[97.37343084800005,32.888766959000066],[97.37246187600005,32.87673125500004],[97.38579080800008,32.86913978800004],[97.38215910200006,32.85861856300005],[97.39093314000007,32.83675210500007],[97.37839004300008,32.82702436500006],[97.38437925700003,32.78785777600007],[97.42669304600008,32.72216683600004],[97.42657858700005,32.70485907400007],[97.48760783400007,32.65410307600007],[97.51336541000006,32.648689853000064],[97.51684450500005,32.63888199200005],[97.53463676800004,32.63953049600008],[97.54606591700008,32.62365709200003],[97.58511427900004,32.614379464000024],[97.60558453900006,32.61725581200005],[97.61072687900008,32.595396986000026],[97.62393373000003,32.581762869000045],[97.70878263200007,32.53449739700005],[97.73005399400006,32.529820433000054],[97.75676528100007,32.53563417500004],[97.76547828600008,32.51976077200004],[97.78684121200007,32.524105818000066],[97.80793707700008,32.50436419500005],[97.83195510800005,32.507927204000055],[97.88059388500005,32.490947479000056],[97.93203274300004,32.48671682300005],[97.94784892100006,32.47377318400004],[97.96917369500005,32.47507783000003],[98.02215371700004,32.454233704000046],[98.03783255300004,32.43300049700002],[98.07315002500007,32.42059472900007],[98.07822370000008,32.40322974000003],[98.09774788400006,32.40377524100006],[98.11002392400007,32.394612074000065],[98.12435234900005,32.403489110000066],[98.13995488400008,32.37923457800002],[98.17096163500008,32.37738055900007],[98.19555949600004,32.36280036000005],[98.21213099800008,32.34529802900005],[98.20731668500008,32.321272401000044],[98.23129650300007,32.26905916800007],[98.22052347800008,32.26015542600004],[98.22540640100004,32.233005466000066],[98.24129125300004,32.22980864800007],[98.25871727300006,32.21304257300005],[98.29980264900007,32.12975393600004],[98.31213973200005,32.12734297000003],[98.31194134800006,32.115303451000045],[98.32517109600008,32.11363255600003],[98.34334481000008,32.09082383100008],[98.35746722400006,32.089889192000044],[98.40267263600003,32.04791105700008],[98.40326772700007,32.03209869600005],[98.43208475600005,32.01365028300006],[98.43209996100006,31.967918419000057],[98.42169314600005,31.948785281000028],[98.42770526100009,31.931130365000058],[98.39760640600008,31.905056209000065],[98.41927446300008,31.866692620000038],[98.41281214700007,31.838152173000026],[98.43855445600008,31.833147129000054],[98.44745055800007,31.810204893000048],[98.46240458900007,31.801621572000045],[98.45664421700008,31.789543910000077],[98.47754172200007,31.785486848000062],[98.48756701400004,31.768934407000074],[98.50146053200007,31.763103468000054],[98.52193073200004,31.71992368900004],[98.54394979700004,31.721794831000068],[98.55492877800003,31.695392567000056],[98.54652093500005,31.68745778300007],[98.55635549700008,31.679595464000045],[98.55983457100007,31.65485836700003],[98.58591256600005,31.637468563000027]]}},{"type":"Feature","properties":{"name":"长江","level":"river_l1"},"geometry":{"type":"LineString","coordinates":[[118.41418971400003,31.65932199200006],[118.4160512850001,31.65217305300007],[118.40150144900008,31.623987501000045],[118.40648374300008,31.64787382600008],[118.41418971400003,31.65932199200006]]}},{"type":"Feature","properties":{"name":"长江","level":"river_l1"},"geometry":{"type":"LineString","coordinates":[[118.45826523300002,31.56761595200004],[118.46896224600005,31.613076832000047],[118.4453796470001,31.680377603000068],[118.45680140900004,31.716888965000066],[118.48666397700003,31.76383560800008],[118.51899839900011,31.79170634600007],[118.5752139980001,31.895285417000025],[118.59331908500008,31.903429913000025],[118.61305709100009,31.93715261400007],[118.64114182700007,31.96443780000004],[118.70372763600005,31.99773301600004],[118.7029725220001,32.02735110200007],[118.72280973500006,32.06365641700006],[118.72961558600002,32.09811162600005],[118.74575233400003,32.119146329000046],[118.87346454900012,32.176707115000056],[118.93664517400009,32.16985158700004],[119.00756993900006,32.17669876600007],[119.07229982100012,32.230372604000024],[119.09437993100005,32.23874214800003],[119.15741564100006,32.238440438000055],[119.29496157400001,32.185597131000065],[119.33546712000009,32.18952615100005],[119.36748102000001,32.20572741600006],[119.38898141700008,32.232217244000026],[119.40738407100002,32.241826616000026],[119.45097961200008,32.24697253700003],[119.44767591800007,32.23653527300007],[119.43084502500005,32.23537566700003],[119.42171989700012,32.217816209000034],[119.46476610700006,32.222977393000065],[119.46921424800007,32.23451712700006],[119.49385020800003,32.23466958400007],[119.52723704000005,32.19883701900005],[119.56086819600011,32.18642730200003]]}},{"type":"Feature","properties":{"name":"长江","level":"river_l1"},"geometry":{"type":"LineString","coordinates":[[118.39670956100008,31.552811043000077],[118.45725837400005,31.60266249700004],[118.4329052380001,31.677310571000078],[118.42293330400003,31.669822176000025],[118.41817221300005,31.638147941000057],[118.39938033100009,31.611230830000068],[118.39171232400008,31.573689453000043],[118.39670956100008,31.552811043000077]]}},{"type":"Feature","properties":{"name":"长江","level":"river_l1"},"geometry":{"type":"LineString","coordinates":[[118.38335758000005,31.525636405000057],[118.38653157800002,31.53790286800006],[118.43557483900008,31.57034364900005],[118.45857824200004,31.595299932000046],[118.44401314600009,31.566891214000066],[118.38335758000005,31.525636405000057]]}},{"type":"Feature","properties":{"name":"长江","level":"river_l1"},"geometry":{"type":"LineString","coordinates":[[118.31786479400012,31.47602149100004],[118.31471388000011,31.49144854700006],[118.32201545900011,31.499709452000047],[118.34377502300003,31.49405008900004],[118.33384109600001,31.466179233000048],[118.31498076800005,31.470383236000032],[118.31786479400012,31.47602149100004]]}},{"type":"Feature","properties":{"name":"长江","level":"river_l1"},"geometry":{"type":"LineString","coordinates":[[118.31957375200011,31.465828344000045],[118.32927092500006,31.459827619000066],[118.31868097600011,31.449602110000058],[118.31574358600005,31.450143826000044],[118.31957375200011,31.465828344000045]]}},{"type":"Feature","properties":{"name":"长江","level":"river_l1"},"geometry":{"type":"LineString","coordinates":[[118.31146315700005,31.41757120300008],[118.30537523500004,31.488480683000034],[118.32079476800004,31.50589324500004],[118.34144040300009,31.499119966000023],[118.35431925600005,31.513169798000035],[118.40648429300006,31.725443909000035],[118.44764615500003,31.753305065000063],[118.50570822000009,31.871967835000078],[118.5594361850001,31.921617135000076],[118.59980450900002,31.940528778000044],[118.62931599400008,31.969833892000054],[118.65469257400002,32.04507108800004],[118.69398521700009,32.07635602900007],[118.73912994600005,32.132929225000055],[118.756510219,32.14036798600006],[118.75786098300011,32.18465776800008],[118.7527644600001,32.19103613600004],[118.74254077,32.18656524800008],[118.76992364300008,32.22122634500005],[118.78721238300011,32.23165590700006],[118.8245592940001,32.237473272000045],[118.84872974400002,32.22283958300005],[118.86639965800009,32.19211893100004],[118.91435922900007,32.18352012300005],[119.01872465000008,32.20937243800006],[119.01101114900007,32.21195128200003],[119.03103891500007,32.222705086000076],[119.04365077500006,32.24130978000005],[119.06459406700003,32.24857685500007],[119.14513209400002,32.251769403000026],[119.23178888600012,32.23261865500007],[119.32409939200011,32.23822590300006],[119.37791087900007,32.23265600700006],[119.41624983300005,32.26468101200004],[119.46355338000001,32.27289019400007]]}},{"type":"Feature","properties":{"name":"长江","level":"river_l1"},"geometry":{"type":"LineString","coordinates":[[118.32830949700008,31.445718597000052],[118.33667904700008,31.42927677800003],[118.3300106910001,31.416192059000025],[118.32602046600005,31.423859821000065],[118.32830949700008,31.445718597000052]]}},{"type":"Feature","properties":{"name":"长江","level":"river_l1"},"geometry":{"type":"LineString","coordinates":[[118.25718530100005,31.284547597000028],[118.26543293300006,31.290494823000074],[118.29914811100002,31.290683484000056],[118.28506385000003,31.28627746500007],[118.25718530100005,31.284547597000028]]}},{"type":"Feature","properties":{"name":"长江","level":"river_l1"},"geometry":{"type":"LineString","coordinates":[[118.18307141900004,31.283868940000048],[118.19350112300003,31.290907188000062],[118.2190526600001,31.29477526200003],[118.19958948100009,31.282495529000073],[118.18307141900004,31.283868940000048]]}},{"type":"Feature","properties":{"name":"长江","level":"river_l1"},"geometry":{"type":"LineString","coordinates":[[118.24183453900002,31.281774317000043],[118.26179353900011,31.27915154300007],[118.29026720600007,31.282464549000053],[118.26422733600009,31.272902892000047],[118.24183453900002,31.281774317000043]]}},{"type":"Feature","properties":{"name":"长江","level":"river_l1"},"geometry":{"type":"LineString","coordinates":[[118.03446972900008,31.271870247000038],[118.04222144800008,31.279219415000057],[118.0508428500001,31.273495268000033],[118.05025536400001,31.272366091000038],[118.03446972900008,31.271870247000038]]}},{"type":"Feature","properties":{"name":"长江","level":"river_l1"},"geometry":{"type":"LineString","coordinates":[[118.01064977600004,31.219165128000043],[118.02101105500003,31.26169815800006],[118.05614536100006,31.265114132000065],[118.06894751100003,31.219904905000078],[118.01064977600004,31.219165128000043]]}},{"type":"Feature","properties":{"name":"长江","level":"river_l1"},"geometry":{"type":"LineString","coordinates":[[118.01213732200006,31.18616140200004],[118.02675576100012,31.206148959000075],[118.06627710300006,31.212651081000047],[118.03675802900011,31.187113070000066],[118.01213732200006,31.18616140200004]]}},{"type":"Feature","properties":{"name":"扎曲","level":"river_l1"},"geometry":{"type":"LineString","coordinates":[[96.94292147300007,31.969533101000025],[96.97302791300007,31.948082445000068],[96.98350335100008,31.918344139000055],[97.00217300200006,31.900034979000054],[96.98909583100004,31.881842188000064],[96.99616083000006,31.84927139100006],[97.01206856200008,31.832720857000027],[96.99815976400004,31.815426452000054],[97.00194403000006,31.78437204200003],[97.08871555100006,31.69101039900005],[97.08875366900008,31.65069746100005],[97.08026189600008,31.63216705700006],[97.08994385700004,31.60789727100007],[97.10422649000009,31.605953621000026],[97.12607768700008,31.586555332000046],[97.12704663800008,31.57375094300005],[97.17688324400007,31.542419933000076],[97.20463974600005,31.505511692000027],[97.20565446700004,31.482857480000064],[97.17422807700007,31.461269523000055],[97.18474930500008,31.450982899000053],[97.18067508000007,31.436454222000066],[97.19511029500006,31.420989000000077],[97.21964708000007,31.358573075000038],[97.20810345900009,31.335392427000045],[97.17925588800006,31.326002304000042],[97.15096526100007,31.292334769000036],[97.16408817500007,31.267450797000038],[97.16722391700006,31.22949540600007],[97.19858160100006,31.20229202200005],[97.17470088800007,31.16506718100004],[97.17894293500007,31.14179878300007]]}},{"type":"Feature","properties":{"name":"长江","level":"river_l1"},"geometry":{"type":"LineString","coordinates":[[117.79480787400007,31.118928593000078],[117.80197210800009,31.12561971200006],[117.83354332800002,31.119563564000032],[117.8043524840001,31.117087905000062],[117.79480787400007,31.118928593000078]]}},{"type":"Feature","properties":{"name":"长江","level":"river_l1"},"geometry":{"type":"LineString","coordinates":[[117.83763297300004,31.14654560500003],[117.87102013200001,31.154550791000077],[117.88966679500004,31.14492024200007],[117.88270066000007,31.098171842000056],[117.85736304400007,31.137729510000042],[117.83763297300004,31.14654560500003]]}},{"type":"Feature","properties":{"name":"长江","level":"river_l1"},"geometry":{"type":"LineString","coordinates":[[117.77150703100006,31.109881916000063],[117.7731015600001,31.101371095000047],[117.76129840400006,31.075565957000038],[117.76290835700001,31.09177883800004],[117.77150703100006,31.109881916000063]]}},{"type":"Feature","properties":{"name":"长江","level":"river_l1"},"geometry":{"type":"LineString","coordinates":[[117.77549665800007,31.01273044900006],[117.76765367900009,31.049093138000046],[117.78249364700002,31.109847529000035],[117.83920444600005,31.11347130400003],[117.86388599800011,31.085838696000053],[117.89168051400009,31.071622714000057],[117.85860611800001,31.055984117000037],[117.83142977700004,31.09672628900006],[117.81069255600005,31.099076308000065],[117.81507917200008,31.039449094000076],[117.79512000400007,31.01705251800007],[117.77549665800007,31.01273044900006]]}},{"type":"Feature","properties":{"name":"长江","level":"river_l1"},"geometry":{"type":"LineString","coordinates":[[117.7334958240001,31.024976158000072],[117.73869149400002,31.01248839200008],[117.73473931900003,31.005719054000053],[117.73242762400002,31.016532109000025],[117.7334958240001,31.024976158000072]]}},{"type":"Feature","properties":{"name":"长江","level":"river_l1"},"geometry":{"type":"LineString","coordinates":[[109.46091911600007,31.004709578000075],[109.52028522200004,31.039862780000078],[109.56830596000009,31.041770024000073]]}},{"type":"Feature","properties":{"name":"长江","level":"river_l1"},"geometry":{"type":"LineString","coordinates":[[109.56830596000009,31.041770024000073],[109.54505088200006,31.031756247000033],[109.52025467500005,31.033440562000067],[109.46091911600007,31.004709578000075]]}},{"type":"Feature","properties":{"name":"长江","level":"river_l1"},"geometry":{"type":"LineString","coordinates":[[108.82229046600008,30.952582333000066],[108.87743726000008,30.954983580000032],[108.96854990900005,30.933084429000075],[109.06659799800008,30.942325479000033],[109.18253757400004,30.966854287000046],[109.28242430400007,30.954600828000025],[109.45128288800004,30.99601758500006],[109.46091911600007,31.004709578000075]]}},{"type":"Feature","properties":{"name":"长江","level":"river_l1"},"geometry":{"type":"LineString","coordinates":[[117.74761841300005,31.056451982000056],[117.7608326300001,31.020417339000062],[117.76766072300006,30.961415740000064],[117.74596192000001,30.925776102000043],[117.7390573560001,30.958682579000026],[117.74761841300005,31.056451982000056]]}},{"type":"Feature","properties":{"name":"长江","level":"river_l1"},"geometry":{"type":"LineString","coordinates":[[117.73084695700004,30.814427959000056],[117.72553692400004,30.839281391000043],[117.73363952200009,30.834736020000037],[117.73595879600009,30.816133148000063],[117.70975864000002,30.79639551400004],[117.71524445800003,30.817554262000044],[117.73084695700004,30.814427959000056]]}},{"type":"Feature","properties":{"name":"长江","level":"river_l1"},"geometry":{"type":"LineString","coordinates":[[109.56830596000009,31.041770024000073],[109.58481641300006,31.039187350000077],[109.62222422400004,31.00761974900007],[109.68802954500006,31.004138528000055],[109.74151316000007,31.02430720600006],[109.76887301000005,31.044588506000025],[109.84655768000005,31.053585458000043],[109.89229721800007,31.067312868000045],[109.96345087800006,31.061140283000043],[109.99962267100005,31.025574772000027],[110.02118391500005,31.021988787000055],[110.16372786300008,31.03515318600006],[110.27091606800008,31.013841437000053],[110.29095905300005,31.01733191200003],[110.33649268700009,31.052017834000026],[110.36294453300007,31.054293272000052],[110.39195990000007,31.050804537000033],[110.41277337700006,31.033166734000076],[110.43295365200004,31.02746163000006],[110.51019581000008,31.03882565600003],[110.60952542700005,30.998283516000072],[110.68118264200007,30.99447037400006],[110.70612371500005,30.973294328000065],[110.80980982300008,30.93139982300005],[110.84386052900004,30.88667688700008],[110.88649475300008,30.887489290000076],[110.95511531800008,30.870263316000035],[111.01533553800004,30.82122765500003],[111.04246640000008,30.820374951000076],[111.09083824300006,30.854767115000072],[111.15367559300006,30.84325763800007],[111.17166605700004,30.81429751400003],[111.15235538400009,30.782932292000055],[111.26364830000006,30.764187872000036]]}},{"type":"Feature","properties":{"name":"金沙江","level":"river_l1"},"geometry":{"type":"LineString","coordinates":[[98.58591256600005,31.637468563000027],[98.62103924800005,31.593453329000056],[98.64770473000004,31.582453319000024],[98.68349520600003,31.55259863400005],[98.70901621400009,31.516199663000066],[98.78773087400003,31.47696052200007],[98.81087908000006,31.447660902000052],[98.83775819000005,31.437074797000037],[98.84731806400004,31.41340393200005],[98.86749074400007,31.40242681600006],[98.88348238300006,31.380510755000046],[98.87088586700008,31.35937294000007],[98.81748617000005,31.324944387000073],[98.80463022300006,31.283893298000066],[98.78020780000008,31.255091553000057],[98.74408160700006,31.269648876000076],[98.68831685900005,31.33839359500007],[98.66754906300008,31.344771965000064],[98.63436024600009,31.340510859000062],[98.60497853100009,31.273049898000068],[98.60245308900005,31.238979889000063],[98.62220612600004,31.21614254900004],[98.60244540500008,31.192755913000042],[98.61432469600004,31.18120467700004],[98.63595464700006,31.182835487000034],[98.67245467700008,31.156629661000068],[98.68341840500005,31.137530837000043],[98.70774158600005,31.12058545700006],[98.71031273000006,31.09195535300006],[98.72074238700009,31.073772082000062],[98.73399501500006,31.06791634700005],[98.73824468200007,31.046362702000067],[98.77244821300008,31.033424765000063],[98.80269195500006,31.004270100000042],[98.80021227600008,30.95898266100005],[98.77463777000008,30.917595879000032],[98.78569304100006,30.888872304000074],[98.85247497800003,30.85153294500003],[98.90051093100004,30.790114561000053],[98.95214811900007,30.777384513000072],[98.96175378000004,30.762852009000028]]}},{"type":"Feature","properties":{"name":"长江","level":"river_l1"},"geometry":{"type":"LineString","coordinates":[[111.26733327600004,30.738848046000044],[111.27329201600008,30.743099620000066],[111.25895591000005,30.725656495000067],[111.26413644600007,30.733194523000066],[111.26733327600004,30.738848046000044]]}},{"type":"Feature","properties":{"name":"长江","level":"river_l1"},"geometry":{"type":"LineString","coordinates":[[117.43327700300006,30.733668239000053],[117.44882625900004,30.755755842000042],[117.52149046700004,30.748625632000028],[117.47262276000004,30.724548774000027],[117.43327700300006,30.733668239000053]]}},{"type":"Feature","properties":{"name":"长江","level":"river_l1"},"geometry":{"type":"LineString","coordinates":[[111.27981526300005,30.730064423000044],[111.27416169200006,30.72258934100006],[111.27129291900008,30.713698959000055],[111.27167447300008,30.729051622000043],[111.27953300300004,30.737491840000075],[111.27981526300005,30.730064423000044]]}},{"type":"Feature","properties":{"name":"长江","level":"river_l1"},"geometry":{"type":"LineString","coordinates":[[117.44147857600001,30.69662842100007],[117.47710884000003,30.705903929000044],[117.48711896100008,30.720331445000056],[117.43619144800005,30.724445951000064],[117.39544928400005,30.704281128000048],[117.4503822260001,30.68337958500007],[117.4749190760001,30.694963100000052],[117.44147857600001,30.69662842100007]]}},{"type":"Feature","properties":{"name":"长江","level":"river_l1"},"geometry":{"type":"LineString","coordinates":[[117.30901342300001,30.675010602000043],[117.29093885000009,30.665092215000072],[117.28407216900007,30.65791089100003],[117.30305462400008,30.661628320000034],[117.30901342300001,30.675010602000043]]}},{"type":"Feature","properties":{"name":"长江","level":"river_l1"},"geometry":{"type":"LineString","coordinates":[[114.3465172870001,30.638396182000065],[114.37064986200005,30.666112505000058],[114.39985606100004,30.68330186700007],[114.4729171250001,30.68905618200006],[114.3465172870001,30.638396182000065]]}},{"type":"Feature","properties":{"name":"长江","level":"river_l1"},"geometry":{"type":"LineString","coordinates":[[117.25041041600002,30.66044407800007],[117.24027086000001,30.687666524000065],[117.23000144800005,30.69108463200007],[117.2135748820001,30.68341124500006],[117.2002763700001,30.663309232000074],[117.21254458500005,30.63627370100005],[117.25041041600002,30.66044407800007]]}},{"type":"Feature","properties":{"name":"澜沧江","level":"river_l1"},"geometry":{"type":"LineString","coordinates":[[97.17894293500007,31.14179878300007],[97.17979743800004,31.12417820400003],[97.19425554500003,31.114671705000035],[97.18899873500004,31.10423631200007],[97.20120609000008,31.07382659700005],[97.22335483400008,31.04914671100005],[97.30615898400004,31.019913822000035],[97.33943932400007,30.98744982200003],[97.34453588300005,30.960988433000068],[97.36287746900007,30.96231978900005],[97.35942887100003,30.944828915000073],[97.36743995600006,30.93561425200005],[97.35598789500006,30.91839995600003],[97.35906261800005,30.905410548000077],[97.33732580700007,30.84282298200003],[97.36441849600004,30.767593127000055],[97.36512803100004,30.744694766000066],[97.44834413900008,30.674599603000047],[97.49692948500007,30.657783917000074],[97.50521523300006,30.646965128000033],[97.49797472000006,30.631684936000056],[97.51858992300004,30.62572620000003]]}},{"type":"Feature","properties":{"name":"长江","level":"river_l1"},"geometry":{"type":"LineString","coordinates":[[114.79551131900007,30.608434748000036],[114.79526722100002,30.616857825000068],[114.82844831600005,30.61266140300006],[114.84121267300009,30.619722541000044],[114.85440411700006,30.597028245000047],[114.84481365600004,30.587214716000062],[114.8286771600001,30.60510619300004],[114.83787830000006,30.57807830200005],[114.83175933100006,30.572598369000048],[114.81566104000001,30.600333935000037],[114.79551131900007,30.608434748000036]]}},{"type":"Feature","properties":{"name":"长江","level":"river_l1"},"geometry":{"type":"LineString","coordinates":[[114.87230328400005,30.619947481000054],[114.88016164200008,30.597871205000047],[114.84369964700011,30.57188304300007],[114.87543862000007,30.545474960000035],[114.8975340290001,30.562116926000044],[114.90239420400007,30.58315933600005],[114.87230328400005,30.619947481000054]]}},{"type":"Feature","properties":{"name":"长江","level":"river_l1"},"geometry":{"type":"LineString","coordinates":[[117.01046629200005,30.501219372000037],[117.10659157400005,30.50508140000005],[117.16971902000012,30.534041138000077],[117.232235951,30.539860313000077],[117.2427421210001,30.574214425000036],[117.20370942900001,30.622866636000026],[117.19265435500006,30.65537258200004],[117.19813256700002,30.68090118300006],[117.21069095700011,30.693007383000065],[117.2397444720001,30.69607243400003],[117.25835286900008,30.66752621200004],[117.37446032700007,30.712904580000043],[117.45199258900004,30.76316988600007],[117.53602487500007,30.753485614000056],[117.68052972900011,30.805959355000027],[117.71868556400011,30.841669488000036],[117.72956616800002,30.962745385000062],[117.72179203700011,31.02657843000003],[117.76717351800005,31.124135929000033],[117.84897063100004,31.158501124000054],[117.87196623200009,31.159063692000075],[117.8967165680001,31.149047817000053],[117.894450344,31.114308376000054],[117.9019805580001,31.08527010100005],[117.92091715300012,31.07677254500004],[117.94833795400007,31.082702510000047],[117.99205577300006,31.118879922000076],[117.9897981580001,31.228366524000023],[118.0241317120001,31.284003262000056],[118.05124731100011,31.286946242000056],[118.07614991000003,31.229050845000074],[118.0893032890001,31.222973807000074],[118.19044170000006,31.29735611800004],[118.33849404400007,31.307598093000024],[118.33040713900004,31.374450547000038],[118.31146315700005,31.41757120300008]]}},{"type":"Feature","properties":{"name":"当却藏布(马泉河)","level":"river_l1"},"geometry":{"type":"LineString","coordinates":[[82.00704534300007,30.48836730900007],[82.04497215400005,30.476348878000067]]}},{"type":"Feature","properties":{"name":"长江","level":"river_l1"},"geometry":{"type":"LineString","coordinates":[[114.25017756500006,30.49772586100005],[114.2358948750001,30.482821499000067],[114.23247676500011,30.473889161000045],[114.245965952,30.484215766000034],[114.25017756500006,30.49772586100005]]}},{"type":"Feature","properties":{"name":"长江","level":"river_l1"},"geometry":{"type":"LineString","coordinates":[[117.14116886800002,30.500818199000037],[117.14901218800003,30.516229945000077],[117.17904234500008,30.52798510100007],[117.16220361500007,30.49398579500007],[117.1892278140001,30.52182796900007],[117.21268121100002,30.525697970000067],[117.17038252900011,30.492219505000037],[117.21360429800006,30.511026253000068],[117.2233245000001,30.52662300700007],[117.23094644800005,30.52394879800005],[117.22155427200005,30.501018092000038],[117.19400375600003,30.49288316700006],[117.21860918200002,30.49054839400003],[117.1911043880001,30.473711914000035],[117.16337847400007,30.478394711000078],[117.14116886800002,30.500818199000037]]}},{"type":"Feature","properties":{"name":"当却藏布(马泉河)","level":"river_l1"},"geometry":{"type":"LineString","coordinates":[[82.08176214000008,30.46831500500008],[82.07464369100006,30.475687091000054],[82.04497215400005,30.476348878000067]]}},{"type":"Feature","properties":{"name":"长江","level":"river_l1"},"geometry":{"type":"LineString","coordinates":[[114.20034845000009,30.459732574000043],[114.25985202700008,30.521463409000035],[114.2871586120001,30.56681935200004]]}},{"type":"Feature","properties":{"name":"当却藏布(马泉河)","level":"river_l1"},"geometry":{"type":"LineString","coordinates":[[82.08176214000008,30.46831500500008],[82.04706273000005,30.458610054000076],[82.04497215400005,30.476348878000067]]}},{"type":"Feature","properties":{"name":"长江","level":"river_l1"},"geometry":{"type":"LineString","coordinates":[[114.82972915200003,30.44924112800004],[114.84003669100002,30.440978229000052],[114.8421500710001,30.437768066000046],[114.83420003100002,30.43778717400005],[114.82972915200003,30.44924112800004]]}},{"type":"Feature","properties":{"name":"长江","level":"river_l1"},"geometry":{"type":"LineString","coordinates":[[116.93732105600009,30.450919699000053],[116.9125706430001,30.44956365400003],[116.90940450100004,30.471826831000044],[116.896960637,30.472511645000054],[116.87410985300005,30.44865782100004],[116.87043982400007,30.417588215000023],[116.88036588500006,30.411000012000045],[116.88570667900001,30.423495358000025],[116.93732105600009,30.450919699000053]]}},{"type":"Feature","properties":{"name":"当却藏布(马泉河)","level":"river_l1"},"geometry":{"type":"LineString","coordinates":[[82.32097328000003,30.433051615000068],[82.29012679200008,30.431376835000037],[82.28165033400006,30.42173680700006],[82.28748704000003,30.405451432000064]]}},{"type":"Feature","properties":{"name":"当却藏布(马泉河)","level":"river_l1"},"geometry":{"type":"LineString","coordinates":[[82.28748704000003,30.405451432000064],[82.29570414100004,30.400866062000034],[82.31583101400008,30.40820961000003],[82.32097328000003,30.433051615000068]]}},{"type":"Feature","properties":{"name":"当却藏布(马泉河)","level":"river_l1"},"geometry":{"type":"LineString","coordinates":[[82.08176214000008,30.46831500500008],[82.15817269400003,30.452174783000032],[82.17315730600006,30.43335640500004],[82.24429587800006,30.396000145000073],[82.28748704000003,30.405451432000064]]}},{"type":"Feature","properties":{"name":"长江","level":"river_l1"},"geometry":{"type":"LineString","coordinates":[[116.92655560500009,30.436028685000053],[116.89720443700003,30.417105518000028],[116.89488485400011,30.387157456000068],[116.90245331400001,30.371682692000036],[116.91269234000004,30.389352789000043],[116.92555587300001,30.39529809100003],[116.9174228810001,30.42017061300004],[116.92655560500009,30.436028685000053]]}},{"type":"Feature","properties":{"name":"长江","level":"river_l1"},"geometry":{"type":"LineString","coordinates":[[116.92729539000004,30.390459012000065],[116.91080012700002,30.377481146000036],[116.90777107800011,30.36151241600004],[116.93009535500005,30.37506819600003],[116.92729539000004,30.390459012000065]]}},{"type":"Feature","properties":{"name":"长江","level":"river_l1"},"geometry":{"type":"LineString","coordinates":[[111.64322666400005,30.361547657000074],[111.64487462200009,30.354175549000047],[111.64163966300003,30.35240740100005],[111.64102169500006,30.358612176000065],[111.64322666400005,30.361547657000074]]}},{"type":"Feature","properties":{"name":"长江","level":"river_l1"},"geometry":{"type":"LineString","coordinates":[[114.10311612300006,30.326857790000076],[114.10939537200011,30.343354864000048],[114.11784900900011,30.351161817000047],[114.11182915500001,30.33260284200003],[114.10311612300006,30.326857790000076]]}},{"type":"Feature","properties":{"name":"长江","level":"river_l1"},"geometry":{"type":"LineString","coordinates":[[112.17681011800005,30.30398608200005],[112.18019006100008,30.310095472000057],[112.19512120200011,30.312941258000023],[112.23046148700007,30.308401513000035],[112.17681011800005,30.30398608200005]]}},{"type":"Feature","properties":{"name":"长江","level":"river_l1"},"geometry":{"type":"LineString","coordinates":[[115.07209812600001,30.374023692000037],[115.10028172400007,30.351008888000024],[115.10250178100011,30.32399056400004],[115.09018748400001,30.301616822000028],[115.07209812600001,30.374023692000037]]}},{"type":"Feature","properties":{"name":"长江","level":"river_l1"},"geometry":{"type":"LineString","coordinates":[[111.81203891500007,30.301147307000065],[111.78754041600007,30.331709671000056],[111.77313593000008,30.372823735000054],[111.75537426200009,30.381685582000046],[111.71965243700004,30.374414702000024],[111.66095009000009,30.33321506900006],[111.64047222600004,30.329966841000044],[111.65906579400007,30.37795887200008],[111.66495585500007,30.379902491000053],[111.66230071000007,30.370787035000035],[111.76134839100007,30.412965016000044],[111.81580082500005,30.40744289400004],[111.87081026800007,30.411974675000067],[111.89885658900005,30.393468975000076],[111.92316431800003,30.356932635000078]]}},{"type":"Feature","properties":{"name":"长江","level":"river_l1"},"geometry":{"type":"LineString","coordinates":[[111.92316431800003,30.356932635000078],[111.91059067700007,30.344832134000058],[111.89222592400006,30.282193178000057],[111.85276567300008,30.290860549000058],[111.82642064000004,30.28616271900006],[111.81980586200007,30.303958787000056],[111.81203891500007,30.301147307000065]]}},{"type":"Feature","properties":{"name":"长江","level":"river_l1"},"geometry":{"type":"LineString","coordinates":[[111.98619974800005,30.289929249000068],[111.99332583000006,30.297102954000025],[112.04454327400003,30.28445098000003],[112.01519979900002,30.277796169000055],[111.98619974800005,30.289929249000068]]}},{"type":"Feature","properties":{"name":"长江","level":"river_l1"},"geometry":{"type":"LineString","coordinates":[[111.26364830000006,30.764187872000036],[111.27114819800005,30.763995198000032],[111.28602581600006,30.74196276300006],[111.27362752600004,30.702983175000043],[111.32637841500008,30.665834458000063],[111.39284716700007,30.595634259000065],[111.42064908200007,30.52199515600006],[111.45225833500007,30.483351113000026],[111.44652060700008,30.427296453000054],[111.45144926200004,30.41321982200003],[111.50628324500008,30.421572130000072],[111.53262813500004,30.39607390900005],[111.52753899800007,30.355596986000023],[111.50436778600005,30.331745028000057],[111.51143268800007,30.308911514000044],[111.53963157700008,30.284750373000065],[111.57568140200004,30.27670482900004],[111.60243845900004,30.286716677000072],[111.61498921700007,30.30022102600003],[111.63072173900008,30.359737580000058],[111.66299507500008,30.38544349600005],[111.74379271600009,30.420443997000064],[111.80656142700008,30.417500649000033],[111.85418546600005,30.432055845000036],[111.90839362800006,30.401279744000078],[111.95982435700006,30.31804442500004],[111.98106509200005,30.303115125000033],[112.05462197800011,30.284901089000073],[112.21704107100004,30.318590895000057]]}},{"type":"Feature","properties":{"name":"长江","level":"river_l1"},"geometry":{"type":"LineString","coordinates":[[116.91224930700002,30.306487748000052],[116.921320777,30.287547233000055],[116.91468295800007,30.275994148000052],[116.91586564300007,30.29176833300005],[116.91224930700002,30.306487748000052]]}},{"type":"Feature","properties":{"name":"长江","level":"river_l1"},"geometry":{"type":"LineString","coordinates":[[111.59546494500006,30.274248026000066],[111.58188419500004,30.26168021500007],[111.56207776300005,30.26390813000006],[111.56574764000004,30.27208895600006],[111.59546494500006,30.274248026000066]]}},{"type":"Feature","properties":{"name":"长江","level":"river_l1"},"geometry":{"type":"LineString","coordinates":[[111.26364830000006,30.764187872000036],[111.26737148200004,30.75099627800006],[111.25502666300008,30.725311270000077],[111.26367087400007,30.698571394000055],[111.35534018300007,30.624285454000074],[111.38316518200008,30.591226292000044],[111.40458879500005,30.526878158000045],[111.44037137800007,30.475322907000077],[111.43008640000005,30.417517271000065],[111.43465649400008,30.409868579000033],[111.45635501800007,30.397033605000047],[111.50258284300008,30.41201606800007],[111.52183226300008,30.398805345000028],[111.52158039500006,30.379784750000056],[111.49553269200004,30.328246888000024],[111.50265864100004,30.307707976000074],[111.54414821200004,30.26609407500007],[111.56759390800005,30.252107024000054],[111.58594311400009,30.255637556000067],[111.63043921700006,30.312517979000063],[111.73656725400008,30.37291351600004],[111.77060283700007,30.35935177700003],[111.77875874000006,30.33052330000004],[111.80344796600008,30.297206650000078]]}},{"type":"Feature","properties":{"name":"长江","level":"river_l1"},"geometry":{"type":"LineString","coordinates":[[116.89145065500009,30.245510205000073],[116.87114062300009,30.23694989300003],[116.86183993400005,30.202317292000032],[116.88269173800006,30.22231818100005],[116.89145065500009,30.245510205000073]]}},{"type":"Feature","properties":{"name":"长江","level":"river_l1"},"geometry":{"type":"LineString","coordinates":[[113.9022662530001,30.196680486000048],[113.8747691320001,30.187155043000075],[113.86713196400001,30.19822371500004],[113.87202266100007,30.221442473000025],[113.88410030300008,30.21938243200003],[113.9022662530001,30.196680486000048]]}},{"type":"Feature","properties":{"name":"长江","level":"river_l1"},"geometry":{"type":"LineString","coordinates":[[116.88086057300006,30.212279549000073],[116.87152179400005,30.187033258000042],[116.85079209100002,30.171381238000038],[116.85038775700002,30.176880272000062],[116.88086057300006,30.212279549000073]]}},{"type":"Feature","properties":{"name":"长江","level":"river_l1"},"geometry":{"type":"LineString","coordinates":[[116.85874207600011,30.162893275000044],[116.84858698100004,30.145778231000065],[116.84088107800005,30.143626721000032],[116.85462211200002,30.165590357000042],[116.85874207600011,30.162893275000044]]}},{"type":"Feature","properties":{"name":"长江","level":"river_l1"},"geometry":{"type":"LineString","coordinates":[[114.2910421040001,30.571641242000055],[114.31749422400003,30.625693023000053],[114.34266444100001,30.656394421000073],[114.39283686600004,30.689630648000048],[114.4494333130001,30.704996420000043],[114.50257342200007,30.697679410000035],[114.53843243500012,30.680506939000054],[114.57874676000006,30.597862958000064],[114.61614686700011,30.566020670000057],[114.70961723800008,30.595888242000058],[114.76464970300003,30.62691567400003],[114.85204680800007,30.638153696000074],[114.89312442000005,30.613775046000058],[114.90971862100002,30.58374106100007],[114.90084523200005,30.554700942000068],[114.88113789800002,30.540111328000023],[114.84009841200009,30.560595068000055],[114.83820577800009,30.47431004300006],[114.85582235300001,30.445540661000052],[114.89936429900001,30.416719667000052],[114.95789852700011,30.409782203000077],[115.01469328700011,30.41702244700008],[115.07151840800009,30.396765619000064],[115.10437891000004,30.367252284000074],[115.11264926900003,30.345679560000065],[115.10624777900011,30.300758422000058],[115.07752216300003,30.268292700000075],[115.07789591400001,30.25088958500004],[115.09746565000012,30.219629130000044],[115.1318064300001,30.21390869100003],[115.17905661200007,30.230069883000056],[115.20627899200008,30.226672687000075],[115.29391964000001,30.13580188900005]]}},{"type":"Feature","properties":{"name":"长江","level":"river_l1"},"geometry":{"type":"LineString","coordinates":[[112.2045046720001,30.12263037200006],[112.19518903700009,30.14418212100003],[112.20035433500004,30.156208260000028],[112.20919694300005,30.136272080000026],[112.2045046720001,30.12263037200006]]}},{"type":"Feature","properties":{"name":"长江","level":"river_l1"},"geometry":{"type":"LineString","coordinates":[[116.66372122900009,30.032191562000037],[116.66155448000006,30.04138332900004],[116.67202233100011,30.049224598000023],[116.70910981700001,30.054328628000064],[116.66372122900009,30.032191562000037]]}},{"type":"Feature","properties":{"name":"长江","level":"river_l1"},"geometry":{"type":"LineString","coordinates":[[113.88112355900012,29.995129450000036],[113.8976646530001,30.01882691800006],[113.92950303200007,30.031852422000043],[113.91138261200001,30.008217905000038],[113.88112355900012,29.995129450000036]]}},{"type":"Feature","properties":{"name":"长江","level":"river_l1"},"geometry":{"type":"LineString","coordinates":[[116.58933240200008,29.984630906000064],[116.64055757500012,29.997999632000074],[116.65874681600008,30.045779897000045],[116.69661259100008,30.06232259500007],[116.64303766500007,30.075798616000043],[116.60698017000004,30.070198658000038],[116.57949050600007,30.031032250000067],[116.5665350700001,29.967134438000073],[116.58537256500006,29.971874239000044],[116.58933240200008,29.984630906000064]]}},{"type":"Feature","properties":{"name":"长江","level":"river_l1"},"geometry":{"type":"LineString","coordinates":[[113.89673367600005,29.987776360000055],[113.85799805200008,29.95791808000007]]}},{"type":"Feature","properties":{"name":"长江","level":"river_l1"},"geometry":{"type":"LineString","coordinates":[[113.89673367600005,29.987776360000055],[113.88943217600001,29.99229502000003],[113.86726814200006,29.98234229700006],[113.85799805200008,29.95791808000007]]}},{"type":"Feature","properties":{"name":"当却藏布(马泉河)","level":"river_l1"},"geometry":{"type":"LineString","coordinates":[[82.32097328000003,30.433051615000068],[82.32349102800003,30.43920489800007],[82.32883178800006,30.429019390000065],[82.35730549600004,30.423037856000064],[82.36084570000008,30.403929521000066],[82.38542066800005,30.40144805700004],[82.42908482500007,30.42272332400006],[82.45259165000004,30.41978789500007],[82.46583660600004,30.43079935600008],[82.48336188100006,30.410294840000063],[82.53767707700007,30.40036505200004],[82.57886181700007,30.362892357000078],[82.61170730200007,30.35309984400004],[82.62286940900003,30.354726886000037],[82.64494177200004,30.379549862000033],[82.66899033100003,30.36738451900004],[82.68492094200008,30.36891238800007],[82.75399946100003,30.348051319000035],[82.80772711100008,30.35752933300006],[82.83620074800007,30.37255400400005],[82.85062072100004,30.367207595000025],[82.87158692200006,30.35387300600007],[82.88890622200006,30.325563402000057],[82.91630418200003,30.311677591000034],[82.90957494600008,30.288872685000058],[82.91682312200004,30.273802327000055],[82.97180981500009,30.235679237000056],[82.97730319900006,30.215138447000072],[83.00593713400008,30.20726667400004],[83.00982826700005,30.197151735000034],[83.03438035000005,30.193123365000076],[83.05171486100005,30.178804547000027],[83.09164820000007,30.18339385300004],[83.13882220700003,30.135394217000055],[83.15757577700003,30.135276005000037],[83.16827253300005,30.120066413000075],[83.21719353900005,30.127541638000025],[83.23397871400005,30.11412120400007],[83.25328160400005,30.11765757300003],[83.30217219000008,30.094358785000054],[83.31780532000005,30.073135169000068],[83.35992077600008,30.062257362000025],[83.36926709100004,30.04704204400008],[83.38634217100008,30.039793960000054],[83.38812758300008,30.01305029100007],[83.41042893100007,30.00928132000007],[83.41403013800004,29.99863421400005],[83.44842446400008,29.97780166000007],[83.48372665200003,29.976445581000064],[83.50302203000007,29.94252249500005]]}},{"type":"Feature","properties":{"name":"当却藏布(马泉河)","level":"river_l1"},"geometry":{"type":"LineString","coordinates":[[83.50302203000007,29.94252249500005],[83.52498001500004,29.948517509000055],[83.53357861200004,29.93824235900007]]}},{"type":"Feature","properties":{"name":"当却藏布(马泉河)","level":"river_l1"},"geometry":{"type":"LineString","coordinates":[[83.53357861200004,29.93824235900007],[83.54453474400003,29.93225886700003]]}},{"type":"Feature","properties":{"name":"长江","level":"river_l1"},"geometry":{"type":"LineString","coordinates":[[113.675612494,29.952194704000078],[113.69421355000009,29.970564797000065],[113.71246349400008,29.960501283000042],[113.6999050180001,29.930446434000032],[113.675612494,29.952194704000078]]}},{"type":"Feature","properties":{"name":"当却藏布(马泉河)","level":"river_l1"},"geometry":{"type":"LineString","coordinates":[[83.53357861200004,29.93824235900007],[83.51697658500007,29.94010203600004],[83.49152425800008,29.928628957000058],[83.50302203000007,29.94252249500005]]}},{"type":"Feature","properties":{"name":"当却藏布(马泉河)","level":"river_l1"},"geometry":{"type":"LineString","coordinates":[[83.54870053100007,29.925096585000063],[83.53947633500007,29.925901486000043],[83.54453474400003,29.93225886700003]]}},{"type":"Feature","properties":{"name":"长江","level":"river_l1"},"geometry":{"type":"LineString","coordinates":[[113.68828514100005,29.930404517000056],[113.67236213400008,29.923408238000036],[113.6549742850001,29.924030119000065],[113.67172895100009,29.937423815000045],[113.68828514100005,29.930404517000056]]}},{"type":"Feature","properties":{"name":"当却藏布(马泉河)","level":"river_l1"},"geometry":{"type":"LineString","coordinates":[[83.54870053100007,29.925096585000063],[83.54422196600007,29.920604644000036]]}},{"type":"Feature","properties":{"name":"当却藏布(马泉河)","level":"river_l1"},"geometry":{"type":"LineString","coordinates":[[83.57110107600005,29.917262940000057],[83.57734209000006,29.918350174000068]]}},{"type":"Feature","properties":{"name":"当却藏布(马泉河)","level":"river_l1"},"geometry":{"type":"LineString","coordinates":[[83.57110107600005,29.917262940000057],[83.56109861900006,29.931606574000057],[83.54453474400003,29.93225886700003]]}},{"type":"Feature","properties":{"name":"当却藏布(马泉河)","level":"river_l1"},"geometry":{"type":"LineString","coordinates":[[83.57110107600005,29.917262940000057],[83.54870053100007,29.925096585000063]]}},{"type":"Feature","properties":{"name":"当却藏布(马泉河)","level":"river_l1"},"geometry":{"type":"LineString","coordinates":[[83.54422196600007,29.920604644000036],[83.53772157300006,29.91100277000004],[83.54239091000005,29.90499446700005],[83.57136815400008,29.903575429000057],[83.54422196600007,29.920604644000036]]}},{"type":"Feature","properties":{"name":"长江","level":"river_l1"},"geometry":{"type":"LineString","coordinates":[[107.74310165800006,29.879134606000036],[107.75553796000008,29.89246349000007],[107.76402218600003,29.921681035000063],[107.82284656400009,29.95823621200003],[107.85642467800005,30.020112207000068],[107.86738862400006,30.075640433000046],[107.88202994800008,30.106238919000077],[107.95152816500007,30.147802897000076],[107.94117491800006,30.18115192500005],[107.94865963800004,30.202093259000037],[107.98243589300006,30.201414128000067],[108.00968124400003,30.210731704000068],[108.01643349000005,30.223177476000046],[108.00760618400005,30.261655501000064],[108.05154517300008,30.28771047200007],[108.06324144700005,30.31143850600006],[108.08818259700007,30.304749179000055],[108.10319757500008,30.28283691400003],[108.11110948600009,30.286108084000034],[108.11938006700007,30.30957481400003],[108.10228981600005,30.325967066000032],[108.08268937000008,30.327882153000076],[108.08697729700003,30.35108758100006],[108.13509724600004,30.360401281000065],[108.15048626900006,30.389193453000075],[108.17603025800008,30.408419980000076],[108.20018556200006,30.402390616000048],[108.21603227900005,30.40984087700008],[108.25175425600008,30.453670938000073],[108.24648232400006,30.485530271000073],[108.27132436700003,30.498767560000033],[108.27669572000008,30.52725076200005],[108.30381907800006,30.55632710100008],[108.32656313500007,30.608542132000025],[108.42918942400007,30.72863750700003],[108.42127004600007,30.76668064000006],[108.39423847600006,30.796590673000026],[108.39812965000004,30.815655132000074],[108.48557262800006,30.83421578800005],[108.50147278000009,30.84805202600006],[108.52463648400004,30.903213987000072],[108.58796226200008,30.91700811800007],[108.61849605500004,30.944651984000075],[108.64486397700006,30.946351398000047],[108.69531842100008,30.913713710000025],[108.72196860200006,30.90668294900007],[108.78583610100009,30.925203615000044],[108.82229046600008,30.952582333000066]]}},{"type":"Feature","properties":{"name":"长江","level":"river_l1"},"geometry":{"type":"LineString","coordinates":[[116.44456024300007,29.882002046000025],[116.46435149400008,29.896130062000054],[116.49702904100002,29.895637805000035],[116.46509910300006,29.881008198000075],[116.44456024300007,29.882002046000025]]}},{"type":"Feature","properties":{"name":"长江","level":"river_l1"},"geometry":{"type":"LineString","coordinates":[[116.35867388500003,29.878794189000075],[116.35346284700006,29.87439002800005],[116.34995320400003,29.869406010000034],[116.36412905500003,29.88042308400003],[116.35867388500003,29.878794189000075]]}},{"type":"Feature","properties":{"name":"长江","level":"river_l1"},"geometry":{"type":"LineString","coordinates":[[116.43533614500006,29.895645714000068],[116.38084552900011,29.886135669000055],[116.36315240700003,29.870361557000024],[116.3955552870001,29.86944204400004],[116.44295810200003,29.89438870400005],[116.43533614500006,29.895645714000068]]}},{"type":"Feature","properties":{"name":"长江","level":"river_l1"},"geometry":{"type":"LineString","coordinates":[[111.92316431800003,30.356932635000078],[111.97166536500004,30.290949761000036],[112.00074931300003,30.27308494400006],[112.05110468200007,30.274665993000042],[112.20527613600007,30.300079621000066],[112.23823598700005,30.29582599500003],[112.2649623960001,30.27979610500006],[112.27553687200009,30.249491292000073],[112.26692291800009,30.222194520000073],[112.24615505600002,30.203683279000074],[112.1889405600001,30.177813424000078],[112.18195930800005,30.143590876000076],[112.217238253,30.077602329000058],[112.23546529000009,30.062016894000067],[112.2965021230001,30.06965389800007],[112.35739389900004,30.058007086000032],[112.38312848100009,30.046562589000075],[112.4019124130001,30.018094571000063],[112.41800301900003,29.973646366000025],[112.41635480100001,29.928057601000035],[112.36450363100005,29.84318993200003]]}},{"type":"Feature","properties":{"name":"长江","level":"river_l1"},"geometry":{"type":"LineString","coordinates":[[115.70200220800007,29.85817430900005],[115.74867245000007,29.860026189000052],[115.76219964400002,29.84661902000005],[115.76127640700008,29.837015268000073],[115.7455822600001,29.824804166000035],[115.72714152800006,29.82451813700004],[115.70494712800007,29.840292427000065],[115.70200220800007,29.85817430900005]]}},{"type":"Feature","properties":{"name":"长江","level":"river_l1"},"geometry":{"type":"LineString","coordinates":[[116.12160676300005,29.814966045000062],[116.15504736000003,29.829658592000044],[116.19195934700008,29.83147617900005],[116.22504877400002,29.810668212000053],[116.15702337900007,29.821849691000068],[116.12160676300005,29.814966045000062]]}},{"type":"Feature","properties":{"name":"当却藏布(马泉河)","level":"river_l1"},"geometry":{"type":"LineString","coordinates":[[83.57734209000006,29.918350174000068],[83.58876358900005,29.924747624000076],[83.60287838900007,29.914745245000063],[83.60539618800004,29.905316966000044],[83.59461554900008,29.907714544000044],[83.60003259700005,29.898484642000028],[83.61842758800003,29.894173958000067],[83.62373784800008,29.876456120000057],[83.62535527200004,29.893334718000062],[83.63359527300008,29.884617913000056],[83.65442409200006,29.885556403000066],[83.66427393300006,29.879008317000057],[83.65591188700006,29.87842844800008],[83.65394347800003,29.86881132600007],[83.67848796900006,29.852270399000076],[83.75508159100008,29.847101518000045],[83.81248685300005,29.809754732000044],[83.86590940700006,29.790324157000043]]}},{"type":"Feature","properties":{"name":"当却藏布(马泉河)","level":"river_l1"},"geometry":{"type":"LineString","coordinates":[[83.86590940700006,29.790324157000043],[83.86241506300007,29.785317220000024],[83.79877645700003,29.808303168000066],[83.75082439400006,29.806534897000063],[83.73106366100006,29.824874515000033],[83.71887156900004,29.819497522000063],[83.69839369500005,29.824071423000078],[83.68488925000008,29.838437939000073],[83.67120173600006,29.839267627000027],[83.65958179300003,29.856823322000025],[83.59498194000008,29.852644054000052],[83.57699134900008,29.84684932700003],[83.57847151800007,29.83857502400008],[83.55712388600006,29.837400014000025],[83.55829118600008,29.847024764000025],[83.58211078600004,29.85574927400006],[83.53538703900006,29.870413265000025],[83.51734305600007,29.859790905000068],[83.49820035300007,29.867534909000028],[83.50905726800005,29.87179797600004],[83.48593954500006,29.878199160000065],[83.50240419900007,29.888838684000063],[83.52133326200004,29.884764519000043],[83.52517861000007,29.876242259000037],[83.53636359700005,29.88075329000003],[83.59821687300007,29.858806876000074],[83.62666766800004,29.859695791000036],[83.60431291900005,29.861502048000034],[83.61736714000006,29.872616506000043],[83.60973753100006,29.873610244000076],[83.61095822600004,29.887135630000046],[83.58394182800004,29.876383545000067],[83.58932830100008,29.885508566000055],[83.57995911800003,29.894545811000057],[83.59246401100006,29.904294569000058],[83.57930293800007,29.905566775000068],[83.58674178800004,29.91031431400006],[83.57734209000006,29.918350174000068]]}},{"type":"Feature","properties":{"name":"长江","level":"river_l1"},"geometry":{"type":"LineString","coordinates":[[113.50586087800002,29.818021239000075],[113.49011328000006,29.797003661000076],[113.46916239100005,29.794283791000055],[113.4642488830001,29.785046273000034],[113.45623782400003,29.788533031000043],[113.4606325210001,29.798018514000034],[113.50586087800002,29.818021239000075]]}},{"type":"Feature","properties":{"name":"长江","level":"river_l1"},"geometry":{"type":"LineString","coordinates":[[116.22171440300008,29.770193215000063],[116.24559509300002,29.780638026000076],[116.23088533500004,29.797314484000026],[116.20087060700007,29.81350462300003],[116.1572064610001,29.817039229000045],[116.10090761900005,29.805606529000045],[116.06723041000009,29.774651496000047],[116.08739538800012,29.76799649000003],[116.14122984500011,29.77511847900007],[116.2097587930001,29.76394081400008],[116.22171440300008,29.770193215000063]]}},{"type":"Feature","properties":{"name":"长江","level":"river_l1"},"geometry":{"type":"LineString","coordinates":[[116.13514895700007,29.757795506000036],[116.15026322200004,29.764473244000044],[116.17572315000007,29.759801909000032],[116.13985640600004,29.755905252000048],[116.13514895700007,29.757795506000036]]}},{"type":"Feature","properties":{"name":"长江","level":"river_l1"},"geometry":{"type":"LineString","coordinates":[[116.22071482800004,29.753509198000074],[116.29638537400001,29.793228541000076],[116.35308879100012,29.83982795600008],[116.53100361200006,29.893972491000056],[116.54981829700012,29.911764624000057],[116.56785491200003,29.954291914000066],[116.63439276200006,29.981254603000025],[116.670755686,30.027497421000078],[116.7733968770001,30.07109055400008],[116.78684035200001,30.092605954000078],[116.85121148500002,30.133368680000046],[116.8687674150001,30.17151658000006],[116.89433436500008,30.20081601800007],[116.89967522800009,30.224526870000034],[116.90284142200005,30.210494121000067],[116.93774722900002,30.27740170100003],[116.93712171200002,30.29503942200006],[116.90984618100003,30.33789499100004],[116.90999124700011,30.354603806000057],[116.93274275700003,30.364260861000048],[116.93916695700011,30.377418069000043],[116.92380122700001,30.420969783000032],[117.00420993600005,30.487001650000025],[117.08554145000005,30.49344827300007],[117.18450473700011,30.465374705000045],[117.20367029300007,30.467961047000074],[117.23103021000009,30.498303819000057],[117.23958293800001,30.491030866000074],[117.2489903170001,30.50502922100003],[117.23696605800001,30.502072810000072],[117.2528208870001,30.585534789000064],[117.23263322300011,30.623267051000028],[117.25188283900002,30.646678373000043],[117.29748496200011,30.652589183000032],[117.31095886900005,30.659402347000025],[117.32463888000007,30.682460827000057],[117.35403574100008,30.687782328000026],[117.44694885600006,30.675214027000038],[117.47179084100003,30.67946740700006],[117.51031299700003,30.731024210000044],[117.71541976000003,30.790535958000078],[117.73690479000004,30.804665862000036],[117.74417591600002,30.823261057000025],[117.73209846300006,30.852629335000074],[117.74586986500003,30.850462462000053],[117.73299882900005,30.86382385400003],[117.7345401020001,30.878211355000076],[117.75069983300011,30.916046437000034],[117.7698883160001,30.924045973000034],[117.76225111000008,30.92675070200005],[117.7723070610001,30.948710534000043],[117.77459629200007,31.001535931000035],[117.81417875400007,31.020699369000056],[117.82471535600007,31.04035315400006],[117.8169793190001,31.09571544000005],[117.83366516000001,31.083622449000075],[117.85362396000005,31.051070683000034],[117.89575467800012,31.06579749900004],[117.9318807730001,31.060977322000042],[117.97850536100009,31.08151595700008],[117.99647317400002,31.09912878700004],[118.00828425500004,31.16818037400003],[118.1356302370001,31.230690907000053],[118.18206417800002,31.264211295000052],[118.2260946450001,31.275806147000026],[118.26429596700007,31.26786354500007],[118.30950903900009,31.281917027000077],[118.30097906200001,31.268881909000072],[118.30879936000008,31.263625079000064],[118.29650803700008,31.256878672000028],[118.27847175400007,31.267920695000043],[118.2730165270001,31.258231138000042],[118.26020644300002,31.25882249700004],[118.2647231090001,31.251141380000035],[118.2591763580001,31.24580450700006],[118.26964412100006,31.240013591000036],[118.30876878800007,31.255840985000077],[118.34041655100009,31.28583657300004],[118.35576750000007,31.315610986000024],[118.3463072610001,31.381353340000032],[118.35288423600002,31.419392556000048],[118.33970047600008,31.444951764000052],[118.34203521300003,31.456560180000054],[118.36723609800003,31.504359457000078],[118.45826523300002,31.56761595200004]]}},{"type":"Feature","properties":{"name":"长江","level":"river_l1"},"geometry":{"type":"LineString","coordinates":[[115.82037482300007,29.76363544800006],[115.82589101700012,29.76312233300007],[115.85914834800008,29.75087859100006],[115.8541204280001,29.747954569000058],[115.82037482300007,29.76363544800006]]}},{"type":"Feature","properties":{"name":"长江","level":"river_l1"},"geometry":{"type":"LineString","coordinates":[[115.29391964000001,30.13580188900005],[115.3312433210001,30.083207094000045],[115.331616886,30.033530781000024],[115.356786811,30.014140049000048],[115.38751855700002,29.96792362700006],[115.40301422200002,29.960263444000077],[115.41728158400008,29.963595609000038],[115.38544350000006,30.001587329000074],[115.43405152500009,29.979274360000034],[115.42735267700004,29.968333545000064],[115.44511442800001,29.977593893000062],[115.45817622000004,29.96444994600006],[115.44181073200002,29.96342192900005],[115.45014981800011,29.952603123000074],[115.41191792400002,29.954020487000037],[115.40824794200012,29.928404128000068],[115.41574774100002,29.91210155300007],[115.43674432400007,29.900964157000033],[115.45756532700011,29.872656351000046],[115.51948697500006,29.84700728200005],[115.70391729500011,29.86833501800004],[115.75287638200007,29.864439893000053],[115.7807776730001,29.84082044400003],[115.7469707780001,29.812987821000036],[115.84673510900006,29.77010523100006],[115.88795001900007,29.742663295000057],[115.92544178500009,29.73218578500007],[116.01668427100003,29.761380036000048],[116.11483936500008,29.82385264800007],[116.17096275800009,29.840549771000042],[116.21875448000003,29.831231912000078],[116.24916581100001,29.792137720000028],[116.26070937600002,29.790379046000055],[116.30364127700011,29.820246818000044],[116.36988949200008,29.896243027000025],[116.48087727600011,29.909954816000038],[116.52342747500006,29.902208675000054],[116.53858751700011,29.908840633000068],[116.56059191100007,30.01610312400004],[116.58700587500005,30.06720031800006],[116.63836078500003,30.085835372000076],[116.71949375400004,30.064113537000026],[116.74524366800006,30.069858504000024],[116.77084108800011,30.091627532000075],[116.83854654200002,30.163019258000077],[116.863907788,30.240182968000056],[116.90302484000006,30.260080772000038],[116.9096702920001,30.27232052100004],[116.90766393900003,30.30944805300004],[116.86560268800008,30.421935200000064],[116.87040955100008,30.456873006000023],[116.90387310300002,30.480995724000024],[116.91513434800004,30.47529445500004],[116.91941442300003,30.454841395000074],[116.9350550910001,30.45478219200004],[117.01046629200005,30.501219372000037]]}},{"type":"Feature","properties":{"name":"长江","level":"river_l1"},"geometry":{"type":"LineString","coordinates":[[116.20621860400001,29.754142519000027],[116.07413511800007,29.761976797000045],[115.95136707300003,29.719671224000024],[115.9205358690001,29.71726231400004],[115.73967678000008,29.794642486000043],[115.69966744500005,29.839651564000064],[115.68289764100007,29.84758832700004],[115.599239065,29.835499595000044],[115.47414425200009,29.840150378000033],[115.45447520300002,29.848308411000062],[115.43463074100009,29.868595597000024],[115.42517021900005,29.899337195000044],[115.39713919500002,29.918531477000045],[115.40137379300006,29.948716055000034],[115.37463979600011,29.967212223000047],[115.35644338300006,29.997318695000047],[115.30873575300006,30.037679474000072],[115.30234246600003,30.092654569000047],[115.26656759900004,30.146430037000073],[115.23206665800001,30.162419916000033],[115.1927439860001,30.208872893000034],[115.10733828600007,30.20883702100008],[115.06626070700008,30.238319872000034],[115.06396427600009,30.25183380800007],[115.07769777400006,30.291143345000023],[115.07496656000001,30.322741337000025],[115.06354528000008,30.362157797000066],[115.04460112700008,30.385813447000032],[115.01952272500012,30.40010570000004],[114.97047964600006,30.39479571100003],[114.87465965400008,30.415018372000077],[114.83127024200007,30.433676741000056],[114.82316015700007,30.46459572200007],[114.83117940200009,30.558641929000032],[114.786744913,30.608638877000033],[114.75621125500004,30.607099737000055],[114.72216019900009,30.578782629000045],[114.7184598770001,30.584510565000073],[114.69347286400011,30.570361582000032],[114.64941191500009,30.566300916000046],[114.63187138700005,30.55167123600006],[114.60110124000005,30.555360278000023],[114.57379504900007,30.579868571000077],[114.54516924400002,30.658382983000024],[114.5289793280001,30.674407115000065],[114.50295480600005,30.680819903000042],[114.40040523300001,30.655150553000055],[114.335927276,30.61549598700003],[114.30121237700007,30.57494100100007],[114.28167270800009,30.526847907000047],[114.2425402020001,30.473450417000038],[114.19808999800011,30.443376631000035],[114.17597152300004,30.39434510600006],[114.135282716,30.364942708000058],[114.12029039400011,30.335374259000048],[114.1033983860001,30.32113368200004],[114.08749796400002,30.258828535000077],[114.05091380900001,30.215679488000035],[114.03186271000004,30.21698804300007],[114.00787547200002,30.25695770300007],[113.97108572200011,30.288368912000067],[113.92603294500009,30.288239393000026],[113.90869080100003,30.275583866000034],[113.88482519200011,30.23358111300007],[113.89675011500003,30.207899834000045],[113.91127680900001,30.19680252300003],[113.95195789900004,30.210636728000054],[113.9817666990001,30.203539172000035],[114.03425807300005,30.15588257400003],[114.08881716300004,30.12607541500006],[114.09362374400007,30.11395959200007],[114.08051595400002,30.087826362000044],[114.04679303300009,30.06917403700004],[113.94668491300001,30.036937481000052],[113.89673367600005,29.987776360000055]]}},{"type":"Feature","properties":{"name":"长江","level":"river_l1"},"geometry":{"type":"LineString","coordinates":[[112.21704107100004,30.318590895000057],[112.27524713000003,30.28641665200007],[112.29111654500002,30.255749413000046],[112.28485250500012,30.227706840000053],[112.2210611160001,30.16578714600007],[112.21361439400005,30.118506539000066],[112.22180080100009,30.08734912700004],[112.25204443900009,30.068023236000045],[112.30049244500003,30.07803690700007],[112.38827088300002,30.057203955000034],[112.43017227000007,29.98180999300007],[112.4370616220001,29.946086270000023],[112.43100357900005,29.917351310000072],[112.3971736420001,29.857243535000066],[112.39263380600005,29.811271393000027],[112.36316038500001,29.753565018000074],[112.37928159100011,29.72562726800004],[112.4083275910001,29.749862587000052],[112.48476109100011,29.786812458000043],[112.51476063300004,29.778665841000077],[112.51598146100002,29.797438468000053],[112.505773137,29.813535056000035],[112.48382284200011,29.825822610000046],[112.45579931500004,29.823592963000067],[112.47239372600006,29.830486246000078],[112.49237563800011,29.82903273200003],[112.51292207400002,29.814261749000025],[112.52277179500004,29.795649301000026],[112.52337440500003,29.769489306000025],[112.54666768700008,29.79339275800004],[112.59139235000009,29.784593753000024],[112.60207370400008,29.767556816000024],[112.60887933400011,29.773330490000035],[112.61241934700001,29.748692590000076],[112.6011426020001,29.708414064000067],[112.61054218800007,29.69233083100005],[112.63674994400003,29.709714777000045],[112.63500294900007,29.746914808000042],[112.64742397400005,29.754822842000067],[112.68052882300003,29.75916205300007],[112.72751176700001,29.734428619000028],[112.792538863,29.74057020200007],[112.876655518,29.807574939000062],[112.90785292400005,29.803430040000023],[112.91445236200002,29.770660882000072]]}},{"type":"Feature","properties":{"name":"当却藏布(马泉河)","level":"river_l1"},"geometry":{"type":"LineString","coordinates":[[83.86590940700006,29.790324157000043],[83.88686034600005,29.775927139000032],[83.91026797600006,29.775253879000047],[84.00070183700007,29.72440657800007],[83.99777972000004,29.716918113000077],[83.98100984300004,29.718789236000077],[83.98428299500006,29.701243058000045],[83.97695096200005,29.695261431000063],[84.00325031600005,29.659520603000033],[84.00967455700004,29.62093007200008],[84.03028217900004,29.600530460000073],[84.06076244800005,29.601661617000047],[84.11738948700008,29.563237142000048],[84.14228487900004,29.566289039000026]]}},{"type":"Feature","properties":{"name":"长江","level":"river_l1"},"geometry":{"type":"LineString","coordinates":[[113.85799805200008,29.95791808000007],[113.8084970330001,29.921893218000037],[113.73296398800005,29.915940526000043],[113.69855454800006,29.92452968500004],[113.63386307400003,29.90230301200006],[113.60313084200004,29.861412295000036],[113.52231030200005,29.82020324000007],[113.48838128700004,29.782610428000055],[113.39383497000006,29.715420729000073],[113.3186372560001,29.636513792000073],[113.30614747300001,29.61054840500003],[113.2770862320001,29.589950505000047],[113.26448202100005,29.566968291000023],[113.22225969400006,29.539906263000034],[113.1937705250001,29.48968262300008],[113.14558175100001,29.44210843700006]]}},{"type":"Feature","properties":{"name":"长江","level":"river_l1"},"geometry":{"type":"LineString","coordinates":[[112.91445236200002,29.770660882000072],[112.92313472000001,29.74563194500007],[112.92278352400001,29.69885486800007],[112.94201761500005,29.67373242900004],[112.94149107700002,29.654482949000055],[112.91110990900006,29.632467853000037],[112.9435807000001,29.475982722000026],[112.95639078700003,29.474445309000032],[112.99595802400006,29.503504399000064],[113.04247574200008,29.51605300700004],[113.07295588900001,29.497209686000076],[113.06186986300008,29.452601363000042],[113.06797348700002,29.441860770000062],[113.07932633500002,29.44333705500003],[113.08509449400003,29.480083094000065],[113.09518089400001,29.494672759000025],[113.11134036600004,29.491638024000054],[113.1255998790001,29.45058690600007],[113.13689931300007,29.450684140000078],[113.23838888300008,29.583648605000064],[113.27681162600004,29.601656220000052],[113.32487843500007,29.669794083000056],[113.43028949000006,29.774511836000045],[113.47444979200009,29.81153620300006],[113.59424239900011,29.868608950000066],[113.62984235500005,29.917356227000028],[113.68676708600003,29.974965199000053],[113.70743567200009,29.976283129000024],[113.7183154280001,29.96671366100003],[113.70904526600009,29.928508479000072],[113.8071161260001,29.931350112000075],[113.8182630010001,29.93759108000006],[113.8789111320001,30.024348916000065],[113.94309141100007,30.04418561400007],[114.08150789500007,30.10499486300006],[114.08092050500011,30.121474799000055],[114.02532375100009,30.14417689800007],[113.97650222400011,30.193874399000038],[113.94239032500002,30.199756958000023],[113.92867228500006,30.195457735000048],[113.94186380000008,30.184406207000052],[113.88271911800007,30.176994292000074],[113.86562122700002,30.184057463000045],[113.85894546200007,30.208853687000044],[113.8978415690001,30.286086054000066],[113.94081158200004,30.307639496000036],[113.96433362500011,30.306290868000076],[114.00986689500007,30.274948289000065],[114.03946947200006,30.22675580600003],[114.05189808000011,30.225424390000057],[114.0805245900001,30.273128340000028],[114.09505173700006,30.34504869500006],[114.1502292460001,30.391898019000052],[114.20034845000009,30.459732574000043]]}},{"type":"Feature","properties":{"name":"长江","level":"river_l1"},"geometry":{"type":"LineString","coordinates":[[112.36194761700006,29.823078314000043],[112.38366143400003,29.818614917000048],[112.3558589060001,29.763157360000037],[112.36364849400002,29.71548567900004],[112.38801741700001,29.712328842000034],[112.41192108400003,29.739907852000044],[112.4864166540001,29.774616536000053],[112.51351694800007,29.76631542900003],[112.5224969190001,29.752772855000046],[112.5109456780001,29.746894291000046],[112.48001530500005,29.75093809400005],[112.48051892600006,29.764684725000052],[112.46231463000004,29.74957818400003],[112.46971534400006,29.75029724600006],[112.46654135900008,29.73547675900005],[112.48475318100009,29.72948364000007],[112.4862104880001,29.740453093000042],[112.52005536900003,29.736786943000027],[112.55274844400003,29.786804575000076],[112.57518706600001,29.781143327000052],[112.58888212700003,29.76723260700004],[112.58753924300004,29.75213554000004],[112.59734321700012,29.739939587000038],[112.5907815600001,29.698842769000066],[112.61272422900004,29.687453600000026],[112.62571744700006,29.689843524000025],[112.64892679200011,29.711666002000072],[112.64612691100001,29.748438779000026],[112.68047537600012,29.751137621000055],[112.69386524800007,29.73630944200005],[112.7263825440001,29.725746138000034],[112.76732298500008,29.729148785000064],[112.8053947300001,29.739276936000067],[112.86665298600008,29.78195859400006],[112.89187646100004,29.78648094400006],[112.9090276720001,29.761425271000064],[112.9099200600001,29.706352906000063],[112.93267134100006,29.67034682900004],[112.92904722500009,29.65898827600006],[112.90431960500007,29.640240534000043],[112.89999354500003,29.624544556000046],[112.92329400500012,29.557789280000065],[112.93152594000003,29.47680867200006],[112.94600685800003,29.464900718000024],[112.96103717100004,29.46627589700006],[112.9885877690001,29.490658087000043],[113.03272505000007,29.502825225000038],[113.0486098240001,29.49315464600005],[113.05249306700011,29.44853863700007],[113.06397551000009,29.428222875000074],[113.08506372600004,29.43008060300008],[113.09938477200001,29.488574785000026],[113.11095884200006,29.482703763000075],[113.11607050300006,29.44882450500006],[113.13641859200004,29.43946100000005]]}},{"type":"Feature","properties":{"name":"澜沧江","level":"river_l1"},"geometry":{"type":"LineString","coordinates":[[97.51858992300004,30.62572620000003],[97.54832249300006,30.599377331000028],[97.56638178000009,30.59812606400004],[97.56657250400008,30.578666749000035],[97.58106111900008,30.56159167800007],[97.58768359800007,30.534619103000068],[97.62952431200006,30.454752341000074],[97.65941710300007,30.43020978100003],[97.66805380600005,30.41217529000005],[97.73359214300007,30.397900251000067],[97.74921755500009,30.36455694700004],[97.77127474800005,30.353913629000033],[97.81478636700007,30.303762280000058],[97.85648216400006,30.281521945000065],[97.87261112400006,30.243354820000036],[97.91044635400004,30.239400750000073],[97.92742985500007,30.228936730000044],[97.94305525000004,30.18068707900005],[97.98742138800009,30.13735087500004],[97.99649293200008,30.072123443000066],[98.05058681300005,30.022385990000032],[98.04864123100003,29.989178123000045],[98.07010330100007,29.96840650000007],[98.09136698400005,29.930229834000045],[98.09702812600005,29.901391819000025],[98.12960651700007,29.861178038000048],[98.12888931500004,29.841941890000044],[98.14917644300004,29.840389250000044],[98.14579651500009,29.828931488000023],[98.15952217300008,29.82094900100003],[98.20640611400006,29.81647229300006],[98.23571904100004,29.78767431600005],[98.26406297000005,29.721313871000064],[98.28933222400008,29.71219074800007],[98.30517889300006,29.685189553000043],[98.34521141200008,29.650884897000026],[98.35290202100003,29.614711012000043],[98.33720025400004,29.581951394000043],[98.36195829200005,29.54258832000005],[98.41199313800007,29.423772394000025]]}},{"type":"Feature","properties":{"name":"雅鲁藏布江","level":"river_l1"},"geometry":{"type":"LineString","coordinates":[[91.20416520200007,29.31182337900003],[91.23588910700005,29.31557716900005],[91.26683482100003,29.28764710300004],[91.29158526200007,29.29424482400003],[91.31492423500003,29.290248833000078],[91.34468732300007,29.302223524000055],[91.37501502000003,29.294607288000066],[91.40140582400005,29.304232057000036],[91.43783721000005,29.29371657400003],[91.43626551500006,29.288408273000073],[91.45345502100008,29.288778321000052],[91.47016387300005,29.275571480000053],[91.49985829200006,29.290521717000047],[91.57665030000004,29.281570329000033],[91.58418834600008,29.289260979000062],[91.65794378300006,29.264375151000024],[91.70337809200004,29.269796016000043],[91.72327611200006,29.264907357000027]]}},{"type":"Feature","properties":{"name":"雅鲁藏布江","level":"river_l1"},"geometry":{"type":"LineString","coordinates":[[91.72327611200006,29.264907357000027],[91.66942635200007,29.25254545100006],[91.63641303000009,29.265452820000064],[91.62451847600005,29.259936606000053],[91.59947810100005,29.263949764000074],[91.59498425600003,29.271394351000026],[91.57620779600006,29.265733170000033],[91.57079076700006,29.275420861000043],[91.55610377000005,29.278133178000076],[91.45936799000003,29.261773326000025],[91.45045659900006,29.27288775200003],[91.42614103200003,29.281404286000054],[91.34036136200007,29.273484694000047],[91.32682644500005,29.265643355000066],[91.26054041300006,29.267907394000076],[91.21736445900007,29.27369251400006],[91.20469166200007,29.294500354000036],[91.20416520200007,29.31182337900003]]}},{"type":"Feature","properties":{"name":"雅鲁藏布江","level":"river_l1"},"geometry":{"type":"LineString","coordinates":[[91.20416520200007,29.31182337900003],[91.17024395600004,29.323839987000042],[91.13252318100007,29.31917254600006],[91.09265847300009,29.328011418000074],[91.04107472400005,29.299613977000035],[90.98102206200008,29.320734594000044],[90.95253313100005,29.297399416000076],[90.94042494200005,29.299356401000068],[90.90852552500007,29.32718537200003],[90.87145326000007,29.32924342900003],[90.83248887400003,29.31088846800003],[90.80080314500003,29.28140763700003],[90.77166567700004,29.278369122000072],[90.75551377800008,29.29753849900004],[90.76133513700006,29.327847122000037],[90.71653405400008,29.353776309000068],[90.69736849900005,29.335917288000076],[90.68535186800005,29.334835781000038],[90.67578436400004,29.313465240000028],[90.63589679300009,29.29804195400004],[90.62784757400004,29.282740768000053],[90.60846075400008,29.271647302000076],[90.58931043300004,29.27789402700006],[90.52062873800008,29.25106635900005],[90.47311916700005,29.256481432000044],[90.42896664700004,29.241622731000064],[90.37710814700006,29.292863133000026],[90.34282830000006,29.311443105000023],[90.26100836300003,29.334595076000028],[90.22585113600007,29.33125136800004],[90.19938400900008,29.347021743000028],[90.15006622000004,29.353016661000026],[90.06831497900004,29.351927457000045],[90.05233096200004,29.343120966000072],[89.97719459400008,29.339681847000065],[89.93913813600005,29.32130971400005],[89.86252925000008,29.32144887800007],[89.78133500200005,29.297804641000027],[89.76146750200007,29.30007252200005],[89.71892477600005,29.327344511000035],[89.69506695300004,29.357645474000037],[89.68439312800007,29.360849898000026],[89.65289812300006,29.350738728000067],[89.56744651700006,29.354553441000064],[89.48724411100005,29.337585107000052],[89.43509571100003,29.361973092000028],[89.40022840400007,29.363552382000023],[89.36777203400004,29.37837095200007],[89.31470049000006,29.376141140000072],[89.28917944100004,29.384856031000027],[89.22365638600007,29.377771866000046],[89.20116435200003,29.345166712000037],[89.13426799400008,29.321104759000036],[89.05379087700004,29.33641538100005],[89.02913194600006,29.362937776000024],[88.98756583500005,29.370931648000067],[88.96595883700007,29.33941752800007],[88.90663103800006,29.32360318700006],[88.86796415900005,29.343697620000057],[88.84168016700005,29.34110733600005],[88.81354978300004,29.35545477900007],[88.64671319200005,29.341944444000035],[88.60430781000008,29.358096270000033],[88.57210327700005,29.335800608000056],[88.51745236400006,29.35965641400003],[88.46264891500005,29.349732131000053],[88.42649987300007,29.32934005000004],[88.42073954000006,29.317222319000052],[88.40891365200008,29.315755511000077],[88.39592804600005,29.324838542000066],[88.37328338500004,29.31821601300004],[88.30163368300003,29.35587756800004],[88.26718603200004,29.34252570900003],[88.23432528900008,29.357981342000073],[88.21684587000004,29.352617705000057],[88.19926729500008,29.330333505000056],[88.16049362700005,29.334373330000062],[88.13932908500004,29.342130704000056],[88.12748790000006,29.362175574000048],[88.10791031200006,29.371975778000035],[88.03287312700007,29.373549281000066],[87.97789415700004,29.38706314700005]]}},{"type":"Feature","properties":{"name":"长江","level":"river_l1"},"geometry":{"type":"LineString","coordinates":[[108.82229046600008,30.952582333000066],[108.79458734500008,30.946328051000023],[108.76107040100004,30.92468297000005],[108.71607858200008,30.915151827000045],[108.69689777400004,30.919912758000066],[108.65710188000008,30.95052284600007],[108.61235423300008,30.94715260600003],[108.58049289400009,30.920651276000058],[108.53203725100008,30.91540225600005],[108.50495208600006,30.89899678300003],[108.49795556800007,30.85698439400005],[108.48498518100007,30.842471020000062],[108.42619905400005,30.837365085000044],[108.39142325400007,30.82227192600004],[108.38651732100004,30.797927784000024],[108.41464753400004,30.76297648700006],[108.41984318600004,30.735702547000074],[108.41487625800005,30.721681259000036],[108.38285471000006,30.69742303000004],[108.32251185500007,30.618845924000027],[108.29161933000006,30.55372734900004],[108.26818871300009,30.52765706300005],[108.26303864600004,30.506055763000063],[108.23721997100006,30.48225719800007],[108.23563287400003,30.446224492000056],[108.20567891600007,30.412295732000075],[108.18179826800008,30.41580160500007],[108.15621614700007,30.400937304000024],[108.14875441300006,30.405930901000033],[108.12923772500005,30.364258062000033],[108.09060902200008,30.359836818000076],[108.07981310100007,30.351722766000023],[108.07608212300005,30.325307181000028],[108.10608932200006,30.316128682000056],[108.11208611000006,30.295063329000072],[108.10045858800004,30.293598478000035],[108.07961459400008,30.31592657300007],[108.05975473600006,30.316228000000024],[108.04412157300004,30.289030414000024],[108.00113632200004,30.272844333000023],[107.99534540400003,30.25992552300005],[108.00300546800008,30.244635775000063],[107.99859547200003,30.222176141000034],[107.94459309600006,30.211965978000023],[107.93272897800006,30.189605550000067],[107.94024397600003,30.14651924800006],[107.88852280200007,30.122684512000035],[107.84919201500009,30.074486507000074],[107.85345683200006,30.038999300000057],[107.82494475700008,29.972509288000026],[107.81507962800003,29.958385011000075],[107.74923599800007,29.917437109000048],[107.72154803200004,29.88028482900006],[107.65869525500005,29.85204402200003],[107.61007174800005,29.84009810200007],[107.53463031000007,29.863238898000077],[107.51285553000008,29.893730670000025],[107.49488783900006,29.90080908400006],[107.46888613400006,29.89671968700003],[107.45203989800007,29.876657688000023],[107.44905665800007,29.858628941000063],[107.45145995400009,29.850305037000055],[107.47540924400005,29.840121358000033],[107.47670620700006,29.820517086000052],[107.42227646300006,29.77771324500003],[107.39606857700005,29.721641446000035],[107.36280356500004,29.738735663000057],[107.31464552800009,29.744749828000067],[107.27869473300007,29.715164225000024],[107.21890910700006,29.70022752500006],[107.19775213100007,29.675677421000046],[107.10345048300007,29.749303352000027],[107.10572421100005,29.78015174500007],[107.08867971300003,29.79092860600008],[107.08475817200008,29.81282176600007],[107.05731451900004,29.822227233000035],[107.01436734600009,29.783625361000077],[106.97011559300006,29.769129227000064],[106.93932238700006,29.732606390000058],[106.92931224000006,29.701098056000035],[106.90233390600008,29.68485660500005],[106.85367202400005,29.604848880000077],[106.84990292900005,29.583804532000045],[106.82255084400003,29.596927522000044],[106.80102773300007,29.597171724000077],[106.78404428800008,29.613178679000043],[106.75393024800007,29.615019397000026],[106.72512840500008,29.58821857600003],[106.67835123800006,29.56837790700007],[106.65723259000004,29.59721595900004],[106.63227615600005,29.597467798000025],[106.61794020800005,29.620959388000074],[106.58777274500005,29.618241417000036],[106.57194123300008,29.592789094000068],[106.58343893100005,29.55757653200004],[106.53434239700005,29.54720420600006],[106.52735365000007,29.53822990100008],[106.52875741700007,29.513363107000032],[106.54316968400008,29.496661866000068],[106.54214727800007,29.484620445000076],[106.50261830700003,29.486489796000058],[106.49214281800005,29.473029291000046],[106.50280887000008,29.431508955000027],[106.52655974500004,29.40643801400006],[106.52729978500008,29.396641599000077],[106.49131860400007,29.406007028000033],[106.44291632100004,29.381579060000035],[106.43493568800005,29.36056142500007],[106.38660208400006,29.339877684000044],[106.37484469100008,29.284997963000023],[106.34734759100007,29.28220368700005],[106.32314643700005,29.26582489100008],[106.30424027300006,29.26370772100006],[106.27619393700007,29.29103131200003],[106.24622487300007,29.297272402000033],[106.23153786100005,29.289091593000023],[106.22971434800007,29.277055895000046],[106.25433499300004,29.249768553000024],[106.22768477000005,29.24393387600003],[106.20774091700008,29.221478088000026],[106.18124333500003,29.231446231000064],[106.14600216900004,29.22263793600007]]}},{"type":"Feature","properties":{"name":"雅鲁藏布江","level":"river_l1"},"geometry":{"type":"LineString","coordinates":[[85.15224688300003,29.318512071000043],[85.09259875900005,29.268879457000025],[85.04550125600008,29.25079338100005],[85.03032607900008,29.209557236000023],[84.98612026200004,29.166514724000024],[84.97541593000005,29.16520813300008],[84.90951898300005,29.185058328000025],[84.85689747500004,29.232357964000073],[84.79283170200006,29.225826890000064],[84.70800567600008,29.256265029000076],[84.66960586200008,29.261565618000077],[84.64986800600008,29.286888240000053],[84.62337038800007,29.28734023800007],[84.62404184000007,29.27016599700005],[84.60249589100005,29.25030608700007],[84.53697282000007,29.26035223300005],[84.52610062000008,29.265195103000053],[84.51795977300003,29.286815482000065],[84.50593549100006,29.29599005700004],[84.51629645100007,29.31153349400006],[84.47855267800009,29.35474940900008],[84.50485182300008,29.391760684000076],[84.49722207100007,29.444786429000033],[84.50680478200007,29.471091423000075],[84.52838888700006,29.48818941500008],[84.51696731800007,29.506342131000054],[84.49640549600008,29.51925138000007],[84.44288377100008,29.535666363000075],[84.41397519900005,29.535115062000045],[84.38815658200008,29.547221283000056],[84.34157023600005,29.539206282000066],[84.25210548200005,29.541763913000068],[84.23692254700006,29.54901582000008],[84.21560534900004,29.57768210900008],[84.16170219100007,29.577243288000034],[84.14228487900004,29.566289039000026]]}},{"type":"Feature","properties":{"name":"雅鲁藏布江","level":"river_l1"},"geometry":{"type":"LineString","coordinates":[[94.92481977500006,29.626982764000047],[94.93156434700006,29.602836960000047],[94.87866063900003,29.557887125000036],[94.87590634900005,29.530771497000046],[94.83182247000008,29.509118670000078],[94.81609784600005,29.471514238000054],[94.76703946500004,29.480751788000077],[94.74455500900007,29.46275354200003],[94.72731972400004,29.462063063000073],[94.67741445600007,29.475039120000076],[94.61881906500008,29.470690243000035],[94.61109790100005,29.480507642000077],[94.57924428600006,29.488121990000025],[94.55672931300006,29.44899354300003],[94.50936470500005,29.452106422000043],[94.45070065000004,29.404732274000025],[94.42744560500006,29.39723046000006],[94.39035808400007,29.343020182000032],[94.33785875300003,29.32497806300006],[94.29397325200006,29.284306524000044],[94.24668494400004,29.26697967900003],[94.19426191400004,29.229289408000056],[94.13584963900007,29.212670208000077],[94.03701569900005,29.220070916000054],[93.99234434700008,29.214711110000053],[93.93400074200008,29.187450510000076],[93.92466210900005,29.153521640000065],[93.86971367600006,29.151860284000065],[93.83631125800008,29.13065759600005],[93.81138532900007,29.136602964000076],[93.78121022500005,29.162864071000058],[93.74609114600008,29.14464837400004],[93.70476155600005,29.165574475000028],[93.67818763500009,29.156417032000036],[93.64726483500004,29.157027394000067],[93.61622758600004,29.17646953800005],[93.53805462600008,29.17756627600005],[93.50031858900007,29.169816492000052],[93.48825617800009,29.175019882000072],[93.46860231300008,29.162091506000024],[93.45675354000008,29.14016782300007]]}},{"type":"Feature","properties":{"name":"雅鲁藏布江","level":"river_l1"},"geometry":{"type":"LineString","coordinates":[[93.45675354000008,29.14016782300007],[93.48916410400005,29.16824288300006],[93.50466746800004,29.162305144000072],[93.53124138900006,29.16999388800008],[93.58796752300003,29.16351636400003],[93.61969905900008,29.17045740700007],[93.64819565100004,29.145729852000045],[93.67566223700004,29.147364501000027],[93.70306778400004,29.160294786000065],[93.73325051800003,29.136307302000034],[93.75128691000003,29.136379787000067],[93.78124837500008,29.154578316000027],[93.80110061900007,29.13204427100004],[93.83979036200003,29.120121107000045],[93.87403203500008,29.145092822000038],[93.90753364300008,29.139914230000045],[93.93327593700008,29.146763715000077],[93.94689478000004,29.184469243000024],[93.99236723700005,29.207176872000048],[94.11008445500005,29.202091752000058],[94.17966647600008,29.213457969000046],[94.23293639400003,29.24060602900005],[94.26129564400009,29.26547474000006],[94.28365039500005,29.264717503000043],[94.32320990900007,29.28580383700006],[94.34042993200006,29.31291946700003],[94.39637784500007,29.341505706000078],[94.43432751200004,29.393453804000046],[94.51279802900007,29.44607140200003],[94.55067140500006,29.438458961000038],[94.56015500800004,29.442958523000073],[94.58180783500006,29.47982860600007],[94.60507051100006,29.479769477000048],[94.61793403000007,29.463911336000024],[94.67997800500007,29.470510947000037],[94.72901349700004,29.45527461900008],[94.75055951100006,29.45745859400006],[94.75837223000008,29.47023628000005],[94.82209471800007,29.466213568000057],[94.83075432400005,29.47295814100005],[94.83433261100004,29.497054352000077],[94.89231000700005,29.534462319000056],[94.91415357900007,29.57881132500006],[94.93669907400005,29.596780958000068],[94.94026973200005,29.614847871000052],[94.92481977500006,29.626982764000047]]}},{"type":"Feature","properties":{"name":"雅鲁藏布江","level":"river_l1"},"geometry":{"type":"LineString","coordinates":[[87.97789415700004,29.38706314700005],[87.92457089900006,29.35311131900005],[87.88598798300006,29.350877697000044],[87.85569847000005,29.337350360000073],[87.81900768500003,29.341271926000047],[87.80004050100007,29.331776852000075],[87.79067901800005,29.308008705000077],[87.75549128600005,29.301363266000067],[87.74846447200008,29.272994469000025],[87.71996031300006,29.24636328300005],[87.71169748600005,29.22694019800008],[87.67117669800007,29.20013923600004],[87.68801536400008,29.133368752000024],[87.67778406900004,29.129990728000053],[87.65742063400006,29.138812432000066],[87.54786716600006,29.11600928300004],[87.48872245600006,29.118340040000078],[87.45357289400005,29.10221862800006],[87.36676319800006,29.122932881000054],[87.31361537200007,29.118974941000033],[87.25424936600007,29.140444565000053],[87.23622057300008,29.157902986000067],[87.21237044800006,29.146271613000067],[87.16498296600008,29.14682468600006],[87.12652206600006,29.174840543000073],[87.06914750500005,29.138485375000073],[87.05318636200008,29.142168543000025],[87.01522137600006,29.175420218000056],[86.94660835100007,29.16582587700003],[86.90574414900004,29.181865153000047],[86.79989860200004,29.194862017000048],[86.77292795400007,29.191169243000047],[86.75508227700004,29.204664081000033],[86.67281223000003,29.208883117000028],[86.61996199400005,29.18952290200008],[86.60208579100004,29.206433895000032],[86.57592389300004,29.197659804000068],[86.55966519600008,29.201051136000046],[86.53940855200005,29.219552899000064],[86.53013853500005,29.240831857000046],[86.51915954500004,29.235069578000036],[86.51243790300003,29.216718454000045],[86.49852149000003,29.222173600000076],[86.47689160700008,29.200104925000062],[86.44099431000006,29.201350397000056],[86.39660522300005,29.22042243100003],[86.29292654000005,29.20896448900004],[86.26394169700006,29.19644806900004],[86.22929563900004,29.205201075000048],[86.19593142200006,29.184398893000036],[86.14445450700003,29.170352696000066],[86.07998433300008,29.174533606000068],[85.99624180100005,29.168004420000045],[85.95606427500007,29.178481705000024],[85.92788053600003,29.169102960000032],[85.90071147100008,29.186305766000032],[85.86341794000003,29.194942413000035],[85.84459565800006,29.214262450000035],[85.79371381100003,29.21841667700005],[85.79078408500004,29.200977298000055],[85.78378775200008,29.194499750000034],[85.77188554500003,29.20424655000005],[85.76589631300004,29.20098679000006],[85.75905260000008,29.18282449800006],[85.73460733000007,29.18947556300003],[85.72008058900008,29.178115052000066],[85.70192974400004,29.18413287000004],[85.66356811400004,29.173914848000038],[85.61507429200003,29.19566104300003],[85.60903155100004,29.23386628600008],[85.55431957300004,29.266297733000044],[85.45600452200006,29.249874817000034],[85.42920166800008,29.270423203000064],[85.35079221400008,29.271790659000033],[85.30757039000008,29.31571612600004],[85.18673271600005,29.311412791000066],[85.15224688300003,29.318512071000043]]}},{"type":"Feature","properties":{"name":"雅鲁藏布江","level":"river_l1"},"geometry":{"type":"LineString","coordinates":[[91.72327611200006,29.264907357000027],[91.79267501400005,29.275281759000052],[91.83325690200007,29.268506691000027],[91.86398895500008,29.278118108000058],[91.94494672500008,29.272798410000064],[91.98218684800008,29.261392167000054],[92.01285026000005,29.235548793000078],[92.06423563200008,29.283903372000054],[92.14415577100004,29.286730184000078],[92.16585438100003,29.27728092600006],[92.19403054400004,29.24532623300007],[92.27141765500005,29.244269572000064],[92.30530075400009,29.22594136200007],[92.35264247100008,29.22212085800004],[92.39194257200006,29.234745971000052],[92.40868954600006,29.25909968900004],[92.46039540100008,29.252286473000026],[92.47335047700005,29.248698656000045],[92.50838565700008,29.211494794000032],[92.53234265100008,29.16735561200005],[92.53378466600003,29.13346298500005],[92.55761955200006,29.145834405000073],[92.59889573100008,29.14259946900006],[92.60166528500008,29.130579022000063],[92.58986228900005,29.117616312000052],[92.61078268300008,29.09829052300006],[92.62427945100006,29.112779155000055],[92.64996833700008,29.116866729000037],[92.68657518300006,29.13690400300004],[92.69712693800005,29.12045647900004],[92.67923551300004,29.111949458000026],[92.68028077600007,29.09990612200005],[92.70764054400007,29.107016928000064],[92.74171439200006,29.067480311000054],[92.76800600800004,29.088129856000023],[92.78106790200007,29.075470434000067],[92.80337687400004,29.075720312000044],[92.80784020000004,29.063713217000043],[92.82238986000004,29.066135624000026],[92.82649458200007,29.07899151500004],[92.85053547500007,29.07850132200008],[92.89529075700005,29.068428348000054],[92.90572043500003,29.058740657000044],[92.93562086100007,29.068844176000027],[92.95902850500005,29.050245107000023],[92.97524141700006,29.057186149000074],[92.98652561100005,29.04674884800005],[93.06205872500004,29.04294360700004],[93.07655497600007,29.050611368000034],[93.09071551100004,29.087662659000046],[93.14168889900009,29.134071676000076],[93.15118013300008,29.13038657900006],[93.15514754800006,29.081442641000024],[93.16992610500006,29.063484455000037],[93.16518050400003,29.026522815000078],[93.17045256800009,29.01450999800005],[93.21841990600007,29.02017881100005],[93.26502155800006,28.991157702000066],[93.29755420200007,28.99592240100003],[93.35114454600006,29.04377913600007],[93.37851194400008,29.05376248600004],[93.40729843800005,29.09841096300005],[93.44844490900005,29.104703493000045],[93.44908578700006,29.13258589800006],[93.45675354000008,29.14016782300007]]}},{"type":"Feature","properties":{"name":"金沙江","level":"river_l1"},"geometry":{"type":"LineString","coordinates":[[98.96175378000004,30.762852009000028],[98.95993026100007,30.729913088000046],[98.90637799000007,30.70055250100006],[98.90359317100007,30.69165828900003],[98.92151506900007,30.646588273000077],[98.92078258700008,30.61478044000006],[98.93881896400006,30.59694621600005],[98.92491778200008,30.571472877000076],[98.93286781300009,30.553068349000057],[98.92949548700005,30.52220468200005],[98.96343190600004,30.45313381300008],[98.95927373200004,30.423195237000073],[98.97466261400007,30.390506169000048],[98.96594958000009,30.374356205000026],[98.98281853400005,30.283500915000047],[98.96942853400009,30.255050120000078],[98.99205027400006,30.21311205300003],[98.98111701500005,30.18943739100007],[98.98540481800006,30.158936123000046],[99.01400057800004,30.146911834000036],[99.01902081900005,30.113196593000055],[99.04182568700008,30.086586408000073],[99.03665273800004,30.026215234000063],[99.04882955600004,29.99583984700007],[99.05229334000006,29.948864349000075],[99.07125289600003,29.931453566000073],[99.05413203400008,29.91518725800006],[99.01388573000008,29.817705704000048],[99.01985968600007,29.795654225000078],[98.99880951400007,29.727231921000055],[98.99403331400003,29.673033098000076],[99.01824198100007,29.607256319000044],[99.05216316100007,29.560126292000064],[99.04853139100004,29.49652588400005],[99.06053273900005,29.47599650500007],[99.06330213900009,29.353936127000054],[99.07369359900008,29.299771622000037],[99.09334744900008,29.28440557400006],[99.11673977400005,29.24243126300007],[99.11229167500005,29.210667302000047],[99.11827326500008,29.192499292000036],[99.10946103600008,29.165830005000032],[99.12428514800007,28.986833664000073]]}},{"type":"Feature","properties":{"name":"雅鲁藏布江","level":"river_l1"},"geometry":{"type":"LineString","coordinates":[[94.82350616600007,28.80314908400004],[94.78853967800006,28.82589676300006],[94.81438878800003,28.855928810000023],[94.79217900200007,28.866570207000052],[94.77589742100008,28.863619456000038],[94.77165535900008,28.871170862000042],[94.78713583300004,28.88467336100007],[94.79846580000003,28.920038504000047],[94.83360777100006,28.923654938000027],[94.90592119100006,28.976060809000046],[94.91059814400006,29.036317550000035],[94.94333679100004,29.05724747200003],[94.95642920000006,29.089576030000046],[94.97979869000005,29.116577213000028],[95.03650956400008,29.12378718900004],[95.02894862500006,29.14492883500003],[95.00163463200005,29.167691774000048],[95.04888479200008,29.168922045000045],[95.08762031100008,29.179231550000054],[95.10754884900007,29.199450011000067],[95.14372845000008,29.21051484700007],[95.21384455300006,29.26427306100004],[95.25344221800003,29.26925328300007],[95.29411566200008,29.295314113000074],[95.29600780800007,29.31187608600004],[95.33140919100003,29.324400083000057],[95.38125343400009,29.396320580000065],[95.40904810100005,29.417931442000054],[95.41357246200005,29.436730796000063],[95.46141774400007,29.476992232000043],[95.44953081700004,29.491416009000034],[95.42458199900005,29.494654782000055],[95.42340704900005,29.54213765000003],[95.38919589000005,29.565795163000075],[95.39391099500006,29.60117174900006],[95.37090773000006,29.626986533000036],[95.37375357900004,29.650321689000066],[95.39830566700005,29.684019758000034],[95.39339983300005,29.70817319100007],[95.37193774600007,29.719659570000033],[95.38424430900005,29.738394071000073],[95.38193254200007,29.763279947000058],[95.30452253700008,29.797071493000033],[95.27659053400004,29.77016377600006],[95.26188827700008,29.768769467000027],[95.23835857400007,29.836007300000063],[95.20820636100007,29.847529920000056],[95.16963106300005,29.884724264000056],[95.15488302800009,29.880302908000033],[95.10857129400006,29.825604343000066],[95.12399836100008,29.809681349000073],[95.18524123000003,29.79645541700006],[95.19379402000004,29.786599870000032],[95.19017758300004,29.769294011000056],[95.12167132100006,29.741127412000026],[95.09842390400007,29.750319185000023],[95.07934988100004,29.74214978300006],[95.07173553400008,29.761788396000043],[95.05622454000007,29.76640240300003],[94.95677258700005,29.753403465000076],[94.91420699600008,29.718208084000025],[94.89343157100006,29.710774939000032],[94.88383352200003,29.694998817000055],[94.90877471200008,29.680561689000058],[94.91388654900004,29.66923362800003],[94.87829442300006,29.63700616400007],[94.92481977500006,29.626982764000047]]}},{"type":"Feature","properties":{"name":"长江","level":"river_l1"},"geometry":{"type":"LineString","coordinates":[[106.14600216900004,29.22263793600007],[106.14735248300008,29.181962600000077],[106.10339062100007,29.153618720000054],[106.11006645400005,29.130983573000037],[106.13467947000004,29.10371912000005],[106.13017792400007,29.077389363000066],[106.11895475000006,29.068420788000026],[106.09669919800007,29.06855626600003],[106.05922267000005,29.095887508000033],[106.01301781200004,29.10216678200004],[105.99493561500009,29.09021314000006],[105.99219651500005,29.06613029700003],[105.90394487400005,29.059778857000026],[105.85268146600004,29.025350381000067],[105.85188025700006,28.991656137000064],[105.81866851600006,28.96524251900007],[105.81986631200004,28.94786990500006],[105.84205313800004,28.92768382500003],[105.87711115800005,28.925742009000032],[105.86833704400004,28.902118864000045],[105.87299869500004,28.889657800000066],[105.90127395500008,28.87353637800004],[105.90755307600006,28.859061094000026],[105.89879422100006,28.83543985600005],[105.86978643300006,28.822677500000054],[105.85834961500007,28.808139313000027],[105.84522670500007,28.810269910000045],[105.80079200600005,28.84696841500005],[105.79117888100006,28.90646410100004],[105.77956665500005,28.916424578000033],[105.73950359800006,28.912691885000072],[105.72465631000006,28.88543515200007],[105.70835944800007,28.87531642500005],[105.62969059900007,28.871501800000033],[105.62581477700007,28.877109569000027],[105.64904695700005,28.89020382700005],[105.64966504200004,28.920003158000043],[105.61861259300008,28.932550115000026],[105.60302538400003,28.956869518000076],[105.57394898100006,28.962198863000026],[105.53884512800005,28.945698012000037],[105.54050070400007,28.92912841200007],[105.56010872100006,28.907254289000036],[105.52926215700006,28.88019786800004],[105.49847669800005,28.876480412000035],[105.48485793600008,28.904362836000075],[105.46350270200008,28.913424948000056],[105.44210161900008,28.897633619000032],[105.45317975600005,28.88105636800003],[105.44719049800005,28.874283199000047],[105.37537300800005,28.862287710000032],[105.34800554800006,28.836694257000033],[105.34883708600006,28.80506572400003],[105.36675897500004,28.78774075800004],[105.35735927200005,28.776448962000075],[105.32233171700005,28.759887071000037],[105.30099172600006,28.762898905000043],[105.28049092300006,28.741810719000057],[105.26257660200008,28.737288309000064],[105.19597023500006,28.762092302000042],[105.18229041300003,28.78241187900005],[105.17032720100008,28.784656916000074],[105.15326735400004,28.76505840300007],[105.16526861800008,28.728176862000055],[105.13883199100007,28.70931653300005],[105.10469715000005,28.710771953000062],[105.06109407100007,28.748345948000065],[105.03548911800004,28.746785748000036],[105.01069294600006,28.761037905000023],[105.03543577200008,28.769378919000076],[105.05416651700006,28.794264747000057],[105.05583744200004,28.809331308000026],[104.99594515500007,28.846096599000077],[104.95757580700007,28.819641021000052],[104.93807441900009,28.775154737000037],[104.92528718500006,28.768339618000027],[104.91160732300006,28.774323165000055],[104.89358626400008,28.798364092000043],[104.82771232800008,28.82072469800005],[104.79443960000003,28.810806279000076],[104.74760901600007,28.781995076000044],[104.70741629000008,28.791602741000077],[104.66742946900007,28.765807124000048],[104.64944651500008,28.773997544000053],[104.63666691500003,28.768660660000023]]}},{"type":"Feature","properties":{"name":"长江","level":"river_l1"},"geometry":{"type":"LineString","coordinates":[[104.63666691500003,28.768660660000023],[104.67598987400004,28.76208385900003],[104.70233495000008,28.782542594000063],[104.75020306300007,28.77522761000006],[104.79276107100009,28.804775079000024],[104.84226959100005,28.813247654000065],[104.89104558600008,28.79082413900005],[104.90907427200005,28.76603360400003],[104.92360102300006,28.760805386000072],[104.94491816500005,28.772163917000057],[104.96187888300005,28.812122035000073],[104.99766942900004,28.840076836000037],[105.04048665200008,28.799510130000044],[105.03455077800004,28.783682525000074],[105.00383395900008,28.77081335200006],[105.00644323200004,28.751991108000027],[105.03123940800003,28.73924770600007],[105.05940028400005,28.743070079000063],[105.10726830600004,28.70324534100007],[105.14566810500008,28.705560844000047],[105.17295162800008,28.728184475000035],[105.16352916200009,28.76205994600008],[105.17546190100006,28.776380690000053],[105.19426881700008,28.756068731000028],[105.25830401200005,28.73276777600006],[105.27879712800006,28.733526878000077],[105.30269310000006,28.753112024000075],[105.32745879100008,28.753110063000065],[105.36845270800006,28.77418675900003],[105.37273297100006,28.793760504000034],[105.35397947200005,28.817112861000055],[105.35911424900007,28.835936995000054],[105.39587373900008,28.857757586000048],[105.41980780300008,28.85698885100004],[105.45486586600003,28.869756918000064],[105.46174018600004,28.886316962000024],[105.45578150700004,28.90063202300007],[105.46434957300005,28.908152888000075],[105.47715966000004,28.902112119000037],[105.48224090600007,28.87800827600006],[105.49332668700004,28.866699268000048],[105.51382742500004,28.864410341000053],[105.54549795100007,28.879417705000037],[105.57207193300007,28.904971102000047],[105.55252500700004,28.945673185000032],[105.57651251700008,28.958431739000048],[105.59103927100006,28.954634070000054],[105.61063965400007,28.931247377000034],[105.64136401100006,28.912346868000043],[105.62074111000004,28.883779763000064],[105.62496023700004,28.868709375000037],[105.63775506200005,28.86190183000008],[105.70959543200007,28.87149208200003],[105.74736970300006,28.907520902000044],[105.76619957300005,28.910467794000056],[105.77984127600007,28.90138471700004],[105.78982064100006,28.848633601000074],[105.84341847700006,28.806256742000073],[105.86477373100007,28.804662105000034],[105.90167057200006,28.83236321100003],[105.91641106600008,28.866183311000043],[105.90965890800004,28.87976974600008],[105.87901085300007,28.900238141000045],[105.88776210700007,28.93333535000005],[105.86561341400005,28.948493520000056],[105.82802238200009,28.956176619000075],[105.82979248200007,28.96671310000005],[105.85381050800004,28.97866482200004],[105.85748810900009,29.023080562000075],[105.91076572600008,29.055231596000056],[105.99641566000008,29.057823555000027],[106.00760830800004,29.06454330300005],[106.00347312800005,29.085650616000066],[106.01465814900007,29.09312188100006],[106.04290293100007,29.089955529000065],[106.09493674100008,29.062542234000034],[106.13097138200004,29.07060664200003],[106.14576526800005,29.098378370000034],[106.11450694100006,29.149784817000068],[106.15849170100006,29.18113666800008],[106.15280775900004,29.217321992000052],[106.18118227700006,29.224669234000032],[106.20937362300003,29.212429373000077],[106.23278896000005,29.239378990000034],[106.26460443000008,29.246680445000038],[106.24089935600006,29.279989451000063],[106.24960477100007,29.291975540000067],[106.27271482100008,29.285785967000038],[106.29386398700007,29.255504013000063],[106.38335930900007,29.278901887000075],[106.38909694000006,29.33232627600006],[106.44087913000004,29.35448443000007],[106.46530159100007,29.385903083000073],[106.48867111300007,29.40000635100006],[106.52546865100004,29.387621503000048],[106.53239634700009,29.392828692000023],[106.53427326600007,29.404107150000073],[106.50632614100005,29.43900884800007],[106.50077190900004,29.475964761000057],[106.53860711500005,29.47636903600005],[106.54816703500006,29.484563208000054],[106.54753383200006,29.501138526000034],[106.53393792200006,29.51482225600006],[106.53416687200007,29.533648306000032],[106.54030873200009,29.542628336000064],[106.59001564500005,29.555970483000067],[106.58004389200005,29.598822184000028],[106.60476386600004,29.61623097300003],[106.61685678000003,29.613705544000027],[106.62840029200004,29.589639834000025],[106.65126621400009,29.589395629000023],[106.66909650700006,29.561656248000077],[106.68957433400004,29.55270094800005],[106.72215276900005,29.56113730100003],[106.74423296900005,29.599308158000042],[106.75897338800007,29.606678319000025],[106.77877983900004,29.606458918000044],[106.81882753700006,29.578891146000046],[106.85152038500007,29.57776188100007],[106.87141078100007,29.583548886000074],[106.88194730700008,29.596229262000065],[106.88165750300004,29.632384052000077],[106.89322405800004,29.654839856000024],[106.94409080800006,29.70844532700005],[106.97171015500004,29.761575915000037],[107.02034131500005,29.78053535600003],[107.05893960400005,29.81618076700005],[107.07444295600004,29.815221304000033],[107.08261417300008,29.78950379300005],[107.09964340700009,29.77722199300007],[107.09302843200004,29.745679317000054],[107.14160601300006,29.71488419900004],[107.16937764700003,29.679093651000073],[107.20277238100005,29.667321083000047],[107.23698363200003,29.69845740900007],[107.29073424400008,29.71422956600003],[107.31018981600005,29.73803960200007],[107.40283601300007,29.715507226000057],[107.42473317400004,29.771647703000042],[107.48173409100008,29.81365424300003],[107.48805144800008,29.826355610000064],[107.48513702600007,29.850505223000027],[107.46048583900006,29.86823267500006],[107.46597920400006,29.88245424200005],[107.49288884000003,29.888792463000073],[107.53446243200005,29.855708479000043],[107.60995728800003,29.83558137700004],[107.74310165800006,29.879134606000036]]}},{"type":"Feature","properties":{"name":"金沙江","level":"river_l1"},"geometry":{"type":"LineString","coordinates":[[103.84284454000004,28.669259889000045],[103.86347500300008,28.67497061100005],[103.87866542500007,28.625435362000076],[103.92039936600008,28.62890484600007],[103.94969698800008,28.605871009000055],[104.04489161300006,28.630182569000056],[104.09967975200004,28.61187903700005],[104.12919113000004,28.640768485000024],[104.23147361100007,28.646179585000027],[104.24402436900004,28.670382579000034],[104.26133587800007,28.645674065000037],[104.30418367700008,28.624175657000023],[104.35003001900009,28.645610946000033],[104.37643608700006,28.64956875200005],[104.41926099900007,28.62878561900004],[104.43973122100005,28.627417971000057],[104.50328595300005,28.67979127700005],[104.57729318900005,28.711108754000065],[104.59841201300009,28.74210017100006],[104.63666691500003,28.768660660000023]]}},{"type":"Feature","properties":{"name":"澜沧江","level":"river_l1"},"geometry":{"type":"LineString","coordinates":[[98.41199313800007,29.423772394000025],[98.43246336300007,29.411183524000023],[98.43487427200006,29.36584457600003],[98.49124177000004,29.32531605300005],[98.51063620100007,29.29531260300007],[98.53840032900007,29.282933542000023],[98.58210264200005,29.208939659000066],[98.63595997700008,29.151404739000043],[98.63332010900007,29.129425748000074],[98.59509569300008,29.049093635000077],[98.59534744800004,29.028257174000032],[98.61100338100005,29.009005753000054],[98.61307861000006,28.986792147000074],[98.63187031900009,28.974632443000075],[98.62924572100007,28.96249946100005],[98.64461935100007,28.936606465000068],[98.65948944700006,28.929945805000045],[98.65112738700009,28.919424582000033],[98.64665640300007,28.886455141000056],[98.66929339900008,28.842916763000062],[98.65205809500009,28.821420356000033],[98.66741647400005,28.804454002000057],[98.67935677300005,28.77169054600006],[98.68816893100006,28.736415045000058],[98.68341564400004,28.696580864000055],[98.70268039400008,28.69105319700003],[98.70343571000006,28.677543067000045],[98.71513188600005,28.667903048000028],[98.74287307400004,28.612208791000057],[98.78647622700004,28.570665537000025],[98.81504135400007,28.462525352000057],[98.83606854000004,28.456513203000043],[98.87237773000004,28.362308490000032],[98.86890622700008,28.332097151000028],[98.88315832400008,28.327244708000023],[98.86702932400004,28.31401498100007],[98.87659683900006,28.304598128000066],[98.85995665500008,28.29091444000005],[98.86369511100008,28.244427233000067]]}},{"type":"Feature","properties":{"name":"雅鲁藏布江","level":"river_l1"},"geometry":{"type":"LineString","coordinates":[[94.82350616600007,28.80314908400004],[94.83389769100006,28.824199174000057],[94.86379812100006,28.815022661000057],[94.88439043000005,28.823214952000058],[94.93387605900006,28.799612755000055],[94.93377687300006,28.785297702000037],[94.88837308200004,28.776483599000073],[94.87801207500007,28.75995596000007],[94.91476389100006,28.75600954300006],[94.96498958900008,28.721090728000036],[94.98873292300004,28.69383776400008],[94.99025884200006,28.668965240000034],[95.02100615700004,28.666527578000057],[95.03941639200008,28.615941363000047],[95.07932686100008,28.587067106000063],[95.08689542900004,28.57270436600004],[95.09666131900008,28.51462969100004],[95.10757928300006,28.494218579000062],[95.09859160000008,28.439279675000023],[95.07704558900008,28.411542234000024],[95.07841891400005,28.37009819900004],[95.06889716400008,28.352077063000024],[95.04668738000004,28.344680159000063],[95.03035239200005,28.325192232000063],[95.01170563600004,28.33735383000004],[95.00136751800005,28.321592966000026],[94.97496908200009,28.322493262000023],[94.96555414800008,28.315765855000052],[94.96717162300007,28.303703443000074],[94.99686604800007,28.28847092700005],[95.02085352000006,28.195673901000077],[95.05866584200004,28.159603014000027],[95.13177272000007,28.13546483300007],[95.21370705900006,28.168789048000065],[95.24853620800008,28.165514035000058],[95.29838804600007,28.133484931000055],[95.28874422000007,28.104936843000075],[95.31670672300004,28.097179434000054],[95.33546029400009,28.10229889900006],[95.34556189000006,28.09104141000006]]}},{"type":"Feature","properties":{"name":"雅鲁藏布江","level":"river_l1"},"geometry":{"type":"LineString","coordinates":[[95.34176234600005,28.089002398000048],[95.33528481000008,28.085727389000056]]}},{"type":"Feature","properties":{"name":"雅鲁藏布江","level":"river_l1"},"geometry":{"type":"LineString","coordinates":[[94.82350616600007,28.80314908400004],[94.83727760700003,28.816649676000054],[94.86204331100004,28.807497960000035],[94.88434465200004,28.81567880600005],[94.92529275100009,28.795889507000027],[94.88326887500006,28.780273607000026],[94.86940587800007,28.752463684000077],[94.90532606700003,28.751536685000076],[94.96408929500006,28.715069060000076],[94.98015724500004,28.690118331000065],[94.98252242100006,28.662228296000023],[95.01158359200008,28.663571105000074],[95.03250396800007,28.60543348500005],[95.07920478600005,28.572000536000075],[95.08637660900007,28.50942057700007],[95.09811094000008,28.48373168300003],[95.09093147600004,28.44158763200005],[95.07020946200004,28.40932392600007],[95.07510766600006,28.382927386000063],[95.06898109100007,28.362624998000058],[95.03905777400007,28.349246481000023],[95.02359256200003,28.332762712000033],[95.01088926900007,28.341878188000067],[94.99546983400006,28.330666479000058],[94.97418323300008,28.33153816300006],[94.95699372900003,28.309030818000053],[94.96284563600005,28.29393373000005],[94.98243846400004,28.29533376200004],[94.99005281000007,28.287755652000044],[95.01231599100004,28.19120485800005],[95.05710177200007,28.15327234700004],[95.08257702500003,28.149345003000064],[95.12576059000008,28.12797446500008],[95.20169042900005,28.157577340000046],[95.24170008100003,28.16180032400007],[95.28820252300005,28.135073798000064],[95.27794069900006,28.104816678000077],[95.28524223000005,28.095170944000074],[95.33014245500004,28.082004140000038]]}},{"type":"Feature","properties":{"name":"金沙江","level":"river_l1"},"geometry":{"type":"LineString","coordinates":[[99.12428514800007,28.986833664000073],[99.12971732900007,28.904803927000046],[99.10910207600006,28.85654476700006],[99.10782024600007,28.809630307000077],[99.12016488100005,28.752234661000045],[99.13559954200008,28.725014112000054],[99.13064026000006,28.693032706000054],[99.14758556200007,28.64793407700006],[99.17150433900008,28.61601749600004],[99.16991736100005,28.59910074900006],[99.18172035000003,28.590008152000053],[99.17318278800008,28.561740461000056],[99.19227960900008,28.493030099000066],[99.18419218900004,28.46040780900006],[99.18782386300006,28.445020793000026],[99.17221366900009,28.427383061000057],[99.17356409600006,28.415459889000033],[99.20232766900006,28.382559084000036],[99.20594408300008,28.366483496000058],[99.23063347200008,28.354230322000035],[99.24726596000005,28.311418667000055],[99.28516982500008,28.29988266400005],[99.28242312300006,28.26261203000007],[99.30618170800005,28.257912169000065],[99.31246845500004,28.218907698000066],[99.33924072800005,28.209807457000068],[99.35926841300005,28.186386448000064],[99.38038715200008,28.18011107500007],[99.40190260600008,28.154141775000028],[99.39412037600005,28.126337583000065],[99.41163792600008,28.10844041200005],[99.40147525600008,28.07769882300005],[99.41348417800003,28.01594285400006],[99.40700660400006,27.982763601000045],[99.41495663700005,27.97012323900003],[99.41374349200004,27.93897154900003],[99.44222476000004,27.901250738000044],[99.46036786700006,27.82531704400003],[99.46004741200005,27.815924996000035],[99.43065050600006,27.781942748000063],[99.43991278700008,27.733090357000037],[99.45582812300006,27.718109605000052],[99.47179682800004,27.671736830000043],[99.49556300100005,27.635856666000052],[99.52318216900005,27.638216096000065],[99.51892482700003,27.619222190000073],[99.52771408900009,27.584568500000046],[99.55160236200004,27.57113464400004],[99.55528742800004,27.544986065000046],[99.56834929600006,27.533219288000055],[99.56352735500008,27.507581901000037],[99.56875360200007,27.481883467000046],[99.58510381900004,27.46252904200003],[99.60590210700008,27.453917102000048],[99.59879892200007,27.434024812000075],[99.62425123100007,27.394440471000053],[99.65721107800005,27.36259063800003],[99.64258509400008,27.334500341000023],[99.64505706900007,27.321419375000062],[99.74302105500004,27.225835544000063],[99.79516935100008,27.193348619000062],[99.80984104400005,27.167104658000028],[99.84420473300008,27.133593476000044],[99.85854071600005,27.10138506900006],[99.89330116500008,27.08504813500008],[99.96360019200006,26.981970145000048],[99.95729806000008,26.91898582600004],[99.96610256800005,26.87787367100003]]}},{"type":"Feature","properties":{"name":"金沙江","level":"river_l1"},"geometry":{"type":"LineString","coordinates":[[99.96610256800005,26.87787367100003],[99.98688560800008,26.880206403000045],[100.02894000700007,26.904115645000047],[100.06143453600004,26.94529833000007],[100.05797074000009,26.978571056000078],[100.07973042000003,27.01916436500005],[100.07069699400006,27.037589879000052],[100.07841818300005,27.061354194000046],[100.05319480100007,27.125322765000078],[100.06130511400005,27.16008515900006],[100.11328563600006,27.18891548700003],[100.13432050500006,27.228814502000034],[100.15103699400004,27.250879311000062],[100.17149197400005,27.261669463000032],[100.20056844900006,27.304454367000062],[100.22739414000006,27.30967108300007],[100.24043315100005,27.323511178000047],[100.22851578400008,27.377042431000064],[100.21001402900004,27.400158257000044],[100.20959443900006,27.428355382000063],[100.17642098700009,27.47408156800003],[100.19080284100005,27.511745114000064],[100.21316523000007,27.527320935000034],[100.24959665100005,27.57390919000005],[100.23931197600007,27.596250602000055],[100.26053754100008,27.60174771100003],[100.25852335900004,27.625832479000053],[100.28467767700005,27.652125987000034],[100.29178851000006,27.682295358000033],[100.28203791100003,27.70623517200005],[100.30183677800005,27.738783058000024],[100.32561822900004,27.722015060000047],[100.33920657000004,27.733545290000052],[100.34414295400006,27.754570577000038],[100.37777425400009,27.759449674000052],[100.41018477100005,27.73179802900006],[100.40801787600009,27.671098776000065],[100.42925867500009,27.65869682400006],[100.44685249400004,27.626402580000047],[100.44428892400003,27.61038994300003],[100.45684719200005,27.56967452400005],[100.43443894800004,27.500508336000053],[100.45538211600007,27.43562040200004],[100.46880256600008,27.420328744000074],[100.49610891600008,27.420906656000057],[100.52623056400006,27.403564522000067],[100.50980396000006,27.355869952000035],[100.52526141600003,27.272928463000028],[100.54311464900007,27.247027830000036],[100.52010368300006,27.187953707000077],[100.49951901200006,27.18638203100005],[100.48715902900005,27.167512117000058],[100.45535122200005,27.17157491900008],[100.44927804200006,27.16041853100006],[100.46610127800005,27.133619513000042],[100.48113921400005,27.12586781400006],[100.49188927100005,27.08905684900003],[100.49017259400006,27.07738736500005],[100.47654612300005,27.07641269800007],[100.46839768900008,27.06344809600006],[100.46690226600003,27.048335751000025],[100.43874133800006,27.001459469000054],[100.44885054600007,26.990791357000035],[100.45844849800005,26.928089318000048],[100.44690486000007,26.89269557800003],[100.45456495300004,26.872887199000047],[100.44512704300007,26.805830581000066],[100.40464437400004,26.805176387000074],[100.38018383000008,26.77634603200005],[100.39612960700003,26.709905477000063],[100.39294802800003,26.684264274000043],[100.40771890600007,26.661159896000072],[100.40573516700005,26.629773596000064],[100.42683863300005,26.621264652000036],[100.42978364700008,26.61228650700008],[100.41256360500006,26.58910968300006],[100.40569691700006,26.555032045000075],[100.42064327000008,26.528023215000076],[100.41466925700007,26.502416348000054],[100.42893658500009,26.48252594300004],[100.44852932200007,26.424504657000057],[100.45663958300008,26.420506733000025],[100.43748921200006,26.367316939000034],[100.45394624900007,26.358401723000043],[100.42993586800009,26.338978674000032],[100.43357517000004,26.32586337300006],[100.39971498300008,26.312977001000036],[100.41394416000009,26.291249768000057],[100.42777656000004,26.241783186000077],[100.43735933000005,26.23478682500007],[100.43586390700005,26.219441777000043],[100.45361798100004,26.213259867000033],[100.46357458800009,26.197315882000055],[100.47656779800008,26.196694054000034],[100.48367860700006,26.21242629900007],[100.49755686100008,26.22004635500008],[100.55116244500005,26.225316448000058],[100.56247710700006,26.199026712000034],[100.58196309500005,26.190056178000077],[100.60590478100005,26.189047136000056],[100.61461018100005,26.207732037000028],[100.65440613800007,26.178295056000024],[100.72327092100005,26.182373003000066],[100.75491848800004,26.170451704000072],[100.76907903800009,26.17872981200003],[100.77443504000007,26.19424461500006],[100.79732383800007,26.19138730000003],[100.81769489200008,26.205070979000027],[100.83033713200007,26.199148481000066],[100.83531923200007,26.178435996000076],[100.86684471600006,26.160758156000043],[100.90507664600005,26.161316980000038],[100.93059772400005,26.204946866000057],[100.96389335300006,26.240191802000027],[101.00138525100004,26.267564884000024],[101.03526069500003,26.278707886000063],[101.06919721800006,26.317590236000058],[101.20134960900003,26.366694233000032],[101.26887919900008,26.36182455100004],[101.37461026600005,26.39909314600004],[101.43662366000007,26.397918107000066],[101.44812150400008,26.42062762100005],[101.48344659700007,26.445856781000032],[101.48334742300005,26.452738688000068],[101.45462200300005,26.46980615900003],[101.46312141800007,26.49463670700004],[101.44698484500009,26.515127948000043],[101.45052501200007,26.53569736700007]]}},{"type":"Feature","properties":{"name":"金沙江","level":"river_l1"},"geometry":{"type":"LineString","coordinates":[[101.45052501200007,26.53569736700007],[101.47551197000007,26.544158570000036],[101.50116276500006,26.59158418000004],[101.51987819700008,26.60405856500006],[101.53648782000005,26.592722853000055],[101.57656612800008,26.600407723000046],[101.61628581900004,26.59318243100006],[101.62994277800004,26.576391553000065],[101.64340901800006,26.572906712000076],[101.66349015400004,26.588772455000026],[101.66867062400007,26.57100881300005],[101.68836260800003,26.56096631500003],[101.71479160200005,26.59480931300004],[101.76516221100007,26.584568404000038],[101.80421818400004,26.611243368000032],[101.85162846400004,26.575582515000065],[101.87125922900003,26.45841841300006],[101.89726851900008,26.447521390000077],[101.91607544700008,26.425082687000042],[101.93748408800008,26.414050245000055],[101.92647449200007,26.365907434000064],[101.93176935100007,26.31648091900007],[101.92166005600006,26.272673631000032],[101.90471467500004,26.249660849000065],[101.90853702500004,26.20209977500008],[101.85147519800006,26.174473042000045],[101.83977136000004,26.155923573000052],[101.84437199500007,26.147107555000048],[101.83452213700008,26.12094945700005],[101.84022137500006,26.07632959400007],[101.82658714200005,25.992915108000034],[101.83986261700005,25.97542230600004],[101.85596106200006,25.968645285000036],[101.89143870800007,25.97267176300005],[101.90704889100004,25.985623002000068],[101.96704807800006,25.993204843000058],[102.06897188600004,25.983507471000053],[102.09545425200008,25.998091430000045],[102.09416491300004,26.035003475000053],[102.10860019300009,26.080359566000027],[102.13011569000008,26.09488631000005],[102.13325148300004,26.110742538000068],[102.15234075600006,26.118461767000042],[102.17939538700006,26.158652596000024],[102.23332907900004,26.186275515000034],[102.25128922100004,26.222603867000032],[102.32625770200008,26.23907226700004],[102.35611236400007,26.259662628000058],[102.38245744000005,26.296795891000045],[102.52913657900007,26.33782007600007],[102.55227721100005,26.36736379000007],[102.57655459300008,26.363758763000078],[102.62690990900006,26.33921614700006],[102.63214376300004,26.31136807100006],[102.60814862000007,26.284092260000023],[102.59920667100005,26.253140862000066],[102.66717870000008,26.211366750000025],[102.71218572800007,26.22066908100004],[102.74266608900007,26.278860053000074],[102.78006644000004,26.306183528000076],[102.82431050500008,26.313940863000028],[102.84345319500005,26.326089076000073],[102.87329263900006,26.366915060000053],[102.88418007300004,26.36395094100004],[102.89348051600007,26.34364854000006],[102.97204251300008,26.346232947000033],[102.98203730200004,26.353051893000043],[102.99362670900007,26.375700365000057],[102.98593613800006,26.409579649000023],[102.99409988900004,26.45029694400006],[102.99140671100008,26.48645175100006],[103.02236000400006,26.488822602000027],[103.04234959600007,26.508480254000062],[103.05644915600004,26.538666774000035],[103.05052861300004,26.552209336000033],[103.02784584100004,26.56720155100004],[103.01684400500005,26.59127298100003],[103.02596904700005,26.61164592500006],[103.02236797900008,26.663620725000044],[103.00045581500007,26.688403632000075],[102.99433697800004,26.740365084000075],[102.98080973800006,26.761411378000048],[102.97977981600008,26.799074937000057],[102.96112551700008,26.836671765000062],[102.93076738500008,26.862164239000037],[102.89519829100004,26.915500974000054],[102.88965174000003,27.00060353200007],[102.86761751400007,27.032142457000077],[102.90744421800008,27.124973735000026],[102.89754884700005,27.235658373000035],[102.88050438400006,27.26872702600008],[102.88198459600005,27.303380701000037],[102.94085483900005,27.419182787000068],[102.94719503900006,27.41927051700003],[102.96583408000004,27.382060891000037],[102.98612117500005,27.373851401000024],[103.03070861100008,27.394346360000043],[103.05171294500008,27.413998287000027],[103.09981756500008,27.404356291000056],[103.13685169700005,27.425549371000045],[103.14679317000008,27.473776102000045],[103.17870026000008,27.519044416000042],[103.20397717500003,27.53943640600005],[103.22328777000007,27.57336714400003],[103.28748323800005,27.571228838000025],[103.29163380100005,27.599099786000068],[103.27465800900006,27.632958104000068],[103.36409999300008,27.70537818200006],[103.44014434500008,27.753637222000066],[103.49170533500006,27.81540452300004],[103.50268438800003,27.840254134000077],[103.49757265700003,27.88618247000005],[103.50432493100004,27.920063635000076],[103.52719090900007,27.94641816500007],[103.56108165500007,27.968999834000044],[103.56022716000007,27.978035197000054],[103.55260519600006,27.98180042200005],[103.53141776000007,27.969003701000076],[103.50514141300005,27.971260204000032],[103.49497116800006,27.978031498000064],[103.48750953700005,28.031654296000056],[103.44093843400009,28.028726517000052],[103.42769350900005,28.057900250000046],[103.45240588500008,28.098916974000076],[103.44762981900004,28.12821658000007],[103.49487235700008,28.143948746000035],[103.54499132700005,28.191330423000068],[103.56389756900006,28.228482760000077],[103.60611982700004,28.24335469500005],[103.63211393300008,28.264027068000075],[103.68347636700008,28.240588822000063],[103.69415011100006,28.209851024000045],[103.70863871900008,28.206266990000074],[103.73033736800005,28.23138170900006],[103.76592948000007,28.237084775000028],[103.78009769600004,28.25532523100003],[103.86435152500007,28.306746717000067],[103.87089776700009,28.324891817000037],[103.85345656900006,28.356322015000046],[103.85204518800003,28.396215323000035],[103.82765344000006,28.435849268000027],[103.82558588000006,28.462179045000028],[103.78294417300003,28.52418684500003],[103.80107221300005,28.566569277000042],[103.83309372000008,28.591790789000072],[103.84284454000004,28.669259889000045]]}},{"type":"Feature","properties":{"name":"澜沧江","level":"river_l1"},"geometry":{"type":"LineString","coordinates":[[98.86369511100008,28.244427233000067],[98.86510654100005,28.20092511200005],[98.87639832100007,28.16792323100003],[98.89258830400007,28.132159427000033],[98.91945212300004,28.11375297400008],[98.91960468500008,28.086740345000067],[98.92860760400004,28.072743821000074],[98.91487430800004,28.06615375800004],[98.91315760000003,28.023351656000045],[98.90310175800005,28.00184570600004],[98.91587366300007,27.95284072000004],[98.95408267800008,27.911072395000076],[98.96648841300004,27.909214575000078],[99.03485723100005,27.847882000000027],[99.04122791400005,27.815332177000073],[99.03238517900007,27.79313002400005],[99.04809451100004,27.772926807000033],[99.04079295100007,27.746597035000036],[99.05470933900006,27.73762460300003],[99.04526382700004,27.680825991000063],[99.00469719600005,27.656640167000035],[99.00516257900006,27.636015427000075],[99.01700371300007,27.625446502000045],[99.01592028800007,27.60597192700004],[99.03751203400009,27.575440122000032],[99.03487216600007,27.55299000100007],[99.01830826600008,27.52530407300003],[99.06593976400006,27.41632461000006],[99.09183460000008,27.381644202000075],[99.08995768800008,27.354835666000042],[99.10962675600007,27.309397515000057],[99.10745228100006,27.274108670000032],[99.09533646000006,27.264062393000074],[99.09813651500008,27.255803339000067],[99.08036715700007,27.244854866000026],[99.08826377000008,27.22007770600004],[99.11336513500004,27.19318522100008],[99.15547290200004,27.181357383000034],[99.15361125900006,27.163485027000036],[99.16486490800008,27.149236723000058],[99.16120267900004,27.13160088500007],[99.17422638900007,27.11161320700006],[99.17277671700003,27.068067217000078],[99.15293209500004,27.04567433300008],[99.15631194300005,26.984919756000068],[99.17779688700006,26.968798374000073],[99.18021542900004,26.930509181000048],[99.19394105100008,26.899740864000023],[99.17711772900009,26.855561630000068],[99.18091726100005,26.84568891300006],[99.16753491900005,26.828774082000052],[99.16975510900005,26.805612496000037],[99.14748422400004,26.735542188000068],[99.17192943300006,26.701298576000056],[99.13871008000007,26.640662289000034],[99.14035803000007,26.59893214300007],[99.12951633400007,26.568934438000042],[99.10721498700008,26.54951901000004],[99.10204209500006,26.528442220000045],[99.10659695200007,26.514443792000066],[99.13465098400007,26.50059793500003],[99.14991779700006,26.481518178000044],[99.13545965400004,26.436400499000058],[99.15295429300005,26.401033432000077],[99.14905554600006,26.381101083000033],[99.13447536800004,26.372437674000025],[99.15094764400004,26.339596009000047],[99.15416730700008,26.312760765000064],[99.13781706200007,26.30410308000006],[99.14539323500009,26.283444001000078],[99.13278146700009,26.24817614500006],[99.14231079100006,26.202289762000078],[99.13078244400003,26.183526656000026],[99.14143335400007,26.169963110000026],[99.14033466600006,26.14612249100003],[99.12731092600006,26.135847326000032],[99.13745065200004,26.122056800000053],[99.12673863900005,26.070181191000074],[99.14873470500004,25.999351699000044],[99.15763074300008,25.924343099000055],[99.15012317700007,25.88676537400005],[99.16197191900005,25.859895789000063],[99.17568230800003,25.855718567000054],[99.19960868000004,25.801748601000043],[99.21811045200008,25.79319388700003],[99.21954479400006,25.77071705800006],[99.24104498800006,25.751141371000074],[99.26576479800008,25.65931900700008],[99.28210736900007,25.628066208000064],[99.29471145200006,25.61196009300005],[99.32102593100007,25.600145621000024]]}},{"type":"Feature","properties":{"name":"南盘江","level":"river_l1"},"geometry":{"type":"LineString","coordinates":[[105.07186516900003,24.919389789000036],[105.13277234500003,24.96695073500007],[105.15592817400005,24.968949649000024],[105.20011886400005,24.998584865000055],[105.25673040300006,24.969279438000058],[105.25973641500008,24.948143515000027],[105.27029574700003,24.935203682000065],[105.32060529300009,24.93006504600004],[105.37535531200007,24.94594978200007],[105.42394055800008,24.936273440000036],[105.44587559400009,24.91337504100005],[105.46408732300006,24.86339345300007],[105.48528230200009,24.846526260000076],[105.49228621100008,24.820808750000026],[105.50697315800005,24.81005860600004],[105.55471152300004,24.802610111000035],[105.59525521100005,24.80956632500005],[105.62119577300007,24.782061543000054],[105.71165222300004,24.766393969000035],[105.75813928000008,24.73704278200006],[105.77425293900006,24.717198144000065],[105.80786128100004,24.70611607400008],[105.83179532700007,24.707994817000042],[105.87268238900003,24.732953085000076],[105.92950760800005,24.729752352000048],[105.94538472200009,24.698587286000077],[105.99547289400005,24.647995267000056],[106.02087943000004,24.641527217000032],[106.05252712500004,24.69673879800007],[106.09986880500009,24.713230096000075],[106.13080686400008,24.733772747000046],[106.14207583900009,24.759190757000056],[106.17284602500007,24.770684695000057],[106.19919119700006,24.843047640000066],[106.19974059000003,24.868158580000056],[106.18963907700004,24.896985160000042],[106.14303002800006,24.957966790000057]]}},{"type":"Feature","properties":{"name":"南盘江","level":"river_l1"},"geometry":{"type":"LineString","coordinates":[[103.92277366500008,25.921805857000038],[103.95270454400008,25.904389319000074],[103.96179135600005,25.885525100000052],[103.95754924500005,25.85991633100008],[103.97158763900006,25.828226733000065],[103.95901399700006,25.798122232000026],[103.93565975800004,25.78010495500007],[103.88486947700005,25.759136974000057],[103.82665564400008,25.760775532000025],[103.81741610500006,25.71482814500007],[103.83396463300005,25.680130571000063],[103.84806411000005,25.670305520000056],[103.81140378900005,25.621399799000073],[103.82468690600007,25.61459226000005],[103.82214620500008,25.592742976000068],[103.85860034000007,25.551220685000033],[103.86678680900008,25.507495392000067],[103.85010079600005,25.46759638900005],[103.85834071400006,25.444217351000077],[103.84947509100004,25.429225187000043],[103.86064471000009,25.374131775000023],[103.85633383600003,25.299540926000077],[103.86788501000007,25.281428219000077],[103.89022446000007,25.275347385000032],[103.89764039200008,25.257242314000052],[103.84776554600006,25.175226027000065],[103.81962758800006,25.17377835600007],[103.78897183600009,25.159518671000058],[103.77733663400005,25.126383305000047],[103.78641583200005,25.115064768000025],[103.77234684000007,25.10755344300003],[103.78139548800004,25.08041110000005],[103.71107343400007,25.052637537000066],[103.67715218600006,25.02328840000007],[103.61599329400008,25.002991836000035],[103.59779665600007,24.978134605000037],[103.55401040800007,24.98417732400003],[103.53006865500004,24.944242090000046],[103.46317233300005,24.938199547000067],[103.44583786900006,24.928393621000055],[103.42022532400006,24.935159216000045],[103.42510837500004,24.99242704200003],[103.37218190500005,25.017997755000067],[103.33916096700005,24.996858072000066],[103.29120134700008,25.012609471000076],[103.26890002400006,25.008050816000036],[103.25235144000004,25.014801137000063],[103.19544220100005,24.977002241000037],[103.16815877400006,24.984471669000072],[103.15584456000005,24.96108121800006],[103.17240839400006,24.94906837600007],[103.17248464300008,24.923448153000038],[103.16925728700005,24.903849603000026],[103.15605807700007,24.900046264000025],[103.16023144600007,24.888754439000024],[103.15367759400004,24.873668807000058],[103.15624109600009,24.85031648200004],[103.16864680200007,24.839800956000033],[103.16623581600004,24.82170925300005],[103.15308999100006,24.805853041000034],[103.13740354000004,24.806564525000056],[103.13010958600006,24.774144426000078],[103.11283615500008,24.761284749000026],[103.06751633000005,24.75210449100007],[103.03891286700008,24.69474323600008],[103.03086356700004,24.652522907000048],[103.04276559300007,24.571189364000077],[103.05763565500007,24.558432638000056],[103.10947878000007,24.566128927000022],[103.10081901100006,24.467403724000064],[103.05985563400009,24.426589199000034],[103.06648573400008,24.415310722000072],[103.09778231400009,24.40109480900003],[103.08813841300008,24.349833397000054],[103.11455201700005,24.316011307000053],[103.09760654900003,24.23987166200004],[103.13225247200006,24.197784788000035],[103.12411928900008,24.17892822500005],[103.14384940900004,24.169944332000057],[103.14965549800007,24.15037247300006],[103.13507524900007,24.099107253000057],[103.12794908800004,24.03128958900004],[103.15795620800009,23.984979734000035],[103.18070000500006,23.968263230000048],[103.17526003500006,23.92943044200007],[103.19242657300003,23.89911035600005],[103.17829651700004,23.873715228000037],[103.18836748200005,23.815095031000055],[103.20866982800004,23.81050388500006],[103.22895688300008,23.787557810000067],[103.23943994800004,23.787672238000027],[103.26647162900008,23.801275789000044],[103.29595248200008,23.855280015000062],[103.37230182100006,23.84139401500005],[103.38353262200008,23.861696384000027],[103.46307121300003,23.892538952000052],[103.48800470300006,23.876947811000036],[103.54311324700006,23.862779545000024],[103.60331079900004,23.886034496000036],[103.61366418000006,23.89713746600006],[103.61251980800006,23.933603177000066],[103.63464573600004,23.988164373000075],[103.58369540700005,24.049178422000068],[103.57549368000008,24.097391832000028],[103.58698389200003,24.119235380000077],[103.60174719100007,24.135801142000048],[103.62225555900005,24.143321996000054],[103.62965631100008,24.16667239800006],[103.64525886100006,24.180974072000026],[103.68710720500007,24.186207917000047],[103.69862792800006,24.203521386000034],[103.72324862700003,24.199723710000058],[103.77415330800005,24.207933086000025],[103.78653621900008,24.248591244000067],[103.81202673400009,24.26662378000003],[103.81537618900006,24.299011458000052],[103.83678487300006,24.318556570000055],[103.84998412300007,24.344142437000073],[103.90763343800006,24.388451288000056],[103.95631036500004,24.441053536000027],[103.98838518600007,24.440200874000027],[104.00980148000008,24.44917135000003],[104.05576211700009,24.423394646000077],[104.13816946000009,24.460737621000078],[104.22652793600008,24.521364238000046],[104.25704634400006,24.53251295000007],[104.28501643900006,24.53010957600003],[104.32464460000006,24.548731472000043],[104.35925245900006,24.553808916000037],[104.38738282000008,24.573231940000028],[104.39331106900005,24.59881400200004],[104.41409414400005,24.62505790700004],[104.49597506100008,24.668231803000026],[104.51533145500008,24.719336784000063],[104.53028549500004,24.73430223200006],[104.58453188200008,24.713568679000048],[104.63110283600008,24.66575003500003],[104.68705827600007,24.657019758000047],[104.70573546800006,24.62898854900004],[104.73040194000004,24.623510447000058],[104.76291936300004,24.662413755000046],[104.84306068300003,24.682046496000055],[104.87342661300005,24.745059363000053],[104.91307766700004,24.764314511000066],[104.98012657800007,24.77340506400003],[105.03322099200005,24.797726245000035],[105.02690374000008,24.821904481000047],[105.04000389000004,24.881297130000064],[105.06415159700003,24.896865297000033],[105.07186516900003,24.919389789000036]]}},{"type":"Feature","properties":{"name":"红水河","level":"river_l1"},"geometry":{"type":"LineString","coordinates":[[106.14303002800006,24.957966790000057],[106.16144026700005,24.96759531400005],[106.18941035000006,24.96180438600004],[106.21306215600003,24.98548091200007],[106.30138234400005,24.980786613000078],[106.44052339800004,25.02777515500003],[106.45997891200005,25.04546817000005],[106.51490440900005,25.060164582000027],[106.54447678600008,25.085172459000034],[106.58437196100004,25.092620776000047],[106.59731944100008,25.114202996000074],[106.63435356100007,25.138280044000055],[106.64173908800007,25.168270101000076],[106.65512904300004,25.174009443000045],[106.69925865000005,25.18359594700007],[106.71789008100006,25.168107806000023],[106.73443104400008,25.167739642000072],[106.76143223300005,25.186733486000037],[106.79432339800007,25.178451477000067],[106.85926655100008,25.192037755000058],[106.88901433900008,25.189836548000073],[106.90702032200005,25.241425994000053],[106.91977703800006,25.25318700200006],[106.94707572700008,25.25178690900003],[106.97483215700004,25.23755572500005],[106.96617237400005,25.166152173000057],[106.99022841600004,25.13919290900003],[106.99256298100005,25.105214455000066],[107.02154011000005,25.07737777500006],[107.03756213500009,25.031006904000037],[107.11016527300006,24.99755282900003],[107.17452089600005,24.993669216000058],[107.18892553000006,24.978226862000042],[107.20895308700005,24.930225155000073],[107.25659988300004,24.921456723000063],[107.28823969000007,24.876155870000048],[107.32834073600009,24.838160345000063],[107.32629590100004,24.799771990000067],[107.34769676700006,24.745681855000043],[107.32169500100008,24.705670355000052],[107.33566471200004,24.677204266000047],[107.34109688600006,24.64108188800003],[107.38949887400008,24.582497854000053],[107.42735684900003,24.555841835000024],[107.44985640600004,24.513014903000055],[107.48042813000006,24.491068274000042],[107.51692786100006,24.399604484000065],[107.51592053800005,24.31898054100003],[107.54643135800006,24.346767494000062],[107.56437617600005,24.35169236400003],[107.59691633900007,24.331769484000063],[107.60978731000006,24.274871674000053],[107.60894035800004,24.250023959000032],[107.59239932400004,24.221855494000067],[107.59961684000007,24.192254517000038],[107.57710181700008,24.157471198000053],[107.52956182600008,24.159569446000035],[107.48800332200005,24.118524170000057],[107.48974281200009,24.09661956900004],[107.51838423300006,24.069442852000066],[107.51016709400005,24.044047729000056],[107.52151985300009,24.015093352000065],[107.51964290700005,23.990005307000047],[107.57892471700006,23.941164257000025],[107.62647993100006,23.92643138300008],[107.64672124600008,23.928106037000077],[107.68729550400008,23.959425475000046],[107.70031157900007,23.955568680000056],[107.71299186300007,23.917996661000075],[107.75412290600008,23.88348405000005],[107.83258529900007,23.756391820000033],[107.83945184900006,23.725215331000072],[107.85450497100004,23.701164875000075],[107.88822774500005,23.69159918200006],[107.89768082500007,23.697349975000066],[107.90856070300003,23.726958540000055],[107.92101983700007,23.730651241000032],[107.96048768200006,23.717182991000072],[108.00127553300007,23.73554926500003],[108.01803010800006,23.732070127000043],[108.01512333700003,23.770517620000078],[108.02760539000008,23.785366710000062],[108.05228716900007,23.802910930000053],[108.08035642500005,23.797591123000075],[108.09723310200008,23.80447871000007],[108.12812546100008,23.855549306000057],[108.14444514700006,23.85096769100005],[108.16281714100006,23.82716900300005],[108.17333071700006,23.82662918500006],[108.17783988800005,23.856474281000033],[108.21543858800004,23.881274223000048],[108.24636133800004,23.88581567400007],[108.27005132300008,23.922100111000077],[108.26737336900004,23.93397559700003],[108.29274946100008,23.95836547600004],[108.29922694400005,23.943329418000076],[108.31135801800008,23.951277530000027],[108.32136808900009,23.967671619000043],[108.31505847200003,23.987977827000066],[108.32841793800009,24.005501090000052],[108.36056902800004,24.000990010000066],[108.36920576700004,24.01552057200007],[108.41632618200003,24.033972659000028]]}},{"type":"Feature","properties":{"name":"红水河","level":"river_l1"},"geometry":{"type":"LineString","coordinates":[[108.41632618200003,24.033972659000028],[108.43942094800008,24.029986136000048],[108.45051433100008,24.014408364000076],[108.46926788300004,24.01936565500006],[108.49191247500005,24.00576010900005],[108.49682590000003,23.994365283000036],[108.59787979700008,23.975611473000072],[108.62476639500005,23.945674748000044],[108.64277223500005,23.946561646000077],[108.65990052700005,23.896581973000025],[108.67779951600005,23.884866673000033],[108.70654770000004,23.843023946000073],[108.74286460000008,23.857838642000047],[108.76874408100008,23.824661245000073],[108.86099346000009,23.81916961400003],[108.84797731900005,23.799342211000067],[108.85011357000008,23.787220672000046],[108.88713227100004,23.759858914000063],[108.88645321900009,23.753438604000053],[108.85524818800008,23.753135403000044],[108.85324153900007,23.72997765100007],[108.89051201500007,23.702158116000078],[108.88897841200009,23.68289909200007],[108.90158246300007,23.67087480500004],[108.91645243000005,23.633670911000024],[108.97784012100004,23.632862024000076],[109.00466587100004,23.66999142700007],[109.02518182600005,23.664442748000056],[109.05247292200005,23.68094742200003],[109.09690003200006,23.680636407000065],[109.11687437700004,23.70646066000006],[109.15803603400008,23.710687359000076],[109.17892596400009,23.747736665000048],[109.21294628800007,23.739523312000074],[109.22618354000008,23.70938443600005],[109.25020147500004,23.702920194000058],[109.27417356000007,23.672167108000053],[109.29691744900003,23.698447222000027],[109.31915769800008,23.69539723300005],[109.36788034800009,23.72276450000004],[109.38337604000009,23.72011889600003],[109.40471605800008,23.737668839000037],[109.42243197700009,23.74030291500003],[109.43841606900008,23.773392467000065],[109.42605618200008,23.790496162000068],[109.43530335400004,23.826521221000064],[109.42663620900004,23.850060478000046],[109.44652659600007,23.864158028000077],[109.46578368100006,23.86313179800004],[109.48187444100006,23.847195422000027],[109.47844861300007,23.79998344200004],[109.50778434200004,23.783432850000054],[109.53388523500007,23.80397358400006]]}},{"type":"Feature","properties":{"name":"黔江","level":"river_l1"},"geometry":{"type":"LineString","coordinates":[[109.53388523500007,23.80397358400006],[109.55237935400004,23.800641308000024],[109.57647354700003,23.78221766100006],[109.58511016600005,23.75614919000003],[109.55705608600005,23.731484660000035],[109.54126274500004,23.70229955800005],[109.55104386000005,23.695482483000035],[109.57299419800006,23.696977829000048],[109.61929062100006,23.71875832300003],[109.62238055600005,23.702280278000046],[109.60557248800006,23.675845652000078],[109.61432362000005,23.672913954000023],[109.64642135700007,23.689115336000043],[109.66844795900005,23.680058940000038],[109.62961315100006,23.616632236000044],[109.65199827800006,23.585816210000075],[109.67723700800008,23.60029331900006],[109.67746583000007,23.57837918900003],[109.70252897100005,23.556962828000053],[109.70441339400008,23.528330828000037],[109.72292274400007,23.51604521200005],[109.74634544200006,23.467576188000066],[109.76976066200007,23.469739121000032],[109.78186888600004,23.49132896100008],[109.83722154800006,23.485595172000046],[109.85283920100005,23.446245452000028],[109.92287881900006,23.43939388900003],[109.93889326600004,23.41836475300005],[109.99650447800008,23.47674251500007],[110.00746057400005,23.478054779000047]]}},{"type":"Feature","properties":{"name":"浔江","level":"river_l1"},"geometry":{"type":"LineString","coordinates":[[110.00746057400005,23.478054779000047],[110.05580154800003,23.442092518000038],[110.07669125800004,23.40668919700005],[110.10087705900008,23.407076337000035],[110.13011381200005,23.460693298000024],[110.16046435800007,23.472709844000065],[110.16035771900005,23.529680092000035],[110.16846036800007,23.53738597000006],[110.19517156600006,23.53841589600006],[110.20212989400005,23.584267886000077],[110.22295871700004,23.597715007000033],[110.28993121200006,23.58240412400005],[110.29650789100003,23.573584285000038],[110.29508107500004,23.546958881000023],[110.30151281000008,23.543884134000052],[110.37173558000006,23.551635625000074],[110.40500052000004,23.528418654000063],[110.43303160600004,23.519514833000073],[110.45529462800005,23.481055852000054],[110.48938366700008,23.491121115000055],[110.50351361000008,23.472762345000035],[110.52310637800008,23.466954258000044],[110.53621390900008,23.433904690000077],[110.59938700100008,23.46220081100006],[110.61007602200004,23.45160707900004],[110.65474731900008,23.467217126000037],[110.70572817700008,23.448480591000077],[110.74101508900009,23.467434337000043],[110.78206993800006,23.47640473100006],[110.84623464300006,23.431676011000036],[110.84863779300008,23.378335544000038],[110.85791534500004,23.369216237000046],[110.94084908900004,23.40338900100005],[110.97425154200005,23.438177990000042],[111.02608697100004,23.437937515000044],[111.06041255500008,23.457299444000057],[111.10499986800005,23.45555786500006],[111.16721145000008,23.428659529000072],[111.21385116800008,23.441093744000057],[111.24356852800008,23.474753559000078],[111.29535816800006,23.47190185100004],[111.36691611700007,23.482192076000047],[111.41644739600008,23.478428636000046],[111.47537828400004,23.461589937000042],[111.49908332000007,23.43283390000005]]}},{"type":"Feature","properties":{"name":"浔江","level":"river_l1"},"geometry":{"type":"LineString","coordinates":[[110.00746057400005,23.478054779000047],[110.02848763700007,23.449317823000058],[110.05073548500008,23.43710277100007],[110.06940498500006,23.401955047000058],[110.09954186500005,23.401810006000062],[110.13632429500007,23.45946491500007],[110.16635438500003,23.467121144000032],[110.16734642400007,23.529819314000065],[110.20428890600004,23.53186395000006],[110.20901939400005,23.577975353000056],[110.22733806000008,23.58439370800005],[110.28482699600005,23.576041048000036],[110.29592793100005,23.537986466000064],[110.34405538300007,23.537320656000077],[110.36590655700007,23.546203363000075],[110.38177604200007,23.52645409300004],[110.42909470100005,23.50808569800006],[110.45318121300005,23.47488350900005],[110.48403530500008,23.48476757800006],[110.51409582700006,23.465022085000044],[110.53307049200004,23.425453006000055],[110.55098476300009,23.423803056000054],[110.59616728900005,23.454351866000025],[110.61090762100008,23.443094347000056],[110.64145652100007,23.450655201000075],[110.68508247300008,23.437556963000077],[110.76884018800007,23.463070129000073],[110.79235455500009,23.45440855800007],[110.81479309800005,23.429680955000038],[110.83888732900004,23.425827940000033],[110.83369150700008,23.403171849000046],[110.85195660100004,23.35829066200006],[111.05785659800006,23.44356235200007],[111.07696870500007,23.439306889000022],[111.10279488500004,23.445721406000075],[111.15485149500006,23.422231623000073],[111.19809598800003,23.416812578000076],[111.24290459100007,23.425140165000073],[111.26895213000006,23.462311515000067],[111.36965510600004,23.472027531000037],[111.46184338300009,23.458654486000057],[111.48396915000006,23.44624678300005],[111.48862313400008,23.426741692000064]]}},{"type":"Feature","properties":{"name":"珠江(前航道、后航道、虎门水道)","level":"river_l1"},"geometry":{"type":"LineString","coordinates":[[112.88499698800001,23.15527829800004],[112.9048949810001,23.16388061300006],[112.94882629400001,23.20691905800004],[112.9663514450001,23.204054090000056],[112.97662092200005,23.21895848400004],[113.071220229,23.23594740900006],[113.09481097100002,23.25275343900006],[113.11505225200005,23.249287631000072],[113.14657014800002,23.269616605000067],[113.1742196670001,23.241022685000075]]}},{"type":"Feature","properties":{"name":"北江干流水道(顺德水道、沙湾水道)","level":"river_l1"},"geometry":{"type":"LineString","coordinates":[[112.82856095000011,23.159800914000073],[112.88499698800001,23.15527829800004]]}},{"type":"Feature","properties":{"name":"北江干流水道(顺德水道、沙湾水道)","level":"river_l1"},"geometry":{"type":"LineString","coordinates":[[112.85945314700007,23.159753136000063],[112.88435609400005,23.152937920000056],[112.88642369800004,23.14895907700003],[112.85049600400009,23.157349839000062],[112.85945314700007,23.159753136000063]]}},{"type":"Feature","properties":{"name":"北江干流水道(顺德水道、沙湾水道)","level":"river_l1"},"geometry":{"type":"LineString","coordinates":[[112.91830766500004,23.127155489000074],[112.91214296300006,23.128521206000073],[112.90814507800008,23.13371888300003],[112.91651472800004,23.131811458000072],[112.91830766500004,23.127155489000074]]}},{"type":"Feature","properties":{"name":"珠江(前航道、后航道、虎门水道)","level":"river_l1"},"geometry":{"type":"LineString","coordinates":[[113.220340082,23.11976530100003],[113.21709758700001,23.14193502300003],[113.21191712100006,23.148330551000072],[113.20818617200007,23.125733593000064],[113.220340082,23.11976530100003]]}},{"type":"Feature","properties":{"name":"珠江(前航道、后航道、虎门水道)","level":"river_l1"},"geometry":{"type":"LineString","coordinates":[[113.29274482400001,23.110687762000055],[113.29749805400002,23.109993453000072],[113.32568938600002,23.11317109500004],[113.31084985100006,23.115881556000033],[113.29274482400001,23.110687762000055]]}},{"type":"Feature","properties":{"name":"珠江(前航道、后航道、虎门水道)","level":"river_l1"},"geometry":{"type":"LineString","coordinates":[[113.41774791000012,23.09546632300004],[113.40210729800003,23.106638014000055],[113.3946608220001,23.10669525900005],[113.40882129500005,23.09581159000004],[113.41774791000012,23.09546632300004]]}},{"type":"Feature","properties":{"name":"珠江(前航道、后航道、虎门水道)","level":"river_l1"},"geometry":{"type":"LineString","coordinates":[[113.48889371000007,23.070643198000027],[113.48331651300009,23.079131145000076],[113.47252065900011,23.081851131000064],[113.47661771700007,23.073649298000078],[113.48889371000007,23.070643198000027]]}},{"type":"Feature","properties":{"name":"北江干流水道(顺德水道、沙湾水道)","level":"river_l1"},"geometry":{"type":"LineString","coordinates":[[112.96257436500002,23.081473120000055],[112.96851016000005,23.07482772000003],[112.96725888600008,23.068672543000048],[112.96399344200006,23.07384351500008],[112.96257436500002,23.081473120000055]]}},{"type":"Feature","properties":{"name":"珠江(前航道、后航道、虎门水道)","level":"river_l1"},"geometry":{"type":"LineString","coordinates":[[113.38188878800008,23.077098171000046],[113.3700247270001,23.06193628400007],[113.36579030500002,23.061411762000034],[113.37191691600003,23.076333334000026],[113.38188878800008,23.077098171000046]]}},{"type":"Feature","properties":{"name":"珠江(前航道、后航道、虎门水道)","level":"river_l1"},"geometry":{"type":"LineString","coordinates":[[113.28874691500005,23.109198094000078],[113.26944407500002,23.112816492000036],[113.24638743700007,23.105051537000065],[113.27180145900002,23.068753634000075],[113.34239032200003,23.049591676000034],[113.36114386200006,23.054457396000032],[113.36452385700011,23.078914069000064],[113.40663159000007,23.091979630000026],[113.38291889200002,23.107399126000075],[113.28874691500005,23.109198094000078]]}},{"type":"Feature","properties":{"name":"珠江(前航道、后航道、虎门水道)","level":"river_l1"},"geometry":{"type":"LineString","coordinates":[[113.1742196670001,23.241022685000075],[113.17559309700005,23.269866386000047],[113.18525970600001,23.248608381000054],[113.17988080100008,23.235533170000053],[113.21365682700002,23.192874062000044],[113.2227434130001,23.122939208000048],[113.23722432500006,23.110991209000076],[113.31019371900004,23.119477008000047],[113.39728542500006,23.11345126200007],[113.42866584500007,23.094728125000074],[113.47991375100003,23.088216103000036],[113.51618466200011,23.049312658000076]]}},{"type":"Feature","properties":{"name":"西江","level":"river_l1"},"geometry":{"type":"LineString","coordinates":[[111.49908332000007,23.43283390000005],[111.49190378500003,23.404953446000036],[111.50672039500006,23.389478664000023],[111.52146823300006,23.34206636700003],[111.58100931700005,23.274393536000048],[111.57535570500005,23.247859704000064],[111.53269100200004,23.234521372000074],[111.53514006200004,23.222981592000053],[111.57658390700004,23.19888719200003],[111.63658296000006,23.190235054000027],[111.65967762300005,23.159626933000027],[111.69233226800009,23.162123628000074],[111.78413137900009,23.134323006000045],[111.83439510700003,23.135011435000024],[111.86134285000009,23.146570205000046],[111.90096324800004,23.13093703800007],[111.96135145800008,23.137784433000036],[111.97358166300006,23.13036842500003],[111.97614512400008,23.106407653000076],[111.98525481200005,23.09469809600006],[112.01458294600002,23.094223069000066],[112.02988022700004,23.08167233000006],[112.07449806600005,23.084952931000032],[112.09673835400008,23.09681499000004],[112.17535357100007,23.081071080000072],[112.23626833600008,23.121818697000037],[112.2739280180001,23.133036009000023],[112.29293346800011,23.176444571000047],[112.34981966200007,23.173356323000064],[112.36769567100009,23.140022542000054],[112.40150997700005,23.132896395000046],[112.40768990700008,23.122420935000036],[112.39780946400003,23.08521902800004],[112.40934530200002,23.056644229000028],[112.42324638000002,23.047999850000053],[112.46559820100003,23.042729579000024],[112.49716182800012,23.05015308800006],[112.51872311300008,23.07117448400004],[112.55847341600008,23.11582660700003],[112.5835215520001,23.173746650000055],[112.59267707900005,23.18015930200005],[112.62305812200009,23.188050127000054],[112.65945120700007,23.174852716000032],[112.72603460000005,23.171134994000056],[112.76877557400007,23.17899717000006],[112.80882317500004,23.150183861000073]]}},{"type":"Feature","properties":{"name":"西江","level":"river_l1"},"geometry":{"type":"LineString","coordinates":[[111.48862313400008,23.426741692000064],[111.48579250000006,23.40967809500006],[111.51103095800005,23.342976227000065],[111.54273172600006,23.29070191900007],[111.56566619500006,23.26826128700003],[111.56171399800007,23.24698424500008],[111.52496985800008,23.23422574600005],[111.52733498300006,23.219698977000064],[111.57433314500008,23.188825661000067],[111.62308621100004,23.18777263800007],[111.65004143200008,23.153174225000043],[111.68771635000007,23.156941234000044],[111.76566013800004,23.131755698000063],[111.81081202500008,23.127280808000023],[111.86034334300007,23.137170538000078],[111.89955175400007,23.12499549000006],[111.96119884900008,23.132502841000075],[111.97760231300003,23.087985976000027],[111.98721558300008,23.084770071000037],[112.01624615700007,23.08269092100005],[112.03905095800008,23.071797692000075],[112.09567780600003,23.086270883000054],[112.13218537600005,23.08444921100005],[112.1584005950001,23.07138344200007],[112.18125120600007,23.070351473000073],[112.20116446100008,23.079732010000043],[112.222672364,23.10814458300007],[112.27620924100006,23.126312416000076],[112.29388713500009,23.16722610200003],[112.3336449090001,23.16550551100005],[112.36618498300004,23.131328616000076],[112.40241022800001,23.120952252000052],[112.39074445500012,23.081957394000028],[112.39329266200002,23.060056616000054],[112.40900956300004,23.045850252000037],[112.45198699600007,23.03665836400006],[112.51139861700005,23.04425155000007],[112.53535560900002,23.07003190200004],[112.54000973000007,23.091049532000056],[112.55549019500006,23.100508284000057],[112.58598582800005,23.150464915000043],[112.60256496400007,23.16310711400007],[112.68983219900008,23.168024132000028],[112.734198203,23.155273029000057],[112.76803544500001,23.162122402000023],[112.78557579200003,23.141272557000036]]}},{"type":"Feature","properties":{"name":"珠江(前航道、后航道、虎门水道)","level":"river_l1"},"geometry":{"type":"LineString","coordinates":[[113.34536584000011,23.043819874000064],[113.31150570900002,23.03615604400005],[113.27810345000012,23.055569665000064],[113.28359675500008,23.056281109000054],[113.34536584000011,23.043819874000064]]}},{"type":"Feature","properties":{"name":"珠江(前航道、后航道、虎门水道)","level":"river_l1"},"geometry":{"type":"LineString","coordinates":[[113.41059130100007,23.07989623800006],[113.41690099700008,23.087687948000053],[113.43766109300009,23.08550581800006],[113.42830718800008,23.076451419000023],[113.41265127600002,23.076140561000045],[113.41600824500006,23.062687658000073],[113.40129830000001,23.034086239000032],[113.35542925400011,23.04113613100003],[113.39260072900004,23.077603599000042],[113.41059130100007,23.07989623800006]]}},{"type":"Feature","properties":{"name":"珠江(前航道、后航道、虎门水道)","level":"river_l1"},"geometry":{"type":"LineString","coordinates":[[113.35612352200008,23.034448784000062],[113.35079043200005,23.031667811000034],[113.33718688500005,23.033107940000036],[113.3417875350001,23.03591752600005],[113.35612352200008,23.034448784000062]]}},{"type":"Feature","properties":{"name":"珠江(前航道、后航道、虎门水道)","level":"river_l1"},"geometry":{"type":"LineString","coordinates":[[113.55054804600002,22.974582525000073],[113.52788839900006,23.03608289500005],[113.53348853000011,23.040319213000032],[113.52672873100005,23.044120682000028]]}},{"type":"Feature","properties":{"name":"西江干流水道(西海水道、磨刀门水道)","level":"river_l1"},"geometry":{"type":"LineString","coordinates":[[112.86088690800011,22.988302648000058],[112.87221683000007,22.98419979600004],[112.87584082700005,22.968061272000057],[112.86414470500006,22.977911122000023],[112.86088690800011,22.988302648000058]]}},{"type":"Feature","properties":{"name":"北江干流水道(顺德水道、沙湾水道)","level":"river_l1"},"geometry":{"type":"LineString","coordinates":[[113.0191853440001,22.924163934000035],[113.01415746000009,22.92825341500003],[113.01299014400001,22.931305259000055],[113.02066550200004,22.929622909000045],[113.0191853440001,22.924163934000035]]}},{"type":"Feature","properties":{"name":"北江干流水道(顺德水道、沙湾水道)","level":"river_l1"},"geometry":{"type":"LineString","coordinates":[[113.42097459800004,22.921374092000065],[113.4532553570001,22.91606951400007],[113.45706250700005,22.91247405300004],[113.4226073000001,22.913126490000025],[113.42097459800004,22.921374092000065]]}},{"type":"Feature","properties":{"name":"西江干流水道(西海水道、磨刀门水道)","level":"river_l1"},"geometry":{"type":"LineString","coordinates":[[112.87233117000005,22.95457405600007],[112.90119378600002,22.923061811000025],[112.90522213600002,22.902551524000046],[112.8717207410001,22.936673107000047],[112.87233117000005,22.95457405600007]]}},{"type":"Feature","properties":{"name":"北江干流水道(顺德水道、沙湾水道)","level":"river_l1"},"geometry":{"type":"LineString","coordinates":[[113.48369734900007,22.900674794000054],[113.46659184900011,22.90934588700003],[113.46521090200008,22.911695808000047],[113.49425669800007,22.901369055000032],[113.48369734900007,22.900674794000054]]}},{"type":"Feature","properties":{"name":"珠江(前航道、后航道、虎门水道)","level":"river_l1"},"geometry":{"type":"LineString","coordinates":[[113.50885206300006,22.892238286000065],[113.49575228200001,22.952975666000043],[113.51071399600005,22.979606740000065],[113.51433817800012,23.015120610000054],[113.49613411700011,23.051357453000037],[113.47188735100008,23.067560892000074],[113.42746791100001,23.070168446000025],[113.41561905600008,23.040439744000025],[113.39662896200002,23.025197769000044],[113.37474733200008,23.03165438600007],[113.31421418500008,23.028776305000065],[113.27208369400012,23.05218786300003],[113.23349319500005,23.037777574000074],[113.218310341,23.044001467000044],[113.26776536400007,23.05646236000007],[113.2495612140001,23.068532444000027],[113.23849081500009,23.104973357000063],[113.20479099200008,23.121894007000037],[113.2099334940001,23.166555766000045],[113.20023633800008,23.179962911000075],[113.2002364110001,23.200419778000025],[113.18541215900007,23.210078898000063],[113.1742196670001,23.241022685000075]]}},{"type":"Feature","properties":{"name":"北江干流水道(顺德水道、沙湾水道)","level":"river_l1"},"geometry":{"type":"LineString","coordinates":[[112.88499698800001,23.15527829800004],[112.93193412100004,23.131366987000035],[112.96346707200007,23.094340439000064],[112.97998501400002,23.062124400000073],[112.98837738100008,23.01153249200007],[112.9766658640001,22.98269072900007],[112.99313046800012,22.970242986000073],[113.00531482200006,22.942980478000038],[113.02710486400008,22.92691819600003],[113.05043613600003,22.926210480000066],[113.10221800300008,22.887844877000077],[113.1160733260001,22.886267415000077],[113.119720357,22.91144317900006],[113.17658358900007,22.890597030000038],[113.2058049420001,22.90140617800006],[113.26883294700008,22.89964545600003],[113.28079616500008,22.907311261000075],[113.32911427400006,22.890823547000025],[113.37202312900001,22.908520274000068],[113.4053491630001,22.909506297000064],[113.42028031100006,22.923043070000062],[113.48381184200002,22.914516796000044],[113.50885206300006,22.892238286000065]]}},{"type":"Feature","properties":{"name":"北江干流水道(顺德水道、沙湾水道)","level":"river_l1"},"geometry":{"type":"LineString","coordinates":[[113.2779960800001,22.899696928000026],[113.29607819500006,22.89884617200005],[113.32139313000005,22.890022462000047],[113.29814575600005,22.882721006000054],[113.2779960800001,22.899696928000026]]}},{"type":"Feature","properties":{"name":"北江干流水道(顺德水道、沙湾水道)","level":"river_l1"},"geometry":{"type":"LineString","coordinates":[[113.51147659200001,22.87888266300007],[113.4771282590001,22.89611422100006],[113.42022685300003,22.908789069000022],[113.36498859700009,22.893573908000064]]}},{"type":"Feature","properties":{"name":"北江干流水道(顺德水道、沙湾水道)","level":"river_l1"},"geometry":{"type":"LineString","coordinates":[[113.30222756100011,22.876050815000042],[113.3596249840001,22.889608440000075]]}},{"type":"Feature","properties":{"name":"北江干流水道(顺德水道、沙湾水道)","level":"river_l1"},"geometry":{"type":"LineString","coordinates":[[113.29490316600004,22.878087941000047],[113.26188237100007,22.89319846500007],[113.18013896000002,22.88588764900004],[113.12392423300003,22.90395662000003],[113.12735744700001,22.87580338400005],[113.12177258100007,22.873028133000048],[113.05085573100007,22.917001551000055],[113.011334497,22.92348683000006],[112.98727093200011,22.966510221000078],[112.96534356900008,22.986017269000058],[112.9747890210001,22.992860992000033],[112.97771895000005,23.040355248000026],[112.94612505400005,23.103362494000066],[112.87722240800008,23.146542428000032],[112.82830153000009,23.15588311500005]]}},{"type":"Feature","properties":{"name":"珠江(前航道、后航道、虎门水道)","level":"river_l1"},"geometry":{"type":"LineString","coordinates":[[113.5205940080001,22.895707810000033],[113.5057775360001,22.946858603000067],[113.51322410800003,22.973442015000046],[113.52331806400002,22.97740746900007],[113.52759815000002,22.946457982000027],[113.55468300100006,22.897006644000044],[113.55243980900002,22.87080660400005],[113.54185758000006,22.87261103700007],[113.5205940080001,22.895707810000033]]}},{"type":"Feature","properties":{"name":"珠江(前航道、后航道、虎门水道)","level":"river_l1"},"geometry":{"type":"LineString","coordinates":[[113.52386697300005,22.86023397400004],[113.52172306600005,22.86215473200008],[113.5214789580001,22.872962062000056],[113.52724689200011,22.863776006000023],[113.52386697300005,22.86023397400004]]}},{"type":"Feature","properties":{"name":"珠江(前航道、后航道、虎门水道)","level":"river_l1"},"geometry":{"type":"LineString","coordinates":[[113.535410565,22.868506332000038],[113.54785440400008,22.864107830000023],[113.55726925400006,22.847885363000046],[113.54293328500012,22.854196994000063],[113.535410565,22.868506332000038]]}},{"type":"Feature","properties":{"name":"珠江(前航道、后航道、虎门水道)","level":"river_l1"},"geometry":{"type":"LineString","coordinates":[[113.59709568300002,22.845611619000067],[113.57513017200006,22.863945616000024],[113.57461902700004,22.874302800000066],[113.59137355000007,22.86123133600006],[113.59709568300002,22.845611619000067]]}},{"type":"Feature","properties":{"name":"珠江(前航道、后航道、虎门水道)","level":"river_l1"},"geometry":{"type":"LineString","coordinates":[[113.53202299800012,22.859682710000072],[113.56360178200009,22.84005355900007],[113.56334235700001,22.834550711000077],[113.52819289800004,22.84651021700006],[113.53202299800012,22.859682710000072]]}},{"type":"Feature","properties":{"name":"珠江(前航道、后航道、虎门水道)","level":"river_l1"},"geometry":{"type":"LineString","coordinates":[[113.55005923700003,22.83140163400003],[113.531458326,22.83673096700005],[113.53033678700001,22.839532941000073],[113.54242204500008,22.837905892000038],[113.55005923700003,22.83140163400003]]}},{"type":"Feature","properties":{"name":"珠江(前航道、后航道、虎门水道)","level":"river_l1"},"geometry":{"type":"LineString","coordinates":[[113.58533838300002,22.815520513000024],[113.58076827200011,22.81845983000005],[113.57839549800008,22.82590632700004],[113.58824526800004,22.81908161900003],[113.58533838300002,22.815520513000024]]}},{"type":"Feature","properties":{"name":"珠江(前航道、后航道、虎门水道)","level":"river_l1"},"geometry":{"type":"LineString","coordinates":[[113.60318397000003,22.81159884300007],[113.59075541000004,22.82128465900007],[113.56617303600001,22.863381054000058],[113.59416588800002,22.83608035000003],[113.60318397000003,22.81159884300007]]}},{"type":"Feature","properties":{"name":"西江干流水道(西海水道、磨刀门水道)","level":"river_l1"},"geometry":{"type":"LineString","coordinates":[[113.0117842410001,22.808760523000046],[112.9805181910001,22.80703632700005],[112.96780736800008,22.82656051300006],[112.97255297800007,22.82854038000005],[113.0117842410001,22.808760523000046]]}},{"type":"Feature","properties":{"name":"洪奇沥水道","level":"river_l1"},"geometry":{"type":"LineString","coordinates":[[113.33831525400001,22.806152121000025],[113.30560731900005,22.83410135400004],[113.29490316600004,22.878087941000047]]}},{"type":"Feature","properties":{"name":"珠江(前航道、后航道、虎门水道)","level":"river_l1"},"geometry":{"type":"LineString","coordinates":[[113.63594534700007,22.79406973600004],[113.63126081100006,22.80223533000003],[113.61397217800004,22.804432708000036],[113.59829363200004,22.874503004000076],[113.5926095530001,22.863979895000057],[113.58194346000005,22.882962374000044],[113.62404374900007,22.94798360300007],[113.62363186700009,22.979858166000042],[113.6036116460001,22.927984577000075],[113.59844639900007,22.923099742000034],[113.59437224600003,22.93570003900004],[113.5852090840001,22.927685172000054],[113.58900855800005,22.911003040000026],[113.57817450900006,22.900792761000048],[113.56916407500012,22.930292638000026],[113.55741455200007,22.94103515100005],[113.55379821300005,22.96462588600008]]}},{"type":"Feature","properties":{"name":"蕉门水道","level":"river_l1"},"geometry":{"type":"LineString","coordinates":[[113.36498859700009,22.893573908000064],[113.41202488700003,22.863537935000068],[113.42211866000002,22.81607606800003],[113.48452861100009,22.799307922000025],[113.50959173100011,22.78008316000006],[113.52611741700002,22.78113790200007]]}},{"type":"Feature","properties":{"name":"西江干流水道(西海水道、磨刀门水道)","level":"river_l1"},"geometry":{"type":"LineString","coordinates":[[112.8117834410001,23.146380496000063],[112.80085021900004,23.139571110000077],[112.79706586200007,23.11623789500004],[112.82225100900007,23.082179280000048],[112.82008408600007,23.047764065000024],[112.84013448000007,23.002127547000043],[112.87817552500007,22.980785532000027],[112.8864916870001,22.955716546000076],[112.91744478400005,22.917103044000044],[112.92312877300003,22.90176180700007],[112.91514814900006,22.879929728000036],[112.9236855910001,22.861286773000074],[112.94564347800008,22.843162591000066],[112.99530440700005,22.829259402000048],[113.014454623,22.816268042000047],[113.06783118300007,22.809357371000033],[113.07311847200003,22.805346093000026],[113.06839570700004,22.790489367000077],[113.08334202100002,22.777597205000063]]}},{"type":"Feature","properties":{"name":"珠江(前航道、后航道、虎门水道)","level":"river_l1"},"geometry":{"type":"LineString","coordinates":[[113.60229879600001,22.772079424000026],[113.58330889800004,22.811183091000032],[113.53628781300006,22.825421977000076],[113.52328704400009,22.838026117000027],[113.51147659200001,22.87888266300007]]}},{"type":"Feature","properties":{"name":"洪奇沥水道","level":"river_l1"},"geometry":{"type":"LineString","coordinates":[[113.37097738900002,22.771887486000026],[113.35675590000005,22.788256837000063],[113.35372698100002,22.79589789100004],[113.36898610200001,22.781575177000036],[113.37097738900002,22.771887486000026]]}},{"type":"Feature","properties":{"name":"蕉门水道","level":"river_l1"},"geometry":{"type":"LineString","coordinates":[[113.3596249840001,22.889608440000075],[113.40682911700003,22.857499122000036],[113.40951461300006,22.82430463000003],[113.4208063420001,22.80784182600007],[113.47983639600011,22.793715440000028],[113.51516891500012,22.768114208000043]]}},{"type":"Feature","properties":{"name":"洪奇沥水道","level":"river_l1"},"geometry":{"type":"LineString","coordinates":[[113.43923155300001,22.74100837800006],[113.37936990200001,22.762981810000042],[113.36507979100008,22.791953353000054],[113.31211536,22.835501366000074],[113.30222756100011,22.876050815000042]]}},{"type":"Feature","properties":{"name":"横门水道(小榄水道、东海水道)","level":"river_l1"},"geometry":{"type":"LineString","coordinates":[[113.16043120600011,22.734190268000077],[113.13707706000002,22.738880635000044],[113.13110312700007,22.748411931000078],[113.13950329700003,22.747101522000037],[113.16043120600011,22.734190268000077]]}},{"type":"Feature","properties":{"name":"洪奇沥水道","level":"river_l1"},"geometry":{"type":"LineString","coordinates":[[113.35044624600005,22.79219754500008],[113.35630569000011,22.770167056000048],[113.4001070380001,22.74092457200004],[113.43654591000006,22.73270738100007]]}},{"type":"Feature","properties":{"name":"横门水道(小榄水道、东海水道)","level":"river_l1"},"geometry":{"type":"LineString","coordinates":[[113.08334202100002,22.777597205000063],[113.10070691400006,22.764668794000045],[113.13401766700008,22.759270752000077],[113.15576193000004,22.742962415000022],[113.19611480100002,22.740322452000044],[113.21974358700004,22.728544185000032],[113.22826588900011,22.744139062000045],[113.21514305100004,22.758345418000033],[113.21646304800004,22.78060668100005],[113.278171154,22.784858089000068],[113.33831525400001,22.806152121000025]]}},{"type":"Feature","properties":{"name":"横门水道(小榄水道、东海水道)","level":"river_l1"},"geometry":{"type":"LineString","coordinates":[[113.21965200800003,22.721654656000055],[113.20895528300002,22.708545127000036],[113.19498549700006,22.704684591000046],[113.16816760400002,22.73368669100006],[113.19912846400007,22.733772431000034],[113.21965200800003,22.721654656000055]]}},{"type":"Feature","properties":{"name":"西江干流水道(西海水道、磨刀门水道)","level":"river_l1"},"geometry":{"type":"LineString","coordinates":[[113.15763071200001,22.608919865000075],[113.12431232400002,22.612805339000033],[113.10098111800005,22.63231239000004],[113.09964600300009,22.650253399000064],[113.15763071200001,22.608919865000075]]}},{"type":"Feature","properties":{"name":"横门水道(小榄水道、东海水道)","level":"river_l1"},"geometry":{"type":"LineString","coordinates":[[113.54935643400006,22.584317035000026],[113.49171489100002,22.576733388000036],[113.46888719200001,22.582549120000067],[113.42401778100009,22.633919355000046],[113.38674731700007,22.651231031000066],[113.3803233000001,22.678110133000075],[113.3346373820001,22.68970726400005],[113.29852654000001,22.685808647000044],[113.24976607700012,22.748516481000024],[113.21861451300003,22.758238593000044],[113.22312367200004,22.77947557300007],[113.28860077400009,22.778088694000076],[113.35044624600005,22.79219754500008]]}},{"type":"Feature","properties":{"name":"横门水道(小榄水道、东海水道)","level":"river_l1"},"geometry":{"type":"LineString","coordinates":[[113.08325802200011,22.756583377000027],[113.11536330100012,22.751112857000066],[113.19737352600009,22.695696915000042],[113.22480957500011,22.71232173100003],[113.24486023600002,22.743383682000058],[113.28354204700008,22.68973412200006],[113.30267700600007,22.677627796000024],[113.3265118600001,22.685858155000062],[113.37595916300006,22.673885255000073],[113.38763994600004,22.642006842000058],[113.41937897700006,22.629244331000052],[113.4690168620001,22.573117026000034],[113.55514726500007,22.577339748000043]]}},{"type":"Feature","properties":{"name":"西江干流水道(西海水道、磨刀门水道)","level":"river_l1"},"geometry":{"type":"LineString","coordinates":[[113.20474291300002,22.467352487000028],[113.19347402000005,22.46887653300007],[113.18984999400004,22.476591978000044],[113.19970741600002,22.475991117000035],[113.20474291300002,22.467352487000028]]}},{"type":"Feature","properties":{"name":"西江干流水道(西海水道、磨刀门水道)","level":"river_l1"},"geometry":{"type":"LineString","coordinates":[[113.2122733110001,22.466528468000035],[113.22393127100008,22.45302594800006],[113.22379390800006,22.44430150000005],[113.21069394900007,22.455593348000036],[113.2122733110001,22.466528468000035]]}},{"type":"Feature","properties":{"name":"西江干流水道(西海水道、磨刀门水道)","level":"river_l1"},"geometry":{"type":"LineString","coordinates":[[113.20111889700001,22.478327678000028],[113.18321991200003,22.48487965100003],[113.17329392600004,22.515161565000028],[113.18124403600007,22.538664526000048],[113.21215141200003,22.516927701000043],[113.23056913900007,22.490380452000068],[113.2512451560001,22.444030567000027],[113.25354915700007,22.405396171000064],[113.23169811900004,22.432704484000055],[113.22686868200003,22.45921354500007],[113.20111889700001,22.478327678000028]]}},{"type":"Feature","properties":{"name":"西江干流水道(西海水道、磨刀门水道)","level":"river_l1"},"geometry":{"type":"LineString","coordinates":[[113.25985885400007,22.414038582000046],[113.26418480500001,22.407162392000032],[113.26605402500002,22.399050214000056],[113.25934000600012,22.403669957000034],[113.25985885400007,22.414038582000046]]}},{"type":"Feature","properties":{"name":"西江干流水道(西海水道、磨刀门水道)","level":"river_l1"},"geometry":{"type":"LineString","coordinates":[[113.33014220100006,22.30019519800004],[113.3186597450001,22.320537655000066],[113.32149033000007,22.322956229000056],[113.33082128900003,22.316163950000032],[113.33014220100006,22.30019519800004]]}},{"type":"Feature","properties":{"name":"澜沧江","level":"river_l1"},"geometry":{"type":"LineString","coordinates":[[99.32102593100007,25.600145621000024],[99.35234541600005,25.577525711000078],[99.34840851500007,25.550946064000073],[99.33438529200004,25.534504269000024],[99.32766358600009,25.507478293000077],[99.35325321600004,25.460350177000066],[99.34432656900003,25.446407075000025],[99.34291506300008,25.417981061000035],[99.29536740700007,25.42783092600007],[99.29078201200008,25.42234905600003],[99.30274518300007,25.382167711000022],[99.28879063800008,25.37558146300006],[99.28824892900008,25.36801670600005],[99.31418954100008,25.341530497000065],[99.33750555400007,25.299689702000023],[99.36729150100007,25.28922757500004],[99.37975823300008,25.257291929000075],[99.40811741600004,25.21954250700003],[99.45089654800006,25.18881612800004],[99.46788763400008,25.158454085000074],[99.50456308500009,25.127287100000046],[99.54876898600008,25.129310815000053],[99.57970699200007,25.111001634000047],[99.61678683900004,25.105943170000046],[99.65044860700004,25.084158699000056],[99.66359437400007,25.053800473000024],[99.69042765100005,25.032513840000036],[99.74861089400008,24.96054368700004],[99.74714595100005,24.90644213300004],[99.75601151900008,24.882757911000056],[99.77281188500007,24.872997719000068],[99.80631345100005,24.87089763800003],[99.82222876900005,24.848069834000057],[99.83679366700005,24.842217910000045],[99.84852794700004,24.80406031900003],[99.87538409500007,24.768523483000024],[99.93007303500008,24.74809896900007],[99.94070107200008,24.75350644400004],[100.00700226700008,24.738680144000057],[100.04179324200004,24.74362028200005],[100.09469685700009,24.725213800000063],[100.10494334900005,24.67489652100005],[100.12570347500008,24.66505430500007],[100.13733861800006,24.66952143000003],[100.14326685500004,24.70339307200004],[100.19253121600008,24.73978625700005],[100.31391815700005,24.763880439000047],[100.33560908500004,24.747118167000053],[100.36262550100008,24.75321991900006],[100.37518379500005,24.73266192600005],[100.41165325000009,24.712269852000077],[100.41406417200005,24.687019660000033],[100.42797291400007,24.67423623600007],[100.42765244300006,24.651770854000063],[100.45527156400004,24.631247178000024],[100.46997376500008,24.60377675700005],[100.48743790400005,24.594611672000042],[100.50290302600007,24.535486004000063],[100.53696915100005,24.51096822100004],[100.54900098400009,24.47595784200007],[100.51341650400008,24.447766475000037],[100.50680924400007,24.42492534200005],[100.50312405100004,24.345874970000068],[100.51404956400006,24.287729712000043],[100.50663356200005,24.261230182000077],[100.51749809500006,24.249856331000046],[100.52517340100007,24.193359072000078],[100.50024739300005,24.099692300000072],[100.47915153000008,24.078415250000035],[100.42389034000007,24.064899454000056],[100.39171633800004,24.073091779000038],[100.36566887000004,24.05369352500003],[100.36743891700007,24.037394771000038],[100.38249209400004,24.021395467000048],[100.37715897700008,23.997049391000076],[100.39077015600009,23.978078356000026],[100.39112108300009,23.948784473000046],[100.40798246800006,23.928264624000064],[100.40303079800003,23.87576529200004],[100.38666531200005,23.875252217000025],[100.37084913900009,23.859706905000053],[100.35449891300004,23.86069304800003],[100.31286414800007,23.813965550000034],[100.31242160000005,23.786184238000033],[100.29505662300005,23.774409862000027],[100.28467269900005,23.73699999300004],[100.25751895100007,23.72610684500006],[100.25231554400006,23.706649441000025],[100.19425424800005,23.649597190000065],[100.18490033400008,23.62418297200003],[100.18609051800007,23.59412231300007],[100.15513712700005,23.48786478100004],[100.14333411200005,23.461727660000065],[100.10777252600008,23.428382489000057],[100.10181379300008,23.411181541000076],[100.10881773600005,23.387050990000034],[100.08058056100003,23.351350169000057],[100.07779573200008,23.326595906000023],[100.09006406300006,23.270848252000064],[100.08161044700006,23.24916681900004],[100.04165422100004,23.22036889700007],[100.05240429900005,23.19919863100006],[100.10580381600005,23.17372904100006],[100.11863678100008,23.16003960300003],[100.13131714400004,23.135832751000066],[100.14576752300007,23.06502043200004],[100.17156316800003,23.048149436000074],[100.19025567600005,23.04640033100003],[100.21409812200005,23.008509765000042],[100.23511001900005,22.99920925200007],[100.26369812300004,23.007082982000043],[100.27664548500007,22.94979796000007],[100.29550585600003,22.96005404400006],[100.30927727300008,22.956855318000066],[100.29809224200005,22.917188993000025],[100.37376240800006,22.768827368000075],[100.37158787900006,22.68319264300004],[100.42942017100006,22.64627291200003],[100.46351677900009,22.598418068000058],[100.56063382800005,22.539059620000046],[100.57328367600007,22.52082484300007],[100.58169908600007,22.49138217600006],[100.56533359500008,22.482621494000057],[100.57705262500008,22.457636422000064],[100.56228934800004,22.447346002000074],[100.56119829700003,22.430829808000055],[100.61948071800003,22.382559126000046],[100.65654522700004,22.327093744000024],[100.61674925200003,22.319469896000044],[100.60861606900005,22.287196661000053]]}},{"type":"Feature","properties":{"name":"西江干流水道(西海水道、磨刀门水道)","level":"river_l1"},"geometry":{"type":"LineString","coordinates":[[113.34496650300002,22.30561598500003],[113.35695253800009,22.292872610000074],[113.34421108200002,22.27866061000003],[113.33226322000007,22.298648291000063],[113.33905359800008,22.31240253200008],[113.34496650300002,22.30561598500003]]}},{"type":"Feature","properties":{"name":"西江干流水道(西海水道、磨刀门水道)","level":"river_l1"},"geometry":{"type":"LineString","coordinates":[[113.36027124600002,22.24614511300007],[113.34139570000002,22.25992804200007],[113.33829050500003,22.273373314000025],[113.35018501200011,22.268551372000047],[113.36027124600002,22.24614511300007]]}},{"type":"Feature","properties":{"name":"西江干流水道(西海水道、磨刀门水道)","level":"river_l1"},"geometry":{"type":"LineString","coordinates":[[113.08325802200011,22.756583377000027],[113.08717187100001,22.719564543000047],[113.10350674000006,22.69814057600007],[113.1044221630001,22.661558546000037],[113.17421739100007,22.597544081000024],[113.19503832100008,22.53711376800004],[113.241380262,22.49035753000004],[113.25750905200005,22.446153485000025],[113.25492256200005,22.42853674500003],[113.27338603400005,22.392538328000057],[113.35728063800002,22.30108396600008],[113.3559224710001,22.27169475000005],[113.40147855900011,22.224209889000065]]}},{"type":"Feature","properties":{"name":"西江干流水道(西海水道、磨刀门水道)","level":"river_l1"},"geometry":{"type":"LineString","coordinates":[[112.78557579200003,23.141272557000036],[112.79232018100004,23.093848845000025],[112.80985288300008,23.06851851700003],[112.82581375600012,23.004841820000024],[112.85757561900004,22.97449498800006],[112.86245079000003,22.935963581000067],[112.9010868800001,22.896898002000057],[112.91626198200004,22.85507057800004],[112.97300303200007,22.802344145000063],[113.0383809650001,22.80496662400003],[113.05946148500004,22.797199628000044],[113.07328607400007,22.733784253000067],[113.09004053700005,22.702922469000043],[113.08691232100011,22.678191128000037],[113.09626602100002,22.628472807000037],[113.11910890900003,22.602017099000022],[113.15604373300005,22.601791915000035],[113.17118078600004,22.588903568000035],[113.17690288400001,22.56251467000004],[113.1671596860001,22.499591476000035],[113.1824492290001,22.457268129000056],[113.20729877400004,22.45303744200004],[113.25251148200005,22.390445972000066],[113.2734699230001,22.38173099900007],[113.30825305400003,22.338997504000076],[113.34465347100002,22.241937435000068],[113.3817331890001,22.22286523100007]]}},{"type":"Feature","properties":{"name":"澜沧江","level":"river_l1"},"geometry":{"type":"LineString","coordinates":[[100.60861606900005,22.287196661000053],[100.62968899300006,22.272664143000043],[100.67501641500007,22.27343087500003],[100.70847215400005,22.24431816400005],[100.70636635600005,22.21804751700006],[100.73267312400009,22.152221137000026],[100.72089300200008,22.126862238000058],[100.72559282300006,22.119268865000038],[100.77159164200003,22.11473492600004],[100.77792419800005,22.10786255000005],[100.75882729200003,22.080376904000047],[100.76242843400007,22.057015040000067],[100.79905808400008,22.02858136100008],[100.81772002700006,21.989925932000062],[100.82817256900006,21.98749016900007],[100.83252908600008,22.003951044000075],[100.83899898200008,22.004590018000044],[100.86453521500005,21.988359908000064],[100.86242941900008,21.963590387000067],[100.87254623700005,21.94312013800004],[100.90109614800008,21.91705736700004],[100.92006324800008,21.855083947000026],[100.97477505700004,21.847328396000023],[101.00802483700005,21.85574000500003],[101.03768105600005,21.845417115000032],[101.05501547000006,21.825549598000066],[101.05524432500005,21.797733953000034],[101.06719989100009,21.790743313000064],[101.11407612100004,21.79586654700006],[101.16138726100007,21.82051394700005],[101.17505949000008,21.817992348000075],[101.18127759600009,21.80734713100003],[101.17048933400008,21.793276237000043],[101.11531209300006,21.777051932000063],[101.11111580800008,21.769614975000025],[101.11949302900007,21.707817048000038],[101.12876296300004,21.68884792500006],[101.15182720700005,21.674120850000065],[101.16056304000006,21.63035359400004],[101.17303740300008,21.61131961600006],[101.17122154900005,21.601582330000042],[101.14442640500005,21.591578034000065],[101.14965265400008,21.57193369500004]]}}]}