{"type":"FeatureCollection","features":[{"type":"Feature","properties":{"name":"北京市","adcode":"110000","level":"province"},"geometry":{"type":"Polygon","coordinates":[[[117.38335014519316,40.226472314945454],[117.34434302541035,40.228493935147014],[117.32534432468094,40.288314459844514],[117.2892398198619,40.27691887500612],[117.2175962400745,40.37007141516375],[117.25558526974442,40.43903890482164],[117.201562230013,40.49849683995723],[117.25695527536573,40.51182911032521],[117.24310196028728,40.5468119402189],[117.30478051041234,40.575831485234914],[117.41500912037463,40.56778909998701],[117.41443292024314,40.63382323495438],[117.50823920997163,40.65928417522457],[116.9628005302203,40.706161550015565],[116.8694474502397,40.82006259461309],[116.70728705525346,40.908709405414754],[116.67165787541069,40.96962002534394],[116.68377944966198,41.042570560183265],[116.62553131491836,41.05896424960048],[116.59588798484265,40.97424680974251],[116.44922990993246,40.978055429614415],[116.46794782523205,40.89434815504336],[116.39256626462145,40.904145499815],[116.36400374517677,40.94185642043749],[116.32809765508273,40.91977434011375],[116.45542270539363,40.768117024780906],[116.30245828482202,40.75043354027571],[116.24150188040755,40.79027902965356],[116.1153246051465,40.62756812007274],[115.97731206020353,40.57746488519632],[115.90178683019815,40.616094435409934],[115.74664875543579,40.53495153538512],[115.72954182989156,40.50266350511674],[115.77574591464236,40.49170294483508],[115.76454054540989,40.44130946995614],[115.85321804467708,40.361273430324616],[115.91232269014006,40.352810610221525],[115.96181469539192,40.2624129201202],[115.89250268535068,40.23344721481715],[115.84200198520352,40.1828758297558],[115.84584816975735,40.14694449479265],[115.77141372476365,40.176621995508754],[115.72982567031852,40.12872180017098],[115.59223994002127,40.11813590554766],[115.44827674477597,40.028602720239405],[115.41970131466405,39.94904032025465],[115.51428853968446,39.90102958025096],[115.50711403978119,39.840656500397245],[115.56323007530784,39.81275730470588],[115.41832555967687,39.77297884539746],[115.48624514040102,39.737242299992204],[115.47181922517711,39.6510364299873],[115.51622060539671,39.63884907032838],[115.50887966526443,39.590480244567686],[115.53958767483141,39.61771023044281],[115.57511725475752,39.58840203002973],[115.66125312962834,39.61448861965414],[115.74598221480744,39.51291256965942],[115.82264485517601,39.50598617022564],[115.8131225896359,39.529776180026715],[115.88161665998098,39.549778855110105],[115.90444721456731,39.59971788457278],[115.9516174499854,39.55988529507039],[115.97210337037427,39.593152290445914],[116.13045536492325,39.56718456511567],[116.19799827989675,39.58757929514843],[116.25293497956568,39.498931120075156],[116.42863772025464,39.44207842467961],[116.44990279977446,39.45810521498373],[116.40573705991744,39.48060153473307],[116.39648289037314,39.52553165965844],[116.43767124023566,39.508515900188684],[116.56016502999216,39.61873732007132],[116.69922779512672,39.58681277958618],[116.72077281471365,39.59489673509631],[116.69464878990982,39.61986520031877],[116.71941419001291,39.62296105980511],[116.77896932477461,39.59228170533646],[116.83255725990966,39.62111222544888],[116.84396778968176,39.666501160200426],[116.90065224980151,39.676610905169184],[116.87670627507464,39.71753112486158],[116.93963277483272,39.78488970039939],[116.91354230463367,39.84582643034554],[116.78003711502095,39.88515021491054],[116.75112771986846,39.961268590073416],[116.77343652467596,40.03333950971063],[116.8445214150313,40.05388454973223],[117.01553935515722,40.02838394036661],[117.07908386003214,40.07370536031419],[117.19792282477863,40.068527775336634],[117.2332282154099,40.11150478052127],[117.34798488489457,40.13771869526164],[117.34493796021877,40.171714750335525],[117.4009936854103,40.18604546512614],[117.37717715460201,40.18653485010333],[117.38335014519316,40.226472314945454]]]}},{"type":"Feature","properties":{"name":"天津市","adcode":"120000","level":"province"},"geometry":{"type":"Polygon","coordinates":[[[117.64393072522284,40.127025255211436],[117.55803915028662,40.22790371998076],[117.40921154547652,40.24741198557473],[117.37086222491178,40.21712997496843],[117.40026783988901,40.18468810487218],[117.34493796021877,40.171714750335525],[117.34798488489457,40.13771869526164],[117.2332282154099,40.11150478052127],[117.20492051976623,40.09478343480771],[117.21636942990528,40.06415750006863],[117.17666042973508,40.06028273506024],[117.19170452994013,39.991445069734255],[117.13978936978367,39.931811475419295],[117.1472101553245,39.87926938977057],[117.2418337597203,39.85959941977745],[117.25092712508683,39.82882503035091],[117.14992804504334,39.816056544973605],[117.19956745997035,39.76262356482573],[117.14721372473366,39.73495350470051],[117.16633796542487,39.63516077524963],[117.13443868509728,39.61513602540731],[117.00949513489263,39.65283520987708],[116.97082078495134,39.63514036963238],[116.94499971026846,39.705755984750965],[116.91409607027754,39.70573850462836],[116.79384603956316,39.60281467485743],[116.78150115015796,39.547545930200556],[116.81904727541155,39.516246485087265],[116.77951921973624,39.466072964595696],[116.86993842971481,39.43350645475914],[116.81218795461052,39.372453044972076],[116.82313850993432,39.3383082753067],[116.86488278021625,39.35652713971575],[116.88366524975152,39.32227616011676],[116.85764049481304,39.15340014520058],[116.92026902039902,39.11879769975411],[116.86583036527918,39.05383868990367],[116.75042156500331,39.04935828455723],[116.70242538502362,38.929809055043904],[116.74527046955654,38.83045991978952],[116.73873096476223,38.751773329975265],[116.86193847538038,38.74558362458464],[116.8715828652571,38.68009479983522],[117.03927883025392,38.70492493044122],[117.09185533025936,38.586008859621245],[117.21415248504923,38.64301243517582],[117.2497786152909,38.6133258099382],[117.24700525538833,38.55549352980262],[117.36268576963266,38.563885764816234],[117.47255478477553,38.61650768957827],[117.60215427539958,38.6170145699665],[117.57868632541363,38.67392282457877],[117.64972685041391,38.664782154872626],[117.64999300027682,38.70148600027875],[117.71957099470569,38.7013596599204],[117.7199255047583,38.75230820985604],[117.68759425037445,38.723696715131325],[117.68769711483003,38.757973290335144],[117.64217672977236,38.75813692018278],[117.60883986966428,38.71454384971895],[117.58326219019796,38.779357030002984],[117.61862839478465,38.84135134019226],[117.72947489475064,38.82764313971916],[117.69047642464739,38.87072320001573],[117.7509089595809,38.87359631002175],[117.68367587993794,38.89776867018804],[117.84528058473131,38.87319446505256],[117.85684799493913,38.91878474991631],[117.76400152465067,38.92891560467149],[117.70649338985811,38.9855161949165],[117.87381704542042,38.929114835081634],[117.87849863540373,38.94563502043991],[117.71413392024431,38.98844064991613],[117.78662904469468,38.97362892463519],[117.7627766354334,39.05031824968751],[117.82904137995581,38.97372804521319],[117.80483974955484,39.058473165304406],[117.72432750541009,39.08981497028469],[117.81834327961872,39.073131805288654],[117.84168844516569,39.10264106533293],[117.78587708465977,39.134840954846254],[117.82645264457392,39.17138753490684],[117.8764832196249,39.16375844029983],[117.8681253450087,39.191524319591736],[117.92217484009689,39.20944852472968],[117.95496116042932,39.18109925972311],[117.94341121955222,39.21218188458636],[118.05846323988669,39.23006826513836],[118.02064348960539,39.2902768050306],[117.84087433028617,39.32770777029742],[117.85675935506026,39.361374140204475],[117.84582092979213,39.36864575519752],[117.79658386974984,39.3598662352386],[117.85971058467578,39.377371654878004],[117.8410193900329,39.40716648024892],[117.86571149538929,39.410471665035345],[117.92394951545782,39.57713004981201],[117.76135798997927,39.59779357011723],[117.70982055497473,39.52885143504574],[117.67910657480866,39.56419525460734],[117.69998043035264,39.575085749607695],[117.61499380002397,39.5912063895633],[117.662826989574,39.665529860015056],[117.57220772540632,39.72192968021062],[117.59017988509368,39.74477306542468],[117.5331336501979,39.75998248980011],[117.55530489020862,39.80152590999279],[117.5043953348769,39.939062940202575],[117.53130157021133,39.99625820984858],[117.74977989042964,39.96384628537783],[117.7901063947943,39.99720838046244],[117.7367646103985,40.01650360475759],[117.76964909982621,40.05792602026969],[117.74828165497445,40.07858543516977],[117.64318683030808,40.09004702485038],[117.64393072522284,40.127025255211436]]]}},{"type":"Feature","properties":{"name":"河北省","adcode":"130000","level":"province"},"geometry":{"type":"MultiPolygon","coordinates":[[[[117.79984355963268,42.61369925981302],[117.68023994002124,42.58108767055961],[117.46655516998521,42.600218235283364],[117.38939113958952,42.534102475149155],[117.4102765397306,42.492830745542506],[117.38442015046962,42.45939854470714],[117.08896636520569,42.48194857556638],[116.888332279711,42.385885674584244],[116.91616151534174,42.19217611973221],[116.77685021986179,42.205667490062694],[116.88582870023436,42.10341187006179],[116.87680470497321,42.01547266473176],[116.78312317009829,41.97144706532987],[116.76060886031075,41.9939434902999],[116.71837942017419,41.950369579892254],[116.58204475476168,41.92358334019906],[116.4904694599976,41.98069386043335],[116.38632067985554,41.94196880041983],[116.41413036962092,41.98775738039882],[116.32768142995405,42.0073628546121],[116.2231222396997,41.936049200110574],[116.19294126522732,41.86212814479808],[116.10536227524892,41.851790884841535],[116.12305971543356,41.80599806006245],[116.0919091800647,41.774184299865624],[116.0101358795672,41.77490897536899],[115.9154620399413,41.94868286542197],[115.8235636700274,41.93286459012876],[115.52793844520318,41.770314199640666],[115.3083987046366,41.70097868042183],[115.35570673957443,41.66592267988784],[115.3388013745838,41.63347744542784],[115.37081532476748,41.60026020504449],[115.30429466017051,41.59061383486062],[115.27536049499088,41.619479540048815],[115.23306012532464,41.57448953466434],[115.09221771967213,41.62169075532415],[115.04777903467482,41.59575291536481],[114.85965907480647,41.59854681488366],[114.89919766514015,41.66998304967808],[114.88802793963771,41.78378722020409],[114.86002800998472,41.80266033960305],[114.93320607959697,41.844827480104186],[114.90533003515304,41.88332525535628],[114.92696259025138,41.94163288474988],[114.82210530531563,42.145570285340455],[114.64142238983152,42.102971730161244],[114.59225394985992,42.12939627511804],[114.51302312541702,42.11906589497511],[114.45936949030977,42.03582686052124],[114.50410020496054,41.97113536480532],[114.41531317006684,41.93997166516027],[114.34594310519026,41.95184486554814],[114.193774195223,41.78749018502407],[114.24773582025193,41.62830178499945],[114.22020900504162,41.616903110090504],[114.22434940010476,41.511623259805674],[114.0346652152275,41.52981117044919],[113.8713910503568,41.42927450471467],[113.93747834514954,41.392609060359916],[113.895500760152,41.30646568514328],[113.94970461487617,41.284596340348855],[113.95961868535414,41.238770960111765],[113.98485665041414,41.26789585980612],[114.00434038969729,41.22184548987752],[113.99125621979874,41.179985494834796],[113.91278340513009,41.17147975009044],[113.87753100525174,41.104220205198374],[113.81820097529487,41.09378776549306],[113.96880748497756,40.99374325554686],[113.97698897016494,40.9415523452646],[114.04796099020757,40.92812459477426],[114.0683111651282,40.85203978051152],[114.03801347034539,40.82951003476035],[114.0975584247816,40.79594001551936],[114.20448705973013,40.62247568020854],[114.27686430464405,40.59423560009293],[114.29052659472666,40.536154945194596],[114.26075115514175,40.47294149515392],[114.29189790526414,40.445706320190595],[114.29741574963725,40.367717689719655],[114.39098550507708,40.34867547978962],[114.44556008013365,40.3693487901146],[114.52583467033378,40.337976315554556],[114.44918634987016,40.254427489836814],[114.25379807012484,40.23528475009118],[114.22476871980064,40.193283369931635],[114.1405392152127,40.17492955505497],[114.06262309977626,40.18569774495501],[114.08418791973679,40.07374376496284],[114.03511309469366,40.05627835526195],[113.97329738986275,40.1111612053254],[113.96661158965321,40.051897225176845],[113.9032853403462,40.00814549541832],[114.01834891517035,39.98840102019096],[114.04251408975347,39.913969495296044],[114.14354074031303,39.89427430471545],[114.20964572027378,39.9164796200385],[114.19294421989991,39.87755347521278],[114.21935387028498,39.85017660036988],[114.38868207961434,39.865815270258565],[114.39811249019931,39.64277548520056],[114.42920387535867,39.606007585581665],[114.49504723534164,39.6030545249464],[114.50918681991584,39.56389405007042],[114.56293978963959,39.57297582497438],[114.49577321036543,39.47561681476424],[114.47272749477816,39.34474585993354],[114.419775800313,39.28460419992393],[114.4097524496159,39.24152962998846],[114.46726643000181,39.21890053972817],[114.45891112474862,39.18681679046256],[114.37682536020225,39.1726382499553],[114.33989972489246,39.07454420045457],[114.11572700539705,39.04857819013142],[114.03927372989881,39.131837440445565],[113.77067321979337,38.9913472452792],[113.76622965517447,38.88962875975949],[113.849636594853,38.81827491005913],[113.82422262977059,38.75805006006226],[113.79211651526498,38.762565725128184],[113.74737841987826,38.69861500547819],[113.70647917507392,38.71339989049261],[113.69434874969511,38.65180443053009],[113.61495639981808,38.65050141540803],[113.60361991033062,38.59390151494301],[113.54831827027203,38.55525416984409],[113.54847749524026,38.49026559028482],[113.5850586704214,38.45992185021328],[113.51698305012769,38.37616409040049],[113.55642868473603,38.33986142536452],[113.53826143961385,38.257293980332975],[113.82733353041817,38.16626921994862],[113.8053439651519,38.1096728547185],[113.87102153961246,38.0557051952386],[113.85827443471749,37.99817585533151],[113.96841712974685,37.87803622988815],[113.96586220977326,37.81756333517984],[114.03744631469567,37.78644395052794],[113.98591802040039,37.713443159774044],[114.0950714054211,37.71600679507759],[114.1327370901447,37.675257405205116],[114.10216177014968,37.61670411520282],[114.12203732965907,37.60082558533253],[114.02265819481988,37.439535805133346],[113.89358324007458,37.315600210581295],[113.82706005467787,37.17595136985989],[113.76615804036135,37.15215564037055],[113.7523549551172,37.07505217481804],[113.78591656030108,37.051068085024156],[113.76063823546622,37.0157172201736],[113.7903642348216,36.99559153492146],[113.75272974038523,36.9526271499231],[113.79121716983661,36.880322144851164],[113.741297894882,36.849335070257325],[113.69210403467355,36.88651078544444],[113.6661973247468,36.79293966483374],[113.45566378455612,36.716892649975875],[113.5098221947386,36.69795096986144],[113.47259250044362,36.639708365049046],[113.54425024005661,36.6226413397261],[113.530297100231,36.59275024462812],[113.58304420972252,36.56262022034696],[113.53829071524433,36.538028929891254],[113.57982656044749,36.45738183960026],[113.70503774529573,36.42254746529335],[113.73273334526777,36.359292540318506],[113.80850172047803,36.33185557547449],[113.87605487962901,36.354097545365505],[113.90998630042748,36.314885345082644],[113.94490013523307,36.35896968550264],[113.98722084036956,36.31466869480448],[113.97206345526433,36.35875470526548],[114.01820110529684,36.35490248985809],[114.05607256479709,36.273589689912285],[114.12500319484161,36.28156491468911],[114.17228165017809,36.24233868048577],[114.20499266038303,36.27294446051849],[114.33910242014065,36.25565270540807],[114.56243763968541,36.15245152022152],[114.57647518987812,36.117134830508064],[114.72863735493002,36.155775079956015],[114.76588216503,36.1244596305076],[114.90687771983096,36.14059020527378],[114.91208536015131,36.04875977014734],[115.00269098520084,36.07124052533004],[115.05340994990934,36.17921946050973],[115.09870178036294,36.173436555352794],[115.11923414983619,36.21044300014438],[115.24493664960676,36.18940804544502],[115.31476122465085,36.085608804802575],[115.3598501203868,36.09809219519872],[115.39827973512172,36.15848244490894],[115.42011813514387,36.13766292010774],[115.4494151102192,36.17592454508173],[115.48103533001654,36.148335465309515],[115.46181469009593,36.267707035551325],[115.41362119975861,36.288272290533826],[115.4132232551492,36.32603069985697],[115.34780280495556,36.312581684896884],[115.36199131534704,36.3474446855239],[115.33868070984693,36.39645565960109],[115.2906499302502,36.41233875532936],[115.31183321013464,36.449836520439135],[115.27782820500772,36.49112217964495],[115.34808344469525,36.6283425999311],[115.43931783525,36.69302886968666],[115.47299338543644,36.759284370077694],[115.67755763957348,36.812046564797186],[115.70511428529608,36.8816506053912],[115.75929920029796,36.90869159963768],[115.79100980016221,36.968651065094605],[115.77074205530164,36.991834980400085],[115.85949412005766,37.07051262016137],[115.90325320986778,37.20270309537159],[115.96555705501419,37.242303765006795],[115.97057887021879,37.33690089516023],[116.16064378038618,37.38412381466236],[116.2308422449737,37.36099085044742],[116.27986724487755,37.40307962492483],[116.22187586477935,37.425743490169964],[116.21869136991086,37.478978265134856],[116.27296174029209,37.46462372010865],[116.27066458490276,37.5215688550187],[116.31385089020648,37.57939030012233],[116.37296541472222,37.562511984940215],[116.36443086469274,37.5252887252945],[116.43198606980138,37.475394179897535],[116.67417725957296,37.72709988035524],[116.74143030956122,37.7588131251257],[116.78888591515295,37.84623674463012],[117.42841032467686,37.850925610128854],[117.55801728956635,38.0625703103716],[117.70268975492831,38.07713681031561],[117.90043854010662,38.320951369909835],[117.8634987251861,38.32809008488954],[118.0153148149268,38.39353652459101],[117.83375646968534,38.32472481010194],[117.84879749960498,38.35648391040422],[117.76147924467148,38.32760897457456],[117.62917431004644,38.48625884976616],[117.58665605982935,38.612906795112565],[117.47255478477553,38.61650768957827],[117.36268576963266,38.563885764816234],[117.24700525538833,38.55549352980262],[117.2234996903585,38.642070235253186],[117.09185533025936,38.586008859621245],[117.03927883025392,38.70492493044122],[116.8715828652571,38.68009479983522],[116.86193847538038,38.74558362458464],[116.73873096476223,38.751773329975265],[116.74527046955654,38.83045991978952],[116.70242538502362,38.929809055043904],[116.75042156500331,39.04935828455723],[116.86583036527918,39.05383868990367],[116.92026902039902,39.11879769975411],[116.85764049481304,39.15340014520058],[116.84995281027409,39.21476732035558],[116.88679635456822,39.22306509957474],[116.87962317486972,39.338193109924134],[116.82313850993432,39.3383082753067],[116.81218795461052,39.372453044972076],[116.86993842971481,39.43350645475914],[116.77951921973624,39.466072964595696],[116.81460641955073,39.47950304972602],[116.81704079979318,39.53166845523509],[116.7810051497679,39.55054803536359],[116.80637318467484,39.61480522957771],[116.77332277032963,39.59190226517745],[116.6948083251441,39.619908935249214],[116.72077281471365,39.59489673509631],[116.69922779512672,39.58681277958618],[116.56016502999216,39.61873732007132],[116.43767124023566,39.508515900188684],[116.39648289037314,39.52553165965844],[116.40573705991744,39.48060153473307],[116.44990279977446,39.45810521498373],[116.42863772025464,39.44207842467961],[116.25293497956568,39.498931120075156],[116.19799827989675,39.58757929514843],[116.13045536492325,39.56718456511567],[115.97210337037427,39.593152290445914],[115.9516174499854,39.55988529507039],[115.90444721456731,39.59971788457278],[115.88161665998098,39.549778855110105],[115.8131225896359,39.529776180026715],[115.82264485517601,39.50598617022564],[115.74598221480744,39.51291256965942],[115.66125312962834,39.61448861965414],[115.57511725475752,39.58840203002973],[115.53958767483141,39.61771023044281],[115.50809004521943,39.59093541034099],[115.51622060539671,39.63884907032838],[115.47181922517711,39.6510364299873],[115.48624514040102,39.737242299992204],[115.41835507992312,39.773152285049946],[115.56323007530784,39.81275730470588],[115.50711403978119,39.840656500397245],[115.51428853968446,39.90102958025096],[115.41970131466405,39.94904032025465],[115.44781309479856,40.028128985264516],[115.59223994002127,40.11813590554766],[115.72982567031852,40.12872180017098],[115.77141372476365,40.176621995508754],[115.84584816975735,40.14694449479265],[115.84200198520352,40.1828758297558],[115.89250268535068,40.23344721481715],[115.96181469539192,40.2624129201202],[115.91232269014006,40.352810610221525],[115.85321804467708,40.361273430324616],[115.76454054540989,40.44130946995614],[115.77574591464236,40.49170294483508],[115.72954182989156,40.50266350511674],[115.74664875543579,40.53495153538512],[115.90178683019815,40.616094435409934],[115.97731206020353,40.57746488519632],[116.1153246051465,40.62756812007274],[116.24150188040755,40.79027902965356],[116.30245828482202,40.75043354027571],[116.45889084463681,40.77066398035845],[116.32818600537996,40.90291822019975],[116.33725920974484,40.931031049843114],[116.46794782523205,40.89434815504336],[116.44922990993246,40.978055429614415],[116.59588798484265,40.97424680974251],[116.611469554976,41.05022712458219],[116.64144355497615,41.05778776459374],[116.68894949022683,41.03146738001561],[116.67165787541069,40.96962002534394],[116.70728705525346,40.908709405414754],[116.8694474502397,40.82006259461309],[116.9628005302203,40.706161550015565],[117.50799784992091,40.659548985097615],[117.49387493967674,40.6347554047382],[117.41443292024314,40.63382323495438],[117.41500912037463,40.56778909998701],[117.30478051041234,40.575831485234914],[117.24310196028728,40.5468119402189],[117.25695527536573,40.51182911032521],[117.20153745009327,40.498288485025626],[117.25558526974442,40.43903890482164],[117.2175962400745,40.37007141516375],[117.2892398198619,40.27691887500612],[117.32534432468094,40.288314459844514],[117.34434302541035,40.228493935147014],[117.43303743013337,40.251765185415024],[117.55803915028662,40.22790371998076],[117.57016866465221,40.177445555068346],[117.64393072522284,40.127025255211436],[117.64318683030808,40.09004702485038],[117.76964909982621,40.05792602026969],[117.7367646103985,40.01650360475759],[117.78563805475244,40.01434135486966],[117.77549955486063,39.965071380539825],[117.54047875509059,39.99779078052018],[117.5043953348769,39.939062940202575],[117.55530489020862,39.80152590999279],[117.5331336501979,39.75998248980011],[117.59017988509368,39.74477306542468],[117.57220772540632,39.72192968021062],[117.662826989574,39.665529860015056],[117.61499380002397,39.5912063895633],[117.69998043035264,39.575085749607695],[117.67910657480866,39.56419525460734],[117.70982055497473,39.52885143504574],[117.76135798997927,39.59779357011723],[117.92394951545782,39.57713004981201],[117.86571149538929,39.410471665035345],[117.8410193900329,39.40716648024892],[117.85971058467578,39.377371654878004],[117.79806095045251,39.35754042475088],[117.84582092979213,39.36864575519752],[117.84087433028617,39.32770777029742],[118.0207125053779,39.29024017024773],[118.05917100004172,39.23676399476261],[118.02309365025178,39.202094625366726],[118.06604364969473,39.21781928483216],[118.13053970024703,39.18730970977532],[118.21143288012343,39.06908488485959],[118.34568262025675,39.02110566519434],[118.36761258475303,39.037625155376645],[118.37214638464798,38.98162817030385],[118.40388709021715,38.96663697991272],[118.41834246543249,39.026489040237095],[118.47417266043999,39.05421938551626],[118.41837325012546,39.00922516051281],[118.41837833039574,38.9596807247857],[118.45434916987836,38.94896698523826],[118.46126078985367,39.02133789532763],[118.50289462968351,38.918043685168016],[118.64738852026403,39.04511233516621],[118.61596000984662,39.06725367991345],[118.62934630518794,39.04850245552393],[118.56782801964744,38.99092447038805],[118.48063534514517,39.05052073474417],[118.47104661520916,39.084296460413384],[118.57600652538088,39.11058851005174],[118.53555179028297,39.1513759151664],[118.792416029876,39.136432195489476],[118.85975985473362,39.18613348017601],[118.87079189493011,39.1546398399567],[118.98107751021894,39.18960842998513],[118.89056592008126,39.11891146039562],[118.98283533498284,39.180240335223345],[119.03185125533128,39.17734059988885],[119.19386542504935,39.374395920535335],[119.20530291469777,39.35251996032798],[119.25823824959559,39.365564909892726],[119.30374226519348,39.42357963549182],[119.25693057958267,39.51121812012019],[119.36079758504059,39.743577774694586],[119.45419247540246,39.80753537505757],[119.53076583467555,39.809745080371215],[119.5135144852054,39.83979651020081],[119.56098078013895,39.90575651045464],[119.81236489472417,39.981374744748734],[119.86571300045466,39.95660600006693],[119.84879043503065,40.031827689995964],[119.76499165534074,40.04748511974253],[119.72824606520385,40.104370250087015],[119.75683875510458,40.14117016557071],[119.73741854483,40.20592047514987],[119.70871740478447,40.19505457480881],[119.66410914542075,40.23811166012507],[119.6174244701632,40.22527344041697],[119.64604040484085,40.27120696053288],[119.57302991040206,40.37627553039147],[119.5949908547442,40.44918780986956],[119.54156652517509,40.50943211040362],[119.56399901464283,40.53308366058252],[119.25436132981156,40.53657069548126],[119.21464257469518,40.569623770020996],[119.23567767508473,40.59989986039028],[119.15129504473055,40.602426809649614],[119.13810390497133,40.63213406983152],[119.17446598461754,40.68523713008955],[119.0482738147848,40.66345797470581],[118.8430459050445,40.79946134966161],[118.89613313543589,40.95941662497734],[119.01524950506064,40.9880324751187],[118.93216980529235,41.0514115703877],[118.95863535483784,41.07755205458369],[119.06701441458358,41.07359513470777],[119.07383437475664,41.133462319830244],[119.19176656477521,41.19012075986524],[119.16281283034789,41.213001289777765],[119.23619909481249,41.26561695525834],[119.23293715482589,41.310799894899276],[119.1946956746657,41.286648890034314],[118.8921513951708,41.297673175376815],[118.85926948499878,41.31287402021991],[118.84192325975073,41.38118838533575],[118.740415964725,41.32188036988322],[118.5242706252892,41.356727310417114],[118.39580242963848,41.30867334000271],[118.3556910547984,41.32477434955666],[118.35416596019093,41.41972253007077],[118.26482782974063,41.464948819732285],[118.31735766482439,41.507972815393146],[118.31386276985097,41.559262149928315],[118.22877434525992,41.57782884962177],[118.21339352539098,41.640059474665065],[118.1286820651253,41.72876802032795],[118.14182409020964,41.796484994586876],[118.22109930518889,41.81214658459726],[118.27379277012028,41.75968098988585],[118.33949156498375,41.84278924492776],[118.261094449849,41.91917987455162],[118.30710742956433,41.98618173040256],[118.23035477964947,42.013403804941674],[118.28980046961601,42.05598620469965],[118.23642219522822,42.09026561996245],[118.18952490495042,42.03046608993816],[118.10953582971479,42.03659963536495],[118.15714477960796,42.0787019005723],[118.08544721531678,42.10758642047699],[118.11142563988142,42.16466841511533],[117.96389573520003,42.24078093479238],[118.05380600983949,42.2804767347136],[118.00321734520435,42.3425827496942],[118.02455571497433,42.3825165255173],[117.86972006512894,42.49158228509441],[117.78744243022402,42.587421854734885],[117.79984355963268,42.61369925981302]]],[[[117.21660584008748,40.064494740439955],[117.07908386003214,40.07370536031419],[117.01553935515722,40.02838394036661],[116.84417907010811,40.053888174899384],[116.76939218530117,40.02553763555346],[116.75112771986846,39.961268590073416],[116.78003711502095,39.88515021491054],[116.91354230463367,39.84582643034554],[116.93863304977549,39.77600189037497],[116.87670627507464,39.71753112486158],[116.88659344503151,39.68903026023838],[116.94499971026846,39.705755984750965],[116.9703001053656,39.63530445993291],[117.00949513489263,39.65283520987708],[117.13443868509728,39.61513602540731],[117.16633796542487,39.63516077524963],[117.14721372473366,39.73495350470051],[117.19956745997035,39.76262356482573],[117.14992804504334,39.816056544973605],[117.25092712508683,39.82882503035091],[117.2418337597203,39.85959941977745],[117.16024705505765,39.86661469471244],[117.13585997006157,39.91773175511645],[117.19170452994013,39.991445069734255],[117.17666042973508,40.06028273506024],[117.21660584008748,40.064494740439955]]],[[[118.8110993347666,39.136072630347655],[118.83742294970943,39.13911824021466],[118.83823770490619,39.15161610969574],[118.8110993347666,39.136072630347655]]],[[[118.85581513506054,39.10795949043819],[118.85208340992153,39.13327450041794],[118.84488463461821,39.1086569101883],[118.85581513506054,39.10795949043819]]],[[[118.22919440959436,39.031966055389205],[118.22473974464356,39.0372940447844],[118.22257241538478,39.03494313511766],[118.22919440959436,39.031966055389205]]],[[[118.1935928704147,39.00877357494056],[118.20022597484888,39.00923458540785],[118.19513816019798,39.01129585042321],[118.1935928704147,39.00877357494056]]],[[[118.26556789983874,38.98184360020201],[118.26923170547889,38.98388193969981],[118.26467919968536,38.98337847493673],[118.26556789983874,38.98184360020201]]],[[[118.84168641969256,39.106442850357325],[118.84286771517293,39.107247200398035],[118.83725245533662,39.107348759937395],[118.8380591346214,39.10632784505407],[118.8347032100852,39.10683195013445],[118.83295287037868,39.10568912495319],[118.84168641969256,39.106442850357325]]],[[[118.7097882349392,39.0447225752867],[118.71314201998825,39.04794291533335],[118.71060627985594,39.04924316504008],[118.7097882349392,39.0447225752867]]],[[[118.72566003967916,39.02970139969989],[118.7301242149606,39.02897093975713],[118.72729622484098,39.03142024514824],[118.72566003967916,39.02970139969989]]]]}},{"type":"Feature","properties":{"name":"山西省","adcode":"140000","level":"province"},"geometry":{"type":"Polygon","coordinates":[[[114.13713984982428,40.73444770509758],[114.0541794703064,40.718705735481365],[114.06113615530933,40.642126865162766],[114.03422080984251,40.6092307546956],[114.06875085536774,40.54156740521165],[113.94903593476067,40.52002909007052],[113.86341324542502,40.44831156982315],[113.78745817005858,40.518037464957104],[113.52933620520173,40.33261336501482],[113.30933064998953,40.31860163975392],[113.25097368468789,40.41380384007522],[112.88992090502586,40.32630042012835],[112.84762955016367,40.203040919702744],[112.73975934481803,40.16219462518188],[112.45659218008507,40.29859301025925],[112.30354342468934,40.2551476399517],[111.96628489962848,39.79511687524365],[111.92569945976231,39.60904185050106],[111.82898823481924,39.62071331047093],[111.77524818475598,39.58633394995189],[111.63490448015767,39.643856929853484],[111.48627848536387,39.65901916500252],[111.43203332028156,39.640304435101655],[111.45669282521379,39.6115821403036],[111.4225673999656,39.61576936486438],[111.42442941028912,39.5065802551747],[111.36649648522467,39.4789010399511],[111.34803363474452,39.42744457001095],[111.1682012198105,39.42313895509875],[111.10739205959595,39.37345734038399],[111.24190680475527,39.30029541000522],[111.13074906471763,39.061982284854594],[110.97534728534902,38.97504484514354],[111.00607402959287,38.92718236467442],[111.0015552501747,38.83897645459973],[110.87346743537393,38.622697400364814],[110.91510704975059,38.578292074819444],[110.90153725044382,38.52046222555134],[110.86404633996665,38.508820544832304],[110.87199132503969,38.45770014974215],[110.78207074506889,38.45002913503663],[110.74059346461678,38.36588521982708],[110.65131557975025,38.306888660283505],[110.57847928489116,38.303762159995756],[110.5618287347084,38.21865806471794],[110.5004140645575,38.18456715994654],[110.5123019949412,37.96091045974998],[110.58699194991863,37.92277829488245],[110.66874468022286,37.79099191024852],[110.75130377504922,37.75347613981205],[110.69649904459527,37.71387058955611],[110.79100298519967,37.66036719968656],[110.75745271956742,37.63564380511758],[110.79053590970454,37.56114623041424],[110.74246835503061,37.45190727040426],[110.63719168025193,37.431492054714624],[110.63038663533501,37.36363147041607],[110.69476179542056,37.34623100975335],[110.68376902502052,37.284257419944026],[110.52351226457938,37.105346704886585],[110.41301316012931,37.03490430459004],[110.44309270996064,37.00927212530837],[110.3707165451325,37.01311541494448],[110.41994467041025,36.95738355540681],[110.40331261478542,36.892485310049096],[110.36922853496895,36.8803494446712],[110.41854434504558,36.85573861464542],[110.41242691457052,36.79416924041817],[110.37679220479646,36.769466264956236],[110.42530333478112,36.750134654990404],[110.41066012986118,36.72277290494566],[110.44703137539773,36.73032608957743],[110.4292379101015,36.680015599640285],[110.38666091976569,36.68001164981786],[110.4917258698531,36.58201764989468],[110.49641446465586,36.533485265332786],[110.4443135648192,36.13433342484774],[110.51129772021369,35.97221591043598],[110.50593201505052,35.88003798986142],[110.54602794493377,35.8754052501522],[110.60822651004548,35.58889487459885],[110.41628728503025,35.34873345468526],[110.36426435461635,35.252908495430745],[110.37000890458734,35.13939452533714],[110.33485866499547,35.05235887965864],[110.23347729484135,34.93336925958374],[110.2337410399171,34.662424719625164],[110.25838586971219,34.627108650443915],[110.40584887472585,34.5920564603374],[110.46654406026022,34.619734924627096],[110.53266995485461,34.58378391519557],[110.60713562970562,34.612911959819144],[110.66905854541562,34.59194144514163],[110.74775299980115,34.65442796507858],[110.82697743995698,34.617941144967915],[110.89385494025333,34.661937475034506],[110.91604985491693,34.730787919726765],[110.96375997494295,34.70121803998063],[111.11737280041444,34.7611748353504],[111.14841446025918,34.81497219021446],[111.21994842527965,34.789742450353856],[111.25028441499381,34.82227425984928],[111.56486838456834,34.84473772016969],[111.67550055540636,34.95097731525095],[111.6603036900633,34.987741390053145],[111.79512841534415,35.02964218463916],[111.81153954531385,35.06968412012611],[111.94579999457414,35.08307049460768],[112.04588868011854,35.04559837456537],[112.06035621956391,35.151007534769974],[112.03411399956144,35.19745882516469],[112.07536813033505,35.22370815520725],[112.05173954974055,35.279963859944246],[112.2198137246238,35.237703945380815],[112.29221572517565,35.25258082474534],[112.28129871006752,35.21849797969804],[112.39887781006291,35.242730609729904],[112.55931592508989,35.21097031512801],[112.6299183948181,35.23112216975238],[112.62294490508339,35.273058500149716],[112.70579890019917,35.18735390955533],[112.77833068461348,35.244936674587905],[112.87763012513028,35.23967753459061],[112.97998203464329,35.28648524519798],[112.99048970983233,35.363476684901116],[113.12868347985875,35.33413885542387],[113.18486853025854,35.44881259482543],[113.29652729519853,35.42447737463118],[113.30331299030229,35.482260204644774],[113.34215187480925,35.46774047484308],[113.39848855000662,35.51483041968817],[113.5005869253464,35.51484398955853],[113.49709621491843,35.57305486538979],[113.53706797540679,35.597167759684396],[113.54505468992204,35.65461677034773],[113.61936178012206,35.63314494478345],[113.577526299699,35.820482700416335],[113.65622892532474,35.835634845172024],[113.62943378504121,35.86427206500383],[113.65051515465075,35.93560351978664],[113.62593572535354,35.98635277995686],[113.69630106004593,35.99143271474804],[113.6990305051537,36.02099259493235],[113.65289171478082,36.04000248053012],[113.68170101988619,36.06099351054212],[113.66518368537879,36.121212065284624],[113.70681291528388,36.133015575408535],[113.64613647521821,36.171423529972],[113.69329394026317,36.18367810046402],[113.70078547996604,36.29787146969261],[113.73955258508374,36.37030779556835],[113.70503774529573,36.42254746529335],[113.5500423102045,36.492478080299236],[113.53936225476434,36.54128233980816],[113.58304420972252,36.56262022034696],[113.530297100231,36.59275024462812],[113.54425024005661,36.6226413397261],[113.47259250044362,36.639708365049046],[113.5098221947386,36.69795096986144],[113.45489968457287,36.71419760033905],[113.6661973247468,36.79293966483374],[113.69210403467355,36.88651078544444],[113.741297894882,36.849335070257325],[113.79121716983661,36.880322144851164],[113.75272974038523,36.9526271499231],[113.7903642348216,36.99559153492146],[113.76063823546622,37.0157172201736],[113.78591656030108,37.051068085024156],[113.7523549551172,37.07505217481804],[113.76615804036135,37.15215564037055],[113.82706005467787,37.17595136985989],[113.89358324007458,37.315600210581295],[114.02265819481988,37.439535805133346],[114.12203732965907,37.60082558533253],[114.10216177014968,37.61670411520282],[114.13273327522052,37.67546944555852],[114.0950714054211,37.71600679507759],[113.98591802040039,37.713443159774044],[114.03744631469567,37.78644395052794],[113.96586220977326,37.81756333517984],[113.96841712974685,37.87803622988815],[113.85827443471749,37.99817585533151],[113.87102153961246,38.0557051952386],[113.8053439651519,38.1096728547185],[113.82733353041817,38.16626921994862],[113.53826143961385,38.257293980332975],[113.55642868473603,38.33986142536452],[113.51698305012769,38.37616409040049],[113.5850586704214,38.45992185021328],[113.54847749524026,38.49026559028482],[113.54831827027203,38.55525416984409],[113.60361991033062,38.59390151494301],[113.61495639981808,38.65050141540803],[113.69434874969511,38.65180443053009],[113.70647917507392,38.71339989049261],[113.74737841987826,38.69861500547819],[113.79211651526498,38.762565725128184],[113.82422262977059,38.75805006006226],[113.849636594853,38.81827491005913],[113.76622965517447,38.88962875975949],[113.77067321979337,38.9913472452792],[114.03927372989881,39.131837440445565],[114.11572700539705,39.04857819013142],[114.33989972489246,39.07454420045457],[114.37682536020225,39.1726382499553],[114.45891112474862,39.18681679046256],[114.46726643000181,39.21890053972817],[114.4097524496159,39.24152962998846],[114.419775800313,39.28460419992393],[114.47272749477816,39.34474585993354],[114.49577321036543,39.47561681476424],[114.56293978963959,39.57297582497438],[114.50918681991584,39.56389405007042],[114.49504723534164,39.6030545249464],[114.42920387535867,39.606007585581665],[114.39811249019931,39.64277548520056],[114.38868207961434,39.865815270258565],[114.21935387028498,39.85017660036988],[114.19294421989991,39.87755347521278],[114.20964572027378,39.9164796200385],[114.14354074031303,39.89427430471545],[114.04251408975347,39.913969495296044],[114.01834891517035,39.98840102019096],[113.9032853403462,40.00814549541832],[113.96661158965321,40.051897225176845],[113.97329738986275,40.1111612053254],[114.03511309469366,40.05627835526195],[114.08418791973679,40.07374376496284],[114.06262309977626,40.18569774495501],[114.1405392152127,40.17492955505497],[114.22476871980064,40.193283369931635],[114.25379807012484,40.23528475009118],[114.44918634987016,40.254427489836814],[114.52530102971878,40.335402409993264],[114.44556008013365,40.3693487901146],[114.39098550507708,40.34867547978962],[114.29741574963725,40.367717689719655],[114.29189790526414,40.445706320190595],[114.26075115514175,40.47294149515392],[114.28101549966561,40.584890220407374],[114.20448705973013,40.62247568020854],[114.13713984982428,40.73444770509758]]]}},{"type":"Feature","properties":{"name":"内蒙古自治区","adcode":"150000","level":"province"},"geometry":{"type":"Polygon","coordinates":[[[121.498125779681,53.32606635997456],[121.33008685462471,53.32357092026183],[121.22033156504972,53.27893730001642],[121.12188541028354,53.27508245499138],[121.08839329031821,53.30524965005134],[120.87572775523176,53.29305099490756],[120.81295365458755,53.2663107753221],[120.83178319463877,53.23786847544983],[120.6846225048248,53.17490388490643],[120.63505282962444,53.10309080539639],[120.44063863976146,53.00486852516235],[120.2849280053232,52.86387603974748],[120.18009881520823,52.80654333480709],[120.02497620968438,52.774230809704136],[120.06260514001531,52.703981695299035],[120.02657799038207,52.63612941983689],[120.06175593538819,52.58632022549807],[120.18860113533424,52.57772213476875],[120.27941836996183,52.621654319791105],[120.39075310017552,52.615045300100576],[120.4556394645897,52.6437059805466],[120.72190284983674,52.54432650036773],[120.68051230989522,52.51144215483163],[120.68262716011543,52.42858035000319],[120.61312582479707,52.353030019919515],[120.63149846967872,52.311657020355256],[120.75181935527905,52.25488118551834],[120.7377760997872,52.206468675189285],[120.77914183013138,52.157583955135465],[120.74568232497938,52.07786403979367],[120.67992629546222,52.03911178518081],[120.71222361033142,52.00836262983154],[120.6511110251538,51.925841970230806],[120.47164094527352,51.88346131538742],[120.4675831097727,51.84996070042604],[120.30767700488991,51.783445490217275],[120.16701041489875,51.67907404513113],[120.0799490998711,51.677287129997126],[120.09492609985966,51.649668209820106],[120.02751804991817,51.58411541989079],[120.04462092041922,51.551857890129554],[119.97804844048324,51.503563180196636],[119.9957817402352,51.45382187028315],[119.96380156499026,51.399108330185356],[119.9024970402063,51.38855028037119],[119.93947275966025,51.36041389028884],[119.87800039530202,51.33709801026504],[119.87068606970638,51.294687315367355],[119.80460911981504,51.28061008978386],[119.82026142972131,51.259986789858544],[119.78937134521152,51.24490387041732],[119.8149235648707,51.21390303529688],[119.75286274531948,51.21307885970168],[119.78088581992472,51.16731201993383],[119.75252627027123,51.162492009898415],[119.77587059495204,51.153353844804144],[119.75621088982075,51.09063227535927],[119.48338635489642,50.877665385549165],[119.51625555045337,50.78899487491361],[119.49230066524353,50.748103250065014],[119.42628573979516,50.68330599047914],[119.37417303545726,50.679812375241],[119.35155394026219,50.630170284830854],[119.27602611481336,50.604662815436654],[119.28820586530856,50.57324411482409],[119.22657021464374,50.50158478520973],[119.25723785004675,50.469372049780304],[119.20716360481651,50.40942668479374],[119.15780248959334,50.42168157544438],[119.11824309973929,50.38917870523312],[119.17842108516504,50.34654663052265],[119.34841555993023,50.358117570569505],[119.37842000018293,50.320956679806955],[119.31694515999118,50.281252740121886],[119.33987941989938,50.25506015550184],[119.31090116006055,50.21728355019576],[119.3526144954626,50.19414747972246],[119.28517580471964,50.108355005579085],[119.22620860983955,50.073295369985374],[119.18064796033514,50.08656218499692],[119.15798187016719,50.026146399936465],[119.04782616014927,49.978259994802954],[118.92173165489203,49.98829548544836],[118.56603059503595,49.92965674546247],[118.48100884977862,49.87133213507002],[118.47640325520615,49.82836577516042],[118.37849619004714,49.82604830048871],[118.3803134599982,49.7784800952802],[118.22745704530644,49.73648261997698],[118.16469764498038,49.65945625510216],[118.11365318504647,49.67007255490455],[118.05030250475681,49.61003303539633],[117.85931968535522,49.59026527492256],[117.80238380536844,49.516972764781315],[117.47522989014738,49.62942169025888],[117.27305513019019,49.6315449554354],[117.05376785989893,49.69435123472175],[116.71540910964279,49.85053282522978],[116.03910637016293,48.870107649848194],[116.07075310017547,48.821626665138524],[115.79067823990886,48.52038532522266],[115.8113150152758,48.25735510975056],[115.53073692496912,48.14885520990009],[115.57359423038952,47.919778005250805],[115.93162372495499,47.680034375286255],[116.10701322008413,47.815067160521096],[116.25891858462501,47.87425788009716],[116.4405904351006,47.8342829351094],[116.78495099539214,47.897402354734936],[117.08590025978924,47.82057129023292],[117.37678936513714,47.639137390478254],[117.80441481988805,48.01438146033615],[118.0395789949747,48.01102565001378],[118.16999919520674,48.048552365199555],[118.28941607509182,48.00288302992794],[118.55608174507654,47.9909618300245],[118.76545165966638,47.76826055518052],[119.12392104502032,47.659370964698326],[119.14229879984975,47.53840462037698],[119.35603387975982,47.47503362530159],[119.31632143968272,47.422248800042155],[119.34679303996688,47.429169045415165],[119.55175369008077,47.30127425480305],[119.5587773853681,47.246785095555765],[119.62336244002461,47.24518876025314],[119.7148675849711,47.17738861039612],[119.79947023536317,47.05147767025835],[119.78852471534344,47.011336160035796],[119.86792416536798,46.95540241978591],[119.85306759539333,46.915800804963226],[119.92085222025378,46.90256180508328],[119.93081057964457,46.79757899547434],[119.90277500536229,46.764616950312075],[119.92759925979806,46.70962735971494],[119.90408578972745,46.66608605512738],[119.79494488010221,46.67751871991305],[119.76886598957378,46.61698523518049],[119.67028492031284,46.581174344620365],[119.64164810517593,46.622695940065626],[119.55002648543405,46.631085350308695],[119.42475414488797,46.635101879947854],[119.36370279005178,46.599325494575965],[119.2337247352084,46.648193675198],[119.10927892018606,46.64057939961964],[119.00029960973927,46.74408594960693],[118.91797025482344,46.722670804713914],[118.89726894500586,46.77144975460254],[118.8373065297726,46.768594399911706],[118.77758205986424,46.683171750376005],[118.6455219701628,46.72029133977355],[118.58246625491381,46.691529605207165],[118.30662724015508,46.73670962474944],[118.04994288025978,46.63091283965588],[117.91847765971625,46.61187714981065],[117.83846828498338,46.53424723462223],[117.71116711976686,46.51550898025528],[117.58719720528688,46.601318289707365],[117.40861865482714,46.57871341009587],[117.43681526531236,46.526603214866554],[117.38839323476009,46.47178638493375],[117.36045300480237,46.359566999717345],[116.82844657484964,46.38148583959986],[116.74576030509411,46.32735309966586],[116.57937649502924,46.29014428043422],[116.26314612489386,45.965347849823445],[116.23489002515464,45.87543396980192],[116.28021876018772,45.83793961042471],[116.28195576474684,45.77678746496957],[116.1707877049887,45.689221685132736],[116.02708795984154,45.68082835474485],[115.68975116498439,45.458630929573815],[115.35785638996049,45.39120770537136],[114.96857657035252,45.375265315541924],[114.73723116488645,45.43730235521957],[114.5440807302416,45.385021105339774],[114.45378018490771,45.21072559051362],[114.17169507996402,45.03553777015202],[114.10661682001034,44.954695585433],[113.90254645015864,44.91199920469961],[113.6226463551452,44.74441022485206],[113.11840287539246,44.796984415398526],[112.70401035009763,44.87929687025439],[112.42484947981973,45.07249626039413],[112.06375517486151,45.09374355042456],[111.88364107517555,45.04611398537219],[111.76502493994906,44.97455169530457],[111.61730800506047,44.77804390530201],[111.55341947532861,44.64461563020723],[111.56282547021931,44.575083820462],[111.46918655511547,44.4841804748491],[111.40827235498523,44.35604649514971],[111.42406179981225,44.319513855480125],[111.51320658501595,44.28216423479165],[111.55639380043363,44.16402399471161],[111.65633116515119,44.05861387043382],[111.86383296481955,43.93725132528846],[111.95177784487169,43.82128828992268],[111.94213508006993,43.692672475054735],[111.78491219514177,43.67110861017426],[111.55846040022737,43.48796695541074],[111.45065740481544,43.492173140378156],[111.01217033499302,43.32885883516718],[110.68129958021154,43.037077280392225],[110.62366768521554,42.933580839684055],[110.46316919510235,42.836697069913896],[110.43333126972237,42.77982084015969],[110.10256187483071,42.63945164967396],[109.90137845015539,42.63485929042395],[109.47890443978815,42.455877685406904],[109.28491958986723,42.43340817534704],[109.01803309045482,42.457441299776235],[108.83833045039006,42.393700915365],[108.2415080900264,42.45905876554963],[107.93162834547184,42.405706735177716],[107.56798689967576,42.41466144037321],[107.46120838046244,42.462090989907324],[107.28629211039265,42.41381801029297],[107.26716614030516,42.36669806496377],[106.78146566041198,42.29343632962298],[105.71612872506068,41.93819252466534],[105.28451227961807,41.7469050752091],[105.22436508518058,41.74940351056364],[105.0042882452064,41.578484355568605],[104.91835353518758,41.651302715248164],[104.5180450001767,41.65894945994967],[104.52523124522583,41.87465996548508],[104.07380537012182,41.80378297500437],[103.85824024539107,41.799747510139525],[103.41761606982584,41.8801890900545],[102.70978872017338,42.15428639500118],[102.44694750981978,42.147383975090406],[102.07468083535235,42.22864257019853],[101.80147927494863,42.505943055227874],[100.84825881539206,42.672515169839244],[100.32077227462082,42.689599204939384],[100.267503394666,42.63591651993153],[99.96819667004036,42.64837217523575],[99.50531852043343,42.5674851053534],[98.19446257458821,42.65197860053206],[97.17172008991025,42.794532425031434],[97.84645337032686,41.6550906498137],[97.61575689046816,41.46333043485174],[97.97152747511296,41.09666136473027],[98.33231865548163,40.91781326047362],[98.34340005047198,40.56728529977681],[98.62735002468395,40.67705720522588],[98.56946218982824,40.74595843013748],[98.66783509481382,40.77191331045094],[98.69671511541031,40.67918560013538],[98.801812149711,40.606134959960514],[98.7900087502037,40.70451188491563],[98.98392756470543,40.78180184018282],[99.04025317464436,40.69262435023364],[99.10054338466955,40.67517039969425],[99.1716191846777,40.74610983999719],[99.173246194956,40.85706069999134],[99.56456907460318,40.84574631494053],[99.67163408544474,40.93179891528774],[100.05537212522347,40.90664501975192],[100.10622278485368,40.87414370536777],[100.23571317961961,40.71571918049585],[100.24101813467922,40.61762886048359],[100.16803003965464,40.540227894701616],[100.16794693959963,40.27659496528548],[99.98824283543854,40.18737563527742],[99.92631651039869,40.063246780014936],[99.87190519017247,40.025236510156844],[99.74966306040199,40.00598626005791],[99.51995954000085,39.885511575099144],[99.44086068027622,39.88346534045314],[99.81355964985801,39.86456996553153],[99.90372031014425,39.787385194970796],[100.26235961970076,39.67670440498438],[100.31081399976631,39.608055425517534],[100.32359847958622,39.508266504695484],[100.49777723003518,39.4802753605195],[100.49681460471032,39.399838900444934],[100.8297544899778,39.40407667050198],[100.86648451015208,39.1096549750971],[100.82675881047078,39.07283242008015],[100.82875839548365,39.02761571988964],[100.88045310482698,38.995719910045864],[100.9000707702499,39.030078130201616],[100.95782874480079,39.00570508002545],[100.9615425248677,38.94372101491297],[101.22660951501717,39.021162210067985],[101.19649219545852,38.94813794521008],[101.23782872481587,38.85879600523151],[101.33217877972697,38.8465245148945],[101.30702856961284,38.786430965017075],[101.55779436971443,38.7129500954706],[101.60371745499663,38.64813682525431],[101.66817429960429,38.69019695002925],[101.77332851999529,38.65882390979567],[101.93726674966081,38.812149900097836],[102.07145386010762,38.89054478491397],[101.82853124991732,39.09283998028093],[102.45407012513624,39.254968874713825],[102.60227480463857,39.17279073540419],[103.01005465000213,39.098543440227616],[103.35795228526979,39.33367755547488],[103.84781604527433,39.46069023976281],[104.08739779996853,39.41929232987718],[104.04430106983858,39.29664040513063],[104.17423453539556,39.154339075188204],[104.20006181000457,39.085202770191756],[104.16922289961718,38.939123964799194],[104.03206320515284,38.89186229530873],[103.85941945984024,38.646256074858],[103.4118416551683,38.40452035483054],[103.55009604489663,38.15951593011613],[103.36074399044287,38.08649935985761],[103.34779759488316,38.05689760544021],[103.39749591000827,37.86143672972133],[103.67168570033488,37.78498818555636],[103.86723977009939,37.606605375237905],[104.18092740967228,37.40664667970054],[104.40463467964679,37.46432300030625],[104.43011029505413,37.514637820479095],[105.02144336541903,37.57926172494871],[105.17023061495098,37.66342704492223],[105.36616788044341,37.71483286054814],[105.59691773956212,37.70655196520107],[105.61862147959766,37.77807352497325],[105.76822141498639,37.79438947969078],[105.80259743002745,37.86124240511293],[105.79537430468048,37.9540857700423],[105.84063093476988,38.00430552557958],[105.76104822989197,38.121360374781545],[105.77703722528776,38.21047046054338],[105.82978855979428,38.22815584531605],[105.8622977747226,38.29508205019653],[105.81726555965793,38.36058825524384],[105.87111519481044,38.590269080353835],[105.84866349492444,38.64008026489239],[105.90493144483037,38.738029039708465],[105.89290548020381,38.78706414979075],[105.98894053997401,38.85472933029439],[105.96587110476776,38.89801203033096],[106.08377410998725,39.00477217549553],[106.0846645548254,39.06748034504193],[106.14539941485117,39.15496197531496],[106.283306695048,39.14288845543791],[106.27706922036828,39.27345617056585],[106.50377606031697,39.26942845515913],[106.59828659025402,39.37461144486235],[106.66940044507453,39.35373809024071],[106.74578847026174,39.38778331035155],[106.79444836519997,39.347520710012816],[106.78634139513935,39.24404380977404],[106.85999775029597,39.091429745286575],[106.9662809553019,39.052731680222905],[106.95372680984445,38.944341955416974],[106.69986382015924,38.714080054950614],[106.64514443536746,38.47287046979642],[106.5961770748122,38.39040393049703],[106.48461227014019,38.30446852979884],[106.767389190259,38.17272142485393],[106.94372502039346,38.13015723546812],[107.02778390020688,38.116148700102485],[107.1850376049016,38.1542475855577],[107.32978447027716,38.0873746547166],[107.43545502023306,37.995275695516966],[107.41518515477111,37.93954557526814],[107.4892497652645,37.9440181448216],[107.64296179495096,37.86421042057452],[107.6874837400826,37.88777516549152],[107.73758726993663,37.844272980513665],[107.97751852006371,37.78658524481324],[108.01806277997338,37.65055317968557],[108.14339902544475,37.62092314518708],[108.23521425033744,37.665283135008735],[108.33000350985418,37.63155727494831],[108.52905459969008,37.69080362478752],[108.63119529982328,37.65312629024618],[108.760952279724,37.677485954912925],[108.78841882956539,37.70161095498162],[108.79126699507583,37.919409584684615],[108.82410651030727,37.98269990967316],[108.79219810006231,38.05148473533234],[108.87077066033777,38.028878889848954],[108.93227943015165,37.920407830357135],[109.06290790977226,38.02182063541403],[109.04195849498859,38.05490776458174],[109.06206833508566,38.09376882457167],[108.93868476508987,38.1790273847061],[108.9711085048537,38.293505109673106],[109.05848809534939,38.398329195236215],[109.0464337948838,38.43199889982941],[109.26441393025874,38.61658935971121],[109.3189697103839,38.59492734462128],[109.3577901399031,38.62371336537956],[109.32937412001968,38.68836500494109],[109.50373246957787,38.82995983018208],[109.547242600066,38.80355175540922],[109.6216959497084,38.85711479011553],[109.6807578701796,38.93648877493706],[109.66744452964139,38.99773062506836],[109.85130866016658,39.12302414554796],[109.91528645480611,39.10226531509227],[109.89140323027493,39.14523661048122],[109.9549251846496,39.19101973517269],[109.86538741459759,39.241741289928655],[109.87763843546549,39.26370743055355],[109.99209075998067,39.207829264808765],[110.20983683959855,39.28150562988094],[110.1222259848414,39.40923343977147],[110.13047727001009,39.45171028520156],[110.26942464043486,39.42515760034303],[110.26341475538669,39.40045861517302],[110.38005326974269,39.3091212954115],[110.42293173531141,39.33831335467761],[110.42384578465527,39.37793748492703],[110.49239819492084,39.35821798477224],[110.51722422461836,39.382087970383566],[110.59456588460796,39.278260845361785],[110.68221351534152,39.26759696512789],[110.87802491981427,39.506847264789485],[111.13043607006864,39.58497588013279],[111.14203480995855,39.53064126488255],[111.04809062538214,39.43417861974757],[111.10700678463547,39.356632409857866],[111.1682012198105,39.42313895509875],[111.35069400022797,39.429473405473345],[111.36649648522467,39.4789010399511],[111.42442941028912,39.5065802551747],[111.4225673999656,39.61576936486438],[111.45669282521379,39.6115821403036],[111.43203332028156,39.640304435101655],[111.48627848536387,39.65901916500252],[111.63490448015767,39.643856929853484],[111.77524818475598,39.58633394995189],[111.82898823481924,39.62071331047093],[111.92569945976231,39.60904185050106],[111.96628489962848,39.79511687524365],[112.30354342468934,40.2551476399517],[112.45659218008507,40.29859301025925],[112.73975934481803,40.16219462518188],[112.84608874529943,40.201600640157494],[112.88992090502586,40.32630042012835],[112.96814713458264,40.35056432498368],[113.25097368468789,40.41380384007522],[113.30933064998953,40.31860163975392],[113.52933620520173,40.33261336501482],[113.78745817005858,40.518037464957104],[113.86341324542502,40.44831156982315],[113.94903593476067,40.52002909007052],[114.06875085536774,40.54156740521165],[114.03422080984251,40.6092307546956],[114.06113615530933,40.642126865162766],[114.0541794703064,40.718705735481365],[114.12667970020811,40.74495334512085],[114.03801347034539,40.82951003476035],[114.0683111651282,40.85203978051152],[114.05031225510652,40.9246449100346],[113.97638883008051,40.941989195445046],[113.96880748497756,40.99374325554686],[113.81809441462565,41.09398620539912],[113.87753100525174,41.104220205198374],[113.91278340513009,41.17147975009044],[113.99125621979874,41.179985494834796],[114.00434038969729,41.22184548987752],[113.98485665041414,41.26789585980612],[113.95961868535414,41.238770960111765],[113.94970461487617,41.284596340348855],[113.89251953544829,41.31376961547545],[113.93747834514954,41.392609060359916],[113.86448290985845,41.41168736008365],[113.92534390969377,41.4847665852098],[114.0346652152275,41.52981117044919],[114.22434940010476,41.511623259805674],[114.22020900504162,41.616903110090504],[114.24773582025193,41.62830178499945],[114.193774195223,41.78749018502407],[114.34594310519026,41.95184486554814],[114.41531317006684,41.93997166516027],[114.50410020496054,41.97113536480532],[114.45936949030977,42.03582686052124],[114.51302312541702,42.11906589497511],[114.59225394985992,42.12939627511804],[114.64142238983152,42.102971730161244],[114.82210530531563,42.145570285340455],[114.92696259025138,41.94163288474988],[114.90533003515304,41.88332525535628],[114.93320607959697,41.844827480104186],[114.86002800998472,41.80266033960305],[114.88802793963771,41.78378722020409],[114.89919766514015,41.66998304967808],[114.85965907480647,41.59854681488366],[115.04777903467482,41.59575291536481],[115.09221771967213,41.62169075532415],[115.23306012532464,41.57448953466434],[115.27536049499088,41.619479540048815],[115.30429466017051,41.59061383486062],[115.37081532476748,41.60026020504449],[115.3388013745838,41.63347744542784],[115.35570673957443,41.66592267988784],[115.3083987046366,41.70097868042183],[115.52793844520318,41.770314199640666],[115.8235636700274,41.93286459012876],[115.9154620399413,41.94868286542197],[116.0101358795672,41.77490897536899],[116.0919091800647,41.774184299865624],[116.12305971543356,41.80599806006245],[116.10536227524892,41.851790884841535],[116.19294126522732,41.86212814479808],[116.2231222396997,41.936049200110574],[116.32768142995405,42.0073628546121],[116.41413036962092,41.98775738039882],[116.38632067985554,41.94196880041983],[116.4904694599976,41.98069386043335],[116.58204475476168,41.92358334019906],[116.71837942017419,41.950369579892254],[116.76060886031075,41.9939434902999],[116.78312317009829,41.97144706532987],[116.87680470497321,42.01547266473176],[116.88582870023436,42.10341187006179],[116.77685021986179,42.205667490062694],[116.91616151534174,42.19217611973221],[116.888332279711,42.385885674584244],[117.08896636520569,42.48194857556638],[117.38442015046962,42.45939854470714],[117.4102765397306,42.492830745542506],[117.38939113958952,42.534102475149155],[117.46655516998521,42.600218235283364],[117.68023994002124,42.58108767055961],[117.7975951897663,42.61514551984993],[117.78744243022402,42.587421854734885],[117.86972006512894,42.49158228509441],[118.02455571497433,42.3825165255173],[118.00321734520435,42.3425827496942],[118.05380600983949,42.2804767347136],[117.96389573520003,42.24078093479238],[118.11142563988142,42.16466841511533],[118.08544721531678,42.10758642047699],[118.15714477960796,42.0787019005723],[118.10953582971479,42.03659963536495],[118.18952490495042,42.03046608993816],[118.23642219522822,42.09026561996245],[118.28980046961601,42.05598620469965],[118.23035477964947,42.013403804941674],[118.30710742956433,41.98618173040256],[118.261094449849,41.91917987455162],[118.33949156498375,41.84278924492776],[118.27379277012028,41.75968098988585],[118.22109930518889,41.81214658459726],[118.14182409020964,41.796484994586876],[118.1286820651253,41.72876802032795],[118.21339352539098,41.640059474665065],[118.22877434525992,41.57782884962177],[118.31386276985097,41.559262149928315],[118.31735766482439,41.507972815393146],[118.26482782974063,41.464948819732285],[118.35416596019093,41.41972253007077],[118.36391616969559,41.315376950385996],[118.5242706252892,41.356727310417114],[118.740415964725,41.32188036988322],[118.84192325975073,41.38118838533575],[118.86640066995506,41.302650074841154],[119.1946956746657,41.286648890034314],[119.32515253486167,41.335618290251944],[119.30547842528915,41.39856733961108],[119.36874457470242,41.418868995208015],[119.39982082517099,41.479764170180374],[119.35512935513566,41.563649840567734],[119.41332439030839,41.56637097504051],[119.30659450013616,41.6378803454017],[119.31122559498533,41.7619078200899],[119.28342723487901,41.78269297010456],[119.32867051992866,41.867041525146306],[119.31904968509491,41.968963859994176],[119.36747459527646,42.019655579741254],[119.37727289512804,42.08787786507145],[119.23165719022722,42.19875017018427],[119.27691180043928,42.262239665328366],[119.42705966037511,42.31511177518831],[119.49592444026075,42.38682651473192],[119.56604447497261,42.35750498546673],[119.5328395903748,42.29253517026194],[119.61169486962262,42.24942409054938],[119.84010807512766,42.20909498984196],[119.83587325484689,42.09918938038567],[119.9505810551716,41.97415574509159],[119.94990385487904,41.91962912998042],[120.00713854001162,41.83062469027726],[120.04296532968624,41.825326615031315],[120.01895240043302,41.7343378949779],[120.07877158514066,41.69277008517133],[120.13151586536492,41.72564066478492],[120.12286210480238,41.77042725521369],[120.18296621541856,41.84440409007675],[120.29078930977892,41.8875035550451],[120.25469448526235,41.90194568054875],[120.26647424519035,41.923403179912896],[120.4503064299978,42.01274860476434],[120.4448574602037,42.05461402991358],[120.49332628967659,42.08906039532104],[120.46263816501937,42.10227593998269],[120.51048491994311,42.13074483550582],[120.73246063974682,42.22117627986148],[120.82123780997699,42.223917315431834],[120.8242769051551,42.25052195502428],[120.88267761977636,42.24024463488206],[120.88230855509585,42.26959079477939],[121.06346835498061,42.25041560029979],[121.21313222497224,42.369679310351955],[121.27904996968039,42.38553585539546],[121.30566487503404,42.43809544544848],[121.40995362476008,42.483797675222604],[121.56350298957136,42.48447470464396],[121.60147786481173,42.51438646975981],[121.65128387015454,42.44097201964303],[121.6964876300002,42.43744748031702],[121.82302688508275,42.53612506481994],[121.86611126482308,42.528105814631715],[121.86456558473401,42.55903649004205],[121.91244290491625,42.5866650797297],[121.89691512503305,42.63371956970241],[121.9556766800348,42.69704021533374],[122.05143604543719,42.72011306976242],[122.19071336542959,42.676745079821615],[122.19949971484004,42.73035110032305],[122.33227379519951,42.66788359475214],[122.38933432032263,42.68140790455118],[122.45198713030186,42.771077640220994],[122.36672033507546,42.7734859653051],[122.34440154509525,42.82347363010399],[122.41421039009754,42.84023566474417],[122.55851273497478,42.82379966042606],[122.61983697020003,42.77112013498629],[122.72580187006031,42.784682919581144],[122.84832810016178,42.70500169037575],[122.88191115957238,42.76799814479858],[123.05441942022014,42.767020384782995],[123.21593999973129,42.82299202965851],[123.16467064003803,42.84969919466215],[123.17800891517936,42.923104784658165],[123.25281039958031,42.99084591021062],[123.46562669521586,43.04022193529414],[123.52070231495998,43.00463932504488],[123.58212767535201,43.01458501478663],[123.66446238483127,43.18153671974386],[123.64043089986615,43.20703572471899],[123.67101933467461,43.22213783479327],[123.65882654490918,43.26234826995676],[123.69961797538929,43.271786310389984],[123.7148746447491,43.31341835966964],[123.69853870979364,43.368125094597474],[123.60138056046458,43.364623059906364],[123.48050381020278,43.442929300346975],[123.41346408030313,43.40743951991794],[123.36950779524864,43.473938490169246],[123.30986501525831,43.48951538472727],[123.2983697001016,43.548246979714406],[123.4467583152441,43.54334834015384],[123.41737287475837,43.60976025513173],[123.50640631489955,43.59010847032971],[123.53166778014395,43.63150216509291],[123.47438224014832,43.7380181497179],[123.49127753542996,43.77803267027156],[123.46084406010539,43.85700962509418],[123.31468471502762,44.04981325507771],[123.38399525018076,44.1604874251546],[123.2938330502551,44.1929785097505],[123.19079064037578,44.342963630167446],[123.11715004044208,44.36209494042919],[123.11852461461933,44.50745697985576],[123.03407688504024,44.497011675348574],[122.7548734354607,44.367704635260736],[122.66997057518199,44.283835655391215],[122.47696418494922,44.23479688057165],[122.265755854649,44.25362087000718],[122.28043842469356,44.47579215008773],[122.22242647530163,44.47818249052955],[122.19991340477986,44.55116425522624],[122.12573394996184,44.575432455243686],[122.09706814517881,44.67185778480899],[122.15551479986823,44.726219220540656],[122.09288317971505,44.74270233044825],[122.16326278484973,44.76819523981851],[122.09388920002664,44.78026848989896],[122.03898218517975,44.89743899551331],[122.0731374103633,44.91211731985845],[122.10380554039341,45.13987715530652],[122.13723545515222,45.18087843539155],[122.22429474040996,45.20483362996811],[122.23321753046469,45.274273215136816],[122.1412694046594,45.29342231488795],[122.15894562534038,45.44188622037285],[121.99660540461582,45.50587412968741],[121.96072706040559,45.594244784769046],[121.99745155514518,45.62130345519034],[121.94334131984613,45.70918989999393],[121.75084135044801,45.68876499500857],[121.63896505479352,45.75296992512199],[121.7481728649858,45.79293220495737],[121.81122054029572,45.873744060040394],[121.80330369500962,45.959677115306704],[121.75303395964954,45.9917088001211],[121.80703241461435,46.024076665006135],[121.99750225982154,45.980537560160315],[122.08538671532472,45.87985724481604],[122.19498539515996,45.85487811543271],[122.25295147013435,45.792878025300695],[122.33168589039155,45.857991570154866],[122.36703583973224,45.85400211010932],[122.35600387507884,45.91535236991598],[122.43989548009245,45.914828250423454],[122.53616043985244,45.772076665006125],[122.65546959984226,45.73131610465458],[122.66568772031212,45.69875101484752],[122.7360880701084,45.7031229997267],[122.80315905504642,45.7811803204155],[122.79236735506947,45.84710028015388],[122.82120327021482,45.8962669754406],[122.78711503463126,46.07131862495464],[123.10566492539601,46.127992000030815],[123.09635622006351,46.1699897703117],[123.17204654041552,46.246139205360066],[123.00509809999733,46.43307852985032],[122.99668868973129,46.573504099734464],[123.0459816552293,46.5781224350024],[123.04236906508038,46.6173985402105],[123.07133707984246,46.62089486960258],[123.0795818997849,46.5894114897485],[123.17402632955157,46.61239098465626],[123.2219549047951,46.586464920419814],[123.27290629478978,46.61533135495813],[123.27083344470782,46.65965665523049],[123.5979141748993,46.68803509964022],[123.62683280968645,46.81247298983669],[123.57404643039854,46.824208559777276],[123.61561928000583,46.84053969505095],[123.5998960099929,46.88898557472453],[123.56994135530931,46.88816726001107],[123.56417497969164,46.827500250236426],[123.49639725532916,46.825826250381226],[123.47763691001546,46.857850024758875],[123.52085033527487,46.95721856018844],[123.4118638302516,46.93246738466212],[123.334765050167,46.9843241554355],[123.29496572478843,46.99805596491092],[123.29712118029829,46.962426494587135],[123.35437420530536,46.968564399927175],[123.39795358988636,46.933523540379156],[123.36767053516712,46.83550003010237],[123.22882266033753,46.861780715008024],[123.14914440519021,46.740084120285985],[123.00044769490523,46.7260619053327],[122.99194715543695,46.75874137001824],[122.9010057199381,46.805646864811024],[122.87387058016316,46.88920190484407],[122.88924428459609,46.95843574491374],[122.79628571021738,46.935384610011795],[122.76855171458999,46.97201554468171],[122.8462651696019,47.07022697999116],[122.62034722484464,47.11548385469621],[122.41174881975235,47.348175635197435],[122.50156879976032,47.39975561982607],[122.56874065985369,47.53330584478897],[122.84639043527045,47.67417482540793],[123.16086636029434,47.78157727986763],[123.293320774834,47.951860900160455],[123.56876151493202,48.0406367654744],[123.74190525002734,48.19666321483555],[124.25223957539617,48.53452656005277],[124.29539405009541,48.517399035537096],[124.32625880519981,48.43035484000393],[124.30199603528888,48.41013147039109],[124.31031000500275,48.345541380430404],[124.41530288522006,48.244014734692314],[124.41643244540114,48.18018407003888],[124.47140530501088,48.1651379751375],[124.41095916963002,48.08652244525467],[124.519443524699,48.142708215112066],[124.50517747026413,48.16662936495328],[124.57655608459572,48.29604481021988],[124.508058030254,48.37734649544444],[124.50062895476253,48.44556779511771],[124.55006912489023,48.46576931030546],[124.52024680004979,48.55848754536396],[124.59670659023698,48.63215022545262],[124.64712246003353,48.83139681980742],[124.70024512461282,48.85971359500644],[124.7057832495974,48.91055127472163],[124.745217094993,48.92379568042634],[124.81518029963115,49.042447380242436],[124.80181077484747,49.11326591029359],[124.89869098510098,49.181220159882514],[125.03036434024216,49.175593435488736],[125.02963983021402,49.15151843502781],[125.1082351253508,49.12415163978642],[125.21220344033657,49.18739362981222],[125.2055480048366,49.246035215253016],[125.22999585522462,49.25432140490898],[125.20627121984103,49.27696078970871],[125.26984723965847,49.359699325363636],[125.26380922471606,49.45073306008271],[125.20256680531384,49.53662280489857],[125.22812898496477,49.53640665554275],[125.22667524526639,49.59164886030669],[125.13734307462323,49.61877815538759],[125.12011161545877,49.65937537007733],[125.16152243511237,49.665588679973666],[125.18420812960153,49.62922376476496],[125.21381026533152,49.67080601498566],[125.19603182500873,49.73415588048954],[125.21993827003519,49.78973550548926],[125.17055615474283,49.826188150462826],[125.22859034976489,49.83875940552218],[125.23795844542599,49.86981893039939],[125.17678623969323,49.955470024821864],[125.28758836980751,50.005651409884706],[125.24448799022866,50.04394971550704],[125.33091323006158,50.055661785263226],[125.24971618995028,50.10087185475237],[125.29629465527421,50.13828306551113],[125.31824280046499,50.1171943448432],[125.37029202975339,50.1367422255733],[125.32686414496436,50.16343966980497],[125.45649104512574,50.2275557001355],[125.4344764796059,50.257720070424966],[125.45617491004407,50.294463995017395],[125.51398167461468,50.31078700041979],[125.49510286520513,50.3197464954045],[125.53935131481137,50.357698185223114],[125.50540672973682,50.40753041030024],[125.5717693195985,50.40066381038662],[125.55715138023209,50.44043700056716],[125.62727038522019,50.44312013508625],[125.81651244988973,50.5482632902187],[125.7798110452436,50.67639285514622],[125.81797275014242,50.70239266019314],[125.75315578461186,50.75161663509971],[125.8329824548764,50.75525393052453],[125.8284688402648,50.79183502476661],[125.91545009044933,50.83323749511436],[125.88688073975436,50.856040304716316],[125.94434095507108,50.85745382493411],[125.95367639994595,50.8995915297254],[125.98929626461097,50.87024924500673],[125.98786686506378,50.90434101492593],[126.02027290527042,50.90022597534852],[126.06553607522972,50.97854487554565],[126.02581736507943,51.008526439743434],[126.05222387503181,51.041094339931874],[125.96818742970618,51.083870625429086],[125.98693219516474,51.11801259550492],[125.86807361980175,51.13792040470298],[125.8333834104161,51.21892039975671],[125.74957874016684,51.22603214047098],[125.75676056504813,51.25996667472231],[125.68613915469825,51.33801659489001],[125.35929283459666,51.61640451495646],[125.12709782520449,51.63098931520477],[125.11439624039429,51.661050314720285],[125.0604661950589,51.62330106499223],[125.05324971030598,51.53306075984625],[124.91661740976576,51.49859655009078],[124.93685070969252,51.442428535548515],[124.86654839499249,51.3799141051519],[124.78081548025023,51.39431804544148],[124.7426335801756,51.35450744975907],[124.62278018016127,51.32369091000754],[124.4890527500844,51.38109955010418],[124.42488030528193,51.35260240507699],[124.39683395981945,51.27178606057828],[124.33733425477214,51.27067966513448],[124.20615352486539,51.34829973004855],[123.92074455531701,51.30025056021526],[123.83224945474865,51.3637395697254],[123.71141279986091,51.39819217552855],[123.64981867539166,51.317824695253535],[123.27556544978574,51.24476074511233],[123.14088617545667,51.302097614813135],[122.99532919988269,51.30945855496839],[122.94968949547388,51.360320564942185],[122.96097522992295,51.38738630493407],[122.85225475964955,51.468983039735576],[122.87911970980679,51.50412276985003],[122.84834642474777,51.52649661003056],[122.88103514525585,51.54815400530316],[122.82603150544969,51.578687065255906],[122.84767611506072,51.61216579521533],[122.74139006459984,51.74000445014531],[122.76584577506253,51.76940290472032],[122.6932816753091,51.88711936536646],[122.72680881487497,51.921422220559066],[122.71654019477421,51.96851318523534],[122.66615441539398,51.97587800056931],[122.64744983524179,52.05908742484485],[122.61868035481461,52.06494312022886],[122.6422291547517,52.09820988537797],[122.62274758463343,52.127121029711816],[122.76880623531952,52.17681510003689],[122.75558219026595,52.22509453498486],[122.78369191005368,52.250498295460034],[122.46751180482602,52.29521150031053],[122.47453495962077,52.34806434039706],[122.43577705546681,52.39041336518471],[122.40110536042414,52.37400014519062],[122.33868149985142,52.410297854962096],[122.30550133042209,52.47412718502164],[122.1998950100467,52.46660246033531],[122.15153814976588,52.515121425213636],[121.93085209464846,52.287175199875605],[121.83309195532956,52.27944157526855],[121.71339045980199,52.31361734996079],[121.63797457027022,52.44330310985072],[121.52044628017177,52.45252313483485],[121.31649364506575,52.572047190525495],[121.18473239468437,52.58987207004003],[121.58069861974559,52.81976489053733],[121.61470176507441,52.85118228533423],[121.60131679983056,52.8907198504408],[121.81343323045928,53.0621972299183],[121.74468677977109,53.14708355975853],[121.65190526031961,53.17367702977117],[121.67355248515912,53.237946755138694],[121.498125779681,53.32606635997456]]]}},{"type":"Feature","properties":{"name":"辽宁省","adcode":"210000","level":"province"},"geometry":{"type":"MultiPolygon","coordinates":[[[[121.03885046527694,38.868003640255836],[121.0317631699345,38.87216441485589],[121.02140814477025,38.86935758038811],[121.03885046527694,38.868003640255836]]],[[[121.83741297023244,38.87274406478679],[121.8186536996086,38.880695899995885],[121.82563614479227,38.86332860543092],[121.83741297023244,38.87274406478679]]],[[[121.82582267497662,38.914435620407744],[121.8360596946992,38.917116084839506],[121.82537958979628,38.91655513001541],[121.82582267497662,38.914435620407744]]],[[[120.97427807037684,38.950200190486555],[120.98311126007673,38.953860235161756],[120.97191743544136,38.95503001482348],[120.97427807037684,38.950200190486555]]],[[[122.74454372980938,39.033735670265],[122.70714581013135,39.023461444689985],[122.75864367046904,39.01310254524634],[122.74454372980938,39.033735670265]]],[[[122.81874694471583,39.0407319101497],[122.8230577253338,39.058219444971485],[122.81182762024866,39.04414099001485],[122.81874694471583,39.0407319101497]]],[[[122.87430029512268,39.0618443054704],[122.85182480547053,39.06779658984084],[122.84546201026365,39.06906489472914],[122.85783236037526,39.05127657985031],[122.87430029512268,39.0618443054704]]],[[[122.78546512491562,39.07805792992957],[122.77550055480685,39.07765902484425],[122.7944549747175,39.0718523604981],[122.78546512491562,39.07805792992957]]],[[[122.81101881047005,39.06710993047892],[122.80337590497436,39.080789365237194],[122.7963080250953,39.07858536971901],[122.81101881047005,39.06710993047892]]],[[[121.17126390040869,39.086127150048014],[121.16414265475976,39.09535566013568],[121.1534154253817,39.087190770137966],[121.17126390040869,39.086127150048014]]],[[[123.19715171517964,39.05586234527118],[123.13822231520783,39.087106220375915],[123.16704199489232,39.07078889509154],[123.15066857529473,39.02812716523664],[123.19715171517964,39.05586234527118]]],[[[121.2218541802265,39.103800570240196],[121.22746619980535,39.10845137553059],[121.21861440493103,39.10676748493154],[121.2218541802265,39.103800570240196]]],[[[122.41382514481461,39.17339390530452],[122.39750000532104,39.177019889956114],[122.42080072996976,39.170803355090925],[122.41382514481461,39.17339390530452]]],[[[121.56976221525417,39.192582579722284],[121.56492149023472,39.18553954001777],[121.57661758533334,39.18530880006125],[121.56976221525417,39.192582579722284]]],[[[121.45831400498753,39.19903429000067],[121.44157659018754,39.2028145704362],[121.47602152477361,39.187202050134545],[121.45831400498753,39.19903429000067]]],[[[122.30460507506427,39.19681105978265],[122.3084806998246,39.20466150002824],[122.294902185188,39.2003689801445],[122.30460507506427,39.19681105978265]]],[[[121.48817432528494,39.193017454991605],[121.49307312492488,39.20671492025747],[121.48077621974676,39.199001485430244],[121.48817432528494,39.193017454991605]]],[[[122.39381093502664,39.16115720524101],[122.40268942987348,39.21693913992942],[122.33970056482929,39.202101635582096],[122.31468434021019,39.15941938499668],[122.39381093502664,39.16115720524101]]],[[[122.59279141009551,39.20608186498612],[122.60025199963013,39.223584740443584],[122.58350597022445,39.20988964039475],[122.59279141009551,39.20608186498612]]],[[[122.8007853151903,39.22903002031927],[122.76583233469455,39.227331825103704],[122.80673000478612,39.22633143005157],[122.8007853151903,39.22903002031927]]],[[[122.54329293961757,39.23245405051415],[122.4905611851508,39.235407585092105],[122.48732282988487,39.23001768996454],[122.52358979543294,39.222550930181455],[122.54329293961757,39.23245405051415]]],[[[122.44374686992217,39.226142475295035],[122.42163325487104,39.23116028491938],[122.41270050482456,39.22454714993114],[122.44374686992217,39.226142475295035]]],[[[122.73610281539288,39.245710224747086],[122.64530984537316,39.24162980996789],[122.62384811020229,39.23120783027724],[122.7001167503879,39.231201929825204],[122.69441757031473,39.20566591055348],[122.73610281539288,39.245710224747086]]],[[[122.99947337479648,39.24849485495372],[122.99525389515134,39.261404165170234],[122.98276742008056,39.255743510254945],[122.99947337479648,39.24849485495372]]],[[[122.42957923009749,39.268545249863394],[122.41345863960476,39.266679760062914],[122.45672096999681,39.25574924972818],[122.42957923009749,39.268545249863394]]],[[[122.28836669047053,39.26582984497139],[122.28560029042137,39.27765388481902],[122.2782700603151,39.278381025364126],[122.28836669047053,39.26582984497139]]],[[[122.68775390961525,39.26646474025563],[122.49277347961254,39.29814287999011],[122.57603504478152,39.25316250004937],[122.68775390961525,39.26646474025563]]],[[[122.33368444028474,39.33212745521803],[122.34166123977468,39.342532015040604],[122.32509568991429,39.337044760207505],[122.33368444028474,39.33212745521803]]],[[[123.08282074518127,39.44893934987107],[123.0629787699545,39.43116389979423],[123.09814944484106,39.438947165179684],[123.08282074518127,39.44893934987107]]],[[[123.06360627011338,39.48685325557335],[123.05167864005728,39.50101809041263],[123.05621208471996,39.487637825025786],[123.06360627011338,39.48685325557335]]],[[[123.10698355005093,39.507811280466285],[123.0981766196553,39.50446228520633],[123.10564523024323,39.503080750276524],[123.10698355005093,39.507811280466285]]],[[[122.97633520530553,39.5499240704396],[122.93954239986192,39.52048239984299],[122.97960352508267,39.493807005189296],[123.03177169510775,39.53247490968931],[122.97633520530553,39.5499240704396]]],[[[123.03824372466818,39.64716158044263],[123.02667194015805,39.64640757534937],[123.0410689799495,39.645151945505916],[123.03824372466818,39.64716158044263]]],[[[123.74359306976442,39.76075322498144],[123.7060766949835,39.7457098352408],[123.75577812985694,39.74918679503469],[123.74359306976442,39.76075322498144]]],[[[123.82350918030465,39.78436707018426],[123.80979880527082,39.79325197539845],[123.8038274453803,39.78884830470565],[123.82350918030465,39.78436707018426]]],[[[124.48739952007202,40.15549693503573],[124.47810528033472,40.137734214862405],[124.47731013035843,40.134596535102105],[124.47819587983611,40.13296875050753],[124.48739952007202,40.15549693503573]]],[[[120.60970271011206,40.396149650086386],[120.61702139022509,40.39752381057548],[120.61449363966983,40.40552170006657],[120.60970271011206,40.396149650086386]]],[[[120.82234947005202,40.488539774690935],[120.79562078966785,40.50872257498702],[120.77056224025534,40.478970495292174],[120.82234947005202,40.488539774690935]]],[[[121.09746900019422,40.85488499984302],[121.09246999989068,40.86727600018742],[121.08925910002756,40.85858589981956],[121.09746900019422,40.85488499984302]]],[[[121.50643199993692,40.85370900047013],[121.4938475797021,40.87745557481509],[121.47127244516741,40.85910993027909],[121.50643199993692,40.85370900047013]]],[[[123.86526240513615,43.44837477537561],[123.75307723013032,43.476174050092425],[123.70346962512338,43.41392585049772],[123.71487464474933,43.313418359669754],[123.69961797538929,43.271786310389984],[123.65882654490929,43.262348269956874],[123.67101933467472,43.22213783479327],[123.64043089986615,43.207035724719105],[123.66446238483138,43.18153671974386],[123.58212767535213,43.01458501478663],[123.52070231495998,43.00463932504499],[123.46562669521586,43.0402219352942],[123.25281039958043,42.99084591021068],[123.17800891517936,42.923104784658165],[123.16467064003814,42.84969919466215],[123.21593999973129,42.822992029658565],[123.05441942022026,42.767020384782995],[122.88191115957238,42.767998144798696],[122.8483281001619,42.70500169037575],[122.72580187006031,42.784682919581144],[122.61983697020003,42.77112013498635],[122.5585127349749,42.82379966042612],[122.41421039009754,42.84023566474423],[122.34440154509525,42.823473630104104],[122.36672033507557,42.773485965305156],[122.45198713030197,42.77107764022111],[122.38933432032263,42.68140790455118],[122.33227379519963,42.66788359475214],[122.19949971484016,42.730351100323105],[122.20429988493197,42.70961960476109],[122.19872424023151,42.68193220031088],[122.19071336542959,42.676745079821615],[122.05143604543719,42.72011306976253],[121.9556766800348,42.697040215333686],[121.89691512503305,42.633719569702464],[121.91244290491647,42.586665079729755],[121.86456558473412,42.55903649004205],[121.86611126482308,42.52810581463177],[121.82302688508275,42.53612506481994],[121.6964876300002,42.43744748031713],[121.65128387015454,42.440972019643084],[121.60147786481173,42.51438646975993],[121.56350298957148,42.48447470464407],[121.40995362476019,42.483797675222604],[121.30566487503404,42.438095445448425],[121.2790499696805,42.385535855395574],[121.21313222497247,42.36967931035201],[121.06346835498061,42.2504156002999],[120.88230855509585,42.26959079477945],[120.88267761977636,42.24024463488206],[120.8242769051551,42.2505219550244],[120.82123780997699,42.223917315431834],[120.73246063974705,42.221176279861595],[120.48579054020149,42.117495960170515],[120.4503064299978,42.0127486047644],[120.26647424519047,41.92340317991295],[120.25469448526246,41.901945680548806],[120.29078930977892,41.8875035550451],[120.18296621541856,41.84440409007681],[120.09460086543766,41.69608735504738],[120.02974078460954,41.7056081097266],[120.04296532968635,41.82532661503143],[120.00713854001162,41.83062469027732],[119.94990385487904,41.91962912998048],[119.95058105517182,41.97415574509159],[119.83587325484689,42.09918938038567],[119.84010807512766,42.209094989842015],[119.61169486962274,42.249424090549496],[119.53283959037503,42.292535170262],[119.56604447497273,42.35750498546673],[119.49592444026075,42.38682651473198],[119.42705966037511,42.31511177518837],[119.2769118004394,42.26223966532848],[119.23165719022745,42.19875017018421],[119.37727289512804,42.08787786507156],[119.36747459527658,42.0196555797412],[119.31904968509491,41.96896385999423],[119.32867051992878,41.86704152514636],[119.28341831000716,41.782867419695776],[119.31122559498544,41.761907820090016],[119.30659450013616,41.637880345401754],[119.41323850505319,41.580109325285264],[119.35512935513566,41.56364984056785],[119.39967905514447,41.479395369900544],[119.36874457470242,41.41886899520807],[119.30547842528915,41.39856733961108],[119.32515253486179,41.335618290252],[119.23683534987151,41.317743689919496],[119.23619909481249,41.26561695525834],[119.16281283034789,41.21300128977782],[119.19176656477521,41.190120759865295],[119.07383437475664,41.13346231983036],[119.06701441458358,41.07359513470783],[118.95863535483784,41.07755205458369],[118.93216980529235,41.05141157038776],[119.01524950506064,40.9880324751187],[118.896133135436,40.95941662497734],[118.84304590504462,40.799461349661726],[119.0482738147848,40.66345797470575],[119.17446598461754,40.68523713008966],[119.13810390497144,40.63213406983158],[119.15129504473055,40.602426809649614],[119.23567767508484,40.599899860390394],[119.21464257469518,40.56962377002105],[119.25436132981167,40.53657069548126],[119.56389951994697,40.53316413551647],[119.54156652517509,40.509432110403736],[119.5949908547442,40.44918780986961],[119.57302991040206,40.37627553039158],[119.64604040484085,40.27120696053288],[119.6174244701632,40.22527344041703],[119.66410914542075,40.23811166012513],[119.70871740478447,40.19505457480875],[119.73741854483,40.20592047514987],[119.75683875510458,40.14117016557071],[119.72824606520385,40.10437025008713],[119.76499165534074,40.047485119742646],[119.84879043503065,40.03182768999591],[119.84796372964263,39.98982406512857],[119.9138429950583,39.99966622491638],[119.94312116530955,40.05521018010592],[120.49694377033882,40.23311640549775],[120.49778299518914,40.32497929985493],[120.59495450035001,40.3769805197353],[120.56890101027375,40.39303385982487],[120.60987814985674,40.41528740488985],[120.59412006528885,40.46920142970231],[120.71179421013483,40.51453158026828],[120.69722628476529,40.5414772805521],[120.7597311202951,40.565750774878495],[120.82834193972883,40.67705577530381],[121.03149400014809,40.71159400016313],[121.01219805009998,40.74393667503756],[120.98499687490596,40.735028585300995],[120.94054160011478,40.73706679979307],[120.93040638994307,40.746912779900924],[120.96914869535613,40.7432066998295],[120.97488737455285,40.82118583525812],[121.00791435975998,40.822735215158104],[121.00685337018695,40.78505603970456],[121.0596877049237,40.79847175996389],[121.07724634464319,40.86654299516323],[121.16694383518995,40.876656725027885],[121.17360746980899,40.90474192480008],[121.23335671963707,40.85188188024472],[121.25588150472788,40.91437094526299],[121.30209145485685,40.84813288002846],[121.42928583996968,40.83335230546453],[121.42528743526702,40.90292456042022],[121.50201705983966,40.88783014044867],[121.53184600009297,40.83283700022747],[121.55480856526333,40.872014869790405],[121.55789558980973,40.840918444830436],[121.60729940484384,40.86145917530075],[121.67828437512401,40.83092887536742],[121.68428275964175,40.87232337502388],[121.72521211015078,40.846725090290875],[121.75144728486453,40.8764605604066],[121.7099091445915,40.88526013974382],[121.76284867482661,40.883345644985695],[121.79941289508918,40.9592288654199],[121.84874167968485,40.97942572032076],[121.82126380468094,40.95401026955835],[121.85031366044734,40.83463225477482],[121.95272510507971,40.8012293097849],[121.94039318479781,40.75273906025956],[121.96227392490187,40.68280920967737],[121.95663300021306,40.75482199983554],[121.96948500023268,40.72156400037841],[122.00160500027073,40.73485900014276],[121.97566400009362,40.7043269995915],[122.05416442484841,40.65816871011805],[122.15845263498113,40.67925823028327],[122.13030823463737,40.615603654685],[122.24819432001209,40.516602850241384],[122.2178585452358,40.461246980164105],[122.25284544006524,40.44529267971359],[122.19999023026503,40.41875399999719],[122.20546062460824,40.37799703513514],[122.16062579544416,40.33628637971276],[122.1109616401676,40.36347156496089],[122.1377302198739,40.33397492510284],[122.10604551508857,40.30870876989388],[122.07592619543777,40.330105035319264],[122.03889817501101,40.31623741472498],[122.10049375008668,40.283391615031064],[122.09498041041763,40.24673967489622],[122.04689050039633,40.23771644495804],[122.10026201008384,40.236434900250515],[122.0232692798536,40.18917628036115],[121.9553245900579,40.20099863487923],[122.00414387993612,40.17714381993153],[122.00259391547695,40.13103460556272],[121.88168053043216,40.036736330017675],[121.7627203046984,39.991298730252254],[121.8227501097299,40.00338252038699],[121.77952771463242,39.93569247003154],[121.73781893519583,39.91245350002913],[121.69484547513866,39.933570665353955],[121.47299829993176,39.80981659985633],[121.49028371032512,39.767928990230814],[121.45499282036258,39.742447629954256],[121.55740358510752,39.59900298020341],[121.53436116463627,39.590586379857655],[121.48496391465301,39.659432380100384],[121.44373794525018,39.647768590448266],[121.44442971006322,39.61720201546069],[121.29943856543764,39.60202078033478],[121.22962980497164,39.55507319547172],[121.22414288468644,39.4849290598284],[121.26365553047845,39.48498994483015],[121.27238211993892,39.51438056541076],[121.29787156961743,39.488843395006654],[121.35750112507696,39.5216626548077],[121.40547107003397,39.501603819760476],[121.46462576996339,39.529634490039825],[121.47814612544335,39.52968435474929],[121.40160250495171,39.48478671513482],[121.3590301847953,39.50756894555042],[121.2455209298472,39.453864704692535],[121.27156713541501,39.4265201299001],[121.24474711538721,39.38894233052429],[121.27535616985142,39.37922660552357],[121.36492245470765,39.446515305537105],[121.31652567981632,39.37915522003743],[121.39921645967195,39.36193560044768],[121.43941336543469,39.42896315532545],[121.47286830472854,39.40284886478338],[121.43583736510254,39.33260696024303],[121.47228198542541,39.326477795414064],[121.48089361005214,39.28342778056776],[121.51971903980188,39.29728765979769],[121.52016648489553,39.33059085558364],[121.55450895522415,39.334131110562396],[121.5430582401458,39.354185324893024],[121.54171607483715,39.36427136553124],[121.55929075486449,39.33333884021533],[121.54441618046246,39.3288831104673],[121.54731568467128,39.314778925007374],[121.68411029485424,39.34848410515741],[121.70651680470678,39.4104605251332],[121.75724174001436,39.38283796000394],[121.92428403997656,39.40052471534352],[121.8485010345953,39.368065484734416],[121.7374414051967,39.38240590051191],[121.70782054468248,39.34009841001364],[121.72803394980713,39.30389394015333],[121.59143747016333,39.272643804867755],[121.63834813965514,39.2404258048071],[121.58617815030152,39.22450625056314],[121.60932230028402,39.212608135357186],[121.58386540516449,39.19627531025753],[121.59782081487901,39.16792420973462],[121.68423201539531,39.131527759798416],[121.65985338492578,39.085640485520116],[121.58715857500829,39.06410174499956],[121.63609352039975,39.11133439516624],[121.58662164467341,39.15178351489743],[121.61937426021404,39.11946309014968],[121.56656872536666,39.12494619551052],[121.61270078521318,39.0941146505707],[121.50642208491149,39.03132178017614],[121.40591395016872,39.02577122026577],[121.37329542984025,39.06029469534394],[121.31491464959151,39.009925129840894],[121.33718246509875,38.97421847520252],[121.09604190471043,38.929410704840336],[121.08783960021742,38.895663095575514],[121.12583232969848,38.871115805350314],[121.11223811020079,38.819873300312736],[121.14442517538157,38.79442217973991],[121.109603694655,38.77576026972082],[121.14614891494068,38.724226184690735],[121.19788496521903,38.723608610349174],[121.25046310019195,38.791298704771464],[121.21789223044209,38.77482498018878],[121.22905978498113,38.80357990508861],[121.51248179509878,38.82557542026956],[121.56435602531042,38.87665445463938],[121.69299770018381,38.86447665477385],[121.71419480984264,38.917280985429215],[121.60672046537752,38.93317322996063],[121.66480643976547,38.97980423008124],[121.63688373039997,39.00418270047135],[121.72880601508564,39.00239694006672],[121.74784513494512,39.01401321493802],[121.7239082352769,39.03673317539585],[121.79027828501512,39.02046035036494],[121.80824796527145,38.96979421003476],[121.86201001005406,38.94396639043674],[121.89290596533817,38.99584078522406],[121.83756825976741,39.043275770260664],[121.91607094991446,39.017010120220846],[121.90575327539341,39.0593138047883],[121.96236640488587,39.03123769986007],[122.00136999482947,39.07598270024158],[122.05884807517862,39.06132579504947],[122.03307043505265,39.12393148505015],[122.08056402980617,39.113490585422255],[122.16274127518977,39.151875840197874],[122.08528881962354,39.18011152982342],[122.15425222995646,39.24534231479606],[122.24224152482657,39.27427836495468],[122.2603925497765,39.31436568023213],[122.23724522518717,39.32652143501639],[122.30811919484506,39.331661305125294],[122.30071311501831,39.35985224988144],[122.36246491492398,39.36871435997983],[122.38725529009957,39.41393256473623],[122.49290622494243,39.402323229933245],[122.56715309473964,39.430479985163174],[122.563878414957,39.48435753976884],[122.62167989511124,39.48170926027427],[122.63635315987051,39.53611626555329],[122.68142490463572,39.515249195394176],[122.80328690986335,39.56471106976022],[122.79724301515319,39.58537940053901],[122.838665519698,39.57667828977128],[122.83879078986308,39.60306741043274],[122.96555042021578,39.6035924553276],[123.00264438972681,39.678724769732526],[123.08017999031438,39.65855682983397],[123.09758240520398,39.67984492480349],[123.13138135046916,39.64616318997935],[123.21685990006438,39.67470612039125],[123.21540410541536,39.70017801530332],[123.27560137500359,39.69378724038887],[123.23511310508582,39.744366845253865],[123.29094076490446,39.761472005428686],[123.26830219489045,39.78933552051785],[123.36554470962074,39.748086575235334],[123.38304969039109,39.750328729887144],[123.38676292996536,39.78261892482368],[123.40056355016793,39.79869600521653],[123.40864068521955,39.79928902536824],[123.38701359530137,39.72538571997501],[123.51512593461428,39.785338679736356],[123.54360649974024,39.75594896477298],[123.56648224975618,39.78469137021074],[123.60694779470498,39.77683857014398],[123.62862535008003,39.83291865527184],[123.69204273488435,39.81346149994829],[123.83930838997037,39.84172314041069],[124.00404173993456,39.80129739495891],[124.12376971959702,39.8293939100011],[124.09852480547556,39.778227484910644],[124.14086960974475,39.74643007978443],[124.14029334486202,39.8210243001314],[124.21080840498394,39.84159622538567],[124.22504281497436,39.916597585010834],[124.26640451995308,39.932633159892646],[124.26860061492687,39.81940296547464],[124.40948884463478,39.8065916247038],[124.4177546646464,39.826223565065675],[124.38342221006735,39.85086863048309],[124.39065647531618,39.87163986528782],[124.3904180254716,39.872709925422896],[124.38674821505822,39.876860565562936],[124.37835682540731,39.84227870469857],[124.36695516474924,39.85304068478007],[124.36089316039124,39.855494045214186],[124.3646592000623,39.86259602468692],[124.36133423019078,39.87847204994529],[124.35687139040249,39.883860370360026],[124.35159955017934,39.88543943508205],[124.34801629501635,39.885323540349304],[124.3474239097859,39.88671283552918],[124.345061260369,39.88837033552278],[124.34471541528433,39.891796600532984],[124.34308082462076,39.89490457478638],[124.3407458203634,39.89780624006619],[124.33987275492393,39.898390954978765],[124.34489737961053,39.88821013029343],[124.34782541481138,39.88516364988271],[124.36053577970279,39.878846159822615],[124.35954852464499,39.855599880130455],[124.37290067992262,39.837471179951194],[124.31107187017096,39.91476648528527],[124.36644288033494,39.95022256541921],[124.36600437540176,40.086189339766406],[124.46001092526444,40.12819693514069],[124.47037850046752,40.14931643510556],[124.47119358031966,40.154331705044285],[124.46894899480048,40.15859604557119],[124.4702222648458,40.16072307980653],[124.47059335030326,40.16265640007305],[124.45651931011821,40.12983921500802],[124.40484466464989,40.13205385040504],[124.51292929535089,40.206630100498955],[124.51314668037537,40.20255834529161],[124.51649751025207,40.20208719047156],[124.51584937964537,40.20042866525097],[124.51730484514269,40.185767400145494],[124.52334262536192,40.16980912469154],[124.49944594967087,40.16613870543716],[124.4940719095913,40.163322150197246],[124.49173208047137,40.15935597000214],[124.5221849101057,40.16606134035868],[124.52434652507236,40.170927765304384],[124.51987926961294,40.197730580402265],[124.51480367045349,40.20724046047911],[124.57620177509193,40.22900851013486],[124.61601990979113,40.2850202755655],[124.72472063005318,40.31703291543687],[124.74536635547315,40.36751387006933],[124.85375418001183,40.42127433474292],[124.89697935491347,40.47915317008284],[124.93049461983128,40.45176490982294],[125.04128594009421,40.45526211515465],[125.0627398646534,40.488369130131446],[125.0123558254611,40.50353963994269],[125.02508747011086,40.52971711055642],[125.26288795021901,40.61129363489363],[125.28244631524569,40.6514012100979],[125.4131263296166,40.62242512481987],[125.4153736050082,40.66780770046529],[125.45156546997089,40.66562180470271],[125.47737285517326,40.71536268474034],[125.53890978995526,40.71673918976194],[125.55896305999761,40.76758461983462],[125.6852463104691,40.763556114823075],[125.64208032534691,40.802454150438905],[125.70572819806341,40.85680894170804],[125.68537693969404,40.89423024043339],[125.57101188539048,40.90157895970134],[125.67612774519932,40.97867455978326],[125.7335685099788,41.08468928478271],[125.70775426474756,41.10305801041886],[125.7856138595921,41.16483666048367],[125.73134928983814,41.1775593397918],[125.74369498503563,41.24337988487383],[125.64100925527305,41.26258465535756],[125.61480134530586,41.3152895353839],[125.63204412963296,41.34040213495069],[125.54262334519137,41.398770019820745],[125.53644743989753,41.46580129969021],[125.44416575464595,41.59540803974943],[125.44417298969176,41.671621515520656],[125.30893875991592,41.67710746543719],[125.32781357993292,41.73436801507188],[125.29031475542172,41.88407582054282],[125.30124066032829,41.922461530375415],[125.34538990032365,41.92606625505363],[125.28668899470142,41.961527499994304],[125.36076440964996,42.00017415531306],[125.41162130517944,42.062760669969066],[125.40586026973574,42.09826931008075],[125.48439631034148,42.13363699045482],[125.36248690544642,42.18034316490531],[125.35132377467255,42.14377252528186],[125.299758875272,42.14380099511993],[125.31061802530166,42.19845768547384],[125.27419210008543,42.172177940359745],[125.3066163353758,42.21743981979188],[125.26974286524126,42.26480344002681],[125.29303871466516,42.287160649944155],[125.16859143464706,42.30632123493706],[125.16137516033541,42.35343324015196],[125.19762774032802,42.36695862014432],[125.18078734955668,42.424510444901216],[125.06048570495147,42.50035104016854],[125.08472609523335,42.511344715286555],[125.06074818468119,42.533214409917264],[125.09089409998285,42.619906760089066],[125.02381057489822,42.6143975851806],[125.00858661028394,42.663552434597364],[124.96012724977277,42.67386136501017],[124.99058368478939,42.74288976035422],[124.96820487495518,42.8015085102096],[124.92251294961318,42.81775268463883],[124.8665847896566,42.787229279807605],[124.84391005970178,42.86567051478244],[124.86567734043706,42.98351340481986],[124.83416351493429,43.02641107541092],[124.88529601040261,43.07231131971179],[124.88543068028173,43.1306358797421],[124.79269850033563,43.12030436555415],[124.68495255971288,43.05219081005799],[124.65397071018015,42.97104019025272],[124.44897285960985,42.82115171547946],[124.4333485303107,42.875593945404376],[124.36030721970258,42.8893217304136],[124.43541676507175,42.957277185094085],[124.32734246488303,42.99487277036212],[124.41969595470471,43.073679395387785],[124.27790136485635,43.16356117500834],[124.27740168983621,43.227411899939284],[124.10835442511666,43.24472571991612],[124.09489419021486,43.29175958483711],[124.02661800491705,43.278258365131535],[123.8899493897527,43.35923798514506],[123.84644038521571,43.40374784968367],[123.86526240513615,43.44837477537561]]]]}},{"type":"Feature","properties":{"name":"吉林省","adcode":"220000","level":"province"},"geometry":{"type":"Polygon","coordinates":[[[123.90309340503688,46.297443084630686],[123.56339579537996,46.22189216998771],[123.49278842524564,46.25768285997617],[123.36680296458519,46.22093853968198],[123.21679431520568,46.26863948482446],[123.1218646400414,46.20845074530581],[123.10566492539613,46.127992000030815],[122.78711503463137,46.071318624954756],[122.82120327021494,45.8962669754406],[122.79236735506947,45.84710028015394],[122.80315905504654,45.7811803204155],[122.7360880701084,45.703122999726816],[122.66568772031212,45.69875101484763],[122.65546959984238,45.73131610465458],[122.53616043985255,45.77207666500624],[122.43989548009256,45.91482825042357],[122.35600387507884,45.91535236991609],[122.36703583973224,45.85400211010932],[122.33168589039155,45.857991570154866],[122.25295147013446,45.79287802530075],[122.19498539515996,45.85487811543271],[122.08538671532472,45.87985724481615],[121.99750225982166,45.98053756016043],[121.80703241461435,46.024076665006135],[121.75303395964966,45.991708800121216],[121.80330369500962,45.95967711530676],[121.81122054029584,45.87374406004051],[121.7481728649858,45.792932204957424],[121.63896373009209,45.750693460435],[121.75084135044824,45.68876499500868],[121.94334131984624,45.70918989999393],[121.99745155514529,45.62130345519046],[121.96072706040559,45.59424478476916],[121.99660540461605,45.505874129687356],[122.1589456253405,45.44188622037291],[122.14126940465951,45.29342231488795],[122.23321753046469,45.27427321513693],[122.22429474040996,45.20483362996811],[122.13723545515245,45.18087843539166],[122.10380554039341,45.13987715530658],[122.07313741036342,44.912117319858396],[122.03898218517975,44.897438995513255],[122.09388920002675,44.780268489899015],[122.16326278484996,44.768195239818624],[122.09288317971505,44.74270233044831],[122.15551479986823,44.72621922054071],[122.09706814517881,44.67185778480899],[122.12573394996207,44.57543245524374],[122.19991340477986,44.551164255226354],[122.22242647530163,44.47818249052966],[122.28043842469367,44.47579215008784],[122.26575585464923,44.253620870007296],[122.47696418494922,44.23479688057165],[122.66997057518199,44.28383565539133],[122.75487343546081,44.36770463526079],[123.03407688504035,44.49701167534863],[123.11852461461933,44.50745697985582],[123.1171500404422,44.3620949404293],[123.1907906403759,44.342963630167446],[123.29383305025522,44.1929785097505],[123.38399525018087,44.16048742515454],[123.31468471502762,44.04981325507771],[123.46084406010539,43.85700962509418],[123.49127753542996,43.778032670271614],[123.47438224014832,43.7380181497179],[123.53226246044426,43.64061473548179],[123.50640631489966,43.59010847032977],[123.41737287475848,43.60976025513173],[123.44675831524421,43.5433483401539],[123.2983697001016,43.54824697971435],[123.30986501525842,43.489515384727326],[123.36950779524864,43.4739384901693],[123.41346408030313,43.40743951991806],[123.48050381020278,43.442929300346975],[123.60138056046458,43.36462305990648],[123.69853870979364,43.368125094597474],[123.70368911006449,43.414253805369015],[123.78655624517467,43.48847394012034],[123.86526240513615,43.44837477537561],[123.84644038521571,43.40374784968367],[123.8899493897527,43.35923798514506],[124.02661800491705,43.278258365131535],[124.09489419021486,43.29175958483711],[124.10835442511666,43.24472571991612],[124.27740168983621,43.227411899939284],[124.27790136485635,43.16356117500834],[124.41969595470471,43.073679395387785],[124.32734246488303,42.99487277036212],[124.43541676507175,42.957277185094085],[124.36030721970258,42.8893217304136],[124.4333485303107,42.875593945404376],[124.45189832005144,42.82057966032312],[124.65457958987633,42.971640320444465],[124.68495255971288,43.05219081005799],[124.79269850033563,43.12030436555415],[124.88543068028173,43.1306358797421],[124.88529601040261,43.07231131971179],[124.83416351493429,43.02641107541092],[124.86567734043706,42.98351340481986],[124.84391005970178,42.86567051478244],[124.8665847896566,42.787229279807605],[124.92251294961318,42.81775268463883],[124.96820487495518,42.8015085102096],[124.99058368478939,42.74288976035422],[124.96012724977277,42.67386136501017],[125.00858661028394,42.663552434597364],[125.02381057489822,42.6143975851806],[125.09089409998285,42.619906760089066],[125.06074818468119,42.533214409917264],[125.08472609523335,42.511344715286555],[125.06048570495147,42.50035104016854],[125.18078734955668,42.424510444901216],[125.19762774032802,42.36695862014432],[125.16137516033541,42.35343324015196],[125.16859143464706,42.30632123493706],[125.29303871466516,42.287160649944155],[125.26974286524126,42.26480344002681],[125.3066163353758,42.21743981979188],[125.27419210008543,42.172177940359745],[125.31061802530166,42.19845768547384],[125.299758875272,42.14380099511993],[125.35132377467255,42.14377252528186],[125.36248690544642,42.18034316490531],[125.48439631034148,42.13363699045482],[125.40586026973574,42.09826931008075],[125.41162130517944,42.062760669969066],[125.36076440964996,42.00017415531306],[125.28668899470142,41.961527499994304],[125.34538990032365,41.92606625505363],[125.30124066032829,41.922461530375415],[125.29031475542172,41.88407582054282],[125.32781357993292,41.73436801507188],[125.30893875991592,41.67710746543719],[125.44417298969176,41.671621515520656],[125.44416575464595,41.59540803974943],[125.53644743989753,41.46580129969021],[125.54262334519137,41.398770019820745],[125.63204412963296,41.34040213495069],[125.61480134530586,41.3152895353839],[125.64100925527305,41.26258465535756],[125.74369498503563,41.24337988487383],[125.73134928983814,41.1775593397918],[125.7855350951686,41.165123215064455],[125.70775426474756,41.10305801041886],[125.7335685099788,41.08468928478271],[125.67612774519932,40.97867455978326],[125.58369875459402,40.92941179531823],[125.57439844533212,40.890948120559415],[125.65098380965514,40.91490250484691],[125.70572819806341,40.85680894170804],[125.76917787505909,40.890117274692614],[125.81246632985733,40.86167888057605],[125.86926209996625,40.904571989805675],[125.9110482498769,40.909407219967534],[125.93283080020149,40.87610229028866],[126.02191918981885,40.89837842002822],[125.97378038006059,40.9146541750502],[126.03310989470594,40.92638580506093],[126.06404173024168,40.99633615029319],[126.1013319147363,41.00249877979502],[126.11783067464603,41.088899770308274],[126.28221678018042,41.16053033510701],[126.43132798529848,41.3507696355104],[126.53267271527363,41.35674805058221],[126.50627459959333,41.43406153031549],[126.58779834002155,41.548129089785846],[126.56696796490007,41.609219264757485],[126.61055413036888,41.66273304989045],[126.69618648022197,41.66375681022885],[126.73522340533623,41.71551577523314],[126.69722071046772,41.746914894906695],[126.79491123956211,41.692399720071194],[126.80428853978435,41.74649332960365],[126.83562278506349,41.71993557976333],[126.92596529456284,41.81024494474849],[126.93094741459186,41.7713492950341],[127.04850369518942,41.740106564766336],[127.05022513967867,41.701307194671415],[127.07672347041205,41.698198785145905],[127.03137255000331,41.67010862471335],[127.1029224204334,41.64162891034607],[127.08553429037522,41.62461948030494],[127.12349310012667,41.59784653978613],[127.17840359984632,41.59291065480289],[127.09772341000746,41.54318078966185],[127.27758938494219,41.51043812511955],[127.2535092052857,41.47800163027108],[127.39297454473967,41.47879468482694],[127.41030866960944,41.455728759674685],[127.5398896800649,41.474881384768196],[127.55685055031267,41.43145648482897],[127.64996986501751,41.40349410996521],[127.65240411036143,41.426854334659936],[127.86499873030743,41.40130592992489],[127.8727838446988,41.444279339619925],[127.90537273956045,41.42688672014606],[127.93237679505307,41.45653458460356],[127.97818787517042,41.41485312477204],[128.00925306487727,41.445013059605174],[128.03078294527677,41.39238313987016],[128.09690128016996,41.39666216542662],[128.08387052460512,41.37240384536136],[128.1093168302076,41.361080155025206],[128.23983089537967,41.447872099717756],[128.23081980988638,41.49165564479222],[128.29622418020176,41.53740790475115],[128.3109068896415,41.59962843490433],[128.26362002474457,41.665465290091106],[128.1609559047913,41.71271268014624],[128.1044725897383,41.79462082499123],[128.09950381025283,41.945954180241415],[128.02786586471802,41.997828594813825],[128.28463769987002,42.02411251458108],[128.56401910459817,41.99722302552226],[128.60362911009543,42.03183364041024],[128.67764007962614,42.0118310705476],[128.74494674539608,42.05129916482463],[128.9132423504542,42.009717949723665],[128.94696259514774,42.02522156032683],[128.96226430975014,42.093725140103174],[129.003358505091,42.089142669798434],[129.06811115470623,42.15674476016261],[129.11345885464254,42.1386459048847],[129.22116853010368,42.20431360478915],[129.17638605047603,42.259630140318905],[129.21759435989202,42.26559500980204],[129.20114257966657,42.28566261503772],[129.23632280535332,42.308116515564905],[129.19286622499635,42.314713205550106],[129.25022034998926,42.32005547977661],[129.22388687487944,42.35170068004254],[129.24289375494288,42.37962969995067],[129.31961857983367,42.38444738523873],[129.30874813521848,42.42373695509656],[129.35087311010614,42.40699721015329],[129.35141393000913,42.454382625457924],[129.38185162045602,42.42286858501723],[129.3959391046062,42.451450484852046],[129.44677131014794,42.44138748484471],[129.54569338973818,42.36022998972243],[129.60989415958795,42.46193721483064],[129.64639406483445,42.424966904798794],[129.7051456400593,42.427353254948855],[129.74450905504898,42.467284609796934],[129.73667107041376,42.576112004965125],[129.77915805030398,42.60506689502125],[129.74732340964772,42.647195879985986],[129.78407750467318,42.64246624552095],[129.77420591996724,42.67201762531323],[129.80379918028802,42.67894116490288],[129.7607097454586,42.726402920058774],[129.84381133022873,42.92097228524284],[129.86929072998328,42.91912277999239],[129.85164339013056,42.961535219574785],[129.9164028898815,42.97530408021913],[129.87797385520935,42.98246057029917],[129.89608710503614,43.00340794991706],[129.95485264043703,43.00789517482252],[129.95504734455938,42.977904129971705],[130.01966041039964,42.96395640496422],[130.12398502508893,42.98627466524374],[130.14628264502812,42.97205272525309],[130.10766082538703,42.91228378476893],[130.26112884022393,42.90405582981282],[130.22431143022857,42.7905497404783],[130.24982399967791,42.70765908989523],[130.37618914511313,42.60008979051156],[130.4305793447611,42.6063278902202],[130.41299055527008,42.57289973543459],[130.43651693510867,42.54654422513619],[130.48006407989374,42.56211185038177],[130.47626120039422,42.6125393151375],[130.51702046032642,42.61152511998853],[130.56338076541022,42.440641515193875],[130.6363699845873,42.41700965027525],[130.56792933037434,42.499693485565956],[130.56366957459124,42.55215926014182],[130.61091954030462,42.54936849476036],[130.6275878404067,42.58854085507659],[130.58870001479386,42.663325135446655],[130.52662906527917,42.697476620349846],[130.45608256036212,42.683516890292424],[130.39924650961882,42.728138175436584],[130.67261907521026,42.84608749034555],[130.76718515537084,42.834331850234776],[130.79984095529596,42.87596176542331],[131.0274344404471,42.861254189729266],[131.0260521051207,42.92558613469237],[131.13663250468653,42.93538439497394],[131.08824107986197,43.02216901019182],[131.20582023471616,43.13594884056664],[131.19162275538588,43.21573470049617],[131.3038028699067,43.394702970365984],[131.30818377516118,43.49352190491214],[131.13471566989233,43.422993405321506],[130.99392899522718,43.50563881527927],[130.900462800318,43.43203004505068],[130.85432514039303,43.435724000462244],[130.78551870492436,43.52503610543204],[130.62029691966723,43.583147855289326],[130.61709849519968,43.62177958995625],[130.40596190022154,43.649394730282665],[130.3868478596412,43.699653510101484],[130.41641341544687,43.74098938025577],[130.35537787968553,43.84031403506475],[130.37604416540614,43.90359967548477],[130.32922256476968,43.956406554818784],[130.35647267027753,43.989692464735526],[130.3458413652869,44.0479008800217],[130.2490226947416,43.945360264864405],[130.18242492047386,43.93842700540205],[130.072232760034,43.8347235101819],[130.0141279097753,43.859372135116075],[129.99300766966826,43.9965290353868],[129.93180125012793,44.02571122998944],[129.7754161646244,43.960616495355055],[129.77902974043025,43.899345175339704],[129.72878115982292,43.87698137519038],[129.46125031505017,43.87205946027598],[129.35021415975586,43.79612216540562],[129.24802756002407,43.81704891997185],[129.20434023521386,43.78001790030589],[129.21803185488636,43.5850763300088],[129.0066929304345,43.52048674546705],[128.93834243505535,43.55334080993049],[128.87592196043033,43.53879746033459],[128.77886037040992,43.71185315539884],[128.72108495530676,43.7382370105297],[128.7610807348882,43.756268560545664],[128.71259771501275,43.81591153478951],[128.75255208980718,43.859516934958776],[128.6908677048807,43.90081689518365],[128.63034467027035,43.88910642981807],[128.63414702546493,43.94541360545361],[128.46542074047488,44.158623670146255],[128.4436195454058,44.20167540989223],[128.46887525498914,44.3084998952541],[128.43995643044502,44.337402614739005],[128.47522730509627,44.3735077697678],[128.45546026497948,44.43216461040862],[128.36636426979544,44.51204423994977],[128.21686793001118,44.44114872973017],[128.16143184490375,44.341920699880404],[128.06619625005703,44.372578535371304],[128.0438633047478,44.34817609535065],[128.09508557503955,44.29115350003411],[128.0571420546621,44.25822485479324],[128.09856235047243,44.212575919743074],[128.05378869499236,44.16701607513181],[128.09557360024166,44.13279032511355],[127.90677428980166,44.06268807539442],[127.77751849488277,44.06957365010396],[127.72267679509832,44.096967290108466],[127.71350506460715,44.20014670001035],[127.67515258472406,44.16471709501798],[127.61990124015017,44.18627045491769],[127.58453253544826,44.22587033494807],[127.61603766990265,44.28018707527349],[127.47722806032675,44.399531625384384],[127.50180432490981,44.43629795029034],[127.45918217961412,44.514317004825955],[127.53078199029665,44.52072759540238],[127.56477787000279,44.548950430118396],[127.55191447017683,44.57143932506483],[127.39438811981609,44.6323040355029],[127.2708511200832,44.638605319779856],[127.25594197484236,44.61078549555424],[127.20413895474906,44.64604086499406],[127.08827855990774,44.61354948542055],[127.0428552746514,44.56441519990159],[127.03401843999916,44.71459054491777],[126.97822624044886,44.82294305487818],[127.00498445007236,44.88832944504804],[127.06619132017352,44.90432365471298],[127.08681856992109,44.94518423046793],[126.96262976495177,45.07188210977159],[126.95523150473025,45.135944205061094],[126.7872275597042,45.132660155242036],[126.7570471796837,45.17448242012773],[126.56317411998987,45.250107105258735],[126.41279883499828,45.23036266510496],[126.350070210372,45.18292641472232],[126.28673197490093,45.18982111485258],[126.22946519476307,45.13771529482506],[125.98972870991213,45.16065677988655],[125.9649627351422,45.173998805200824],[125.98229353521867,45.19331775990679],[125.90771490461918,45.19461811483421],[125.81362473039712,45.236237915347544],[125.78063922462059,45.286966090013095],[125.75019452036088,45.28062429037885],[125.68831990004344,45.35135322996774],[125.69917707965851,45.50085487485268],[125.62583189532575,45.52114033006234],[125.49062839988085,45.46526925996852],[125.41474314518018,45.48590758037051],[125.42529934508889,45.45353180055224],[125.35448507512615,45.388675444716114],[125.31248436046508,45.419939315347165],[125.06804972011855,45.37822865992479],[125.08527722496399,45.419358675262686],[125.04395972526117,45.42585515469176],[125.02610115534412,45.48766531969886],[124.94635711029252,45.494363119562365],[124.91461893001963,45.53987433962925],[124.87546623967523,45.43527778973839],[124.77470574977065,45.43552464015016],[124.76199129476254,45.46765598513571],[124.63927325455711,45.433550809922],[124.5732782499914,45.45095306023563],[124.54469918032294,45.40912626456543],[124.468607554595,45.45594134511714],[124.39376119042663,45.437727620333476],[124.34478504529363,45.48901992982604],[124.35479060470266,45.54079006980595],[124.27590852026208,45.53958453040178],[124.26635979486866,45.58796232959793],[124.21961055997951,45.59633281540715],[124.22695485008649,45.63100690984106],[124.14416674020299,45.617972469753795],[124.13092703525467,45.686556750193915],[123.99427564480538,45.767830724608416],[124.05887568036837,45.79573446457397],[124.0263602052595,45.831605789575576],[124.06239380033367,45.862966814866695],[123.95970906971809,45.939825314986365],[123.97249964963919,45.977965775200516],[124.01551235970771,45.98802642977603],[123.98268053008258,46.01595206013957],[124.03121082462008,46.03379719958127],[123.98544958043385,46.097255224749006],[124.00274689964976,46.16171604525937],[123.96657089962753,46.160947140198516],[123.95075622521983,46.20095889533678],[123.97662580034046,46.22288334519027],[123.94603889977543,46.250310404901256],[123.96281523003904,46.27570122503158],[123.90048585493855,46.25636486484677],[123.90309340503688,46.297443084630686]]]}},{"type":"Feature","properties":{"name":"黑龙江省","adcode":"230000","level":"province"},"geometry":{"type":"Polygon","coordinates":[[[123.49155992974704,53.494845894722346],[123.26636181044921,53.56090105044319],[123.14058077468303,53.49679938498366],[122.43954832469547,53.44130137525832],[122.34159301540535,53.501542930162145],[122.24812486986696,53.46253807487233],[122.1643502450678,53.47080566025306],[122.09593821537635,53.4216780396099],[121.86969310535255,53.42652724973283],[121.49310946023343,53.33377931006714],[121.67355248515912,53.237946755138694],[121.65190526031961,53.17367702977117],[121.74468677977109,53.14708355975853],[121.81343323045928,53.0621972299183],[121.60131679983056,52.8907198504408],[121.61470176507441,52.85118228533423],[121.58069861974559,52.81976489053733],[121.18435467492839,52.590441439820665],[121.31649364506575,52.572047190525495],[121.52044628017177,52.45252313483485],[121.63797457027022,52.44330310985072],[121.71339045980199,52.31361734996079],[121.83309195532956,52.27944157526855],[121.93085209464846,52.287175199875605],[122.15153814976588,52.515121425213636],[122.1998950100467,52.46660246033531],[122.30550133042209,52.47412718502164],[122.33868149985142,52.410297854962096],[122.40110536042414,52.37400014519062],[122.43577705546681,52.39041336518471],[122.47453495962077,52.34806434039706],[122.46751180482602,52.29521150031053],[122.78369191005368,52.250498295460034],[122.75558219026595,52.22509453498486],[122.76880623531952,52.17681510003689],[122.62274758463343,52.127121029711816],[122.6422291547517,52.09820988537797],[122.61868035481461,52.06494312022886],[122.64744983524179,52.05908742484485],[122.66615441539398,51.97587800056931],[122.71654019477421,51.96851318523534],[122.72680881487497,51.921422220559066],[122.6932816753091,51.88711936536646],[122.76584577506253,51.76940290472032],[122.74139006459984,51.74000445014531],[122.84767611506072,51.61216579521533],[122.82603150544969,51.578687065255906],[122.88103514525585,51.54815400530316],[122.84834642474777,51.52649661003056],[122.87911970980679,51.50412276985003],[122.85225475964955,51.468983039735576],[122.96097522992295,51.38738630493407],[122.94968949547388,51.360320564942185],[122.99750930491052,51.30860695005077],[123.14088617545667,51.302097614813135],[123.27556544978574,51.24476074511233],[123.64981867539166,51.317824695253535],[123.71141279986091,51.39819217552855],[123.83224945474865,51.3637395697254],[123.92074455531701,51.30025056021526],[124.20615352486539,51.34829973004855],[124.33733425477214,51.27067966513448],[124.39683395981945,51.27178606057828],[124.42488030528193,51.35260240507699],[124.4890527500844,51.38109955010418],[124.62278018016127,51.32369091000754],[124.7426335801756,51.35450744975907],[124.78081548025023,51.39431804544148],[124.86654839499249,51.3799141051519],[124.93685070969252,51.442428535548515],[124.91661740976576,51.49859655009078],[125.05324971030598,51.53306075984625],[125.0604661950589,51.62330106499223],[125.11439624039429,51.661050314720285],[125.12709782520449,51.63098931520477],[125.35929283459666,51.61640451495646],[125.68613915469825,51.33801659489001],[125.75676056504813,51.25996667472231],[125.74957874016684,51.22603214047098],[125.8333834104161,51.21892039975671],[125.86807361980175,51.13792040470298],[125.98693219516474,51.11801259550492],[125.96818742970618,51.083870625429086],[126.05222387503181,51.041094339931874],[126.02581736507943,51.008526439743434],[126.06558102964084,50.976790465507634],[126.02027290527042,50.90022597534852],[125.98786686506378,50.90434101492593],[125.98929626461097,50.87024924500673],[125.95367639994595,50.8995915297254],[125.94434095507108,50.85745382493411],[125.88688073975436,50.856040304716316],[125.91545009044933,50.83323749511436],[125.8284688402648,50.79183502476661],[125.8329824548764,50.75525393052453],[125.75315578461186,50.75161663509971],[125.81797275014242,50.70239266019314],[125.7798110452436,50.67639285514622],[125.81651244988973,50.5482632902187],[125.62727038522019,50.44312013508625],[125.55715138023209,50.44043700056716],[125.5717693195985,50.40066381038662],[125.50540672973682,50.40753041030024],[125.53935131481137,50.357698185223114],[125.49510286520513,50.3197464954045],[125.51398167461468,50.31078700041979],[125.45617491004407,50.294463995017395],[125.4344764796059,50.257720070424966],[125.45649104512574,50.2275557001355],[125.32686414496436,50.16343966980497],[125.37029202975339,50.1367422255733],[125.31824280046499,50.1171943448432],[125.29629465527421,50.13828306551113],[125.24971618995028,50.10087185475237],[125.33091323006158,50.055661785263226],[125.24448799022866,50.04394971550704],[125.28758836980751,50.005651409884706],[125.17678623969323,49.955470024821864],[125.23795844542599,49.86981893039939],[125.22859034976489,49.83875940552218],[125.17055615474283,49.826188150462826],[125.21993827003519,49.78973550548926],[125.19603182500873,49.73415588048954],[125.21381026533152,49.67080601498566],[125.18420812960153,49.62922376476496],[125.16152243511237,49.665588679973666],[125.12011161545877,49.65937537007733],[125.13734307462323,49.61877815538759],[125.22667524526639,49.59164886030669],[125.22812898496477,49.53640665554275],[125.20256680531384,49.53662280489857],[125.26380922471606,49.45073306008271],[125.26984723965847,49.359699325363636],[125.20627121984103,49.27696078970871],[125.22999585522462,49.25432140490898],[125.2055480048366,49.246035215253016],[125.21220344033657,49.18739362981222],[125.1082351253508,49.12415163978642],[125.02963983021402,49.15151843502781],[125.03036434024216,49.175593435488736],[124.89869098510098,49.181220159882514],[124.80181077484747,49.11326591029359],[124.81518029963115,49.042447380242436],[124.745217094993,48.92379568042634],[124.7057832495974,48.91055127472163],[124.70024512461282,48.85971359500644],[124.64712246003353,48.83139681980742],[124.59670659023698,48.63215022545262],[124.52024680004979,48.55848754536396],[124.55006912489023,48.46576931030546],[124.50062895476253,48.44556779511771],[124.508058030254,48.37734649544444],[124.57655608459572,48.29604481021988],[124.50517747026413,48.16662936495328],[124.519443524699,48.142708215112066],[124.41095916963002,48.08652244525467],[124.47140530501088,48.1651379751375],[124.41643244540114,48.18018407003888],[124.41530288522006,48.244014734692314],[124.31031000500275,48.345541380430404],[124.30199603528888,48.41013147039109],[124.32625880519981,48.43035484000393],[124.29539405009541,48.517399035537096],[124.25223957539617,48.53452656005277],[123.74190525002734,48.19666321483555],[123.56876151493202,48.0406367654744],[123.293320774834,47.951860900160455],[123.16086636029434,47.78157727986763],[122.84639043527045,47.67417482540793],[122.56874065985369,47.53330584478897],[122.50156879976032,47.39975561982607],[122.41174881975235,47.348175635197435],[122.62034722484464,47.11548385469621],[122.8462651696019,47.07022697999116],[122.76855171458999,46.97201554468171],[122.79628571021738,46.935384610011795],[122.88924428459609,46.95843574491374],[122.87387058016316,46.88920190484407],[122.9010057199381,46.805646864811024],[122.99194715543695,46.75874137001824],[123.00044769490523,46.7260619053327],[123.14914440519021,46.740084120285985],[123.22882266033753,46.861780715008024],[123.36767053516712,46.83550003010237],[123.39795358988636,46.933523540379156],[123.38365398983979,46.93630819037077],[123.35437420530536,46.968564399927175],[123.29712118029829,46.962426494587135],[123.29496572478843,46.99805596491092],[123.334765050167,46.9843241554355],[123.4118638302516,46.93246738466212],[123.52085033527487,46.95721856018844],[123.47763691001546,46.857850024758875],[123.49639725532916,46.825826250381226],[123.56417497969164,46.827500250236426],[123.56994135530931,46.88816726001107],[123.60185177014318,46.886495485078626],[123.61561928000583,46.84053969505095],[123.57404643039854,46.824208559777276],[123.62683280968645,46.81247298983669],[123.62527805993454,46.72770458539833],[123.5979141748993,46.68803509964022],[123.27083344470782,46.65965665523049],[123.27290629478978,46.61533135495813],[123.2219549047951,46.586464920419814],[123.17402632955157,46.61239098465626],[123.0795818997849,46.5894114897485],[123.07133707984246,46.62089486960258],[123.04236906508038,46.6173985402105],[123.0459816552293,46.5781224350024],[122.99668868973129,46.573504099734464],[123.00509809999733,46.43307852985032],[123.15906001530755,46.23941064508523],[123.24167360455328,46.27149371536274],[123.36680296458519,46.220938539681924],[123.49278842524564,46.25768285997606],[123.56339579537973,46.22189216998771],[123.84332723536363,46.30063178023255],[123.90316827989227,46.297500925427414],[123.91269834974912,46.25420439022048],[123.95381779535501,46.288660989912785],[123.94858771964766,46.2423866447279],[123.97662580034046,46.22288334519027],[123.95075622521972,46.20095889533678],[123.96657089962741,46.1609471401984],[124.00400395042209,46.15909097996479],[123.98544958043385,46.09725522474889],[124.03295864532527,46.019837099902304],[123.98268053008246,46.01595206013951],[124.01486730478234,45.98593266506049],[123.9569669549611,45.94936056493816],[124.06407647504932,45.8501923498971],[124.02636020525938,45.831605789575576],[124.05786814020257,45.79440468472848],[123.99427564480527,45.7678307246083],[124.13092703525456,45.686556750193915],[124.14416674020299,45.61797246975374],[124.22695485008637,45.63100690984106],[124.2196105599794,45.59633281540715],[124.26635979486866,45.58796232959787],[124.27590852026208,45.53958453040178],[124.35479060470266,45.54079006980595],[124.34478504529363,45.48901992982593],[124.39376119042663,45.437727620333476],[124.468607554595,45.455941345117026],[124.54469918032294,45.40912626456549],[124.57327824999129,45.45095306023558],[124.63927325455711,45.433550809922],[124.76199129476254,45.46765598513565],[124.77470574977065,45.43552464015005],[124.87546623967523,45.43527778973828],[124.91461893001963,45.53987433962914],[124.94635711029252,45.494363119562365],[125.02610115534412,45.487665319698806],[125.04395972526117,45.4258551546917],[125.08527722496399,45.419358675262686],[125.06804972011855,45.37822865992479],[125.31248436046496,45.419939315347165],[125.35448507512615,45.38867544471606],[125.42529934508877,45.453531800552184],[125.41474314518007,45.485907580370565],[125.49062839988085,45.46526925996841],[125.62583189532575,45.521140330062224],[125.69917707965851,45.50085487485262],[125.68831990004344,45.35135322996763],[125.75019452036088,45.28062429037874],[125.78063922462059,45.286966090013095],[125.81362473039701,45.236237915347544],[125.90771490461918,45.19461811483421],[125.98229353521856,45.19331775990673],[125.9649627351422,45.17399880520077],[125.98972870991213,45.16065677988655],[126.22946519476295,45.13771529482506],[126.28673197490082,45.189821114852634],[126.350070210372,45.18292641472232],[126.41279883499828,45.23036266510496],[126.56317411998975,45.250107105258735],[126.7570471796837,45.17448242012762],[126.7872275597042,45.132660155242036],[126.95332090043928,45.13701431016233],[126.96262976495177,45.07188210977159],[127.08681856992109,44.94518423046793],[127.0661913201734,44.904323654712925],[127.00498445007236,44.88832944504793],[126.97822624044875,44.822943054878124],[127.03401843999904,44.71459054491777],[127.04285527465129,44.56441519990159],[127.08827855990762,44.61354948542049],[127.20413895474906,44.64604086499395],[127.25594197484236,44.61078549555424],[127.2708511200832,44.63860531977974],[127.39438811981597,44.6323040355029],[127.55191447017671,44.57143932506483],[127.56477787000279,44.54895043011828],[127.53078199029665,44.52072759540226],[127.459182179614,44.514317004825955],[127.5018043249097,44.436297950290225],[127.47722806032675,44.39953162538427],[127.61603766990265,44.280187075273375],[127.58453253544826,44.22587033494807],[127.61990124015017,44.18627045491763],[127.67515258472406,44.16471709501798],[127.71350506460715,44.20014670001024],[127.7226767950981,44.09696729010841],[127.77751849488266,44.069573650103905],[127.90677428980166,44.06268807539442],[128.09557360024155,44.13279032511349],[128.05378869499236,44.16701607513181],[128.0985623504722,44.21257591974296],[128.0571420546621,44.25822485479324],[128.09508557503932,44.291153500034056],[128.0438633047478,44.348176095350595],[128.06619625005692,44.37257853537119],[128.16143184490375,44.34192069988046],[128.21686793001106,44.44114872973017],[128.36636426979533,44.51204423994977],[128.45546026497937,44.432164610408506],[128.47522730509615,44.3735077697678],[128.43995643044502,44.33740261473895],[128.46887525498914,44.30849989525399],[128.4436195454058,44.20167540989229],[128.46542074047488,44.15862367014631],[128.63414702546493,43.94541360545361],[128.63034467027035,43.88910642981796],[128.6908677048807,43.900816895183596],[128.75445295983627,43.85574610999504],[128.71259771501263,43.815911534789564],[128.76108073488808,43.756268560545664],[128.72266342018077,43.734818115463725],[128.77933368000538,43.71122140504389],[128.8481146952371,43.55478401497038],[129.00508040463706,43.52053240044995],[129.2206057847293,43.587603755009354],[129.20434023521375,43.78001790030589],[129.24753764984268,43.81685911535595],[129.35021415975575,43.79612216540568],[129.46125031505005,43.87205946027592],[129.7287811598227,43.87698137519038],[129.77902974043025,43.89934517533965],[129.7754161646244,43.960616495355055],[129.9318012501277,44.02571122998933],[129.99300766966826,43.99652903538674],[130.0141279097753,43.85937213511602],[130.0722327600339,43.8347235101819],[130.18242492047375,43.93842700540205],[130.2490226947416,43.945360264864405],[130.34009771014132,44.04873615055294],[130.3602388502428,44.01169907035586],[130.32922256476957,43.95640655481873],[130.37604416540603,43.90359967548471],[130.35537787968542,43.840314035064694],[130.41641341544687,43.74098938025577],[130.38684785964108,43.699653510101484],[130.40596190022154,43.64939473028261],[130.61709849519946,43.62177958995619],[130.62029691966723,43.583147855289326],[130.78551870492436,43.52503610543198],[130.85432514039303,43.4357240004623],[130.900462800318,43.43203004505057],[130.99392899522707,43.505638815279156],[131.13471566989233,43.42299340532145],[131.22835179979575,43.47316706970457],[131.28498983960947,43.46670176977091],[131.29690727495085,43.49957052555936],[131.21783142977677,43.51537862502357],[131.18739820985957,43.5576520797797],[131.23889586964867,43.60000622980374],[131.2093611003346,43.60987146529595],[131.23350016490076,43.66328567479411],[131.20397380964368,43.78406873008788],[131.25921136491263,43.93542829517975],[131.23579519968882,43.9848685102736],[131.29911851540726,44.04707832050815],[131.09805368972604,44.70973865031851],[131.0518226549916,44.78012108472035],[130.9552511001582,44.818522150476895],[130.95927113985124,44.85493855007405],[131.0879853099741,44.8885212650444],[131.0803115496384,44.927365964567684],[131.13438480031834,44.94384373520029],[131.2034101046927,44.91556304529837],[131.2674217597065,44.921018470426134],[131.34768860044858,44.987275425020925],[131.4887776199912,44.96692128498938],[131.47698425961596,44.99808214997131],[131.6787138749454,45.11680375498935],[131.68030177011065,45.14853624974819],[131.64156711523026,45.158359854723585],[131.67019203503446,45.211754959923496],[131.7827024147847,45.21311329054595],[131.82315996476063,45.31391517984173],[131.87179098516594,45.34199436494805],[132.00031223002543,45.25222781006545],[132.86308278034608,45.061069399833],[132.94929343474428,45.015522275232854],[133.13295025984667,45.125765800451404],[133.08633812480468,45.25286521985407],[133.14110525010722,45.375668625506705],[133.13384322008858,45.42707573975366],[133.19358337956942,45.51374797478928],[133.41169335006816,45.570965939726364],[133.40517918007515,45.61666316027669],[133.4687015103665,45.61855370518941],[133.4395428896927,45.64650080506817],[133.48147410024956,45.65807874993442],[133.47749218012007,45.688733595179315],[133.42108094033324,45.69541299041725],[133.48005716980265,45.737852329621376],[133.46146884501127,45.7781736296094],[133.49891792981862,45.77888153005864],[133.4627097151813,45.79466684969543],[133.4601470502463,45.83410268529076],[133.52476963001448,45.89647268007019],[133.58699368011435,45.86818539004378],[133.60483747506953,45.93816958036189],[133.66956095967066,45.9422185503459],[133.7376182598748,46.0594454146742],[133.68969294467377,46.15763971520073],[133.77494515019862,46.181885370113775],[133.80309807971264,46.22838608005361],[133.8425105347335,46.20028213481271],[133.87344079465697,46.23287496510761],[133.85439846961378,46.248483450151184],[133.90962000525906,46.259819189603945],[133.91569507496774,46.33154180990664],[133.86215228490005,46.34452040479289],[133.94094985015556,46.39760844997005],[133.84176290493417,46.472452355391965],[133.91396248967726,46.59269073988577],[134.00759953509055,46.642483789595246],[134.0546766196303,46.97760244979327],[134.13570167968885,47.09086105469396],[134.22094546036476,47.112014260349895],[134.21837702987614,47.19013355961613],[134.14988135514045,47.25336666523947],[134.17622024956495,47.32750507499924],[134.3126790852716,47.432771689961555],[134.48831055019184,47.44341960003459],[134.56095839031752,47.47691034043993],[134.76994892500295,47.71481020552659],[134.76218367483682,47.76197240999875],[134.6633243103687,47.82512764512478],[134.66602678031177,47.88464092543842],[134.60059799969804,47.904040645559405],[134.54409719013324,47.98493025512721],[134.54530402995704,48.03300644509142],[134.66620574989554,48.1471455249461],[134.68034812506596,48.258756304759686],[135.07312319038294,48.39383049028493],[135.0750267601769,48.45483987016394],[134.89673679496718,48.44563515523828],[134.77084580988628,48.36840135004235],[134.6780150354656,48.41104201507699],[134.5058163997071,48.422788400264494],[134.36009944463376,48.38046530023348],[134.19704168002954,48.382479599953626],[134.12893557541656,48.335168189860156],[134.03254732489916,48.33944616500855],[133.9978749697541,48.304034100393494],[133.73913115967537,48.25441683037246],[133.69265135987246,48.18288308028997],[133.58551586016893,48.19242571547443],[133.5366625354477,48.11498474514991],[133.3949665652549,48.124984590266706],[133.30696545958835,48.09750352986407],[133.09324003030326,48.12578318554563],[133.04422733492368,48.10958568503139],[132.9919550953514,48.03192094539537],[132.86793538001382,48.00000000039978],[132.8109861001285,47.93239454477248],[132.66096987485992,47.950833449903826],[132.68197892998364,47.870849130283204],[132.59430019529782,47.803581725316405],[132.59979124976644,47.73696058036654],[132.53907613525553,47.71458565020765],[132.31243962498877,47.75620448484915],[132.2523638897818,47.70705352500022],[132.00224405471943,47.71135536545779],[131.96447847959826,47.665744710050376],[131.70180543527272,47.70798354990097],[131.61063332007177,47.656545792154645],[131.53582770238665,47.73362118447017],[131.44759546375974,47.744570821586194],[131.2289019042995,47.73062580353803],[131.10709475052238,47.68724489033946],[130.9902295962189,47.70291467856964],[130.95871714757834,47.73084442153288],[130.95372705775753,47.82564203755004],[130.88354387624895,47.924966098806465],[130.6860153404357,48.04596179699939],[130.65851394546223,48.102853019351414],[130.83793330987442,48.29861674086993],[130.72985322974284,48.43323416972123],[130.75513873476484,48.50083652988201],[130.62258588043414,48.489188519734455],[130.60319498536035,48.58488691020278],[130.52215656497356,48.61654973538202],[130.67562208509116,48.874799680061244],[130.51116225043756,48.85340861991193],[130.4315131099421,48.90600221962677],[130.23149413015005,48.863559394650395],[130.01177918995768,49.01358216518486],[129.91221773016423,49.04266759992987],[129.9208796098062,49.09463983016411],[129.84654941962003,49.11542309519973],[129.849767079687,49.173080274635026],[129.7561299002747,49.193469419877886],[129.71587507997106,49.28771123958211],[129.56267700474007,49.285874785293174],[129.51095023996163,49.42075553474018],[129.40168539026865,49.437316579896276],[129.347243320423,49.35260776993272],[129.22389206486696,49.40000663459858],[129.10149258971126,49.35127526963805],[129.05257086974996,49.37202416977965],[128.99660595000466,49.4571136996376],[128.74628664980912,49.48147937986954],[128.80453585474595,49.56314248014138],[128.7511950703962,49.594449354554115],[128.71131480513418,49.561832864894825],[128.5401781850752,49.6034271597357],[128.39660105979112,49.58998279966653],[128.3357069945822,49.54185545536501],[128.26297052986615,49.564284620039246],[128.18244957039144,49.53630215971697],[127.95575792538796,49.59662139536118],[127.8135557798754,49.58612807515061],[127.68000853526576,49.680711649822854],[127.66059213002279,49.77327862970503],[127.53801641022926,49.80636962505821],[127.5389540847633,49.93279769515755],[127.48862458046005,50.01444916989334],[127.58668607000618,50.14951900539785],[127.60310435498207,50.22851711047633],[127.3839559948733,50.28395855014702],[127.32899044495309,50.33273750003565],[127.36103752526162,50.43228723536765],[127.28639809509605,50.4733636448164],[127.3650120601585,50.579718510500925],[127.28767082015224,50.667914660233464],[127.29897801962,50.74540666528543],[127.22178754016295,50.78716791476751],[127.12678033534428,50.92012632017361],[126.91785003994744,51.05929450024104],[126.89433106512661,51.20658960542602],[126.97483990983403,51.326745850340785],[126.86862603536326,51.316194055311485],[126.91216124974198,51.27035381018027],[126.8987031849041,51.24518484470485],[126.82049384011873,51.26964896472799],[126.81769764013404,51.33459556483348],[126.90563826459424,51.34257751474058],[126.9170635252616,51.383810505150734],[126.77933899539835,51.43568405547484],[126.8383202646686,51.529297695132584],[126.66924243019412,51.59585876536977],[126.73135664519305,51.63400172030322],[126.72461666532695,51.713994605067],[126.66056520541997,51.733337550087924],[126.45817472508361,51.946532690531285],[126.44024901987643,52.0223108503655],[126.51424456963127,52.0369525498204],[126.55679336981825,52.128717960365634],[126.29783743035318,52.205298044768995],[126.31032941467083,52.24033300026781],[126.43118728546494,52.29358381554073],[126.31533289539686,52.313585510363055],[126.34151178963748,52.396350690232225],[126.2634132404288,52.47290929972445],[126.18751142021597,52.46697529497396],[126.20336584465804,52.5269207597853],[126.16790798026909,52.55569731517903],[126.06695265494113,52.603689475189185],[126.0258681201177,52.57354279996031],[125.96661557035236,52.61532195494431],[125.98290061986779,52.67226873471441],[126.06134831017641,52.67947081502615],[126.0383982096098,52.74304621521071],[126.10635814471266,52.76916168026736],[126.02718151971146,52.79749645000123],[125.96229196540196,52.758861090167215],[125.82950325487138,52.89577967549167],[125.6643463548005,52.86248482541441],[125.6553742252404,52.91422708011572],[125.72643877472979,52.93960121962067],[125.74337505031838,52.98319365965972],[125.6795130451909,53.00310299500728],[125.60720579990777,53.0819032600275],[125.50646598002106,53.04888732479026],[125.48755903532128,53.097964440406656],[125.13934315516258,53.2024736202614],[124.8926636199302,53.16912910512417],[124.90032930974996,53.11202971489945],[124.86380385026757,53.09661807526402],[124.82474668501152,53.14505343466834],[124.70947900455246,53.15376458007137],[124.7077617500048,53.19302544536805],[124.43256414971574,53.21758292491211],[124.2383388804351,53.37778092994603],[124.11709039540551,53.34631273964129],[123.85777586476445,53.48749552519837],[123.70039721006322,53.49190894004562],[123.60055060042998,53.550101549746785],[123.54337697476763,53.49596939976806],[123.53256842509279,53.5537929852581],[123.48164975513214,53.53815896486441],[123.49155992974704,53.494845894722346]]]}},{"type":"Feature","properties":{"name":"上海市","adcode":"310000","level":"province"},"geometry":{"type":"MultiPolygon","coordinates":[[[[121.87476087501443,31.635155750537535],[121.44599765017153,31.763433959909378],[121.37036865009316,31.849130235372115],[121.30137994992481,31.872462685404685],[121.0969773048588,31.765101589866504],[121.38222840022058,31.547084410517186],[121.142915229854,31.44529679501113],[121.1442068703509,31.389002774658366],[121.10241268499749,31.357299720106028],[121.15648667042353,31.28402316034061],[121.0826829352693,31.294085654929063],[121.0576644803316,31.270033990076627],[121.06401212016328,31.151679064737095],[120.87559801993268,31.136255765391297],[120.85401133475534,31.110649824729705],[120.89824144988302,31.08788734522483],[120.8972467502374,31.01966432964514],[120.98812515495194,31.010077580016343],[120.98617689514765,30.897975534743182],[121.01748347997864,30.877209069942694],[120.98573981474067,30.825745515143467],[121.115849210173,30.85165946461268],[121.12248404040622,30.780896965022976],[121.21439583989616,30.7882468246313],[121.26789025543098,30.69170051017045],[121.34634456025333,30.704555100237712],[121.52507013008255,30.819084969695666],[121.88756978491767,30.84822145535594],[121.97249050483299,30.88498853479308],[121.8907353697416,31.075325284834094],[121.91987190036798,31.095614099910847],[121.88041199981399,31.12891200048847],[121.86236174030216,31.112399720171027],[121.87689099482361,31.13248979047148],[121.77298080482035,31.216486324784114],[121.83631530001117,31.222298099977365],[121.85449898024376,31.29879546024233],[122.08937750007158,31.263566199920263],[122.11286279977844,31.314415200301312],[121.8734273000299,31.36299781469745],[121.88720684012367,31.451337884735665],[121.95325048991822,31.506491935254644],[121.98322049962644,31.476233799850036],[121.98786520031877,31.497296799907417],[121.87476087501443,31.635155750537535]]],[[[122.03546059023415,31.21573894499636],[121.94025923527556,31.229576145123076],[121.94580249988553,31.177477214801684],[122.02516637542794,31.16682582974829],[122.03546059023415,31.21573894499636]]],[[[121.92276931545166,31.228778389810884],[121.8749302551272,31.232252405224358],[121.91460213038408,31.200949395198506],[121.92276931545166,31.228778389810884]]]]}},{"type":"Feature","properties":{"name":"浙江省","adcode":"330000","level":"province"},"geometry":{"type":"MultiPolygon","coordinates":[[[[120.48457748516284,27.143960269850652],[120.46548800506741,27.152262680578303],[120.46547886525752,27.164358490152267],[120.48457748516284,27.143960269850652]]],[[[120.53508697528378,27.17372188056038],[120.5133233403999,27.15446422004777],[120.52113048548358,27.18337563507754],[120.53508697528378,27.17372188056038]]],[[[120.54995007973241,27.247575580248906],[120.55281136545227,27.240004300358237],[120.54905458969756,27.247084714987636],[120.54995007973241,27.247575580248906]]],[[[120.58693295509181,27.336367904954898],[120.58036216468224,27.346553010413174],[120.59937001511412,27.35069553507094],[120.58693295509181,27.336367904954898]]],[[[121.07317520007553,27.43649149048997],[121.08142071969053,27.427336019741574],[121.0707552899247,27.435005975045783],[121.07317520007553,27.43649149048997]]],[[[121.04465723484361,27.46192344021466],[121.08009041464095,27.47480165007613],[121.10572499960915,27.447884045512353],[121.04465723484361,27.46192344021466]]],[[[121.10624467465209,27.468192580023583],[121.1152425949698,27.47206565520588],[121.11732512535434,27.468346464817557],[121.10624467465209,27.468192580023583]]],[[[121.13020038543948,27.473895080393675],[121.12209815480605,27.472561720347187],[121.12195833001294,27.47599048547255],[121.13020038543948,27.473895080393675]]],[[[121.08963804016344,27.4964024698981],[121.08489571536506,27.491815414849555],[121.08229029486131,27.495239940570855],[121.08963804016344,27.4964024698981]]],[[[121.21726274547939,27.620260874739643],[121.22012412023207,27.61029561035417],[121.21331729016083,27.614991514846565],[121.21726274547939,27.620260874739643]]],[[[121.2052216146858,27.62137667978999],[121.20570621526963,27.612042635159526],[121.20149843490492,27.61035347003667],[121.2052216146858,27.62137667978999]]],[[[121.19142070040505,27.624841475353833],[121.21632884539997,27.634161729780033],[121.19350554474511,27.618246180217113],[121.19142070040505,27.624841475353833]]],[[[121.16259313546493,27.630755499866495],[121.17371019037307,27.63103812530926],[121.16419049509534,27.62679123522736],[121.16259313546493,27.630755499866495]]],[[[120.82573965516099,27.647933790212278],[120.81966910004894,27.64781875972801],[120.83373793046121,27.651700525059255],[120.82573965516099,27.647933790212278]]],[[[120.9820356547217,27.658605165396125],[120.96419780518465,27.664604010366816],[120.97609209017787,27.673284250567747],[120.9820356547217,27.658605165396125]]],[[[120.82863149534728,27.690165975079765],[120.83351502000221,27.677909159879903],[120.82565618998126,27.68776131473294],[120.82863149534728,27.690165975079765]]],[[[120.81204511538988,27.69720322045231],[120.81882846506164,27.69644403976065],[120.80809370026407,27.69244775476011],[120.81204511538988,27.69720322045231]]],[[[120.90201768516806,27.703272865450458],[120.90609372474569,27.694072534719737],[120.8980793551782,27.69828692510157],[120.90201768516806,27.703272865450458]]],[[[120.88567611506073,27.712055534835088],[120.89246316004687,27.709033960249144],[120.88381915982643,27.708554765490078],[120.88567611506073,27.712055534835088]]],[[[121.1415346598967,27.76317353503066],[121.15008778002709,27.764268730317724],[121.14250971475155,27.75743894505132],[121.1415346598967,27.76317353503066]]],[[[121.12690590978002,27.7651465801506],[121.13995461491356,27.76175359545209],[121.12815748547962,27.756963330493363],[121.12690590978002,27.7651465801506]]],[[[121.12698629028512,27.770682054833003],[121.1404673903578,27.777028170313883],[121.14573936547936,27.7742953653389],[121.12698629028512,27.770682054833003]]],[[[121.08566800547419,27.779258944944388],[121.079515874658,27.794410710186185],[121.09073767540349,27.790170315008083],[121.08566800547419,27.779258944944388]]],[[[121.13936821467144,27.795094460241216],[121.12740495527453,27.802310749841297],[121.15274218480408,27.819117399848153],[121.13936821467144,27.795094460241216]]],[[[121.209910869591,27.82385496003843],[121.21797287984464,27.82207002521153],[121.2103086945906,27.820212415270817],[121.209910869591,27.82385496003843]]],[[[121.18358745519697,27.841715629872454],[121.16829379492276,27.815107810277254],[121.15620986988961,27.825075785219383],[121.08803830542354,27.821608525513113],[121.13762304966406,27.85676042525347],[121.18358745519697,27.841715629872454]]],[[[121.03421649979168,27.87834442055862],[121.08475720538081,27.86857223971714],[121.01770376531658,27.843264714794827],[121.03421649979168,27.87834442055862]]],[[[121.1440006504098,27.86038117495133],[121.15700498479225,27.874388755236907],[121.17333879464968,27.874905810554765],[121.1440006504098,27.86038117495133]]],[[[121.1479009597615,27.878740050313127],[121.13990597508075,27.879632350452653],[121.14879325990114,27.882344935070762],[121.1479009597615,27.878740050313127]]],[[[121.10766859463001,27.868084379990194],[121.10754215984286,27.890842069705798],[121.14039820011692,27.907747405018767],[121.13774763004915,27.877552595376017],[121.10766859463001,27.868084379990194]]],[[[121.10797291981442,27.92051033528378],[121.1092989602788,27.90840272030937],[121.10395381991293,27.912237680424653],[121.10797291981442,27.92051033528378]]],[[[121.07195822039557,27.98728616992088],[121.1321907452068,27.955120514899875],[121.03871452465569,27.950807754874063],[121.07195822039557,27.98728616992088]]],[[[121.1813089850217,27.967443084930494],[121.21753626528653,27.991741805240167],[121.23512777522672,27.99645180480701],[121.1813089850217,27.967443084930494]]],[[[121.07173197974714,28.01028360990074],[121.06378558004053,27.991258670551247],[121.03795080508564,27.985062755341914],[121.07173197974714,28.01028360990074]]],[[[121.1572173596935,28.021207985060528],[121.14606876016524,28.022070450191165],[121.16151292018515,28.024345855476895],[121.1572173596935,28.021207985060528]]],[[[121.24681932515182,28.04730544479048],[121.2569472049496,28.047584204947157],[121.2497239249193,28.043401674847473],[121.24681932515182,28.04730544479048]]],[[[121.1440084853034,28.17104011011304],[121.15779703030876,28.166414015494468],[121.14405732028911,28.16491774056135],[121.1440084853034,28.17104011011304]]],[[[121.15804049027645,28.20993690556378],[121.16814473499164,28.239431940131965],[121.17869407037506,28.2386908502026],[121.15804049027645,28.20993690556378]]],[[[121.16173337999157,28.254804794705535],[121.17111431977014,28.24827864484365],[121.16057333009519,28.24623426010305],[121.16173337999157,28.254804794705535]]],[[[121.13686142461506,28.259678319798695],[121.13246690992003,28.265394395435067],[121.13737727034481,28.265748659972758],[121.13686142461506,28.259678319798695]]],[[[121.1500417752078,28.262146769957496],[121.1613465051372,28.263632324971866],[121.16281268965395,28.259780304717367],[121.1500417752078,28.262146769957496]]],[[[121.18535747476767,28.322249410182167],[121.18862880997165,28.353011950141422],[121.20267939493817,28.32905967026761],[121.18535747476767,28.322249410182167]]],[[[121.20597892478759,28.340589299956264],[121.19641357003024,28.35009421487615],[121.1944350948038,28.362532980013043],[121.20686822029222,28.356489685150905],[121.20597892478759,28.340589299956264]]],[[[121.605301989895,28.423406744825456],[121.659465349946,28.403405915150927],[121.61730394981748,28.36188833517855],[121.62831408972352,28.34180822037314],[121.66536732983843,28.34722317510949],[121.62494859460207,28.265680590287047],[121.58266508992199,28.250176844785585],[121.57803781539292,28.301674650264943],[121.46181175980496,28.328338270095117],[121.40326882999261,28.214086755199617],[121.3652756949175,28.223572660250113],[121.38397582972084,28.16307383538924],[121.33345135509603,28.151149090358274],[121.29110209468604,28.071304555061204],[121.23180170008845,28.080339510360147],[121.2512039850759,28.06773664053361],[121.24703946479951,28.054752635325883],[121.21874142517674,28.07108033518938],[121.15290011025195,28.04070093969665],[121.12918895030987,28.135872590048052],[121.20342548509814,28.170378514856623],[121.23796644029903,28.34922109547722],[121.17100855500087,28.389894055566288],[121.18538489509695,28.360587255397547],[121.13422898038323,28.29732104033377],[121.07144323981368,28.29017288517059],[121.12990480975918,28.24122929009968],[121.09178178020511,28.14579116972675],[121.06573272018898,28.159572070494733],[121.00120384977788,28.08968812041047],[121.0059700003153,28.011638999740114],[120.9508641696458,27.953459434705223],[120.97131745543629,27.93991274977361],[120.94033522009443,27.903421725332407],[120.88424825964955,27.91651229030998],[120.91397036044384,27.882932855167155],[120.83131356506908,27.76799461525934],[120.78180471461599,27.7952078755431],[120.74750955492209,27.723055345128103],[120.67780556007858,27.703290670228284],[120.64983219010355,27.592683005016738],[120.59183114499137,27.593910295423825],[120.67259513006127,27.511714444865788],[120.64223040970569,27.50801852983136],[120.6306929604118,27.49531536041559],[120.6881902754609,27.476348685443554],[120.64834696963703,27.44776459486019],[120.64509903029602,27.3645026097077],[120.54184109968708,27.4004542603559],[120.55599308501291,27.37099103031187],[120.50937139017753,27.33998560505171],[120.56340913472388,27.29534378029126],[120.51840205481108,27.279330995129385],[120.53213637519366,27.225594435334983],[120.47980201495113,27.166474915085303],[120.45765175522433,27.220926290216198],[120.43078265019926,27.21366830534805],[120.43226470505215,27.167738549794308],[120.4026834803584,27.20474077047021],[120.39114706978148,27.247688875041604],[120.42651700475608,27.260156754830405],[120.3454624604243,27.347274809884595],[120.34149702037121,27.399217519872707],[120.26880332471376,27.390876164903148],[120.24449138526927,27.44309784998586],[120.13064365518062,27.425481159927642],[120.04619284002763,27.340392124696848],[119.99000228038096,27.38315846998745],[119.95188040016035,27.367892784924152],[119.9408115749942,27.317780730396464],[119.7658793572466,27.308946517267998],[119.7805492927157,27.329745655337774],[119.68082220478095,27.441682889953483],[119.70398971015709,27.51779531969828],[119.65385510962562,27.54504515540964],[119.67205504510434,27.576984034685495],[119.6272229498793,27.58569655515197],[119.64351815004261,27.64381171973514],[119.61543557539153,27.67679598984313],[119.49655139543063,27.65268526021663],[119.46496666467988,27.527792724954338],[119.34076278977102,27.524202269818943],[119.26293316483373,27.424395615265496],[119.14302913029019,27.428479194759063],[119.11681615534133,27.439306579834863],[119.1214115695883,27.48387801465873],[119.06100835525149,27.47018404955429],[118.98590087022899,27.50646765525812],[118.95232467984022,27.452331684959347],[118.85480702472444,27.517688539594474],[118.9066626596541,27.572286655304936],[118.86995789514083,27.68565501976343],[118.8969712451269,27.710870204996013],[118.83551086513432,27.785690280182337],[118.8140397851081,27.920504575126074],[118.7488772254037,27.944350484986956],[118.71289312541751,28.03537313016585],[118.71225278473833,28.067959515019652],[118.7987289154072,28.121114055169585],[118.79266373464372,28.169306010364153],[118.75619058962411,28.173746850037162],[118.8087158750377,28.233881690487692],[118.72922122997579,28.25740615477025],[118.71693227030812,28.317230980025784],[118.61697359975187,28.259675664999975],[118.56760120523154,28.291418175508454],[118.49201290487167,28.279347519972134],[118.4868929898197,28.241445229913495],[118.43893576037715,28.254731644749654],[118.42808492997563,28.291405690220472],[118.48205205975478,28.331814749651016],[118.42517022002971,28.40151627495618],[118.47719999968035,28.474180714768238],[118.40930870982913,28.501002955222248],[118.44060714500381,28.515708815009873],[118.40465382971058,28.571316960209572],[118.42788508982505,28.67933053997251],[118.38571287984564,28.703372465167206],[118.37835302517203,28.79032380479981],[118.29174498014675,28.836096375047703],[118.26562473519346,28.920989769961977],[118.19483865537973,28.905247609689468],[118.22042162016169,28.949892959792294],[118.12833056510351,28.986502870111394],[118.12201472979598,29.018788285151288],[118.09459166037686,28.993105724949316],[118.02289351962031,29.172739215242643],[118.04046297998264,29.218102805300248],[118.07936735491955,29.22296985977124],[118.06758920477807,29.291916079563464],[118.16489731965567,29.28442717487428],[118.21434142521662,29.42436321499042],[118.30988222478493,29.425651914704133],[118.30614592029804,29.500290264783928],[118.34093815956851,29.47846631506843],[118.37823972498336,29.512653764759477],[118.48969841504993,29.521248209637236],[118.49445771005537,29.578749255074115],[118.56880162479524,29.640241480060297],[118.64487942974199,29.64794940474127],[118.74051514016162,29.741972444572696],[118.74981718511503,29.84753155503728],[118.83827070013274,29.895427199805454],[118.84687612033679,29.943692205131185],[118.88760094972406,29.938043639802174],[118.89687520472694,30.027109499603796],[118.85086341481485,30.122201450236787],[118.88786855469016,30.1314454601399],[118.89395182531655,30.144898190199342],[118.8415400748147,30.15973252983241],[118.92733744486725,30.207943115382534],[118.87690958980579,30.24787783009782],[118.8757793551332,30.317563899654317],[118.94880788547562,30.362045695452537],[119.05026701011445,30.30536184507315],[119.0857852001269,30.32552471549326],[119.22299759036662,30.290629615364537],[119.24421172958773,30.3439662898125],[119.3971749396718,30.371861690364767],[119.32959041486583,30.449097619759414],[119.32550973478646,30.535768320551597],[119.24141577961461,30.52824255534972],[119.26263218512736,30.57654655527938],[119.23514850499953,30.61189877001226],[119.30767235019891,30.623215569742797],[119.38463965479627,30.691304505398648],[119.42597380994346,30.647084579589716],[119.48033317003978,30.703563454689743],[119.47728049509885,30.777085720030016],[119.52196860976358,30.778388489637166],[119.57370840032252,30.831355389839416],[119.54806434998977,30.902895505323386],[119.6273257747647,31.01192432974409],[119.64518810025072,31.10531218470959],[119.61469735969547,31.12476278037809],[119.64566513483817,31.1562324347791],[119.91541099542121,31.17356566032703],[119.98963069490071,31.03441672035541],[120.12739875464888,30.94591464554452],[120.36551491478156,30.950305859727678],[120.36097336003263,30.882268109885388],[120.43150528963747,30.925941389983223],[120.435736914627,30.860148185190667],[120.49957820027373,30.760281279657363],[120.58484901996633,30.858364440166838],[120.69480761028308,30.87111740504423],[120.69239471484423,30.971885034666684],[120.9502329597833,31.032308060168873],[120.98812515495194,31.010077580016343],[120.98617689514765,30.897975534743182],[121.01748280998379,30.877241389778362],[120.98573981474067,30.825745515143467],[121.1097394949818,30.85428830526115],[121.12248404040622,30.780896965022976],[121.21439583989616,30.7882468246313],[121.26526927485725,30.734503590068698],[121.2273283553194,30.367157664994295],[121.26575374503932,30.369249520449046],[121.27096281528179,30.404400144950785],[121.37388401993167,30.35830046969096],[121.69144772043603,29.991949354878898],[121.91188077018148,29.923184610181693],[121.92922795500613,29.891095474876295],[122.01274236996449,29.87691247553039],[122.11184342003787,29.90706974027637],[122.13830923488331,29.889533300321602],[122.00293181505128,29.822438045379556],[122.03089345966555,29.809184980102827],[121.99326835505065,29.765022754796348],[121.88914694037908,29.741509860291842],[121.88626760526586,29.717036364836417],[121.77555681029867,29.652085900344105],[121.70110989530554,29.561097459979862],[121.56869820485838,29.548018370351542],[121.52576204508239,29.507795365363847],[121.45663614524199,29.51421753021492],[121.42719126496502,29.466624994747747],[121.43622606468125,29.410956475361104],[121.50295852501597,29.49192484035916],[121.52291506038182,29.479033705441225],[121.53308420017572,29.461944605359292],[121.48760398963248,29.411254700444147],[121.48620219027896,29.397399225194135],[121.48819298531805,29.389082540426955],[121.56532834982352,29.474436229948083],[121.72264891011912,29.540780249708803],[121.78039684014209,29.536537080122173],[121.76342231458818,29.478925175256677],[121.80188183987502,29.475691259943744],[121.84280131043215,29.537125395021008],[121.74338228976092,29.545950430567984],[121.79616126493045,29.604840860217564],[121.9210846046708,29.643083795480834],[121.99071727518219,29.59520740519764],[121.95445246530915,29.509403165223944],[121.98505716525608,29.447557080394972],[121.9185753747538,29.360389590507225],[121.94525787495104,29.336960865351728],[121.9249394047298,29.285862265331332],[121.99080766963834,29.27949100480606],[121.95868820469695,29.25245171027825],[121.97313988999394,29.222502580130026],[121.94992330501657,29.227671824794925],[121.87558872973614,29.168299374716412],[121.86057226030164,29.170620544702444],[121.81844582041833,29.15748073554755],[121.78944052965676,29.167863170249177],[121.80446856527215,29.304797415468386],[121.8399844853958,29.329015214780384],[121.79248892022758,29.320028904710227],[121.80738811986589,29.37914281049234],[121.76781991036069,29.35760717533094],[121.78348763015003,29.26703027013093],[121.74754915007327,29.1503104705518],[121.68500683979391,29.140504385269196],[121.6253892597066,29.190106070039178],[121.59958145541987,29.268732965553966],[121.54052352973713,29.27790479047377],[121.51721630029203,29.270286379812603],[121.58198296044532,29.229858629772025],[121.53399561990204,29.222580250078522],[121.52494919015305,29.188249145381803],[121.59725543539014,29.141619885449416],[121.43699994479164,29.16235785972748],[121.5079847801735,29.121480315564156],[121.64832776981075,29.104942919879875],[121.63008386467868,29.042071794977403],[121.57603450538818,29.05526956993475],[121.54421936023539,29.053100020249758],[121.52958398031649,29.00212327027276],[121.55962583506425,29.01421170000998],[121.55655183539898,29.049713179719504],[121.59492160025172,29.035314895266254],[121.63113453992719,29.03818869055567],[121.66214117477546,29.053678060394247],[121.70082425983173,29.015307704686848],[121.6659774002369,28.976652299863815],[121.72789245047625,28.94442584977321],[121.65178780975964,28.898703225173733],[121.54743091030832,28.955143065200332],[121.51384529502445,28.9416411098494],[121.67657581971832,28.86273492537657],[121.68749047500546,28.805630270520624],[121.65958892488902,28.71754448469028],[121.4816696053681,28.674703209685447],[121.54282716024534,28.65242029546033],[121.63050351982167,28.51880803526268],[121.57887059030554,28.49394337518669],[121.65474927545881,28.465412760090828],[121.60040723000975,28.464094274830984],[121.605301989895,28.423406744825456]],[[121.60850296034346,28.470588520343995],[121.6085027849756,28.470588719993486],[121.60864930522132,28.4703753747238],[121.60850296034346,28.470588520343995]]],[[[121.40146931535674,28.055209950478854],[121.41334245009409,28.053651990147273],[121.40074428462106,28.053340040510534],[121.40146931535674,28.055209950478854]]],[[[121.27848898517857,28.060634869703506],[121.28654288534597,28.066824629952748],[121.29025239992836,28.066069534881194],[121.27848898517857,28.060634869703506]]],[[[121.52776904500547,28.098446984740576],[121.49790720485373,28.07720458972011],[121.51900968514894,28.102960379917647],[121.52776904500547,28.098446984740576]]],[[[121.39699811007483,28.09524137019315],[121.40931413034286,28.091100025445883],[121.39994348960045,28.081060205464155],[121.39699811007483,28.09524137019315]]],[[[121.35128532046122,28.092512315391104],[121.3571062552495,28.10034360007711],[121.36923521023687,28.11196724039587],[121.35128532046122,28.092512315391104]]],[[[121.38192632513983,28.12343312973519],[121.39751671492456,28.13279527997821],[121.39940285495788,28.13245731475331],[121.39265324964776,28.12445645480159],[121.38192632513983,28.12343312973519]]],[[[121.63452451999069,28.224505030582748],[121.63944522981353,28.235612670488422],[121.64229732536137,28.234543950343095],[121.63452451999069,28.224505030582748]]],[[[121.67336734532682,28.28788826003523],[121.68549221469402,28.284344455432347],[121.68347420527039,28.276535035063887],[121.67336734532682,28.28788826003523]]],[[[121.65396952007734,28.29068305977546],[121.66019480534601,28.299023265411392],[121.65766587488031,28.290538900250112],[121.65396952007734,28.29068305977546]]],[[[121.6469527549657,28.304902255035074],[121.64737702542948,28.296376924855224],[121.64187292989186,28.295743470285004],[121.6469527549657,28.304902255035074]]],[[[121.63874144466206,28.35264815009208],[121.65476731046306,28.368169640116832],[121.65225161981641,28.359389700174575],[121.63874144466206,28.35264815009208]]],[[[121.68217998461864,28.377478830183918],[121.67941623487138,28.371204745003013],[121.67386762469118,28.37471708502551],[121.68217998461864,28.377478830183918]]],[[[121.72114676980766,28.3784252551215],[121.72542155506073,28.38576094051507],[121.72807698506483,28.380421920035644],[121.72114676980766,28.3784252551215]]],[[[121.68653988980418,28.385182365273977],[121.69140698474462,28.382702054855997],[121.68245745514753,28.37789280970543],[121.68653988980418,28.385182365273977]]],[[[121.65697711470216,28.410927375298172],[121.66217135512397,28.40675011972229],[121.65922315532441,28.40652156511817],[121.65697711470216,28.410927375298172]]],[[[121.6764714300125,28.4176659198464],[121.66941394539731,28.408895720461203],[121.6682857503871,28.414068090270177],[121.6764714300125,28.4176659198464]]],[[[121.66112488510544,28.419316799930414],[121.65998445032221,28.426932165487074],[121.66991306013972,28.42320633540413],[121.66112488510544,28.419316799930414]]],[[[121.66596400483502,28.429517655215648],[121.64195845541849,28.428371989975403],[121.63510957484709,28.431355185093764],[121.6367820197745,28.435799360352235],[121.66596400483502,28.429517655215648]]],[[[121.80838441490891,28.603836390537026],[121.8164856302077,28.60291180473604],[121.80508963527848,28.601217580027367],[121.80838441490891,28.603836390537026]]],[[[121.81686058005175,28.606664545232604],[121.811588805479,28.61404912047061],[121.81988079486291,28.611412855019296],[121.81686058005175,28.606664545232604]]],[[[121.80264620515834,28.70909620032944],[121.78394961997901,28.68178987999903],[121.74317128542657,28.69366706528291],[121.80264620515834,28.70909620032944]]],[[[121.8716140797261,28.746870284835836],[121.84358160990348,28.73166358540618],[121.87621303999981,28.753664904811558],[121.8716140797261,28.746870284835836]]],[[[121.81729827469564,28.7694178155798],[121.82550167006605,28.770461379888843],[121.81581665961119,28.75857264011529],[121.81729827469564,28.7694178155798]]],[[[121.84684747003473,28.810402840418817],[121.85840097492508,28.78601691554826],[121.83341500529832,28.77421153033788],[121.84684747003473,28.810402840418817]]],[[[121.68729422494857,28.885264369854838],[121.65632450996827,28.896003235560897],[121.70053110512652,28.901017060289178],[121.68729422494857,28.885264369854838]]],[[[121.66758822541635,29.05770996034647],[121.66628610511975,29.06671951969014],[121.6746831398151,29.059430025275503],[121.66758822541635,29.05770996034647]]],[[[121.81625630038798,29.10124244528265],[121.81983064506824,29.054465635380836],[121.78695328006984,29.097926824763192],[121.81625630038798,29.10124244528265]]],[[[121.70547060988076,29.085926605028874],[121.69182294547261,29.089233060557376],[121.69256822984005,29.093530729959298],[121.70547060988076,29.085926605028874]]],[[[121.6781542504184,29.111217014953354],[121.69257175967903,29.102847985146468],[121.69001407518942,29.09607137499404],[121.6781542504184,29.111217014953354]]],[[[121.79927516032046,29.152693014770875],[121.86390435999829,29.129735709735257],[121.88665758997581,29.115217839731542],[121.86471406460248,29.088123445540646],[121.77878025480493,29.128182665097995],[121.79927516032046,29.152693014770875]]],[[[121.59319912513956,29.198389645365864],[121.59420246996808,29.192248790249494],[121.58754501009423,29.193592885503335],[121.59319912513956,29.198389645365864]]],[[[121.79083866966891,29.277771760058727],[121.79306160041256,29.315083400578544],[121.79530403475349,29.316177434840824],[121.79083866966891,29.277771760058727]]],[[[121.56868924041612,29.489208640466416],[121.57232497012137,29.485853210557252],[121.5644989302815,29.48530526982239],[121.56868924041612,29.489208640466416]]],[[[121.57653187544577,29.49391879471665],[121.58585628473986,29.49417883008897],[121.57622666532836,29.491045285411644],[121.57653187544577,29.49391879471665]]],[[[121.58851127047876,29.49962068534643],[121.61074843978872,29.509858875087048],[121.58955305502957,29.49669287047965],[121.58851127047876,29.49962068534643]]],[[[121.57380422538472,29.533573330145146],[121.56522956469269,29.526822794936095],[121.55597005047753,29.526300359873744],[121.57380422538472,29.533573330145146]]],[[[121.58082275496622,29.53985414045627],[121.58324699984928,29.532384849980872],[121.57763580045184,29.533890414910786],[121.58082275496622,29.53985414045627]]],[[[121.65590395010724,29.537025154787102],[121.66021735045047,29.54076929057038],[121.66290692501468,29.53545680548723],[121.65590395010724,29.537025154787102]]],[[[121.61157357046397,29.53529986479697],[121.61783909499832,29.54062505550195],[121.6214503847275,29.536211570507646],[121.61157357046397,29.53529986479697]]],[[[121.69110933972433,29.54457009983031],[121.66526352469202,29.54789252551967],[121.69339505483799,29.553315184748044],[121.69110933972433,29.54457009983031]]],[[[121.73969778532455,29.599513865472545],[121.74805813487512,29.605338939840237],[121.75099626046915,29.604344689855623],[121.73969778532455,29.599513865472545]]],[[[121.83724953463843,30.065250449948337],[121.83739533003052,30.102719934977074],[121.84798090539448,30.068335819742344],[121.83724953463843,30.065250449948337]]],[[[121.85695940035612,30.107828114775714],[121.86441069000136,30.117363729852286],[121.86547071460188,30.108759900549046],[121.85695940035612,30.107828114775714]]],[[[121.62465680506762,30.614844275443033],[121.61535605963445,30.60882674975477],[121.61418231036544,30.60986491003763],[121.62465680506762,30.614844275443033]]],[[[121.9104063253917,28.39190801983932],[121.9096695647986,28.399153180375038],[121.9166135549716,28.39870402027435],[121.9104063253917,28.39190801983932]]],[[[121.91234933045735,28.449838930422345],[121.87192147969256,28.433549389692644],[121.9168639747927,28.465275105361854],[121.91234933045735,28.449838930422345]]],[[[121.8842093853549,28.513906894687466],[121.89308401041876,28.480976115355475],[121.87132323537912,28.480332680109143],[121.8842093853549,28.513906894687466]]],[[[121.91771737026045,28.708872914853202],[121.92472841028791,28.720490015302005],[121.93862313015336,28.72331109503108],[121.91771737026045,28.708872914853202]]],[[[121.89355353476788,28.75437596547846],[121.88917974045273,28.765107560165802],[121.90074470000798,28.76292754057357],[121.89355353476788,28.75437596547846]]],[[[121.93672333031748,29.037574350176158],[121.92696883014742,29.043625465542846],[121.94911807004291,29.04740235553436],[121.93672333031748,29.037574350176158]]],[[[121.9711931401514,29.1434125751303],[121.95820735968198,29.09648204051382],[121.97988430531655,29.08946327980658],[121.94595849988491,29.051459400530973],[121.89899889468336,29.07402524057244],[121.8914040651456,29.11892533983263],[121.8672762250178,29.131064310569514],[121.93744907961138,29.18492283012455],[121.9711931401514,29.1434125751303]]],[[[121.85971534039072,29.168106399990393],[121.87323411036596,29.162498705251096],[121.854087384825,29.163134525038345],[121.85971534039072,29.168106399990393]]],[[[121.88940432994593,29.168842815243806],[121.89164004994836,29.164191220348584],[121.88197012472153,29.16248111001528],[121.88940432994593,29.168842815243806]]],[[[121.96865324964779,29.19237109984641],[121.96356599977116,29.17010185981303],[121.94897183038574,29.189499964751633],[121.96865324964779,29.19237109984641]]],[[[122.0336388848267,29.2100026952682],[122.06963869506978,29.178488500144226],[122.0117847349776,29.154987960526],[122.0336388848267,29.2100026952682]]],[[[121.96449507498778,29.2000884548184],[121.94883949514667,29.1991384155055],[121.95176029979802,29.215695310290414],[121.96449507498778,29.2000884548184]]],[[[121.97978729544741,29.230130504719057],[121.99114960537008,29.229827630141074],[121.99721819546346,29.224331490006307],[121.97978729544741,29.230130504719057]]],[[[121.99736347014812,29.23114161969005],[122.00910227495012,29.236242729918104],[122.00444328492972,29.226026140094348],[121.99736347014812,29.23114161969005]]],[[[121.96748421462485,29.34319890480566],[121.98081728538943,29.339316355265623],[121.97285528963994,29.336966330531766],[121.96748421462485,29.34319890480566]]],[[[122.00182280977492,29.407491675300605],[122.00611154531168,29.414644715581233],[122.014268995218,29.411630085560034],[122.00182280977492,29.407491675300605]]],[[[121.97818043987547,29.4788412900935],[121.98780054535894,29.47125473971454],[121.97478081997895,29.478194340296625],[121.97818043987547,29.4788412900935]]],[[[121.9936593353101,29.50599894529512],[121.9766204803509,29.498996474907415],[121.97262050992867,29.507072379686633],[121.98586946980026,29.51198393980701],[121.9936593353101,29.50599894529512]]],[[[122.01904797008785,29.622169119709156],[122.03065134508358,29.6161751598558],[122.01833816037788,29.609348239829444],[122.01904797008785,29.622169119709156]]],[[[121.99989896026887,29.631219135055062],[122.00080609472559,29.624266774891794],[121.99713152509992,29.624152085250557],[121.99989896026887,29.631219135055062]]],[[[122.01784316542978,29.715708500546896],[122.00805124986539,29.744102809896788],[122.03175731514807,29.761817110571258],[122.03926779547248,29.746719384691914],[122.01784316542978,29.715708500546896]]],[[[122.01973333532521,29.884067965564213],[122.00960957532175,29.892826339763815],[122.02000352044615,29.893126830239055],[122.01973333532521,29.884067965564213]]],[[[121.99050177513686,29.898373795214525],[121.997299870093,29.893694824956242],[121.98767918005024,29.895298549988127],[121.99050177513686,29.898373795214525]]],[[[122.01014610545849,29.895837994827673],[122.00271180490597,29.901168639920854],[122.01335453038735,29.902301635512117],[122.01014610545849,29.895837994827673]]],[[[122.00307756008135,29.90802410982485],[122.01598281975134,29.91472859974516],[122.0175571549388,29.904943154802822],[122.00307756008135,29.90802410982485]]],[[[121.94683373538862,29.893635914865627],[121.92216630473126,29.93024624516812],[121.96202014521361,29.954027295023707],[121.9937004253344,29.903041360270606],[121.94683373538862,29.893635914865627]]],[[[122.05085317503404,29.945369605323094],[122.05759677467142,29.942053045012074],[122.05399936507865,29.939245660159145],[122.05085317503404,29.945369605323094]]],[[[122.09471547014289,29.94464892550758],[122.07560339008444,29.951096909894545],[122.08530869014396,29.95809962489784],[122.09471547014289,29.94464892550758]]],[[[122.03457950464053,29.932535884923198],[122.03977865536069,29.966440610246025],[122.05292048978879,29.959037294935285],[122.03457950464053,29.932535884923198]]],[[[122.06806903545771,29.958846525346928],[122.07294284473653,29.96533840024705],[122.07142327466443,29.95156229556352],[122.06806903545771,29.958846525346928]]],[[[122.09017487497056,29.984451140407828],[122.08730793521306,29.97648718053898],[122.08211196539492,29.980001329997435],[122.09017487497056,29.984451140407828]]],[[[122.04435333483855,29.991188014914997],[122.05043158544936,29.981676730097092],[122.03895671548014,29.98355214031909],[122.04435333483855,29.991188014914997]]],[[[122.08982341991498,29.9859708705593],[122.06841610002311,29.97564477028999],[122.07193598535753,30.00233295510185],[122.08982341991498,29.9859708705593]]],[[[122.09872129515168,29.997459930031823],[122.10302614474085,30.00211666545181],[122.10348070976704,29.99719578026111],[122.09872129515168,29.997459930031823]]],[[[121.86235894970582,30.098414575472304],[121.92839744998241,30.008573625072813],[121.86826591004376,29.96974408002535],[121.83539579537967,29.994200505449044],[121.86235894970582,30.098414575472304]]],[[[121.96022203981533,30.061259069850223],[121.96967093506566,30.06371931549404],[121.96478992491518,30.051736699988737],[121.96022203981533,30.061259069850223]]],[[[121.97478705048206,30.080868869802543],[121.9839591353059,30.08623794472544],[121.98320904496154,30.081312085384468],[121.987453364781,30.07525304968857],[121.97478705048206,30.080868869802543]]],[[[121.94520571966825,30.115974070447066],[121.92658836026465,30.06884501048887],[121.9073692446949,30.09692501038097],[121.94520571966825,30.115974070447066]]],[[[121.9701431753673,30.101773769943577],[121.96985050000069,30.08852809979203],[121.96449025462164,30.097470035513766],[121.9701431753673,30.101773769943577]]],[[[122.02801553019265,30.164840394868406],[122.01286441516072,30.186565240193715],[122.04996846517258,30.20126467522465],[122.05809826991924,30.18304069547179],[122.02801553019265,30.164840394868406]]],[[[121.99526519982919,30.309638099818528],[121.92259156534851,30.313494430523576],[121.98347289525793,30.343069170206093],[121.99526519982919,30.309638099818528]]],[[[122.06812015472144,30.574959835528034],[122.05391080523952,30.595510905503943],[122.08615995511786,30.594174830404143],[122.06812015472144,30.574959835528034]]],[[[122.06858468963173,30.646418815076288],[122.08947709009567,30.604406224867432],[122.03756247043168,30.642896630175414],[122.06858468963173,30.646418815076288]]],[[[122.03828615488226,30.649208365473726],[122.02402819524502,30.66065671983182],[122.04259117983918,30.65470230047083],[122.03828615488226,30.649208365473726]]],[[[122.23443345523981,28.85648419019327],[122.23794895997662,28.866566375437912],[122.23937945040143,28.864411575533836],[122.23443345523981,28.85648419019327]]],[[[122.25475911014485,28.88337142015496],[122.26244986047277,28.889469415381257],[122.26122140004759,28.882906559690014],[122.25475911014485,28.88337142015496]]],[[[122.2183570151642,29.378279165451204],[122.22608790493291,29.38166611479943],[122.22758093960874,29.378600430265692],[122.2183570151642,29.378279165451204]]],[[[122.17510447029508,29.40820434485471],[122.18086442475351,29.402617195127505],[122.16976448034654,29.40283594981929],[122.17510447029508,29.40820434485471]]],[[[122.1949154602803,29.43811473041052],[122.20301560988253,29.433850035550734],[122.17554529997562,29.412833679730568],[122.1949154602803,29.43811473041052]]],[[[122.17950483508014,29.45833373471413],[122.19296806022783,29.46452755989901],[122.1901564098905,29.456355729833092],[122.17950483508014,29.45833373471413]]],[[[122.14875741542244,29.619823839798414],[122.15194094981507,29.61141676507168],[122.1424482252055,29.6104033649234],[122.14875741542244,29.619823839798414]]],[[[122.2148755353777,29.642079074689605],[122.21409476016515,29.632545099976426],[122.20924175040648,29.637462580333874],[122.2148755353777,29.642079074689605]]],[[[122.22665753461763,29.663666484720522],[122.23896671464217,29.66337136499652],[122.24193503497395,29.658197285576307],[122.22665753461763,29.663666484720522]]],[[[122.23065247962825,29.67564189036102],[122.23817101967688,29.67749831499532],[122.2381282650075,29.67443534011892],[122.23065247962825,29.67564189036102]]],[[[122.2247517749745,29.688183619778272],[122.21367581009065,29.69315115999808],[122.22544848515952,29.690248250056754],[122.2247517749745,29.688183619778272]]],[[[122.20352137960799,29.716250480575297],[122.27722047504494,29.690781539936154],[122.27564613536094,29.67839425469117],[122.23218104471948,29.690255799865326],[122.20352137960799,29.716250480575297]]],[[[122.12326291964814,29.792920345197842],[122.20601841471807,29.693073460371977],[122.18113198025674,29.65531617969799],[122.04814346464923,29.71629738022],[122.07593960972531,29.78098794513761],[122.12326291964814,29.792920345197842]]],[[[122.19551136545726,29.726647479797407],[122.21561764963485,29.726131359774513],[122.21649216028504,29.72120189055488],[122.19551136545726,29.726647479797407]]],[[[122.22778834485632,29.735657694746862],[122.22981246966981,29.741522279929313],[122.23713881020797,29.73276524032366],[122.22778834485632,29.735657694746862]]],[[[122.2140548050852,29.775548425419572],[122.30606201994635,29.733569035482674],[122.25511086467475,29.735217894790082],[122.2140548050852,29.775548425419572]]],[[[122.18977218533814,29.76718225006084],[122.1878231350297,29.757797765154805],[122.1854641350618,29.75881578512042],[122.18977218533814,29.76718225006084]]],[[[122.1903556403006,29.798231349996854],[122.1789866052477,29.790681779740396],[122.17034046464084,29.798208054857923],[122.1903556403006,29.798231349996854]]],[[[122.16122831963128,29.807826010062342],[122.16585808977914,29.798961079690116],[122.15757433998385,29.805549740528136],[122.16122831963128,29.807826010062342]]],[[[122.22447117030833,29.80282230540513],[122.22498737037085,29.810869830278477],[122.23456136491507,29.80319152476909],[122.22447117030833,29.80282230540513]]],[[[122.29686585037871,29.83577466037235],[122.31191335991366,29.77039276501415],[122.21902497042606,29.837842840274902],[122.24186006029356,29.84911293551363],[122.29686585037871,29.83577466037235]]],[[[122.1819538302052,29.817847589994358],[122.19831057547276,29.814211790142053],[122.19250855522569,29.808770014924278],[122.1819538302052,29.817847589994358]]],[[[122.25571888012223,29.864595355391373],[122.26287524969302,29.87768751037038],[122.27327987516617,29.869601585344924],[122.25571888012223,29.864595355391373]]],[[[122.30584105472099,29.897535355472314],[122.30014813482865,29.89301830994708],[122.29669563479581,29.89584596551896],[122.30584105472099,29.897535355472314]]],[[[122.29632412485853,29.925598105468225],[122.30355570473205,29.944389169824376],[122.31066743015788,29.93371421983545],[122.29632412485853,29.925598105468225]]],[[[122.27284538480671,29.935776125168104],[122.217191109782,29.95664234996451],[122.18674228033206,29.97825651482634],[122.27284538480671,29.935776125168104]]],[[[122.1363736896941,29.94722720537129],[122.15687165020654,29.968284949790643],[122.16525427506485,29.956751950342266],[122.1363736896941,29.94722720537129]]],[[[122.12560092494277,29.970286804692307],[122.14093481009343,29.96664358543319],[122.12451864481966,29.96401711989421],[122.12560092494277,29.970286804692307]]],[[[122.10598932994367,29.96285160032113],[122.1218893347251,29.9792654102705],[122.12107269005264,29.963702755577742],[122.10598932994367,29.96285160032113]]],[[[122.16439390535447,29.99021792521711],[122.16673792981169,29.969442774764275],[122.13807305043099,29.97651194517016],[122.16439390535447,29.99021792521711]]],[[[122.12951887539589,29.98601479974326],[122.13832772044805,29.980970155248542],[122.12937698486007,29.985528869961456],[122.12951887539589,29.98601479974326]]],[[[121.93452929029456,30.16747473037458],[122.10016210529693,30.157855150095145],[122.15029352042973,30.112322994710496],[122.29023216498251,30.102074750549377],[122.29543881964582,30.078056075527513],[122.25068516508838,30.066817479942813],[122.3383128848318,30.019550855187845],[122.31512047003378,29.944522139984826],[122.30004476495401,29.946044305500322],[122.2780275896016,29.941459184893517],[122.17044005466482,29.99276123494309],[122.12002422533783,29.989931625144436],[122.09811059972446,30.00953569012006],[122.02284830990163,29.99552735530324],[121.97651759521091,30.057299440316967],[121.98898349469255,30.07576572980463],[121.98419249498772,30.104025270350007],[121.93452929029456,30.16747473037458]]],[[[122.15401293025263,30.118902795427744],[122.14579284976026,30.12880047036549],[122.15794941483364,30.120348194813403],[122.15401293025263,30.118902795427744]]],[[[122.14735212490075,30.1919517448772],[122.20395241477217,30.176960885436586],[122.14822777499194,30.148740840417474],[122.14735212490075,30.1919517448772]]],[[[122.12248119475134,30.21033774469123],[122.13659975047813,30.224322605403984],[122.14536580039146,30.220068404733126],[122.12248119475134,30.21033774469123]]],[[[122.19632860548086,30.228000319958824],[122.1757967549164,30.218711315175085],[122.17552743044666,30.229528710581576],[122.19632860548086,30.228000319958824]]],[[[122.22446809013036,30.223333575084496],[122.23290678502019,30.234458505355803],[122.23966862470729,30.22056619027751],[122.22446809013036,30.223333575084496]]],[[[122.21185266037207,30.23900628521193],[122.20490453961293,30.232139714975915],[122.20521141527468,30.237545670196596],[122.21185266037207,30.23900628521193]]],[[[122.26014619489104,30.27113013974423],[122.31102869501831,30.252871560374274],[122.25084864474923,30.241835254693285],[122.26014619489104,30.27113013974423]]],[[[122.2014957799064,30.33411109974753],[122.24100911547839,30.308045379790485],[122.21781151968594,30.233469480432234],[122.2134943152106,30.239851524728124],[122.18872966514198,30.247306380185364],[122.13782105499774,30.254219900428097],[122.04849098517093,30.303119485375987],[122.2014957799064,30.33411109974753]]],[[[122.26993317047948,30.51549757555273],[122.26345793033931,30.527614685569347],[122.27324758500811,30.526813395022202],[122.26993317047948,30.51549757555273]]],[[[122.10865700511681,30.61474998512375],[122.1286094998286,30.598782204735016],[122.09815292541725,30.604456255052185],[122.10865700511681,30.61474998512375]]],[[[122.13326362541602,30.61392149008475],[122.14225490963645,30.619965784993042],[122.14476269973886,30.613693645045714],[122.13326362541602,30.61392149008475]]],[[[122.28832963030823,30.652513585333736],[122.28054648992861,30.639365510509947],[122.27337853978781,30.6401129397604],[122.28832963030823,30.652513585333736]]],[[[122.31997332510889,29.83230987020437],[122.32548146489773,29.835197169713638],[122.32417593527123,29.827741285432012],[122.31997332510889,29.83230987020437]]],[[[122.35560446007787,29.8394923551881],[122.37499072004573,29.835125915528636],[122.37285637522155,29.828721795574438],[122.35560446007787,29.8394923551881]]],[[[122.34412296030644,29.879423455528126],[122.30241994462483,29.85276823536583],[122.27975895990812,29.864381019968164],[122.29774105530555,29.885460769898657],[122.34412296030644,29.879423455528126]]],[[[122.38409948000708,29.947012684687706],[122.42727461033508,29.92179348038485],[122.40129463533924,29.919972230034432],[122.43176345491952,29.8907921299529],[122.39183370536125,29.86831352055259],[122.41051566036947,29.831643760351312],[122.32337544512075,29.93224810006984],[122.38409948000708,29.947012684687706]]],[[[122.44700996463826,29.94090684557449],[122.45811805960079,29.945098885105494],[122.45346208500723,29.928203560146244],[122.44700996463826,29.94090684557449]]],[[[122.44585268015715,29.959831604944668],[122.44507666505615,29.949338700220892],[122.44129922467948,29.95707547515309],[122.44585268015715,29.959831604944668]]],[[[122.44918561982058,29.97285806534751],[122.44047362995411,29.969954540269896],[122.44788582966737,29.97551294496651],[122.44918561982058,29.97285806534751]]],[[[122.41084947971979,30.007244970279203],[122.38113767526352,29.9754917299594],[122.36570173504708,29.98556368001988],[122.37754166501588,30.02503921528762],[122.41084947971979,30.007244970279203]]],[[[122.42356485023777,30.027318330276785],[122.43090347461577,30.032744410526163],[122.43238470479037,30.02518565009774],[122.42356485023777,30.027318330276785]]],[[[122.78282764987625,30.129651220027824],[122.75562738479607,30.135118849855075],[122.75729242020907,30.14471862976103],[122.78282764987625,30.129651220027824]]],[[[122.7169679851844,30.181641489762967],[122.71461632548312,30.17070659972984],[122.71186342965359,30.17735591534324],[122.7169679851844,30.181641489762967]]],[[[122.6698617554157,30.2047887154269],[122.68758594503538,30.20248980546023],[122.68732127995315,30.183074984822724],[122.6698617554157,30.2047887154269]]],[[[122.69904245984173,30.1969750997211],[122.7089607553346,30.210749754697474],[122.70953245525868,30.19033236984302],[122.69904245984173,30.1969750997211]]],[[[122.64268213517244,30.189640430561496],[122.64645256533368,30.2128254754154],[122.6491016254397,30.187987595351274],[122.64268213517244,30.189640430561496]]],[[[122.58263361974582,30.204159945425204],[122.58703539466774,30.19807930981233],[122.58487531034734,30.19652359508791],[122.58263361974582,30.204159945425204]]],[[[122.46964162516099,30.227700920361258],[122.49804329995834,30.22862732998732],[122.4985604254233,30.218427085341773],[122.46964162516099,30.227700920361258]]],[[[122.3286091046266,30.231357040395153],[122.32788709471367,30.223115914867606],[122.31944796545133,30.227279480064],[122.3286091046266,30.231357040395153]]],[[[122.52514005486967,30.232657049982947],[122.52066891973493,30.229816255315995],[122.51234735974288,30.23331624045221],[122.52514005486967,30.232657049982947]]],[[[122.3968745304353,30.27482733541325],[122.39418061484355,30.22768477033594],[122.27250781978012,30.238551695004787],[122.3968745304353,30.27482733541325]]],[[[122.35507637007845,30.279444989894444],[122.36764496494322,30.282004035058208],[122.37179384960655,30.284354420420243],[122.36602258977075,30.279398045283642],[122.35507637007845,30.279444989894444]]],[[[122.46447577004085,30.441916345263166],[122.47072100047387,30.405905000315556],[122.44639255487255,30.42771425510881],[122.46447577004085,30.441916345263166]]],[[[122.37151880544855,30.471509844803563],[122.43468312462653,30.414442240217284],[122.2801902199028,30.424460110445807],[122.27703257519329,30.47534455041074],[122.37151880544855,30.471509844803563]]],[[[122.3103133301961,30.496422239994445],[122.31009650544945,30.49430117545893],[122.29923194959485,30.501304160258826],[122.3103133301961,30.496422239994445]]],[[[122.33787768041066,30.50867016539587],[122.31498478032347,30.52222232000412],[122.34199100498097,30.528515655173408],[122.33787768041066,30.50867016539587]]],[[[122.35609743964517,30.593436364696515],[122.36335809999639,30.596810080520868],[122.3697859701465,30.589889729927165],[122.35609743964517,30.593436364696515]]],[[[122.3331574546529,30.594735984877843],[122.33808459462841,30.601489805310337],[122.33909804963537,30.60078798517742],[122.3331574546529,30.594735984877843]]],[[[122.42275790475355,30.624758430457234],[122.42763285527212,30.620005259834898],[122.42000363026341,30.614728895122482],[122.42275790475355,30.624758430457234]]],[[[122.51199673476151,30.65120453036485],[122.51684833528248,30.642523034710337],[122.5087594352998,30.64979922995053],[122.51199673476151,30.65120453036485]]],[[[122.55577847489678,30.676983125570814],[122.5676768500067,30.647503749998123],[122.54343264030422,30.654079260049855],[122.55577847489678,30.676983125570814]]],[[[122.52911464462522,30.67411543038287],[122.52664350459418,30.66464993994282],[122.52013043986801,30.67351163005776],[122.52911464462522,30.67411543038287]]],[[[122.4196306553306,30.686472084719014],[122.42111593515233,30.67137993013972],[122.40494043475337,30.67384549527344],[122.4196306553306,30.686472084719014]]],[[[122.77616248461106,30.730061475157015],[122.7853110602573,30.699544764879022],[122.75244346459431,30.70909506048872],[122.77616248461106,30.730061475157015]]],[[[122.42855746535486,30.743581784771607],[122.53439771468288,30.706223650201366],[122.42342066463198,30.686911989896487],[122.42855746535486,30.743581784771607]]],[[[122.81032791530106,30.732673860010664],[122.82966601477483,30.70240359994625],[122.80320760045049,30.720712300332423],[122.81032791530106,30.732673860010664]]],[[[122.45109501002673,30.75736117557784],[122.46140372999821,30.74540915500853],[122.44663921462814,30.749083870324398],[122.45109501002673,30.75736117557784]]],[[[122.38822704983852,30.752982274912085],[122.39023870015592,30.763176145163015],[122.38839291000488,30.74474984492946],[122.38822704983852,30.752982274912085]]],[[[122.77174582500993,30.789651730243236],[122.78725122526384,30.790289880173873],[122.79177527021261,30.777648745093586],[122.77174582500993,30.789651730243236]]],[[[122.75922768480984,30.796351604842755],[122.76896021993821,30.795003065139383],[122.75977211459144,30.790604849734052],[122.75922768480984,30.796351604842755]]],[[[122.63558251462143,30.81845374004814],[122.60507683992432,30.821406199936234],[122.61762575492469,30.82819576032614],[122.63558251462143,30.81845374004814]]],[[[122.63704887000938,30.8191325654156],[122.65037551511796,30.822006185337216],[122.64398941038303,30.81553109538379],[122.63704887000938,30.8191325654156]]],[[[122.67435338969722,30.863003225118803],[122.68367038498036,30.84081207501731],[122.66239291999727,30.85053975020935],[122.67435338969722,30.863003225118803]]]]}},{"type":"Feature","properties":{"name":"安徽省","adcode":"340000","level":"province"},"geometry":{"type":"Polygon","coordinates":[[[116.42485382004782,34.65234017006287],[116.2736648050867,34.6060541552751],[116.24350710506894,34.55336522472538],[116.19124754503821,34.576895655110434],[116.2033514098398,34.513261469840984],[116.15298175530381,34.45102199007283],[116.21316419956827,34.407073520126914],[116.2052562197988,34.38078325474345],[116.34505869979921,34.32825519042473],[116.3665491647123,34.2688288349828],[116.50799519981865,34.296584610391506],[116.57966306040203,34.276662099975965],[116.53877055961368,34.24172647010056],[116.5606358250833,34.17471521003898],[116.52702200975796,34.122467920358304],[116.64481610977566,33.9749357898549],[116.63759565991188,33.885059470018575],[116.568480845115,33.913675939792824],[116.55312187967104,33.88201706983193],[116.43431539034304,33.848286914609446],[116.42720641504411,33.79644154993764],[116.15375484491028,33.70874987490686],[116.0387053103019,33.82225832496175],[116.06005687492495,33.84587239499507],[116.04087393008786,33.87485760029807],[115.97997403996999,33.902793824675314],[115.98007069011032,33.9924154304278],[115.90090011035193,34.00264383464531],[115.89189756482085,34.02959277968307],[115.85021510494323,34.00422772962605],[115.80880637531402,34.06623701532607],[115.64925569959098,34.06478110016769],[115.6454861399734,34.03528620499441],[115.5836374803855,34.013836804924665],[115.54012426522274,33.883912894664434],[115.6293191147854,33.86844979042553],[115.60829148956066,33.777537004629096],[115.5571019797726,33.77120498512204],[115.63522719028265,33.583457099965244],[115.44645652504869,33.57050469513564],[115.40477565517244,33.551485505152016],[115.39326988539699,33.50592596541105],[115.33998663967179,33.50516435475123],[115.30830985971227,33.37544866542362],[115.3618481450759,33.333387254618174],[115.32930967969799,33.29963551476726],[115.32351402035579,33.2170771349019],[115.28861661526469,33.202553895046265],[115.29598604502007,33.14349853512937],[115.11353340044616,33.077136754657545],[114.98993726489289,33.0997156600497],[114.97601967976448,33.149429625177106],[114.89393328479332,33.12848953006778],[114.92729227541827,33.02726021458727],[114.8876750195866,33.0224310395609],[114.88123833518114,32.976246220087035],[114.94145011982721,32.934741555278606],[115.03367316028823,32.93975442043023],[115.01601303477378,32.9094220298029],[115.12744670480163,32.90060843003505],[115.19449567523532,32.857138199768144],[115.20726607976587,32.78816675039525],[115.17598586035922,32.78838756543382],[115.16969760456084,32.66897753028883],[115.20052476980231,32.66939950478337],[115.19404457529697,32.59461999531658],[115.29554409028765,32.59016060532775],[115.30329497018681,32.554085445387045],[115.40467788537615,32.57836742481686],[115.55826025530655,32.405621254817106],[115.59931918463269,32.428237800434204],[115.66043856508782,32.41093265981448],[115.69425802478804,32.49663844021188],[115.73884055005135,32.47808686531664],[115.76505495492233,32.50783087989123],[115.77839214548123,32.4679812203571],[115.88721735979334,32.57903950526901],[115.9245172551673,32.56965328557072],[115.839254085108,32.50612718981802],[115.87772575483973,32.4935308247878],[115.85836163977797,32.46240209528054],[115.93386995983087,32.16423821472188],[115.91741395459042,31.92054488014213],[115.89064515994619,31.878598294775543],[115.90540284046881,31.79519549557574],[115.80962123033555,31.76518189033203],[115.67396866472211,31.781260530149382],[115.51846367465896,31.701682464873898],[115.47171614038768,31.64726576490318],[115.4816515149056,31.61176462513737],[115.36646843546998,31.49619650996101],[115.38726412014307,31.388442569868744],[115.36630648016,31.350858039966624],[115.43763579995232,31.347492560133617],[115.45200185540136,31.28289430522807],[115.51514655496965,31.265960500077085],[115.57931896020193,31.144737574679368],[115.6561733702049,31.219661275147757],[115.70767521543894,31.201839685353264],[115.76353416986615,31.10797187030562],[115.87430194497881,31.149954350313067],[115.93740296537464,31.041578654931016],[116.05356670963602,31.013921400252457],[116.06871811964561,30.95779933477155],[115.8642897854453,30.87142945990172],[115.84137408034962,30.832770255442995],[115.8639795948825,30.776566105241614],[115.78145324527111,30.75847407042204],[115.7560205149349,30.68988390481843],[115.81334000973368,30.59894695963453],[115.87349445990151,30.584132754922734],[115.917553839638,30.519846775208578],[115.88895516025252,30.454254755052943],[115.94055648489393,30.426821945076767],[115.87907068466438,30.383679569856326],[115.89923084542727,30.311612600041485],[115.96861234968026,30.30225819026333],[116.06054078482941,30.21225762009317],[116.08514720997584,30.108782155172378],[116.0695053196149,29.96614448507995],[116.12792940491818,29.90252330490665],[116.13286450029648,29.826706674773277],[116.20931289517398,29.83022114528967],[116.25800186519393,29.78373715554534],[116.46703497468445,29.90093436023261],[116.53470492519216,29.90323820477937],[116.5888137251734,30.05997102034638],[116.66886663968376,30.077526255232556],[116.76467538955762,30.04680250033516],[116.79602634963635,29.99867571541199],[116.82452013029979,30.01335647512127],[116.82838861983896,29.960359935063025],[116.86338565542371,29.98405315982552],[116.89884316008386,29.951267450132775],[116.8228061303987,29.822171950375264],[116.75763675473252,29.80829079498426],[116.64414856460462,29.698654304952242],[116.68378703004748,29.67593076968933],[116.64569529510186,29.642757400034043],[116.7192275752924,29.56619576522246],[116.75544328038313,29.605418404835575],[116.77849113995421,29.570898500065766],[116.83229382959667,29.571856404849257],[116.99143225969112,29.686398405262253],[117.10910227485022,29.70997324956585],[117.09908106993544,29.752301140285454],[117.13370534012938,29.78845529487603],[117.06687574042314,29.831237714648864],[117.12391158455205,29.86457562966166],[117.13699686511325,29.914516275205983],[117.20148807461499,29.9332046396824],[117.25043100508685,29.911958144652715],[117.23838898486383,29.853119065392605],[117.27014084472421,29.827684094845154],[117.33258435998027,29.85792324466206],[117.36388072491559,29.814987129852227],[117.42067978024772,29.850886260092864],[117.40335577005283,29.801371449832573],[117.45455547995152,29.735977179803058],[117.44562626514005,29.693414049818614],[117.52249642497009,29.662029840005175],[117.53742941483574,29.59113495481438],[117.64288210492532,29.617207309969444],[117.72411386516285,29.549393055145458],[117.76918702456157,29.575047759746383],[117.88895583974022,29.5460272002951],[118.02219697041392,29.57638253982242],[118.13202920508377,29.506425494640894],[118.14475676501274,29.4150186545873],[118.19502500480019,29.395190840085263],[118.2433408595931,29.43340093030872],[118.30572300511267,29.423434899700908],[118.30228796541735,29.49751821519351],[118.34093815956851,29.47846631506843],[118.37823972498336,29.512653764759477],[118.48969841504993,29.521248209637236],[118.49445771005537,29.578749255074115],[118.56880162479524,29.640241480060297],[118.64487942974199,29.64794940474127],[118.74051514016162,29.741972444572696],[118.74981718511503,29.84753155503728],[118.83827070013274,29.895427199805454],[118.84687612033679,29.943692205131185],[118.88760094972406,29.938043639802174],[118.89687520472694,30.027109499603796],[118.85086341481485,30.122201450236787],[118.88786855469016,30.1314454601399],[118.89395182531655,30.144898190199342],[118.8415400748147,30.15973252983241],[118.92733744486725,30.207943115382534],[118.87690958980579,30.24787783009782],[118.8757793551332,30.317563899654317],[118.94880788547562,30.362045695452537],[119.05026701011445,30.30536184507315],[119.0857852001269,30.32552471549326],[119.22299759036662,30.290629615364537],[119.24421172958773,30.3439662898125],[119.3971749396718,30.371861690364767],[119.32959041486583,30.449097619759414],[119.32550973478646,30.535768320551597],[119.24141577961461,30.52824255534972],[119.26263218512736,30.57654655527938],[119.23514850499953,30.61189877001226],[119.30767235019891,30.623215569742797],[119.38463965479627,30.691304505398648],[119.40566851479014,30.6457070898104],[119.43729187502004,30.65157547013189],[119.48033317003978,30.703563454689743],[119.47728049509885,30.777085720030016],[119.52196860976358,30.778388489637166],[119.57370840032252,30.831355389839416],[119.54806434998977,30.902895505323386],[119.63297871529551,31.028789070559185],[119.62071598975115,31.08303788509039],[119.64518810025072,31.10531218470959],[119.61747496529745,31.133407890361923],[119.58534233967725,31.105216795418812],[119.52750972499382,31.161254304842373],[119.38072400480905,31.170721129876313],[119.40279684010216,31.196789869756742],[119.35805012021694,31.199998290189],[119.37584343982292,31.267788984574054],[119.34866722531228,31.30464241511544],[119.34234221512122,31.25970404970218],[119.23390154012407,31.256172875178095],[119.18072230009409,31.303463894942865],[119.09903948488443,31.23574472993539],[118.78205224531496,31.236371200370627],[118.69649111007675,31.301914034804895],[118.74952878512545,31.38743009961945],[118.80626704538793,31.37354916456235],[118.87129025963782,31.43638142975925],[118.86344098491361,31.61798248020733],[118.79580586964528,31.623020545262023],[118.76898962497125,31.68414547993001],[118.72174112964944,31.63013879526926],[118.65179118011895,31.64347299018641],[118.64016662968629,31.680829085094274],[118.68543254527583,31.722997050273705],[118.63419400534917,31.76198862977151],[118.52384995481168,31.73904354022727],[118.54084036509084,31.76223249533342],[118.47732056459245,31.784886635310045],[118.49900152480063,31.842554045432905],[118.46148464460077,31.859774299944036],[118.47306992523693,31.88518286010094],[118.4091583998403,31.888921505523115],[118.35377161466829,31.93520053977312],[118.39052923503618,31.994557290386695],[118.38963840528822,32.07869741495381],[118.49543832541849,32.122950274835375],[118.50428605985383,32.19668770477381],[118.63858332016412,32.21183696000776],[118.67049109458844,32.253739580217484],[118.65275407524041,32.30498915032905],[118.7024622550291,32.33695001982761],[118.67323477956154,32.39504067968369],[118.68588541507995,32.47511541534419],[118.58861053464852,32.48238307511889],[118.61059140526925,32.520400240079084],[118.5642818102574,32.58809268532923],[118.71461975989405,32.61218106500422],[118.78217784013532,32.58482893500741],[118.8197224599237,32.60405086995172],[118.8397491846772,32.569436020156274],[118.8798725951442,32.59214838494006],[118.88259577017868,32.55492444540687],[118.92926496540588,32.559734324579495],[118.97039439528521,32.50715580020005],[119.03490371983082,32.516059455379605],[119.0796756648001,32.45256316495812],[119.14716298998007,32.50590340521802],[119.17134984002314,32.5955987949485],[119.20614729985812,32.57052157021434],[119.22325215965952,32.605635204701],[119.17951347007067,32.82780657471369],[119.09481161006784,32.833466535352386],[119.03940908496133,32.91283154044328],[119.00977020473124,32.90880338976467],[119.00375133005991,32.961693790036406],[118.92946093487433,32.93934755004943],[118.8434483147879,32.960085675413666],[118.84224369539027,32.92444225480625],[118.80247496494769,32.91704076511928],[118.80537193037037,32.855909814886104],[118.73356316490822,32.853567259921135],[118.75461370485868,32.739181055361485],[118.47861317995432,32.722468159677874],[118.44636380524548,32.74548490540411],[118.3647744898509,32.720690114557215],[118.35827498510253,32.77405032516242],[118.29608228986581,32.78480000521614],[118.28093988476792,32.85902856031987],[118.23893676981618,32.85524390018588],[118.22293895027235,32.926700650314785],[118.30477274007,32.9648982498544],[118.25107190494452,32.979688650410935],[118.20588230492444,33.06323018532487],[118.2072666996985,33.19915316988295],[118.1656961649461,33.21644803035235],[118.1453727700374,33.17072525466682],[118.03227504485744,33.13713858537744],[117.97394674994257,33.228668115441224],[117.93525279028415,33.231984494988524],[117.97838793495532,33.29796182517816],[117.96455005494113,33.3511821651249],[118.01870362497243,33.3717108401832],[118.04423452979972,33.49342454540647],[118.10133290019326,33.47682336530613],[118.10640531035688,33.61820074526821],[118.16297533984016,33.66525622539456],[118.15102118967627,33.72341686509628],[118.1804169750634,33.74612670458379],[118.10555255970291,33.771645175384606],[118.01675786528335,33.739886454596274],[117.95506388009403,33.761985200256845],[117.92663129020195,33.727531160035085],[117.73263637506875,33.726860030166335],[117.75297327509668,33.88744404490677],[117.70443059509591,33.88321383455087],[117.66527065981313,33.9339100446129],[117.66471064478048,33.99611432491622],[117.61765001513618,34.03434742969017],[117.55875794512315,33.97972915477675],[117.50837544467106,34.062285610092886],[117.40855754499478,34.022440244821496],[117.35248330995682,34.08866928535929],[117.30074813022213,34.06453117497381],[117.14359819020433,34.07987467027988],[117.12380673529265,34.127081414575684],[117.019967404672,34.16850560534948],[117.0439255652127,34.244751999904906],[116.96962821017382,34.28877834034819],[116.96544035968486,34.39272573980111],[116.87697625515011,34.411915909791446],[116.82838443979017,34.38589812999476],[116.75153391036179,34.46533158968117],[116.56769914539927,34.48661732482975],[116.59414670040996,34.513600179704554],[116.51518248538343,34.542528180031525],[116.42485382004782,34.65234017006287]]]}},{"type":"Feature","properties":{"name":"福建省","adcode":"350000","level":"province"},"geometry":{"type":"MultiPolygon","coordinates":[[[[118.71759711481502,28.317041460495034],[118.61697359975187,28.259675664999975],[118.57638944501696,28.290278430505225],[118.49815152966937,28.28287945981924],[118.4868929898197,28.241445229913495],[118.43893576037715,28.254731644749654],[118.42710181539655,28.29671210038316],[118.36994737047485,28.27048858537995],[118.30715599475343,28.22450312491935],[118.3705365649106,28.18977582029794],[118.34769830043626,28.089914209972846],[118.13258753029038,28.06087137521382],[118.08318718484077,27.967223480379346],[117.99120546036374,27.99536994556661],[117.85086756988255,27.949017159714174],[117.78252318989337,27.90041073486759],[117.78294296464617,27.85573572512368],[117.73425063475906,27.803665189996593],[117.5969700399354,27.872010849720994],[117.58274687506832,27.947477770382875],[117.51703293472224,27.986949380109877],[117.34720702528409,27.860766535347352],[117.32039850039052,27.898968404868015],[117.27415133991246,27.87432761482762],[117.30190695973852,27.779811535174247],[117.20212150490363,27.719720019563283],[117.1997440553439,27.687136474768522],[117.11223717030919,27.697619959993233],[117.09549046011671,27.63057148958262],[117.04722258505433,27.674204790318868],[117.01462090992709,27.655710520224375],[117.01226533457759,27.563450979878894],[117.079113409956,27.56779639968414],[117.12779258995613,27.427932840428298],[117.09351742039269,27.341502360245784],[117.16733461480067,27.29498674044578],[117.16106531041578,27.271977264838938],[117.04354653514451,27.15580776041986],[117.04739953026422,27.103883554882202],[116.93480483457552,27.02193605480511],[116.89409575501509,27.040671565340517],[116.75118223497225,26.980979204826497],[116.69358931029853,26.992108504903626],[116.56134245479052,26.870039199649398],[116.53737664461653,26.8127311298378],[116.55987478009706,26.76459203499445],[116.50547325528657,26.71737213001984],[116.56245753498729,26.639255679805842],[116.52968023485505,26.56276706544776],[116.6451509300714,26.47180716506864],[116.60456628520592,26.437302965159745],[116.59547357544523,26.374663684581435],[116.55011172017976,26.366799175341725],[116.55162244541953,26.40273598987409],[116.51205221513771,26.41369305539024],[116.49512361975928,26.36256875544376],[116.39168153497496,26.275153960087266],[116.38641270478251,26.175146385297467],[116.46900583535103,26.17788422018066],[116.48645967527386,26.123610810090838],[116.37910559534703,26.035463300191225],[116.36226145979856,25.963031434952825],[116.12755134971508,25.86166183512563],[116.17321018989844,25.756893190068695],[116.12473465957692,25.764243299688587],[116.10523666963661,25.707565300298427],[116.05341926039057,25.69487253513944],[116.06472537977254,25.64737799969498],[116.03574211520652,25.608780854752695],[116.05913221987612,25.565086845281712],[115.99948456016443,25.49172550462839],[116.0027880254471,25.31911365017487],[115.9423704651249,25.292799655279907],[115.92748036033038,25.238851180137885],[115.85073714969974,25.21311396993383],[115.87557501987135,25.096031609571185],[115.92457731459149,25.052323764929838],[115.86964664487687,25.023753794601987],[115.9193812800221,24.966805395152903],[115.86541979978404,24.971706974597225],[115.90329907529213,24.92670054039769],[116.01468040477687,24.90812894029841],[116.08596949519608,24.839340070388005],[116.1870249753224,24.881356284864694],[116.24312591033254,24.834523955316342],[116.24344435037654,24.795412485397947],[116.39147358473815,24.880584285236637],[116.41423136528533,24.843419489617816],[116.37072068531143,24.805850480215554],[116.4397762599665,24.718709950204072],[116.4825456098921,24.721178810453807],[116.52230631478471,24.607850439746073],[116.59262203028254,24.657784395233705],[116.79713765987515,24.680518080245236],[116.81053203472572,24.65756051980219],[116.75218294029048,24.55027765538955],[116.84682894499986,24.478378165420054],[116.83479932013256,24.442344265475526],[116.89955568035043,24.3736763103135],[116.90938763463168,24.289237549673203],[116.93482628970162,24.287245125062498],[116.92862964514211,24.223171680328846],[116.99285032508249,24.188230810103846],[116.9221483849401,24.103439329961134],[116.94965629999831,24.006699549744496],[116.97689166022201,23.999999999800195],[116.95524384542716,23.8689918902636],[117.02863465506539,23.828000984757693],[117.04542963007339,23.70265729469844],[117.08603672021854,23.666605904738788],[117.18867516542662,23.619855544797588],[117.22543878517183,23.62538228976092],[117.20857216027707,23.68036683516135],[117.22925369490213,23.660807300116858],[117.23981560460652,23.684944645179257],[117.2327099451079,23.603024225487673],[117.27949031542573,23.630964379902252],[117.27449584500732,23.73547136001531],[117.34487943503791,23.754087005311078],[117.3806884649008,23.786768530343465],[117.39710112012062,23.787309995060298],[117.35041253011423,23.7512700804499],[117.3396018751265,23.687886494865893],[117.37570344995436,23.635079959972245],[117.31845509962318,23.572572230424157],[117.43756823528588,23.583262619973993],[117.42384475982783,23.653871960522622],[117.48733358048037,23.65641460475024],[117.4857046501495,23.721169874989812],[117.53597713024044,23.73656535021081],[117.48895664003692,23.762612695219786],[117.44069290545326,23.738924674833925],[117.40362351531303,23.774030760411335],[117.44068016475785,23.759394245548037],[117.50425567016316,23.86552944013158],[117.48303268970687,23.906874415022287],[117.42574955989437,23.915986765077207],[117.40240009468869,23.93899258493991],[117.43343632532617,23.943768810582185],[117.59213202007675,23.879230110581204],[117.61272220966225,23.810491420142966],[117.58073279478276,23.770053130047984],[117.59027312500473,23.71905978038461],[117.64106237982503,23.79352537519594],[117.63460150005926,23.89122275982254],[117.70681631032448,23.951543894834913],[117.69732971459473,24.044005174699123],[117.74338010520773,24.010275909805443],[117.76905848985746,24.038532850410775],[117.76681463009118,23.99830789029693],[117.7916432399436,24.001077685286987],[117.7311409598874,23.937761234993047],[117.74798599475787,23.906866304936102],[117.80772079517862,23.999532374819296],[117.89861537509955,24.03462963984606],[117.95537482968473,24.20522560547738],[117.96897403502373,24.153566570440944],[118.06889465976076,24.251586344933912],[118.13824028466149,24.26873476519728],[118.0995261550081,24.35659216010015],[118.04037619990174,24.344299899920486],[118.06526746462191,24.409141250568325],[117.90610827008061,24.393821160118478],[117.87937093462097,24.42883384480615],[117.90519387539712,24.477699670103732],[117.91082235526756,24.47938230524926],[117.95392874501567,24.465151399917204],[117.95970812483017,24.456975094824827],[118.04143393033166,24.441005299954668],[118.06892019960753,24.507724450323167],[118.02914740962535,24.551802955042376],[118.10002425981179,24.56714515532468],[118.18096875500407,24.66377747465077],[118.20418868995614,24.65099609479398],[118.17868086532974,24.624917199769015],[118.19474407997541,24.566958734857792],[118.23930953520698,24.53640125021758],[118.28859391487731,24.586181540345876],[118.39239159969259,24.582586700116167],[118.43113841520574,24.61734916013569],[118.44223003009188,24.697918274708684],[118.44002361539765,24.629885775108505],[118.56971945488897,24.58272932000216],[118.57384025012755,24.520852025100908],[118.67266072521238,24.589130675440344],[118.6525504102733,24.683745159811338],[118.69920421000631,24.669893705430184],[118.77831554512636,24.760554574933735],[118.72679829000913,24.777975899867954],[118.72810196973023,24.817027740238075],[118.65036993022818,24.791069670029287],[118.63900976518858,24.85349870979769],[118.68531782505761,24.88090694040301],[118.65271373974736,24.905585379661602],[118.66987899981609,24.95690599981208],[118.69902839974088,24.93855720045451],[118.70208560546644,24.850887740476878],[118.83092094484584,24.858525325583344],[118.8720609048869,24.896169830373424],[118.92615200531088,24.87474763479554],[118.98503524038415,24.883181809692815],[118.89897052976619,24.938488844784388],[118.91368249505115,24.961124265372575],[119.00745563486976,24.94493926993141],[119.02734499987196,24.960495999890554],[118.97946736043036,24.987345604915788],[119.01705676016138,25.053094085523696],[118.97820431028072,25.017899735084768],[118.8572310654614,25.08747165549255],[118.96230312019293,25.11861941555361],[118.9368972247272,25.143359075261174],[118.9772268497394,25.17278680007081],[118.9652076902828,25.209939589740316],[118.87056174492864,25.246393439805445],[119.03024471002539,25.27855652456401],[118.97065677968669,25.235364795449016],[118.99271257012902,25.21085845045718],[119.07778815959591,25.22259226492116],[119.02422462486663,25.162927920087498],[119.06897049489248,25.102566204966422],[119.15881337973372,25.14108435975544],[119.09939729544885,25.200546005493834],[119.13279318525736,25.248416044764724],[119.1769642949663,25.18434624048666],[119.2753875700804,25.173239505298966],[119.30205656965506,25.19591101028493],[119.29097804979722,25.243039314812563],[119.36915158987404,25.265624189904486],[119.29473110505648,25.321623829776],[119.23036298486397,25.309818059655754],[119.210717855045,25.3622787746458],[119.11849298536299,25.407705294763616],[119.16583224476233,25.45390699001564],[119.19116071039855,25.425975050008617],[119.22782720516147,25.44948170501675],[119.21014549501865,25.474573950227693],[119.25953668536977,25.501843919961004],[119.25837876506796,25.433747744762684],[119.3436829999705,25.411542000462987],[119.32699360986726,25.483028855397436],[119.3540238104506,25.55810691999841],[119.39701036014003,25.500337649962603],[119.45457271505882,25.506561230116745],[119.43240844479396,25.434232230233306],[119.499401984614,25.462678515001528],[119.48346082505714,25.430603415415362],[119.51257108468792,25.39088573049213],[119.48522373009109,25.365956405563736],[119.55986130495535,25.389444334888196],[119.56763495478936,25.416419835107376],[119.52797750465822,25.433862585489976],[119.56131106515363,25.461677185553697],[119.58538998485994,25.452169214737523],[119.59193770046454,25.340590635149738],[119.65337605965749,25.355918459769157],[119.61907669023708,25.35911581494298],[119.6596472553166,25.376451810402784],[119.64473209001403,25.43233589008929],[119.60729419007487,25.431855314870916],[119.63279104027436,25.45619395518696],[119.60285770042265,25.475384605415286],[119.59655819500472,25.589566560448475],[119.53095451513877,25.58473070525787],[119.53519526464981,25.630754340140754],[119.47664459976852,25.627833700065253],[119.46045369038552,25.665204339708566],[119.60397529512386,25.698102950291002],[119.63224188545473,25.753392374858265],[119.61958353465252,25.890652725043253],[119.67951647010909,25.911029310354422],[119.71382743538788,26.009274669890146],[119.6237766947387,26.027366950224632],[119.53663056015228,26.074170389951576],[119.49511432466636,26.01536108544576],[119.4821709400369,26.016107170209807],[119.5480214900997,26.122871945084228],[119.6069692902006,26.14174921485443],[119.59652211510354,26.157485675223768],[119.59885828038534,26.174372765091107],[119.67268782518306,26.232760620306408],[119.63587492978422,26.26745608533014],[119.76370203022452,26.301433779845127],[119.798977479727,26.277544885088446],[119.79042249979864,26.311956124775406],[119.8441100753198,26.335394200182236],[119.90143165474717,26.316880715172942],[119.94844247004403,26.370604019859684],[119.85876069964661,26.350732685365188],[119.83634509045362,26.42952277995238],[119.74325526002224,26.354888350017404],[119.65290059528627,26.361326264695435],[119.66284058962162,26.424523630361307],[119.62464920979323,26.44111441519817],[119.62933059473119,26.47934006009575],[119.74613648461116,26.455167604601343],[119.76338077979926,26.40860630014066],[119.82663711491102,26.44968343534231],[119.75942650482943,26.546148784738648],[119.78143462041146,26.583915480415158],[119.66883465019896,26.620290520191418],[119.59827976000304,26.586694839695156],[119.56002209474389,26.61642142990513],[119.63408899491128,26.689408670573755],[119.59300135472881,26.719995074712983],[119.62456182986466,26.706536050298553],[119.62379846013084,26.716843570574383],[119.6286480101976,26.72490537488318],[119.64281135036356,26.733354490217607],[119.63406073461522,26.734622179969676],[119.63427463027006,26.738285530552844],[119.6475963048257,26.74180040486482],[119.55777149995481,26.73807550018421],[119.58748899981754,26.77821899970712],[119.56594567994921,26.797997995411208],[119.62269234977214,26.799122680367475],[119.6120955346812,26.75891961514816],[119.65149699009407,26.760679234958786],[119.72688838479121,26.704389714813544],[119.73624621019451,26.72786243480357],[119.6807880404358,26.759046555354303],[119.68319085537371,26.819353210382417],[119.74547270490143,26.736002134790738],[119.79752547032422,26.854352534741736],[119.8520552996124,26.851999839920722],[119.78634535495428,26.814382500052375],[119.79160403000208,26.78397125506939],[119.84799991476427,26.814243454971518],[119.85442264528888,26.78033529513783],[119.80600200958509,26.776625519751974],[119.7851378999942,26.71013446533334],[119.84038153018355,26.710572255305408],[119.86715537991688,26.647855845271067],[119.90275793533056,26.66729759970451],[119.88507820999143,26.67629229055683],[119.93779621022702,26.795596774971216],[120.07386689044472,26.80266901026664],[119.96961649500531,26.69070937983406],[119.99051307012212,26.68002555983179],[119.95106512965208,26.617114270307354],[119.89828206526511,26.62385351542747],[119.84366182982967,26.586639884822887],[119.83557072470921,26.524642919834946],[119.88195947984616,26.517967110194036],[119.95594145523398,26.609989500215306],[120.00957296522029,26.604806760323754],[120.07923436007775,26.648176670317127],[120.09218688002056,26.617964840105344],[120.13281313022185,26.647712854864437],[120.10561081468745,26.642679115548788],[120.10014430001945,26.692518490236182],[120.15301473983845,26.72723180500384],[120.09274960471055,26.757678905057446],[120.1348263804332,26.798042670133157],[120.09279081974057,26.793809090017533],[120.05184990035264,26.895147934829367],[120.0966324699126,26.876666355068267],[120.13957663545341,26.931681720235247],[120.22524794034018,26.912608255266832],[120.2431055102112,26.96538283994613],[120.18468143480038,26.956254624951043],[120.18592733038201,26.978542694989414],[120.26402770971106,26.99304723973836],[120.2653191451625,27.028547830018397],[120.24017907040786,27.03004794505665],[120.25685143994201,27.064405280279516],[120.2921649352636,27.04100864473321],[120.2604862298557,27.11388558535151],[120.3847340600289,27.085417859846416],[120.37445698989825,27.122446065533552],[120.41633535988899,27.122361430335786],[120.37978004471336,27.140035935110348],[120.42927865998229,27.13510885988603],[120.4395367948872,27.150008084705405],[120.38716250024925,27.17093638970266],[120.35743247462904,27.23941964030422],[120.30977754509775,27.2082071254585],[120.29702978999285,27.229707210419463],[120.2838446001482,27.231327304911247],[120.2626770646948,27.255283399709185],[120.2414951301962,27.245322130112243],[120.22300103546945,27.251350485436603],[120.19471396487768,27.20131773042897],[120.18679542526877,27.275382615215563],[120.20671681962563,27.29562259980321],[120.23172318497711,27.252019355309073],[120.24561115543054,27.304811455184563],[120.27167821537739,27.256050430582945],[120.28071066516509,27.290937935037732],[120.32805847981501,27.291681145568475],[120.29401778958936,27.25926038975524],[120.30487056522452,27.228819895222045],[120.36762751040135,27.25009502556503],[120.41443785512297,27.163653140180315],[120.43180776041982,27.167992840297416],[120.39114706978148,27.247688875041604],[120.42651700475608,27.260156754830405],[120.3454624604243,27.347274809884595],[120.34159240516544,27.399099884951795],[120.26880332471376,27.390876164903148],[120.24449138526927,27.44309784998586],[120.13064365518062,27.425481159927642],[120.04619284002763,27.340392124696848],[119.99000228038096,27.38315846998745],[119.95188040016035,27.367892784924152],[119.9408115749942,27.317780730396464],[119.7658793572466,27.308946517267998],[119.7805492927157,27.329745655337774],[119.68082220478095,27.441682889953483],[119.70398971015709,27.51779531969828],[119.65385510962562,27.54504515540964],[119.67205504510434,27.576984034685495],[119.6272229498793,27.58569655515197],[119.64351815004261,27.64381171973514],[119.61543557539153,27.67679598984313],[119.49655139543063,27.65268526021663],[119.46496666467988,27.527792724954338],[119.34076278977102,27.524202269818943],[119.26293316483373,27.424395615265496],[119.14302913029019,27.428479194759063],[119.11681615534133,27.439306579834863],[119.1214115695883,27.48387801465873],[119.06100835525149,27.47018404955429],[118.98590087022899,27.50646765525812],[118.95232467984022,27.452331684959347],[118.8988769849849,27.465143305419247],[118.85342268031252,27.52217720971049],[118.9066626596541,27.572286655304936],[118.86995789514083,27.68565501976343],[118.89359821998198,27.72254254000626],[118.83551086513432,27.785690280182337],[118.8140397851081,27.920504575126074],[118.7488772254037,27.944350484986956],[118.71289312541751,28.03537313016585],[118.71225278473833,28.067959515019652],[118.7987289154072,28.121114055169585],[118.79266373464372,28.169306010364153],[118.75619058962411,28.173746850037162],[118.809045835397,28.23255030984899],[118.72922122997579,28.25740615477025],[118.71759711481502,28.317041460495034]]],[[[119.77853357476477,25.652113639832635],[119.68350517022748,25.603155089935512],[119.73681824466632,25.509689140541468],[119.69584611520611,25.513362045522058],[119.6724668446692,25.477971020546192],[119.76683869015346,25.39674317056091],[119.75821934035037,25.440843990158044],[119.85877011015248,25.469249215478953],[119.80514831464302,25.49546768528552],[119.81072169485037,25.542472115395867],[119.88528120046703,25.567125410509334],[119.78285268490356,25.610042680025686],[119.77853357476477,25.652113639832635]]],[[[118.47268509544085,24.450870350186563],[118.41156349545906,24.525591839891547],[118.37719716971367,24.460699125364386],[118.30326356975797,24.485598039717786],[118.3077580854673,24.42576131013641],[118.2781292299801,24.413466914966193],[118.32019364002451,24.385787630494804],[118.37450088530773,24.43277026013942],[118.45688603506255,24.42148895485144],[118.47268509544085,24.450870350186563]]],[[[118.19232271472151,24.473141340300685],[118.19371265021869,24.528493669747093],[118.13753087964642,24.55996384035899],[118.08788194989211,24.54056558973025],[118.0662245204453,24.4628146455795],[118.13184159031721,24.423747165099655],[118.19232271472151,24.473141340300685]]],[[[119.47918801471519,25.242037364832584],[119.441719949716,25.206890305243462],[119.54955721019712,25.167678235362303],[119.53560058459936,25.186786065224794],[119.57203396969203,25.21000553972391],[119.51704720476471,25.206445770356083],[119.47918801471519,25.242037364832584]]],[[[119.59857970458972,26.128129020238134],[119.5400817651614,26.082453424785797],[119.64134194987116,26.06513804988117],[119.63566564045698,26.110423455578086],[119.59857970458972,26.128129020238134]]],[[[119.1152981303045,25.026192264961082],[119.1521986250666,25.10500180019295],[119.11143714021193,25.083817094883045],[119.11645460989234,25.052131399944187],[119.09073277539733,25.05367688488036],[119.1152981303045,25.026192264961082]]],[[[119.75579022473914,26.672569365284005],[119.6649292147116,26.679023805004647],[119.65232443472496,26.661201154909406],[119.68850184038763,26.637456510509594],[119.75579022473914,26.672569365284005]]],[[[120.3528872497468,26.97028496527895],[120.32036970529771,26.941972100332237],[120.39063073482066,26.93164540471173],[120.37304307038141,26.938489495493855],[120.3528872497468,26.97028496527895]]],[[[118.37251200042851,24.56228770021727],[118.2900604249487,24.559958300535186],[118.36892278006235,24.54186184554777],[118.37251200042851,24.56228770021727]]],[[[119.58126222527153,25.633195504868695],[119.61580599984711,25.681393740029137],[119.55699724482702,25.63816883042722],[119.58126222527153,25.633195504868695]]],[[[118.26692953546979,24.43734052484541],[118.23184071507706,24.44837333486157],[118.21201823984995,24.412231455117592],[118.22580023958949,24.405412354696466],[118.26692953546979,24.43734052484541]]],[[[120.13072865460379,26.555598285232747],[120.15284390012596,26.606953809870504],[120.11442084504597,26.56925688989361],[120.13072865460379,26.555598285232747]]],[[[119.65021888529338,26.136373990367417],[119.62699421541072,26.173257495137364],[119.60317288042415,26.172391459698133],[119.65021888529338,26.136373990367417]]],[[[120.01164914998833,26.214490355145813],[119.96734767005898,26.221098310039054],[119.96648755036017,26.19401355028515],[120.01164914998833,26.214490355145813]]],[[[119.96513919501785,26.165987815485323],[119.91645168459763,26.17514547518357],[119.90901951004241,26.145280589927324],[119.92537531461915,26.137658365241407],[119.96513919501785,26.165987815485323]]],[[[119.71104956538522,25.638323199955778],[119.67176451012415,25.65987562545979],[119.65962481543295,25.648839594971378],[119.71104956538522,25.638323199955778]]],[[[119.81412345513343,26.623124810061995],[119.7914764503779,26.631179454868004],[119.75586570483847,26.620933285442845],[119.77242659531123,26.604323665205015],[119.81412345513343,26.623124810061995]]],[[[119.93940248483682,26.696406915047135],[119.90431518969433,26.69339003492223],[119.90249524515946,26.68736373544806],[119.94213184990497,26.664345694698113],[119.93940248483682,26.696406915047135]]],[[[120.0649330953861,26.519779360129405],[120.03860956497954,26.520100005311065],[120.02571313035673,26.496587385099815],[120.05586396495005,26.497682100148836],[120.0649330953861,26.519779360129405]]],[[[120.51093552975101,26.364851410164476],[120.4697103148792,26.377445450447226],[120.46938662459308,26.371112654825197],[120.48430615970153,26.35573377029732],[120.51093552975101,26.364851410164476]]],[[[119.62827150992234,26.7054766354384],[119.64792888491013,26.73507910481686],[119.62494026548097,26.715024220491443],[119.62827150992234,26.7054766354384]]],[[[119.73111313985953,25.36536633518824],[119.70340121989045,25.374284609747008],[119.69630937038119,25.361218804903956],[119.73111313985953,25.36536633518824]]],[[[119.68421907005416,25.309354360215593],[119.69660759546423,25.34407254031555],[119.68431389996658,25.33181072038849],[119.68421907005416,25.309354360215593]]],[[[119.5950567696542,26.75365031550973],[119.58970332045192,26.780306175089947],[119.57995030506254,26.754583190361984],[119.5950567696542,26.75365031550973]]],[[[119.87181034996775,25.590507805291054],[119.89645696491709,25.60948588006937],[119.87133576963015,25.607562150173123],[119.87181034996775,25.590507805291054]]],[[[119.67224733994283,26.116327105511573],[119.66990439017547,26.145099870262868],[119.65693967002983,26.132639130191762],[119.67224733994283,26.116327105511573]]],[[[119.97505208468601,25.95385841483403],[119.9711444854297,25.967103565177467],[119.96127513463978,25.950255875508276],[119.97505208468601,25.95385841483403]]],[[[117.93740479509529,24.408508255551624],[117.97604671998022,24.40688326515061],[117.9786698553296,24.41340217996668],[117.93740479509529,24.408508255551624]]],[[[120.28762750480553,26.929188245541127],[120.3125538799577,26.940127730210634],[120.27981182515566,26.934945275404175],[120.28762750480553,26.929188245541127]]],[[[119.8098042047003,26.669326714856084],[119.80150151518285,26.68671332505994],[119.79368970981227,26.686675235173993],[119.8098042047003,26.669326714856084]]],[[[119.48248212524993,25.332844005446532],[119.48381450503541,25.35414226545322],[119.4621778202503,25.337399975428582],[119.48248212524993,25.332844005446532]]],[[[119.6466277250895,25.65618698054476],[119.65551954968748,25.6757493403598],[119.64359520035828,25.659110000226406],[119.6466277250895,25.65618698054476]]],[[[120.26063449028959,26.9211149649837],[120.24474127538963,26.9364515849727],[120.24346660959645,26.91823797979896],[120.26063449028959,26.9211149649837]]],[[[120.3657891450531,26.70189114995668],[120.34223864989383,26.703220245418038],[120.34585578971303,26.694484605180435],[120.3657891450531,26.70189114995668]]],[[[119.93365275027429,25.966834155272124],[119.92669428011698,25.980368420566208],[119.9238211898961,25.979190920224823],[119.93365275027429,25.966834155272124]]],[[[120.15792152006213,26.795758644845648],[120.14811669023311,26.801870420383636],[120.1348933898181,26.79968046508145],[120.15792152006213,26.795758644845648]]],[[[119.02361714991162,25.17471178991724],[119.01274625023927,25.18632463477411],[119.01362341478887,25.174533330249062],[119.02361714991162,25.17471178991724]]],[[[118.05355535979209,24.444971370432427],[118.07047741979716,24.447380360115574],[118.05601024008058,24.454312660001335],[118.05355535979209,24.444971370432427]]],[[[120.14268033972598,26.531442430323978],[120.14121978046853,26.546258265506594],[120.12917519537905,26.533452510425093],[120.14268033972598,26.531442430323978]]],[[[119.64979010023296,25.67857950054355],[119.63962651015538,25.67983257541306],[119.63578245969279,25.671282785472215],[119.64979010023296,25.67857950054355]]],[[[117.92331374962987,24.470136254784393],[117.90555944980883,24.477238280122606],[117.92424650037572,24.464330375546467],[117.92331374962987,24.470136254784393]]],[[[119.97838624472945,26.27194048546511],[119.99233200022172,26.275725599756697],[119.99044647982123,26.284377549984015],[119.97838624472945,26.27194048546511]]],[[[120.7219622500578,26.989528265417164],[120.70995558488244,26.993247509764842],[120.71200987475595,26.976637630522305],[120.7219622500578,26.989528265417164]]],[[[120.00670529970989,26.546551850087837],[119.99791374502342,26.55403508994749],[119.99407420016428,26.53651928493713],[120.00670529970989,26.546551850087837]]],[[[119.65756165015011,25.411194944890838],[119.66729778976128,25.424121235206883],[119.65775985982975,25.429034090351024],[119.65756165015011,25.411194944890838]]],[[[118.06407730542333,24.372438020298432],[118.07340175518686,24.384765460157894],[118.06269563469584,24.38267412990723],[118.06407730542333,24.372438020298432]]],[[[119.52395303040805,25.27001326549987],[119.5130252746967,25.28299042057148],[119.5095007803368,25.270939530335113],[119.52395303040805,25.27001326549987]]],[[[119.57263299461704,25.667330835249913],[119.58583276517004,25.67635769035519],[119.58659433536036,25.680456804737787],[119.57263299461704,25.667330835249913]]],[[[117.44550213981199,23.918629119838045],[117.43370276027417,23.931187824858284],[117.43008199528788,23.93052895544696],[117.44550213981199,23.918629119838045]]],[[[119.90298933988618,26.411162995376003],[119.91358715502327,26.42131818038979],[119.91680098487757,26.42464644987382],[119.90298933988618,26.411162995376003]]],[[[120.12108426472707,26.692079479884114],[120.13062405535595,26.697688084737365],[120.11703751516927,26.697678995289436],[120.12108426472707,26.692079479884114]]],[[[117.31661961030682,23.603495409985214],[117.32172871460853,23.613512950162544],[117.30843007978444,23.605257664809415],[117.31661961030682,23.603495409985214]]],[[[120.36501786038605,26.639034000518734],[120.35623388968236,26.6497737403659],[120.34696251520802,26.64616176984987],[120.36501786038605,26.639034000518734]]],[[[120.70307067477188,27.002318410066607],[120.6894035949,27.00800318030258],[120.69176785500258,26.996299520106845],[120.70307067477188,27.002318410066607]]],[[[118.14433080022627,24.322397245136813],[118.150986494731,24.334393819918887],[118.14137951035616,24.340884614733227],[118.14433080022627,24.322397245136813]]],[[[120.21197549467342,26.883877885456116],[120.22517990482879,26.881876005373385],[120.22385933494047,26.88981375989715],[120.21197549467342,26.883877885456116]]],[[[119.77399008017812,26.688156809789007],[119.78645175464487,26.686083750164983],[119.78514618005227,26.691396350361345],[119.77399008017812,26.688156809789007]]],[[[120.41674647506989,27.101753880237425],[120.40692154539306,27.10431057547271],[120.40141968017417,27.09838371043992],[120.41674647506989,27.101753880237425]]],[[[117.714649179616,23.78038235995797],[117.70814682041953,23.771735790374464],[117.72106580014668,23.773301305011273],[117.714649179616,23.78038235995797]]],[[[119.81035565998582,26.564526445139393],[119.81210521548337,26.57545772529386],[119.79755728474095,26.570544090437465],[119.81035565998582,26.564526445139393]]],[[[118.17228588968214,24.385805535097404],[118.16470761036794,24.395529024844677],[118.16104783009337,24.39624594549406],[118.1633105648308,24.387041170313807],[118.17228588968214,24.385805535097404]]],[[[117.54377087002968,23.730985445421993],[117.5496692850096,23.74132972548648],[117.5471460454537,23.740724700284716],[117.54377087002968,23.730985445421993]]],[[[118.99045005482628,25.17485490982625],[118.99999917502203,25.186003225168747],[119.00035080544535,25.18969204545158],[118.99045005482628,25.17485490982625]]],[[[118.37964910022583,24.561208969718223],[118.38744183547237,24.55671774013166],[118.39342022985977,24.561208969718223],[118.37964910022583,24.561208969718223]]],[[[119.45574649490493,24.987525060133464],[119.45440703026031,24.995847579702115],[119.44459915532684,24.995503825541164],[119.45574649490493,24.987525060133464]]],[[[120.14420768533648,26.555571589757108],[120.15979680527835,26.557416555229906],[120.15624188505501,26.562609890034423],[120.14420768533648,26.555571589757108]]],[[[120.12895417979166,26.494428485186518],[120.14134142996306,26.4940820447506],[120.14073141532265,26.498134385393598],[120.12895417979166,26.494428485186518]]],[[[119.63984831534754,26.112936195549025],[119.64306498975748,26.12164290549572],[119.62993582048182,26.120930090251534],[119.63984831534754,26.112936195549025]]],[[[119.66900333513593,25.760244425539838],[119.67882140028746,25.765837179842038],[119.6660665198541,25.766567525570906],[119.66900333513593,25.760244425539838]]],[[[119.80434058495007,25.437652594791473],[119.80297225026925,25.448494025478965],[119.80028761028507,25.449257840377072],[119.80434058495007,25.437652594791473]]],[[[119.36216438997462,25.120941670122022],[119.36778568965792,25.126937159722218],[119.36520004524596,25.13115915027464],[119.36216438997462,25.120941670122022]]],[[[117.66468238988045,23.79787677998945],[117.67162615971961,23.79149064018094],[117.6655955147213,23.80570065516116],[117.66468238988045,23.79787677998945]]],[[[119.3604172446602,25.330961465399355],[119.36262377536696,25.333959470553168],[119.3560064999001,25.335523145177035],[119.3604172446602,25.330961465399355]]],[[[119.39764188026857,25.43639307538018],[119.39109032995486,25.44532032517293],[119.38481064469556,25.43845128989517],[119.39764188026857,25.43639307538018]]],[[[120.38846565026961,26.959638250404964],[120.36962386504945,26.96177728519359],[120.3738120599786,26.957399735309593],[120.38846565026961,26.959638250404964]]],[[[117.28402778005807,23.59349380039862],[117.29415298976869,23.59951807549885],[117.28928301969563,23.60377093977712],[117.28402778005807,23.59349380039862]]],[[[119.75412255970843,25.298966204926444],[119.76205908485895,25.301072964845503],[119.75613589985198,25.305062655117467],[119.75412255970843,25.298966204926444]]],[[[120.00320307526181,26.24500365969118],[119.99822915525135,26.249436765194616],[119.99545891509695,26.2425367905405],[120.00320307526181,26.24500365969118]]],[[[117.68853723540519,23.777575455343026],[117.68441881977276,23.78736267015114],[117.67796376491583,23.783752564829058],[117.68853723540519,23.777575455343026]]],[[[119.87918711998964,26.414691790293944],[119.88883130032434,26.41945759549168],[119.88227127030291,26.425324669997565],[119.87918711998964,26.414691790293944]]],[[[119.02408927509998,25.03246218987823],[119.02730130541102,25.040850240346344],[119.02211154001566,25.042873075532043],[119.02408927509998,25.03246218987823]]],[[[119.79232133016535,26.601435284710647],[119.80194370463835,26.60537929032205],[119.79511853019608,26.608125040138532],[119.79232133016535,26.601435284710647]]],[[[119.64298808513206,26.748911374860086],[119.64750796981707,26.757530985466644],[119.64124049015652,26.754581274806014],[119.64298808513206,26.748911374860086]]],[[[120.12703667500261,26.83180286540994],[120.11683542491494,26.832711214850747],[120.11249090533113,26.829612665492164],[120.12703667500261,26.83180286540994]]],[[[119.58823427968832,25.190835535231827],[119.59421435490856,25.197170210436923],[119.58643677503721,25.192850360156058],[119.58823427968832,25.190835535231827]]],[[[120.27447647480949,27.244132409782935],[120.28210283547753,27.24170564050297],[120.2789676747185,27.249711819944594],[120.27447647480949,27.244132409782935]]],[[[119.92242145988257,26.650571250163125],[119.92074913006832,26.643625335440902],[119.92480986498333,26.645444690020497],[119.92242145988257,26.650571250163125]]],[[[119.5820686050821,25.24583152540464],[119.57822896039829,25.254721755504647],[119.57529672986027,25.25397900003088],[119.5820686050821,25.24583152540464]]],[[[118.77615319991025,24.828345070568616],[118.76490523518851,24.831212530134223],[118.76494696013413,24.828576750316813],[118.77615319991025,24.828345070568616]]],[[[119.0358865852977,25.075669905341897],[119.04096348487701,25.08486766491086],[119.03417824483017,25.080214300149862],[119.0358865852977,25.075669905341897]]],[[[119.59066863025316,25.23910777470411],[119.59189390527956,25.24525704477685],[119.58409755026184,25.24171222034272],[119.59066863025316,25.23910777470411]]],[[[120.38461906012162,26.677686405203474],[120.37902707024318,26.68484691525299],[120.37935178485702,26.677950070239604],[120.38461906012162,26.677686405203474]]],[[[119.56717126973842,25.26337673554798],[119.57578751508186,25.269244124816566],[119.56831353464202,25.270511069929967],[119.56717126973842,25.26337673554798]]],[[[117.91047200008279,24.401594999709516],[117.91434200048297,24.406303000083426],[117.90567700019346,24.40403499981545],[117.91047200008279,24.401594999709516]]],[[[120.31830286538502,26.650542075256624],[120.3245110401524,26.656620510228436],[120.31731713018144,26.652748265120408],[120.31830286538502,26.650542075256624]]],[[[119.2524677604788,25.356615205027765],[119.2592721354008,25.356800565193964],[119.25566295548106,25.360276755168172],[119.2524677604788,25.356615205027765]]],[[[118.00211952479629,24.43178598993154],[118.01018590035903,24.434381419866668],[118.00114372979931,24.435671099841443],[118.00211952479629,24.43178598993154]]],[[[119.62412023036438,25.25615584501628],[119.62584814007971,25.26122832982361],[119.62098825500402,25.257928944765013],[119.62412023036438,25.25615584501628]]],[[[119.63510124033007,25.23099092019487],[119.64054533489934,25.23454805994504],[119.63358863011126,25.234220794853854],[119.63510124033007,25.23099092019487]]],[[[117.75969982988329,23.81505836994785],[117.76094751511584,23.818663615333605],[117.75378817508431,23.814365085280485],[117.75969982988329,23.81505836994785]]],[[[117.71912928998483,23.790464555095184],[117.72641584991163,23.793364794949355],[117.71893912024427,23.793354575053627],[117.71912928998483,23.790464555095184]]]]}},{"type":"Feature","properties":{"name":"江西省","adcode":"360000","level":"province"},"geometry":{"type":"Polygon","coordinates":[[[116.76467538955762,30.04680250033516],[116.5888137251734,30.05997102034638],[116.53470492519216,29.90323820477937],[116.46703497468445,29.90093436023261],[116.25800186519393,29.78373715554534],[116.20989725485447,29.830013480138064],[116.14102790011759,29.829343575145913],[115.94438345543222,29.722292785283855],[115.83965153958695,29.748002989746226],[115.67490834024773,29.85083100035041],[115.50600845012991,29.842309760287264],[115.46383428502429,29.808721679961593],[115.46458923980163,29.73916383484317],[115.3547564853236,29.648916919680175],[115.2808285052314,29.621046590427852],[115.25945681018368,29.659949555227854],[115.10841212022319,29.683397614908074],[115.14121113988222,29.640318015064395],[115.11138760455435,29.597636969570544],[115.17281364033727,29.59474614471884],[115.14809663005553,29.57804949978464],[115.15333065468599,29.50893938034818],[115.08372341970016,29.52196982025106],[115.08177268496149,29.56274124980888],[115.02876171528101,29.548840294943716],[114.99423980502308,29.574921844767346],[114.94279027964774,29.545789624591578],[114.95716751456916,29.50565420997384],[114.89520083964715,29.50877504003614],[114.8936100297791,29.533286825027005],[114.85471558515621,29.47770582496389],[114.88016128011907,29.43862014040718],[114.92200717019477,29.490744415422512],[114.94440991008935,29.466318090307652],[114.87493497976561,29.393554115330232],[114.7531045200576,29.365087374582743],[114.7301031248594,29.39606563492117],[114.66544011966585,29.3962886299164],[114.49943870493234,29.325107865535642],[114.43894953519293,29.35174717489224],[114.34470835490674,29.323597050363617],[114.3042008898592,29.36822943494053],[114.26889695523039,29.356903794874313],[114.24953351466002,29.23865618473519],[114.06696235472896,29.208384224952056],[113.94805262502871,29.1004396753508],[113.95886612007541,28.94556473502456],[114.00352531524118,28.958240480513837],[113.99720850506856,28.923124295549826],[114.06283380013986,28.894454885384732],[114.07287239974153,28.83525649009499],[114.14851805526405,28.835242545207336],[114.12824159507363,28.611932475203616],[114.08030031960413,28.560087874955514],[114.2128448749911,28.487709190227008],[114.17707514999825,28.439640465535092],[114.24863891045743,28.3980426300634],[114.24971918509243,28.324738530358957],[114.13963335509527,28.25081393531491],[114.09883307978282,28.18495814040591],[113.98742767005103,28.166072915232917],[114.04163012003403,28.060660365483557],[114.02121972471059,28.03466346524675],[113.96135980521092,28.043247660551117],[113.89840676466054,27.99141158497673],[113.85977549494316,28.01123436507396],[113.84371470486974,27.973591329776127],[113.8105200797379,27.98335254518389],[113.74802071478427,27.938980780538657],[113.72256655000638,27.87995520976517],[113.7594525396031,27.805599039963795],[113.60186152528922,27.638909765273524],[113.57493589517549,27.53984567463823],[113.62423832513866,27.518144994995566],[113.58904087024007,27.46631453478801],[113.6267665802136,27.409467655308106],[113.59454265541922,27.388892669661004],[113.60278557959089,27.35740277961463],[113.66940008484607,27.330110364601694],[113.86528337482798,27.383051795104336],[113.86339929514145,27.286041620224637],[113.76379762486056,27.121835975350052],[113.92178113479156,26.95200165545208],[113.82942007987288,26.804941740069296],[113.85597730540837,26.663723065267277],[113.90223887482432,26.617292870269807],[114.1024511198234,26.579023850170586],[114.06664303964465,26.488871540089576],[114.09891740021794,26.47840293055083],[114.08328726489538,26.413501194924265],[114.02623341993649,26.378550790086933],[114.0241812551609,26.26965256521379],[113.93746173467139,26.168319295299284],[114.03029859480432,26.191947540446677],[114.08255109515699,26.170668770547366],[114.17229104539547,26.21688284047076],[114.22730048043286,26.18558391516558],[114.2320928650937,26.155858090278684],[114.1014055302411,26.103841140356394],[114.11049468498175,26.079509709905267],[114.04000357470522,26.080784800178435],[114.00235950518709,26.015027214834163],[114.0224332896646,25.896785935022933],[113.90827927027215,25.728906119821602],[113.98866672538918,25.56743434022269],[113.93455515010021,25.4528152049578],[113.99427784474676,25.44745500004825],[113.98011565031709,25.406511639900316],[114.03842254046788,25.393507845111003],[114.02180522473145,25.333726955334782],[114.05132362458562,25.314243240333326],[114.01202627469286,25.27714119041366],[114.03495562969863,25.253853620148504],[114.18680759969106,25.32093104513166],[114.29467107540984,25.292311860304153],[114.31038150040592,25.342206779819094],[114.3754928653035,25.31867482508318],[114.44269367007689,25.38939352049465],[114.47605407983201,25.37337043989396],[114.53526656480017,25.42194091973772],[114.5969325846711,25.388205784969045],[114.6201667199183,25.33404526497702],[114.71032780468454,25.3185315855643],[114.73876271033089,25.277567239736356],[114.74456801490203,25.23305117976821],[114.67440762491208,25.198061194868274],[114.73156829044433,25.158433880119503],[114.72539173494067,25.118616499951543],[114.63802553535027,25.073896855055864],[114.55673716458853,25.08178294982332],[114.50412633476265,25.003905065466427],[114.39078846541543,24.952852925322304],[114.39858337522264,24.88043890533129],[114.33660252518644,24.811064889732904],[114.32805169023334,24.749470285025666],[114.27000585528606,24.705191030042045],[114.16326198515253,24.692563440550373],[114.16981880459423,24.648723120375735],[114.25312688000156,24.64644380483776],[114.29935299544445,24.577934294931822],[114.35192344031464,24.593903905440925],[114.42400714471398,24.487716495320058],[114.52402251482727,24.562021109686498],[114.58596525519249,24.53934318533976],[114.65936801502198,24.586688450411714],[114.70124799030259,24.530873065439664],[114.74509555991222,24.62062432015631],[114.84422520033274,24.606196889574846],[114.86499492517567,24.565094930386806],[114.90797976525403,24.668271654912985],[115.0199818050163,24.67085601509308],[115.0490432800234,24.71356094478182],[115.11897655522387,24.66728976521057],[115.27572919005013,24.75736071002882],[115.35548048543615,24.737521785302192],[115.40313649505322,24.797560070041243],[115.52110253465435,24.719866425295322],[115.57142847494424,24.616669500197304],[115.66766651979412,24.607674445119585],[115.68569944487353,24.547174800077016],[115.84958378986005,24.568233919559816],[115.75630146044409,24.67179264011827],[115.80344085001525,24.70076725500485],[115.75115355039611,24.739786635245082],[115.77669645487754,24.86627738539306],[115.8011869798953,24.86078939491472],[115.81580683481764,24.90982892516479],[115.86103744482227,24.893685390268615],[115.8564880947498,24.86650352981411],[115.90390080537793,24.883806424826673],[115.86541979978404,24.971706974597225],[115.9193812800221,24.966805395152903],[115.86964664487687,25.023753794601987],[115.92457731459149,25.052323764929838],[115.87557501987135,25.096031609571185],[115.85073714969974,25.21311396993383],[115.92748036033038,25.238851180137885],[115.9423704651249,25.292799655279907],[116.0027880254471,25.31911365017487],[115.99948456016443,25.49172550462839],[116.05913221987612,25.565086845281712],[116.03574211520652,25.608780854752695],[116.06472537977254,25.64737799969498],[116.05341926039057,25.69487253513944],[116.10523666963661,25.707565300298427],[116.12473465957692,25.764243299688587],[116.17321018989844,25.756893190068695],[116.12755134971508,25.86166183512563],[116.36226145979856,25.963031434952825],[116.37910559534703,26.035463300191225],[116.48645967527386,26.123610810090838],[116.46900583535103,26.17788422018066],[116.38641270478251,26.175146385297467],[116.39168153497496,26.275153960087266],[116.49512361975928,26.36256875544376],[116.51205221513771,26.41369305539024],[116.55162244541953,26.40273598987409],[116.55011172017976,26.366799175341725],[116.59547357544523,26.374663684581435],[116.60456628520592,26.437302965159745],[116.6451509300714,26.47180716506864],[116.52968023485505,26.56276706544776],[116.56245753498729,26.639255679805842],[116.50547325528657,26.71737213001984],[116.55987478009706,26.76459203499445],[116.54509161458645,26.841218150297436],[116.69358931029853,26.992108504903626],[116.75118223497225,26.980979204826497],[116.89409575501509,27.040671565340517],[116.93480483457552,27.02193605480511],[117.04739953026422,27.103883554882202],[117.04354653514451,27.15580776041986],[117.16106531041578,27.271977264838938],[117.16733461480067,27.29498674044578],[117.09351742039269,27.341502360245784],[117.12779258995613,27.427932840428298],[117.079113409956,27.56779639968414],[117.01226533457759,27.563450979878894],[117.01462090992709,27.655710520224375],[117.04722258505433,27.674204790318868],[117.09549046011671,27.63057148958262],[117.11223717030919,27.697619959993233],[117.1997440553439,27.687136474768522],[117.20212150490363,27.719720019563283],[117.30190695973852,27.779811535174247],[117.27415133991246,27.87432761482762],[117.32039850039052,27.898968404868015],[117.34720702528409,27.860766535347352],[117.51703293472224,27.986949380109877],[117.58274687506832,27.947477770382875],[117.5969700399354,27.872010849720994],[117.7369712350345,27.80442339042719],[117.78252318989337,27.90041073486759],[117.85086756988255,27.949017159714174],[117.99120546036374,27.99536994556661],[118.08318718484077,27.967223480379346],[118.13258753029038,28.06087137521382],[118.34769830043626,28.089914209972846],[118.3705365649106,28.18977582029794],[118.30715599475343,28.22450312491935],[118.48205205975478,28.331814749651016],[118.42517022002971,28.40151627495618],[118.47719999968035,28.474180714768238],[118.40930870982913,28.501002955222248],[118.44060714500381,28.515708815009873],[118.40465382971058,28.571316960209572],[118.42788508982505,28.67933053997251],[118.38571287984564,28.703372465167206],[118.37835302517203,28.79032380479981],[118.29174498014675,28.836096375047703],[118.26431478539905,28.92189632975186],[118.18992846043011,28.907759644591977],[118.22278468506522,28.9476260351135],[118.12833056510351,28.986502870111394],[118.12201472979598,29.018788285151288],[118.09459166037686,28.993105724949316],[118.07025435465482,29.07802069010279],[118.03191845467302,29.097775809705922],[118.03557943014664,29.212117520307345],[118.07936735491955,29.22296985977124],[118.06668308475662,29.290718000035724],[118.16489731965567,29.28442717487428],[118.20392073515382,29.350375025287235],[118.18674652503216,29.40743159519201],[118.12502229474319,29.43397622482297],[118.12522803984223,29.514693759909164],[118.02219697041392,29.57638253982242],[117.88895583974022,29.5460272002951],[117.76918702456157,29.575047759746383],[117.72411386516285,29.549393055145458],[117.64288210492532,29.617207309969444],[117.53742941483574,29.59113495481438],[117.52249642497009,29.662029840005175],[117.44562626514005,29.693414049818614],[117.45455547995152,29.735977179803058],[117.40335577005283,29.801371449832573],[117.42067978024772,29.850886260092864],[117.36388072491559,29.814987129852227],[117.33258435998027,29.85792324466206],[117.27014084472421,29.827684094845154],[117.23838898486383,29.853119065392605],[117.25043100508685,29.911958144652715],[117.20148807461499,29.9332046396824],[117.13699686511325,29.914516275205983],[117.12391158455205,29.86457562966166],[117.06687574042314,29.831237714648864],[117.13370534012938,29.78845529487603],[117.09908106993544,29.752301140285454],[117.10910227485022,29.70997324956585],[116.99143225969112,29.686398405262253],[116.83229382959667,29.571856404849257],[116.77849113995421,29.570898500065766],[116.75544328038313,29.605418404835575],[116.7192275752924,29.56619576522246],[116.64569529510186,29.642757400034043],[116.68378703004748,29.67593076968933],[116.64414856460462,29.698654304952242],[116.75763675473252,29.80829079498426],[116.8228061303987,29.822171950375264],[116.89884316008386,29.951267450132775],[116.86338565542371,29.98405315982552],[116.82838861983896,29.960359935063025],[116.82452013029979,30.01335647512127],[116.79602634963635,29.99867571541199],[116.76467538955762,30.04680250033516]]]}},{"type":"Feature","properties":{"name":"山东省","adcode":"370000","level":"province"},"geometry":{"type":"MultiPolygon","coordinates":[[[[117.87058894962036,38.26164924501683],[117.80005199999994,38.226848654641685],[117.76621647031413,38.1351862704301],[117.70268975492843,38.07713681031561],[117.55801728956635,38.0625703103716],[117.42841032467697,37.850925610128854],[116.78888591515295,37.846236744630176],[116.74143030956134,37.75881312512581],[116.67417725957296,37.7270998803553],[116.4319860698015,37.47539417989765],[116.36443086469296,37.525288725294615],[116.37296541472233,37.56251198494027],[116.33755192468163,37.56507873459611],[116.32962151042443,37.58046694959006],[116.31385089020648,37.579390300122384],[116.27066458490276,37.52156885501881],[116.2729617402922,37.46462372010876],[116.21869136991097,37.47897826513497],[116.22187586477946,37.42574349017002],[116.27986724487778,37.403079624924885],[116.2308422449737,37.360990850447536],[116.16064378038618,37.38412381466247],[115.97057887021901,37.33690089516023],[115.9655570550143,37.24230376500691],[115.90325320986778,37.2027030953717],[115.85949412005778,37.07051262016137],[115.77074205530164,36.991834980400085],[115.79100980016221,36.96865106509472],[115.75929920029819,36.90869159963768],[115.70511428529608,36.8816506053912],[115.67755763957359,36.8120465647973],[115.47299338543644,36.759284370077694],[115.43931783525,36.693028869686714],[115.34808344469525,36.62834259993116],[115.27666447508568,36.479000820331635],[115.31183321013464,36.44983652043919],[115.29064993025031,36.41233875532936],[115.33868070984693,36.39645565960109],[115.36199131534704,36.3474446855239],[115.35117890488277,36.30853505045229],[115.41322325514932,36.326030699857085],[115.41362119975884,36.288272290533826],[115.46181469009593,36.267707035551325],[115.48129745991014,36.149628505151554],[115.44138970507095,36.00899532497442],[115.35205828536164,35.9752378699319],[115.3284287703716,35.794140179925535],[115.35360481531018,35.77995741979919],[115.49660960484948,35.88874787981098],[115.63829798026768,35.92140701532162],[115.7943628351768,36.008327099915846],[115.98472072018512,36.04687112550221],[116.09507500500752,36.11426462531227],[116.04262574018594,35.9704969354853],[115.90643725507539,35.960542055571466],[115.8648070745869,35.915162105047216],[115.86962267524632,35.85949752469105],[115.76747653511404,35.85418435522382],[115.70059579456051,35.806082750418625],[115.68779687522567,35.75419871040225],[115.50543796968657,35.72492956484757],[115.33889749502339,35.55273762993778],[115.34987938002939,35.493744645199286],[115.23597177487761,35.42469129007111],[115.08553685044535,35.4160245397008],[115.06860707515648,35.3759332799969],[115.01715729527302,35.37097810455589],[115.01903335480552,35.321862130133184],[114.92492056533194,35.248672335160165],[114.92559677457166,35.19605495017595],[114.84282426522793,35.169791990008434],[114.87939313498521,35.103695219958524],[114.81400585988263,35.074968985230555],[114.8497242749554,35.03640824034801],[114.81012577538434,35.01126153489196],[114.87172757466817,35.02607712995564],[114.91256139469283,34.96998462519031],[114.95560309530663,34.99622437025846],[115.02746194491294,34.968988959672856],[115.11994144504172,35.007390895073854],[115.15085383004032,34.9606847152275],[115.21927384031551,34.95423510036966],[115.18331471989848,34.91559691036929],[115.24946109025723,34.91017443999846],[115.2404669003273,34.84375087520277],[115.3112729396945,34.86288802026604],[115.42582355471336,34.80481484502923],[115.43944754986467,34.662894209800015],[115.54489988022533,34.573460240397935],[115.67852704488735,34.55668970986227],[115.70047965970855,34.600897184557596],[115.82323483471998,34.55925152493808],[115.97126776529547,34.58255038978882],[115.99411018463763,34.616277089815924],[116.10036957019963,34.59801219540651],[116.14332146991,34.556958150298556],[116.19709795510664,34.5794753397152],[116.24350710506894,34.553365224725496],[116.2736648050867,34.60605415527522],[116.36974308537515,34.63701307029703],[116.38914740462917,34.70261733472239],[116.35742339497381,34.747340575107614],[116.39034851037559,34.75175910529856],[116.4386499751165,34.89688514013716],[116.62661523000895,34.94171990994596],[116.74981386521779,34.90853867032354],[116.79286200497768,34.93479419489631],[116.78093740024099,34.97577024000475],[116.7961124651182,34.97063356518703],[116.79348072955213,34.929281625047],[116.80019111992442,34.96821193463313],[116.80989598021563,34.9278350799251],[116.96360043491222,34.870107155321136],[117.07426261522755,34.70334707970403],[117.05452864498102,34.64833994513242],[117.12272451002832,34.644736420149854],[117.14897682492074,34.50569408491418],[117.231533850407,34.4457969946356],[117.26246395025123,34.53428752484945],[117.29684733523641,34.54550049515177],[117.26675514543365,34.557386910177854],[117.2993825249838,34.57439203516441],[117.36927707987343,34.584835544624866],[117.482191064566,34.4707616449341],[117.58325785996249,34.46327994471386],[117.67866976959431,34.54797992963012],[117.7914089503629,34.52267579964854],[117.78813354482725,34.655020239692476],[117.89775065536855,34.64555042531197],[117.9561148898905,34.680422129577664],[118.0064414803901,34.649592090102885],[118.09576336009115,34.65644839997367],[118.1092597000752,34.61488322967733],[118.07233751456465,34.57115986543556],[118.18388751459725,34.54475090483055],[118.12160729014442,34.48624538501656],[118.17581224473963,34.45133300981064],[118.16490759980593,34.38248580987221],[118.29460927499815,34.426065424679734],[118.3701145598393,34.41542508509963],[118.43108906490852,34.507362224787016],[118.41758685504954,34.60917065510182],[118.4704711246427,34.62226724463767],[118.46253763020763,34.674977050250675],[118.49192689011397,34.665285605146664],[118.54114790984818,34.71916719501013],[118.67440663036177,34.67950633464977],[118.77130801515284,34.72085958959849],[118.70466953037476,34.751384935166755],[118.72546182010717,34.7914636097579],[118.76903843027935,34.79781732540931],[118.75913930473519,34.849912730388326],[118.79905357965902,34.84823316013228],[118.81840365990115,34.90995690478741],[118.85693901512366,34.92833191488597],[118.86323548982602,35.0330646401211],[119.1104636052113,35.05125495015591],[119.12697485490571,35.097087855020675],[119.23828573509866,35.12719697995675],[119.3018355954365,35.07975132986002],[119.39091114003713,35.094013215037876],[119.39084587983382,35.12845315478933],[119.42272106012888,35.11383303456694],[119.40323403472314,35.12985811975648],[119.37595698462735,35.13438185533852],[119.40716816487895,35.16123769986007],[119.38325774035263,35.17767922511632],[119.40822638543943,35.26969785507214],[119.47182272543853,35.331191234787696],[119.51570602960965,35.337677600441],[119.53010081030425,35.30620008506594],[119.53623430536891,35.377798714938876],[119.55053665464311,35.35439501971439],[119.62870563515719,35.56751695983991],[119.65789548478881,35.57246321040901],[119.64025119004054,35.612439110476544],[119.66965023996681,35.589583540348144],[119.7366333998117,35.641624105568155],[119.74956445023929,35.58821619042493],[119.78444843474756,35.57882706052061],[119.81535967041259,35.65071871020035],[119.87285947028852,35.613503084899605],[119.94636004488018,35.716206880243476],[119.91632475968004,35.760758250293065],[120.01256219478955,35.72247527991033],[120.06661299029736,35.88670983978727],[120.20850790491602,35.946921850163335],[120.17510744475283,35.892058814862594],[120.29267653529394,35.972951015377134],[120.30427285510825,36.012328795237806],[120.24007126507695,35.97469914994599],[120.24914399999568,36.02325300042571],[120.20530309975845,35.99570320034252],[120.18805721996489,35.9988580904286],[120.23510432020839,36.06070779053209],[120.10591738547907,36.10033284978124],[120.09836022044806,36.12999481470905],[120.13059834014132,36.148898070389805],[120.12991293533378,36.17473725472064],[120.113792705469,36.186870225180826],[120.11202030539289,36.19069123501254],[120.11475257527115,36.19453038506924],[120.21661767996204,36.21999569514537],[120.22656256031394,36.190628640399495],[120.30642240477027,36.189587544729534],[120.27676526470543,36.217988939837824],[120.3121108451395,36.25960467991206],[120.36969714001111,36.15161357510652],[120.34537801498357,36.156516130315254],[120.28869653521713,36.052426670354635],[120.39570890963864,36.05229778041837],[120.54432075000284,36.116417899966166],[120.71185063000269,36.13405669536024],[120.64598590032938,36.32771147520441],[120.7291196754328,36.32934881509584],[120.68788993966916,36.382681199777664],[120.75521163041253,36.463369000579064],[120.83835829459963,36.46363425022054],[120.8502749547257,36.38506779004655],[120.88546597497486,36.375974494827176],[120.90390960964112,36.45569618543067],[120.95766133020629,36.46932227510308],[120.9421689548335,36.49451964476583],[120.97450161036124,36.54436404486495],[120.8501334796764,36.610874615471175],[120.80151819470893,36.585379615177146],[120.7666340204438,36.58638240512403],[120.80605495517227,36.593625794894706],[120.78239204475733,36.628848539628564],[120.81778362461466,36.60720511532389],[120.86988622956585,36.62893316043704],[120.86798858000907,36.65479247968938],[120.88948988535003,36.62329089485894],[120.89518521002947,36.65968362969579],[120.89973547471243,36.62755337468866],[120.9456150750757,36.62987641976105],[120.92923244462168,36.59126569505594],[121.0132595648771,36.579302520195256],[121.0486305097902,36.63616794999098],[121.0833917997918,36.62135639558136],[121.20799425962741,36.69238988518515],[121.23535340973228,36.66978241552613],[121.2950402097382,36.7130900402733],[121.39117085035468,36.70516134012388],[121.37851245998218,36.74149429972215],[121.47205899492678,36.77211749512634],[121.46919421534096,36.82292520043774],[121.48754572525513,36.79447165544258],[121.5269604195878,36.82430262007],[121.59614764509786,36.852346604812055],[121.47917395521404,36.77876815522632],[121.54283595471577,36.73532669517101],[121.56864109970707,36.737241340115816],[121.56261985981871,36.76733448050197],[121.64299275041515,36.7372659050975],[121.62310431531205,36.823853305285866],[121.72187056037808,36.82687446528445],[121.76429860499684,36.883838545312756],[121.96553614008087,36.94723086511243],[121.95075583981031,36.979862109948385],[121.99967687538765,36.96512073503408],[121.99453834976521,36.97674604989044],[121.99929581465017,36.99138497493681],[122.03815452471167,36.90232504526472],[122.09989168455377,36.95333669972899],[122.14151514530795,36.94897741957243],[122.19199800020772,37.04978124960513],[122.22715804960433,37.03548276022133],[122.1423881603854,36.93819800973051],[122.25329377009155,36.90714709496257],[122.19350799969459,36.907182805242314],[122.1806731497461,36.84606566499849],[122.3440292104799,36.83083581971738],[122.44123020980646,36.87676005523241],[122.41050460500367,36.906500615511106],[122.42820592486362,36.92517646052539],[122.50267773488963,36.934637970565916],[122.48877831966388,36.89491479977835],[122.51154893983175,36.90094855013564],[122.53479850025076,37.02222278545332],[122.57270476980932,37.042089830181624],[122.4368888396483,37.0217042102812],[122.4247489596969,37.04077809972955],[122.46371922975868,37.06164778511737],[122.44708922009158,37.11442746535522],[122.49173712516847,37.15604003531945],[122.57679046001181,37.14808956977788],[122.55998008501297,37.182951215126536],[122.62201212535933,37.20016392972167],[122.5576767953479,37.255319140366055],[122.55436448972944,37.31600867546018],[122.58441719479777,37.31585754528959],[122.60544446029371,37.37570681501762],[122.70560473547027,37.39584324986606],[122.62909619483366,37.42469432038661],[122.49008345538732,37.40514623551047],[122.4948390496827,37.37936406999597],[122.4806182203547,37.42767776012067],[122.32744665533892,37.40936298481398],[122.24505548462298,37.46088579504345],[122.17004355976258,37.428525380142275],[122.12049151037513,37.507446255040804],[122.15787318469984,37.53636976505277],[122.11758084468033,37.56443811512696],[122.01201969005683,37.52807684037407],[121.96436042489381,37.48134632487313],[121.97345583981519,37.44305177481965],[121.95535781461149,37.47754714518476],[121.75657879037908,37.45387316051813],[121.76657026460623,37.42390674989673],[121.74620163469785,37.45334753016448],[121.6479645201465,37.46627799513345],[121.65052696474777,37.44517093549041],[121.55573175531629,37.44108204999674],[121.47178957962547,37.46663506465654],[121.431901144922,37.53315870511017],[121.37310778000005,37.55504799057246],[121.37241106981503,37.593299640266196],[121.43245934512288,37.59507658012012],[121.38666520013908,37.618990795289164],[121.34326131016144,37.63095542525275],[121.36455519496644,37.60409186544729],[121.30257531979521,37.57597354004696],[121.17466023508211,37.58366514473079],[121.1320152497043,37.61272640479979],[121.13771929960603,37.711841639879935],[121.01556452997909,37.716536750270905],[120.93149132486485,37.77861257501041],[120.93035367528205,37.81653483001844],[120.7462790647271,37.82803625966568],[120.57589619974999,37.75656262476531],[120.4475337697678,37.747477735509165],[120.3625873454298,37.693874765508156],[120.22164001047815,37.68676339981113],[120.3238748354554,37.643976729842336],[120.20836462492764,37.59222638483982],[120.24568162540686,37.55359987523423],[120.16071163523384,37.48179649041583],[119.83782713541405,37.37088429047776],[119.83401234979033,37.34444734027261],[119.90549167020458,37.299735934965554],[119.89842518967089,37.26463389543807],[119.7497726549841,37.122231485295],[119.71799003021579,37.15776838480326],[119.67415347460337,37.11573378548587],[119.67628104483447,37.15454827498303],[119.59425274966475,37.14800214488321],[119.5609671653026,37.05002515024063],[119.55035047519436,37.12437053537201],[119.49982330979799,37.12347193458214],[119.47186170475402,37.087055359617125],[119.46588528527775,37.11484619509588],[119.3804648103029,37.11939568995922],[119.32982722974293,37.06744822975219],[119.30335611968928,37.10253659508777],[119.25026271455272,37.08939051496037],[119.28926787471266,37.1492667301755],[119.28182950023131,37.20394558971731],[119.20641461524235,37.221966695007154],[119.18113829499646,37.19039222462152],[119.19222810494341,37.25024985984328],[119.10012937956742,37.20814214024767],[119.02935181003807,37.267818080040456],[118.96343848459844,37.277656245039736],[118.98782226008927,37.31569608011006],[118.95514275493429,37.31087299529247],[118.94241981482276,37.34358976025936],[118.9001496596793,37.35674735980297],[118.8960455549585,37.34108520501832],[118.87782247992357,37.32785440965341],[118.86947080973016,37.32921660466263],[118.88026121018686,37.37189304472838],[118.93331632488855,37.354416335045926],[119.00507072543382,37.372982954699694],[118.91812950497285,37.380727899972726],[118.9268477298391,37.48231402507224],[118.88746206472263,37.52707115550959],[119.0284773254682,37.67075044557674],[119.0220461898798,37.72299449500008],[119.1790742249957,37.71819540049745],[119.26025875014136,37.655414720413205],[119.19289686509842,37.72598746035311],[119.2725143602496,37.680007785231226],[119.17848434527639,37.74866732993337],[119.30182922014262,37.77839497055152],[119.27691070506512,37.8049622900777],[119.2251036254321,37.77785557517478],[119.21502525960807,37.78187849989291],[119.20687195467713,37.79844205056031],[119.19559631961454,37.79905071981506],[119.16466095963563,37.76730185020028],[119.0768778046671,37.777658915027075],[119.0886929700049,37.912432045302694],[119.00239567492076,37.95051128506782],[118.96172793539608,38.07795568980339],[118.92921243960257,38.07955454500626],[118.94847044005894,38.09864310959199],[118.80223045457183,38.14646000972175],[118.78819957465066,38.07210262493629],[118.65077258009057,38.115525254986665],[118.6472916246089,38.08609132035821],[118.57722391515165,38.06576290003784],[118.6147665753175,38.04572073482416],[118.60489772005383,38.037355545122296],[118.55410504960844,38.056698240131766],[118.50686833000952,38.01910418011386],[118.5382310550192,38.056832544886106],[118.50733613035834,38.07242277459153],[118.50989245956941,38.048168800050234],[118.50502295984188,38.0330400754392],[118.4877972851167,38.09615306491219],[118.42178364479958,38.10178112479912],[118.4068174249843,38.073446530433216],[118.41594753485094,38.1059538747715],[118.34352692462812,38.10583964018741],[118.34759792530406,38.088323554588555],[118.34211467515217,38.080308565388066],[118.3135213449342,38.120454504771715],[118.15849306030657,38.1358314350727],[118.16489135984864,38.17702155480089],[118.10943140493555,38.189075755441934],[118.07526844468316,38.16166192475805],[117.96537217018965,38.19384370462336],[117.87058894962036,38.26164924501683]]],[[[120.72990404973234,37.965113850523835],[120.68093359011323,37.989721534721184],[120.72336937519663,37.96155560550682],[120.71708778517325,37.91272056040566],[120.7591916196975,37.894796259939596],[120.72990404973234,37.965113850523835]]],[[[121.60473013978435,37.45230625013335],[121.63056774040899,37.48460548055857],[121.57386441521078,37.445919475403514],[121.60473013978435,37.45230625013335]]],[[[120.77898743991875,38.158465299833836],[120.75268483493721,38.178597280340284],[120.74087094034167,38.1995038900925],[120.73652368502007,38.159820810182396],[120.77898743991875,38.158465299833836]]],[[[120.83984309508298,38.303184935536535],[120.8089296902532,38.31299553991238],[120.79481919514978,38.28917816554008],[120.8019150646287,38.28580755057817],[120.83984309508298,38.303184935536535]]],[[[120.15322832972367,35.76109158041214],[120.1865607202011,35.75653403481789],[120.17606041495628,35.78775685499505],[120.15322832972367,35.76109158041214]]],[[[120.62625758501963,37.97629900029875],[120.5950579952306,37.96786449984688],[120.61997252541175,37.94576279991338],[120.62625758501963,37.97629900029875]]],[[[122.19405813027856,37.509863190234114],[122.16981937496439,37.50077560481043],[122.21067284967239,37.49624337513177],[122.19405813027856,37.509863190234114]]],[[[120.90124644996376,38.360038325208734],[120.89163745470478,38.36475684045587],[120.91324637022399,38.34530937982413],[120.90124644996376,38.360038325208734]]],[[[120.92648356516452,38.38364544977787],[120.9106801097995,38.399430710059335],[120.89500683489757,38.38429121516748],[120.92648356516452,38.38364544977787]]],[[[120.68291002477804,37.93158077003653],[120.6679908547942,37.94664377039379],[120.66909463500951,37.92971344022328],[120.68291002477804,37.93158077003653]]],[[[120.4474145700267,37.77099041507569],[120.4502294201518,37.786554795567554],[120.43300301967383,37.783025760530506],[120.4474145700267,37.77099041507569]]],[[[120.96759748533577,36.41649425990232],[120.9519403604595,36.424383780187384],[120.9448560202892,36.41771861042571],[120.96759748533577,36.41649425990232]]],[[[120.85083369991537,38.34334396545171],[120.83829259462766,38.35470570520431],[120.8361011401555,38.336101279850254],[120.85083369991537,38.34334396545171]]],[[[120.92853766528117,38.02676807488689],[120.94405935045882,38.029202505491355],[120.92782764962635,38.03579940501862],[120.92853766528117,38.02676807488689]]],[[[120.63912827475019,37.96562310512229],[120.65371507509076,37.974535265190354],[120.6479646696339,37.97929340546648],[120.63912827475019,37.96562310512229]]],[[[121.50623539464789,37.55283541552217],[121.50601738459466,37.563697910130486],[121.50200444504924,37.55560183985318],[121.50623539464789,37.55283541552217]]],[[[121.61405608961695,36.71501850510009],[121.62574809999501,36.72401140989871],[121.62272833484485,36.730770410426146],[121.61405608961695,36.71501850510009]]],[[[119.91991699007724,35.627226984837534],[119.9305049549398,35.63463639035723],[119.92937991475128,35.63646559521112],[119.91991699007724,35.627226984837534]]],[[[122.25624228015715,36.748194169825126],[122.26275904469423,36.753157565069614],[122.24969885521818,36.755923330197675],[122.25624228015715,36.748194169825126]]],[[[120.7644351852357,36.22941667004335],[120.77253279964918,36.22739635026147],[120.76799789538677,36.23787146549586],[120.7644351852357,36.22941667004335]]],[[[120.58908235996296,36.090420380096475],[120.58280925504312,36.098294510283495],[120.57550559990364,36.09220944550964],[120.58908235996296,36.090420380096475]]],[[[121.18715994997194,36.661811935572416],[121.19412124489963,36.6623269350402],[121.18904113024416,36.671483699912926],[121.18715994997194,36.661811935572416]]],[[[120.9215245801953,36.41684542987275],[120.92923950969589,36.41555662044186],[120.93024301999958,36.41890771022281],[120.9215245801953,36.41684542987275]]],[[[119.24680696976588,37.817464815349126],[119.25284544516137,37.81313489535927],[119.25386109991007,37.81571664031077],[119.24680696976588,37.817464815349126]]],[[[120.63346427975273,38.13654926044006],[120.64247182461509,38.13766723555466],[120.63954310503038,38.14396750539612],[120.63346427975273,38.13654926044006]]],[[[121.17828251003004,36.65518687557403],[121.18649425020965,36.65583649995466],[121.18308924966925,36.663187454937145],[121.17828251003004,36.65518687557403]]],[[[120.30754458961133,35.94238080982649],[120.3140665351425,35.94249102534059],[120.30847145519363,35.94705945542955],[120.30754458961133,35.94238080982649]]],[[[119.81262752464056,37.31336384486565],[119.81922075493401,37.313050164933316],[119.81747040983157,37.315866450376575],[119.81262752464056,37.31336384486565]]],[[[119.21547436485014,37.78328541998627],[119.2258246847615,37.78321594016364],[119.2258549496463,37.784461154958365],[119.21547436485014,37.78328541998627]]],[[[120.49039911962393,35.95958194025445],[120.4952477901536,35.961854710526495],[120.48989957500544,35.96170682511007],[120.49039911962393,35.95958194025445]]]]}},{"type":"Feature","properties":{"name":"河南省","adcode":"410000","level":"province"},"geometry":{"type":"MultiPolygon","coordinates":[[[[113.749463849677,36.36547425972935],[113.7015220346143,36.30047340532343],[113.69329394026317,36.18367810046402],[113.64613647521821,36.171423529972],[113.70681291528388,36.133015575408535],[113.66518368537879,36.121212065284624],[113.68170101988619,36.06099351054212],[113.65289171478082,36.04000248053012],[113.6990305051537,36.02099259493235],[113.69630106004593,35.99143271474804],[113.62593572535354,35.98635277995686],[113.65051515465075,35.93560351978664],[113.62943378504121,35.86427206500383],[113.65622892532474,35.835634845172024],[113.577526299699,35.820482700416335],[113.61936178012206,35.63314494478345],[113.54505468992204,35.65461677034773],[113.53706797540679,35.597167759684396],[113.49709621491843,35.57305486538979],[113.50062485964963,35.5148635399205],[113.39848855000662,35.51483041968817],[113.34215187480925,35.46774047484308],[113.30331299030229,35.482260204644774],[113.29652729519853,35.42447737463118],[113.18486853025854,35.44881259482543],[113.12868347985875,35.33413885542387],[112.99048970983233,35.363476684901116],[112.97998203464329,35.28648524519798],[112.87763012513028,35.23967753459061],[112.77833068461348,35.244936674587905],[112.70579890019917,35.18735390955533],[112.62294490508339,35.273058500149716],[112.6299183948181,35.23112216975238],[112.55931592508989,35.21097031512801],[112.39887781006291,35.242730609729904],[112.28129871006752,35.21849797969804],[112.29221572517565,35.25258082474534],[112.2198137246238,35.237703945380815],[112.0513945104484,35.2798261053905],[112.07536813033505,35.22370815520725],[112.03411399956144,35.19745882516469],[112.05462490041884,35.052925709753765],[111.93934582015356,35.08370811483769],[111.81119840008614,35.06954484481878],[111.79512841534415,35.02964218463916],[111.6603036900633,34.987741390053145],[111.67550055540636,34.95097731525095],[111.56486838456834,34.84473772016969],[111.25028441499381,34.82227425984928],[111.21994842527965,34.789742450353856],[111.14841446025918,34.81497219021446],[111.11737280041444,34.7611748353504],[110.96375997494295,34.70121803998063],[110.91604985491693,34.730787919726765],[110.89385494025333,34.661937475034506],[110.82505517505632,34.61745840508138],[110.75071376492838,34.65474551479372],[110.6632932597762,34.590258589662255],[110.60730060493904,34.61292157537048],[110.53069261457256,34.583974504919524],[110.46654406026022,34.619734924627096],[110.37169402455964,34.60063893973535],[110.36004035497848,34.56799628969708],[110.39895917032953,34.559281414805525],[110.35681949512366,34.53484301539288],[110.3630965597585,34.4977747646937],[110.40557725968284,34.42122751993418],[110.47140900492172,34.40953770030467],[110.50128937020833,34.341991814870426],[110.42226941969801,34.27595355021623],[110.43628400480304,34.241673714970034],[110.63775522962021,34.16205571979566],[110.57602499995386,34.0448840000966],[110.61994060507493,34.03449122499012],[110.67192010542857,33.950360510029554],[110.58526600971862,33.90069147503158],[110.60567598505872,33.85353454957988],[110.77721089506679,33.79664536958819],[110.83226106039967,33.66705554038094],[111.0003007597723,33.576200105250734],[111.0267905946103,33.48531972022897],[110.99091839007173,33.43653687537653],[111.02937233506526,33.33507156520062],[110.97548539513491,33.27158245046974],[111.05578533002904,33.19442080057951],[111.03169629474826,33.15564643973147],[111.08588874516954,33.18453927027116],[111.17450679475286,33.1162493999899],[111.19303911516312,33.07344791009302],[111.1457078750185,33.0437838902144],[111.23438980524537,33.03927603486119],[111.26998377033482,32.98950856007207],[111.2389487654732,32.88430533022688],[111.28981481969822,32.893072555554056],[111.28426074973385,32.85658493504678],[111.36164776523225,32.83325140492843],[111.40965493492735,32.75558148519741],[111.45845359525725,32.77527130502676],[111.45336582467314,32.729061239784414],[111.41938379002994,32.734280420205266],[111.46532166016652,32.71958776516328],[111.55587030507058,32.59669869009252],[111.62199580036594,32.63065988024931],[111.6401705098612,32.60251649973674],[111.70973187492615,32.608584575417865],[111.86417710029298,32.50931905463074],[111.94585741538748,32.518625064695016],[112.00549559534556,32.45246024474454],[112.0583868499732,32.47593466984921],[112.11684208509416,32.39679694052643],[112.15326469001354,32.378939430010746],[112.1375427249169,32.409026820131714],[112.15862485984951,32.4133346347856],[112.3180706098708,32.328568160292434],[112.36172346546562,32.370761020504744],[112.44477978016278,32.345111290054035],[112.54260702509418,32.413382985036776],[112.75652668006228,32.34566146020825],[112.86684200985098,32.39937977545634],[112.98380579010518,32.37034382500758],[112.9886752097932,32.41185091528757],[113.02495028003148,32.42782720506153],[113.14506716971414,32.379425660166135],[113.15247917517388,32.41431200539478],[113.20295567006815,32.434778649714985],[113.32688392974967,32.34403242016009],[113.31181389489541,32.32398682043549],[113.34200009532822,32.30103105503923],[113.42153352994853,32.27122141513627],[113.52694554460129,32.33216905475814],[113.54399306003177,32.30748948505175],[113.56800434532431,32.30383008519033],[113.54711560959777,32.332484349872914],[113.6169014598346,32.36199464503687],[113.64523678984608,32.4148533055357],[113.71758649032438,32.419027024977254],[113.7657235347134,32.36475184052506],[113.73243344025116,32.255074460118294],[113.77725674999908,32.188357090407465],[113.75331911018884,32.12702790981024],[113.71527810510054,32.12409851033806],[113.71875248024287,32.08867271487395],[113.78642757037608,32.03874676515113],[113.75033102006057,31.995865155552565],[113.80841615987799,31.967475734917286],[113.83408684543167,31.85479573043864],[113.87091597988865,31.842904365544086],[113.92469881969487,31.883562424766126],[113.95223136538527,31.85968614479981],[113.97574375986665,31.754868890486932],[114.0828342799781,31.781116675494218],[114.1671839546758,31.856322434832578],[114.23082184515215,31.842933505377005],[114.29156304989488,31.750656850033636],[114.44418964013983,31.729601180350244],[114.50892381498215,31.76967560024883],[114.53236544001311,31.742042059793278],[114.57953707477623,31.76649429527555],[114.55442101012159,31.56472905510185],[114.63992486034408,31.583459515044638],[114.69208259463608,31.526158920397904],[114.77828470997144,31.52782414017196],[114.7761336647369,31.486612930442448],[114.82560220038135,31.459404159574376],[114.93414273969574,31.469447635300185],[114.96952136032257,31.501984234584825],[114.99108212523993,31.471277059588658],[115.01945669986685,31.52982186538685],[115.09088062474109,31.510238529784374],[115.12014276457694,31.599714945388484],[115.16701672464217,31.604688254759196],[115.18587615546028,31.56544701536751],[115.23148471994398,31.55705050497687],[115.20639496045908,31.43896253529283],[115.25507030485073,31.388279265575704],[115.30716512976699,31.384822945222822],[115.37808060043938,31.41586256990172],[115.36646843546998,31.49619650996101],[115.4816515149056,31.61176462513737],[115.47171614038768,31.64726576490318],[115.51846367465896,31.701682464873898],[115.67396866472211,31.781260530149382],[115.80962123033555,31.76518189033203],[115.90540284046881,31.79519549557574],[115.89064515994619,31.878598294775543],[115.91741395459042,31.92054488014213],[115.93386995983087,32.16423821472188],[115.85836163977797,32.46240209528054],[115.87772575483973,32.4935308247878],[115.839254085108,32.50612718981802],[115.9245172551673,32.56965328557072],[115.88721735979334,32.57903950526901],[115.77839214548123,32.4679812203571],[115.76505495492233,32.50783087989123],[115.73884055005135,32.47808686531664],[115.69425802478804,32.49663844021188],[115.66043856508782,32.41093265981448],[115.59931918463269,32.428237800434204],[115.55826025530655,32.405621254817106],[115.40467788537615,32.57836742481686],[115.30329497018681,32.554085445387045],[115.29554409028765,32.59016060532775],[115.19404457529697,32.59461999531658],[115.20052476980231,32.66939950478337],[115.16969760456084,32.66897753028883],[115.17598586035922,32.78838756543382],[115.20726607976587,32.78816675039525],[115.19449567523532,32.857138199768144],[115.12744670480163,32.90060843003505],[115.01601303477378,32.9094220298029],[115.03367316028823,32.93975442043023],[114.94145011982721,32.934741555278606],[114.88123833518114,32.976246220087035],[114.8876750195866,33.0224310395609],[114.92729227541827,33.02726021458727],[114.89393328479332,33.12848953006778],[114.97601967976448,33.149429625177106],[114.98993726489289,33.0997156600497],[115.11353340044616,33.077136754657545],[115.29598604502007,33.14349853512937],[115.28861661526469,33.202553895046265],[115.32351402035579,33.2170771349019],[115.32930967969799,33.29963551476726],[115.3618481450759,33.333387254618174],[115.30830985971227,33.37544866542362],[115.33998663967179,33.50516435475123],[115.39326988539699,33.50592596541105],[115.40477565517244,33.551485505152016],[115.44645652504869,33.57050469513564],[115.63522719028265,33.583457099965244],[115.5571019797726,33.77120498512204],[115.60829148956066,33.777537004629096],[115.6293191147854,33.86844979042553],[115.54012426522274,33.883912894664434],[115.5836374803855,34.013836804924665],[115.6454861399734,34.03528620499441],[115.64621455485792,34.06344097002477],[115.80880637531402,34.06623701532607],[115.85021510494323,34.00422772962605],[115.89189756482085,34.02959277968307],[115.90090011035193,34.00264383464531],[115.98007069011032,33.9924154304278],[115.97997403996999,33.902793824675314],[116.04087393008786,33.87485760029807],[116.06005687492495,33.84587239499507],[116.0387053103019,33.82225832496175],[116.15375484491028,33.70874987490686],[116.42720641504411,33.79644154993764],[116.43431539034304,33.848286914609446],[116.55312187967104,33.88201706983193],[116.568480845115,33.913675939792824],[116.63759565991188,33.885059470018575],[116.64481610977566,33.9749357898549],[116.52702200975796,34.122467920358304],[116.5606358250833,34.17471521003898],[116.53877055961368,34.24172647010056],[116.57966306040203,34.276662099975965],[116.50799519981865,34.296584610391506],[116.3665491647123,34.2688288349828],[116.34505869979921,34.32825519042473],[116.20152400992515,34.38343098025558],[116.21316419956827,34.407073520126914],[116.15298175530381,34.45102199007283],[116.2033514098398,34.513261469840984],[116.19359244003908,34.57157832987605],[116.14332146991,34.55695815029844],[116.10036957019952,34.59801219540657],[115.9941101846374,34.61627708981587],[115.97126776529524,34.58255038978871],[115.82323483471987,34.55925152493796],[115.70047965970855,34.60089718455748],[115.67852704488723,34.55668970986227],[115.52901365485639,34.576566030198194],[115.43944754986455,34.662894209800015],[115.42582355471336,34.804814845029114],[115.3112729396945,34.862888020265984],[115.2404669003273,34.84375087520277],[115.24946109025723,34.91017443999846],[115.18331471989848,34.915596910369175],[115.21927384031551,34.95423510036966],[115.15085383004032,34.9606847152275],[115.11994144504172,35.0073908950738],[115.02746194491294,34.9689889596728],[114.95560309530663,34.99622437025852],[114.91256139469272,34.969984625190364],[114.87172757466794,35.02607712995564],[114.85195056466694,35.00167781507918],[114.81012577538434,35.01126153489196],[114.8497242749554,35.03640824034807],[114.81186414961087,35.07117927540327],[114.87300202012716,35.09031125026405],[114.8428242652277,35.16979199000838],[114.92559677457155,35.196054950175835],[114.92492056533183,35.248672335160165],[115.01903335480552,35.32186213013324],[115.01715729527302,35.370978104555945],[115.06860707515648,35.3759332799969],[115.08553685044535,35.4160245397008],[115.23597177487761,35.42469129007105],[115.34987938002939,35.493744645199286],[115.33889749502339,35.552737629937724],[115.50543796968657,35.72492956484757],[115.68779687522567,35.75419871040219],[115.70059579456029,35.806082750418625],[115.76747653511404,35.85418435522388],[115.86962267524632,35.85949752469105],[115.8648070745869,35.91516210504716],[115.90643725507528,35.960542055571466],[116.03923482482742,35.96737918020506],[116.0972180696582,36.113223580004274],[115.98472072018512,36.04687112550209],[115.7943628351768,36.00832709991579],[115.63829798026768,35.92140701532156],[115.49660960484948,35.888747879810865],[115.35360481531006,35.77995741979913],[115.32609241533271,35.79632390022789],[115.34934434546528,35.96779565534524],[115.44138970507095,36.00899532497431],[115.48250472511302,36.13002400040733],[115.4494151102192,36.17592454508173],[115.44290712036741,36.14652246533956],[115.39827973512172,36.15848244490894],[115.31532737036196,36.085514554952795],[115.24493664960676,36.18940804544502],[115.11923414983619,36.21044300014438],[115.09870178036294,36.173436555352794],[115.05340994990934,36.17921946050973],[115.00269098520084,36.07124052533004],[114.91208536015131,36.04875977014734],[114.90687771983096,36.14059020527378],[114.76588216503,36.1244596305076],[114.72863735493002,36.155775079956015],[114.57647518987812,36.117134830508064],[114.56243763968541,36.15245152022152],[114.33910242014065,36.25565270540807],[114.20499266038303,36.27294446051849],[114.17228165017809,36.24233868048577],[114.12500319484161,36.28156491468911],[114.05607256479709,36.273589689912285],[114.02414073530679,36.35351988023831],[113.97206345526433,36.35875470526548],[113.98722084036956,36.31466869480448],[113.94288972508082,36.35846300026731],[113.95171681467934,36.33631261013892],[113.90417908479697,36.314431969859584],[113.87605487962901,36.354097545365505],[113.81482696988883,36.33090049995815],[113.749463849677,36.36547425972935]],[[113.75600900041513,32.27062700013602],[113.7640240004074,32.285847000538695],[113.75905100040336,32.2705340003439],[113.75600900041513,32.27062700013602]]],[[[111.0148910000197,33.1741170000995],[111.02719399990326,33.190525000428465],[111.00997700003859,33.17491299993503],[111.0148910000197,33.1741170000995]]]]}},{"type":"Feature","properties":{"name":"湖北省","adcode":"420000","level":"province"},"geometry":{"type":"MultiPolygon","coordinates":[[[[109.63156135966909,33.27173244029996],[109.60619774043346,33.23308433527393],[109.51375430491731,33.24292971013807],[109.43839633981929,33.148336564880594],[109.6044275949576,33.10634024970284],[109.68171105981764,33.11775585524856],[109.7966404450006,33.06891436020959],[109.76076670531927,32.91070970968542],[109.78423002469594,32.8848742053803],[109.86484008989828,32.91489606999767],[110.09962456492178,32.8343065552034],[110.15842325023289,32.76369577484019],[110.14878558998305,32.68068551982094],[110.2012248300619,32.637721615060514],[110.14818776025697,32.59152652982556],[110.08634424479112,32.621343650289305],[110.08928911530052,32.586864420057],[110.02407912535142,32.5442998403654],[109.92135157981164,32.59269391549185],[109.82063557037532,32.57445214984688],[109.72436622462163,32.607694650387884],[109.62158558490688,32.59950378976811],[109.63350606535272,32.536881695234115],[109.54697451486203,32.48247487521536],[109.52520703537647,32.40094107497066],[109.49638642489367,32.39282322041532],[109.51349353030224,32.33777344538822],[109.48622193009805,32.29046603008328],[109.603582334757,32.20470973476648],[109.58781677502424,32.135149775341915],[109.61806903515793,32.10023265531282],[109.5814389854209,32.03047263990044],[109.6276810548369,31.94254335499187],[109.57871620518875,31.896154390312915],[109.63593492465714,31.812112960045113],[109.59700177501196,31.798879700537782],[109.57960248976315,31.728486619961586],[109.72991937997546,31.696847630413856],[109.75970856479847,31.606270410451145],[109.7197250097015,31.552077254961375],[109.83418722496054,31.557729605536906],[109.88758460994188,31.519985900129257],[109.97716865011319,31.515242954798566],[109.94092157037426,31.47064951536288],[109.98692946532265,31.475449725024816],[110.05113538019373,31.410893464861545],[110.13955263004988,31.387174909794282],[110.19563673964387,31.160360135012297],[110.11521731992343,31.08274615491115],[110.13119115544754,30.987803335255762],[110.16696588516754,30.989624410238378],[110.14672817496535,30.913921535350653],[110.07597088514831,30.80425934988915],[110.03822774991079,30.80736318995929],[109.98933584517317,30.89054618495851],[109.89598404492779,30.90402011023997],[109.77328367010534,30.850087609755462],[109.7138713395907,30.780353469636964],[109.64931234998505,30.764725089791114],[109.65361330011376,30.729764080148243],[109.5823132046907,30.695932010154195],[109.57138604972647,30.651810730081195],[109.52911914473282,30.641481070295185],[109.52664160962263,30.670124329973874],[109.44884260480245,30.615356924982166],[109.34626685493146,30.489616279567713],[109.33287585973318,30.526628190438714],[109.3590437696543,30.556968405167822],[109.30451779486043,30.601578404719646],[109.3212231650171,30.62199590019071],[109.29271508513312,30.633999784662365],[109.140335585419,30.523586390099865],[109.07605163997124,30.602568474655413],[109.11321517024396,30.642045914687287],[109.03762021490104,30.65790604982442],[108.96008662519768,30.629027764919442],[108.80426069047854,30.493817980515416],[108.78415938494771,30.517476899739165],[108.73641363468158,30.49892405050457],[108.68636784040359,30.590095859936014],[108.65390448460437,30.590055375155487],[108.64004226533831,30.520975425275708],[108.5646640250248,30.471882870098455],[108.50826705478079,30.50396454013145],[108.42260996547759,30.494569429735463],[108.41899147487675,30.397691144930434],[108.39515004004238,30.393389975367143],[108.57960892461222,30.258804715265455],[108.50874804998256,30.0608103953835],[108.547672465412,29.981112415405676],[108.51101777515026,29.934977080228123],[108.52081154961337,29.869315279876332],[108.42017675974972,29.88090604997427],[108.36254510487277,29.82268916487311],[108.39922986036981,29.838697785274633],[108.43279470041517,29.7431072397074],[108.50043064485845,29.709941425256602],[108.5872329002782,29.860492259710043],[108.65620172992595,29.85672814009166],[108.67937567984382,29.695011430133434],[108.70884659009812,29.70258646469364],[108.76094793959578,29.639069315396625],[108.75441335499238,29.663219750091457],[108.77659866039994,29.65317692997138],[108.78165927955217,29.65769733986042],[108.74869674965532,29.691851520031662],[108.78247918966292,29.694290569554198],[108.79380561483731,29.663593865364646],[108.7777070451441,29.636887220169115],[108.81700322501888,29.634503034687327],[108.82456442980464,29.67443644538571],[108.88135296486752,29.63843379958024],[108.86180491956145,29.60246674534409],[108.90273298493935,29.59643236006542],[108.86015440010556,29.474381085318896],[108.93235333463872,29.431748065420948],[108.91422704014587,29.33012860515106],[108.98068847539287,29.337252750214304],[109.06554545495885,29.400600254997812],[109.1101025402001,29.355209544984575],[109.10029538022769,29.290422855130714],[109.13660057505655,29.271650885180236],[109.10689182469804,29.21035414492792],[109.22687153988971,29.11801952468136],[109.27375721991984,29.124278145120343],[109.25938768499373,29.226289125243],[109.35218646962994,29.292591515386164],[109.33322867006711,29.36847301541735],[109.38706371012216,29.376207610392953],[109.3679460200928,29.42693241529878],[109.41358330982195,29.451857275093232],[109.42765473477823,29.533145670136605],[109.45971427519373,29.516201324931274],[109.51078839027207,29.62856621505881],[109.70158180525618,29.609570884988386],[109.70933209520007,29.675444734686835],[109.76013356011578,29.6953025253913],[109.74765284520271,29.742380760163996],[109.77522823999135,29.761888239750533],[110.06922884043871,29.794450949951454],[110.20309591544418,29.759919565335736],[110.36901707018171,29.636387910273868],[110.44193498481178,29.667443620226948],[110.45984593034547,29.715657765293656],[110.51823939463242,29.694877909587888],[110.63646716033122,29.77057771958613],[110.60804188012872,29.841795589994547],[110.54528779479597,29.84885333541314],[110.53570712008758,29.906599654750323],[110.50151360986524,29.921516300337032],[110.55467677541293,29.99019580009616],[110.48703275955427,30.021126630189883],[110.49168254501348,30.05717193983321],[110.6489639848001,30.080048105335834],[110.70861399533965,30.03551723533218],[110.751085245188,30.055958749896433],[110.7391918199466,30.114637685081163],[110.8093932298138,30.12778069492316],[110.9177260149437,30.114507345437687],[110.93019054475792,30.06460914519596],[111.2409230498589,30.042384739963836],[111.39103666001392,29.91455609988418],[111.51785916017218,29.930944244980992],[111.54630042492471,29.897865449830704],[111.67668048481659,29.887174349816462],[111.74172895472753,29.924242249780036],[111.95833684516936,29.84193223478485],[111.94927414488592,29.79868166033043],[112.05639165455125,29.745385694594177],[112.05886131519765,29.77184948506573],[112.0614345004019,29.682761064871272],[112.172410224852,29.659548429716324],[112.19302224008436,29.619906025242926],[112.23872744481582,29.66277984041733],[112.22888903969749,29.61731176532578],[112.29750428469504,29.58828285477],[112.27720017035165,29.498877429849585],[112.39228564546625,29.564623949935367],[112.43403395010682,29.63614398985328],[112.67899097965005,29.59355020557757],[112.71139427962237,29.65740442527408],[112.78398484462491,29.681355519841418],[112.79224453485745,29.739445730036437],[112.88014960462067,29.793733465427124],[112.92486062501791,29.766227654782483],[112.93092115538707,29.677539844788043],[113.0249305695902,29.772775150053178],[113.00215226471528,29.70148526013668],[112.90678542460773,29.607968704991777],[112.94725571977574,29.47288647503086],[113.04839557519574,29.527382919686033],[113.08674232459862,29.433622759782565],[113.094849159761,29.46154255984129],[113.15224002026082,29.45966162508398],[113.34466921481248,29.68011276469241],[113.5655939500009,29.850387239779366],[113.53317325983812,29.69508291994083],[113.60159513530732,29.669535749974955],[113.65900597514565,29.68645640973557],[113.66626847011389,29.640995190175943],[113.73573686506438,29.592621419942645],[113.62583500488165,29.520536024817716],[113.683244225041,29.512237939829106],[113.74959760494562,29.451507519756262],[113.7252154752141,29.397221135147333],[113.658673254767,29.38211428474648],[113.59970119545392,29.2593094455745],[113.68746680015272,29.2287095003432],[113.6557349304228,29.163207925005793],[113.6807038246219,29.080843994754616],[113.7176187454088,29.108862464830963],[113.73766493508879,29.05661280004074],[113.81399293502602,29.10754159546832],[113.89190947044574,29.0327689100572],[113.93948560497677,29.04759995007771],[113.95018552464228,29.103403630373293],[114.06696235472896,29.208384224952056],[114.24953351466002,29.23865618473519],[114.26889695523039,29.356903794874313],[114.3042008898592,29.36822943494053],[114.34470835490674,29.323597050363617],[114.43894953519293,29.35174717489224],[114.49943870493234,29.325107865535642],[114.66544011966585,29.3962886299164],[114.7301031248594,29.39606563492117],[114.7531045200576,29.365087374582743],[114.87493497976561,29.393554115330232],[114.94440991008935,29.466318090307652],[114.92200717019477,29.490744415422512],[114.88016128011907,29.43862014040718],[114.85471558515621,29.47770582496389],[114.8936100297791,29.533286825027005],[114.89520083964715,29.50877504003614],[114.95716751456916,29.50565420997384],[114.94279027964774,29.545789624591578],[114.99423980502308,29.574921844767346],[115.02876171528101,29.548840294943716],[115.08177268496149,29.56274124980888],[115.08372341970016,29.52196982025106],[115.15333065468599,29.50893938034818],[115.14809663005553,29.57804949978464],[115.17281364033727,29.59474614471884],[115.11138760455435,29.597636969570544],[115.14121113988222,29.640318015064395],[115.10841212022319,29.683397614908074],[115.25945681018368,29.659949555227854],[115.2808285052314,29.621046590427852],[115.3547564853236,29.648916919680175],[115.46458923980163,29.73916383484317],[115.46383428502429,29.808721679961593],[115.50600845012991,29.842309760287264],[115.67490834024773,29.85083100035041],[115.92739042003188,29.720843595255758],[116.13286450029648,29.826706674773277],[116.12792940491818,29.90252330490665],[116.0695053196149,29.96614448507995],[116.08514720997584,30.108782155172378],[116.06054078482941,30.21225762009317],[115.96861234968026,30.30225819026333],[115.89923084542727,30.311612600041485],[115.87907068466438,30.383679569856326],[115.94055648489393,30.426821945076767],[115.88895516025252,30.454254755052943],[115.917553839638,30.519846775208578],[115.87349445990151,30.584132754922734],[115.81334000973368,30.59894695963453],[115.7560205149349,30.68988390481843],[115.78145324527111,30.75847407042204],[115.8639795948825,30.776566105241614],[115.84137408034962,30.832770255442995],[115.8642897854453,30.87142945990172],[116.06871811964561,30.95779933477155],[116.05230451474165,31.015576435204366],[115.93740296537464,31.041578654931016],[115.87430194497881,31.149954350313067],[115.76353416986615,31.10797187030562],[115.70767521543894,31.201839685353264],[115.6561733702049,31.219661275147757],[115.57931896020193,31.144737574679368],[115.51514655496965,31.265960500077085],[115.45200185540136,31.28289430522807],[115.43763579995232,31.347492560133617],[115.36630648016,31.350858039966624],[115.38398016475287,31.39605293519486],[115.25507030485073,31.388279265575704],[115.21515103958882,31.426621479697587],[115.23148471994398,31.55705050497687],[115.18587615546028,31.56544701536751],[115.16701672464217,31.604688254759196],[115.12014276457694,31.599714945388484],[115.09088062474109,31.510238529784374],[115.01945669986685,31.52982186538685],[114.99108212523993,31.471277059588658],[114.96952136032257,31.501984234584825],[114.93414273969574,31.469447635300185],[114.82560220038135,31.459404159574376],[114.7761336647369,31.486612930442448],[114.76860129491388,31.514453689985828],[114.78146562014228,31.521767555128633],[114.77828470997144,31.52782414017196],[114.69208259463608,31.526158920397904],[114.63992486034408,31.583459515044638],[114.55442101012159,31.56472905510185],[114.57953707477623,31.76649429527555],[114.53236544001311,31.742042059793278],[114.50892381498215,31.76967560024883],[114.44418964013983,31.729601180350244],[114.29156304989488,31.750656850033636],[114.23082184515215,31.842933505377005],[114.1671839546758,31.856322434832578],[114.0828342799781,31.781116675494218],[113.98037709043047,31.75201641002934],[113.9473295503185,31.79369544528862],[113.95223136538527,31.85968614479981],[113.92469881969487,31.883562424766126],[113.87091597988865,31.842904365544086],[113.83408684543167,31.85479573043864],[113.80841615987799,31.967475734917286],[113.75033102006057,31.995865155552565],[113.78642757037608,32.03874676515113],[113.71875248024287,32.08867271487395],[113.71527810510054,32.12409851033806],[113.75331911018884,32.12702790981024],[113.77725674999908,32.188357090407465],[113.73243344025116,32.255074460118294],[113.7657235347134,32.36475184052506],[113.71758649032438,32.419027024977254],[113.64523678984608,32.4148533055357],[113.6169014598346,32.36199464503687],[113.54711560959777,32.332484349872914],[113.56800434532431,32.30383008519033],[113.52694554460129,32.33216905475814],[113.42153352994853,32.27122141513627],[113.34200009532822,32.30103105503923],[113.31181389489541,32.32398682043549],[113.32688392974967,32.34403242016009],[113.20295567006815,32.434778649714985],[113.15247917517388,32.41431200539478],[113.14506716971414,32.379425660166135],[113.02495028003148,32.42782720506153],[112.9886752097932,32.41185091528757],[112.98380579010518,32.37034382500758],[112.86684200985098,32.39937977545634],[112.75652668006228,32.34566146020825],[112.54260702509418,32.413382985036776],[112.44477978016278,32.345111290054035],[112.36189906528966,32.37078076512029],[112.30501985967885,32.331042560365916],[112.15862485984951,32.4133346347856],[112.1375427249169,32.409026820131714],[112.15326469001354,32.378939430010746],[112.11684208509416,32.39679694052643],[112.0583868499732,32.47593466984921],[112.00549559534556,32.45246024474454],[111.94611314030925,32.518506704920526],[111.86417710029298,32.50931905463074],[111.70973187492615,32.608584575417865],[111.6401705098612,32.60251649973674],[111.62199580036594,32.63065988024931],[111.57263913498815,32.59042920044732],[111.5227382349816,32.61961710034893],[111.51191871987311,32.6711596102279],[111.41922141473657,32.734599130045865],[111.45336582467314,32.729061239784414],[111.45845359525725,32.77527130502676],[111.40965493492735,32.75558148519741],[111.36164776523225,32.83325140492843],[111.28426074973385,32.85658493504678],[111.28981481969822,32.893072555554056],[111.2389487654732,32.88430533022688],[111.26998377033482,32.98950856007207],[111.23438980524537,33.03927603486119],[111.1457078750185,33.0437838902144],[111.19303911516312,33.07344791009302],[111.17470916469625,33.11602965514453],[111.08588874516954,33.18453927027116],[111.03207787979039,33.15527957029599],[111.05578533002904,33.19442080057951],[110.98616753520366,33.254792974815985],[110.91400005985491,33.203976289774005],[110.82321891502096,33.20385817011851],[110.81725615534737,33.15576825470123],[110.73401881971284,33.1420717346229],[110.70509075463468,33.095968905440714],[110.64973412013359,33.16309000959632],[110.58894871461155,33.157124659875194],[110.55829436039647,33.254135670225025],[110.52745806523757,33.256953489911666],[110.46587185480234,33.17435116467459],[110.22587409531332,33.160097570346636],[110.15766231496394,33.21274953516297],[109.97995116511424,33.2003100451725],[109.8649092099921,33.2502318948861],[109.70707115461016,33.23469779007098],[109.63156135966909,33.27173244029996]],[[112.88969399977827,29.800250999783884],[112.9221829997457,29.79690500016568],[112.93219700019142,29.768176000022436],[112.92082600011986,29.779649000301163],[112.88969399977827,29.800250999783884]],[[111.02773200043151,33.179137000472224],[111.00993699999259,33.175122000579904],[111.03162099990931,33.18888700043476],[111.02773200043151,33.179137000472224]]],[[[113.7635819998095,32.28002500005374],[113.74847600016733,32.29146499971],[113.75600900041513,32.27062700013602],[113.7635819998095,32.28002500005374]]],[[[113.11644775016362,29.423523109703808],[113.1153185146378,29.437965239704113],[113.10532478041432,29.437132429717906],[113.11644775016362,29.423523109703808]]]]}},{"type":"Feature","properties":{"name":"湖南省","adcode":"430000","level":"province"},"geometry":{"type":"MultiPolygon","coordinates":[[[[110.9177260149437,30.114507345437687],[110.74028810970856,30.115475474613618],[110.75104919496448,30.055867154845487],[110.7086139953397,30.035517235332236],[110.64896398480016,30.080048105335948],[110.49163629467938,30.05711326986159],[110.48703275955432,30.021126630189883],[110.55467677541287,29.990195800096217],[110.50151360986519,29.92151630033709],[110.53570712008758,29.906599654750437],[110.54528779479608,29.84885333541314],[110.60804188012872,29.84179558999466],[110.63808273033385,29.777428424882032],[110.52247156461107,29.696580214705307],[110.45995458013988,29.71570744024632],[110.44193498481184,29.667443620227004],[110.36630156996165,29.636046870266966],[110.1246664795745,29.792506800048784],[109.81502567499496,29.776234094627796],[109.74765284520271,29.742380760164053],[109.76105185515905,29.697317215417286],[109.70933209520018,29.67544473468689],[109.70792761496762,29.612688939742952],[109.51152271460171,29.62890536019438],[109.45971427519385,29.516201324931387],[109.42545778005268,29.530736860317916],[109.41358330982195,29.45185727509329],[109.36357904533673,29.415405839707773],[109.38706371012222,29.376207610392953],[109.33322867006723,29.368473015417408],[109.35241190538517,29.29297648997317],[109.25933539481264,29.226161069877662],[109.27375721991996,29.124278145120456],[109.22151821479389,29.116947125409695],[109.3164127696337,29.048190259672936],[109.23051509459611,28.88294468015306],[109.23547814540024,28.78157464955052],[109.29601415542896,28.742458440204985],[109.24972702458257,28.697152195417516],[109.26758857035634,28.673763849821796],[109.17580341519562,28.62442711521919],[109.19737140976281,28.602570039875616],[109.28914976964631,28.631772665276287],[109.31636607503435,28.588693560059937],[109.26915493035591,28.541380585146044],[109.25603968978004,28.467480260106015],[109.28427710970095,28.376576224713176],[109.26809391020595,28.312466195558613],[109.30139052475312,28.27675679978654],[109.33549024467925,28.29711362519373],[109.34674200543935,28.266664259747813],[109.39407681499313,28.274674925007844],[109.34110769976058,28.210648350241172],[109.29243362521174,28.033823465180944],[109.33221922513724,28.066943889948675],[109.37379745988505,28.03460575485184],[109.29589414000276,27.959284769876376],[109.35799360522083,27.72496231975532],[109.40715181000814,27.72855545037379],[109.46957572993608,27.68430267053185],[109.45827519534407,27.569995949853308],[109.29230667960962,27.48450437987327],[109.2905124502895,27.4244496699165],[109.20550564007328,27.46021484973562],[109.15219973502985,27.415652704908496],[109.13666529027103,27.45126772042903],[109.10399047508042,27.422640410226848],[109.13907295525274,27.42516883527361],[109.10005171971108,27.339866044682253],[109.04166274034333,27.3378325903019],[109.03882790008765,27.27992641017579],[108.90217847465703,27.213439605053907],[108.92304295027202,27.164814584925182],[108.88164383979148,27.11257723455185],[108.78620459526599,27.08725092459065],[108.84011156489686,27.063536289668207],[108.87163860503773,27.001002450103158],[108.94895149481573,27.022802020097288],[108.93635100459528,27.050489759994548],[109.0217631554454,27.107882545043594],[109.12676537961869,27.126994310339285],[109.09641874462943,27.072785494954815],[109.15942313467008,27.068068930336835],[109.23793686489455,27.15253546473997],[109.2596363799151,27.130072769742583],[109.3940516195866,27.16339738018513],[109.42659572011644,27.127805345040713],[109.47017074478413,27.13432013556593],[109.45322996539079,27.08818102503443],[109.47787058006338,27.074538969697812],[109.4512892751801,27.069088515123042],[109.48316978485781,27.057345905289424],[109.4866598153983,27.082325174966968],[109.52109706977404,27.072278110046852],[109.52305518974526,26.981153979972362],[109.54539329536442,26.98786848024622],[109.55360751047834,26.947747210165744],[109.43505557965148,26.892735185080767],[109.43168533970675,26.86579059006374],[109.47446374490607,26.902029684722322],[109.51396574542292,26.879805665299386],[109.49215285467062,26.816101135059398],[109.518155730003,26.752598169869827],[109.46533031474229,26.772260125104822],[109.36294990481429,26.702892035139485],[109.28333101481456,26.703437750052217],[109.29925906495407,26.66508374042246],[109.35638259478111,26.66134664543148],[109.40704239039417,26.5434931451926],[109.26815217997932,26.32512880505044],[109.33560105464505,26.266653610375954],[109.46368591966956,26.316397840388106],[109.43186045029961,26.247537835003243],[109.4699006549913,26.15291033024772],[109.50967087021456,26.13240257971546],[109.49991780985914,26.09984467998811],[109.44633918540524,26.104010415248524],[109.44752645508197,26.057852339813792],[109.53277647525431,25.998104400297848],[109.62855905035997,26.05543793531257],[109.64997608472868,26.017480845064938],[109.71942756972675,26.00649578005624],[109.67450600544788,25.925689245362435],[109.68903776997718,25.881832234670014],[109.81195044505705,25.884716064594727],[109.78576986458762,26.017474694601503],[109.8081099352255,26.04803624507673],[109.86754959523779,26.03463650037429],[109.90833900494118,26.155803290089864],[109.96469482040982,26.20400396960764],[110.02397334529377,26.16795223520751],[110.09313837013985,26.17270156032879],[110.0580663346937,26.04143257994963],[110.15380384477174,26.020773135371996],[110.18857931977982,26.071564595329903],[110.2358248653253,26.038239365254526],[110.26199810462901,25.964665495016675],[110.31861549960576,25.9763976799091],[110.37266764499589,26.101018449941535],[110.47453263996942,26.185722544759756],[110.4973155547691,26.172179440029254],[110.54736881971542,26.234502334615115],[110.54572589503414,26.283187215417684],[110.61532515483208,26.340142904771255],[110.7087106499767,26.298508840110912],[110.7433587899763,26.319617034698524],[110.7565919649474,26.250124344563005],[110.89137377458013,26.280729165019068],[110.9222821845753,26.256611265097774],[110.94009807536605,26.37666033510635],[110.96905313989055,26.388485535079553],[111.0358448250787,26.32412985970535],[111.20044822030923,26.309185134586414],[111.20891092979565,26.266356770248933],[111.28509336456727,26.26598177993526],[111.24270718518864,26.080331569746193],[111.25949745044716,26.048992415068085],[111.22685300985859,26.051107869632517],[111.19060959485711,25.95929391458253],[111.25314336517425,25.866480274944877],[111.28763857456062,25.858914515092806],[111.32514615487122,25.911031064931763],[111.48812537538589,25.871213424859718],[111.42292407468642,25.83945140535826],[111.43835790509337,25.774699114572627],[111.30370795495833,25.724146314900565],[111.33790300481985,25.606941250138618],[111.29556578992936,25.451782470284968],[111.09730432013833,25.287676730197006],[111.10735659033446,25.219197944729444],[110.9957939997933,25.168549010228787],[110.94587388037542,25.045585404742724],[110.98764740470415,24.961951444703516],[110.97705504485464,24.916874404730095],[111.09242346467136,24.94227618040145],[111.10273744028075,25.04115069035214],[111.19758624480943,25.07426411030059],[111.26189973028852,25.14900503525422],[111.33099383999382,25.102960920110434],[111.39910720483374,25.12856951017477],[111.42492613463355,25.10691719966917],[111.41318028004594,25.04316999479954],[111.46835684958899,25.020841434584725],[111.4285799398125,24.97044686523077],[111.46152094983216,24.93547727965273],[111.44986395995386,24.853237429763738],[111.48147185004598,24.80376402968625],[111.42516388030896,24.690012529754483],[111.44762963030331,24.66558903480626],[111.56022950518769,24.644472145573104],[111.5893114703482,24.70087091536061],[111.63710374524169,24.691747939815627],[111.65470980981007,24.75705601971964],[111.7024592796721,24.792674205350465],[111.77940095538986,24.798727665249658],[111.87282121023082,24.758065649909952],[111.95694227996228,24.77637682523033],[112.02489508524013,24.746235550430356],[112.05314054959672,24.79982907035543],[112.16502756966679,24.86563578476381],[112.16961030527148,24.929457520048516],[112.11530998476815,24.990785550412795],[112.20531831518826,25.194596515317073],[112.29665733017168,25.1596153653569],[112.35682831527458,25.19572280466383],[112.39800953531187,25.14223834462399],[112.4361909497527,25.189689469793223],[112.45234705537234,25.154453055364286],[112.54773141517285,25.12660908973777],[112.65598525961218,25.135841764585905],[112.70676471541935,25.08603395520305],[112.73730893955599,24.96182162037161],[112.7753828751197,24.951183815081095],[112.78803004465101,24.89366954511354],[112.99065142502332,24.927532680388936],[113.00443041473204,24.984938330239856],[112.97254250543244,25.02903868488744],[113.01060374526685,25.084592320379443],[112.95999060468273,25.14727071517143],[113.03110960992058,25.209187230406542],[112.99000057486683,25.249568509778953],[112.86300007998977,25.251796830159606],[112.84649371990929,25.338364369719955],[112.887385160397,25.343223365365986],[112.91889462958352,25.29919892968701],[112.96228731041106,25.360951229615637],[113.02016285962839,25.348585785305715],[113.0862329252094,25.41998113512136],[113.12735265500112,25.417812439792442],[113.11200295527237,25.449162899847977],[113.14418862020887,25.494667054840818],[113.1741181145594,25.471511864780894],[113.221098655079,25.513537864780744],[113.27791102037747,25.496788929665456],[113.29709397510703,25.51986392537998],[113.306993574594,25.44646311977715],[113.35534072489463,25.440285080392187],[113.43920766959832,25.362475795421688],[113.53799044510299,25.37073061492606],[113.57634302481097,25.309195455405984],[113.74202828467776,25.368763214850503],[113.75317449021065,25.33284454503979],[113.81662184492234,25.333261684779075],[113.87077219538071,25.382653755566423],[113.8792384302094,25.438962889925563],[113.93938420461745,25.44459278532878],[113.94067459505663,25.502389810241652],[113.98276423468178,25.53287711538667],[113.97880095030371,25.602674100129775],[113.9082461554359,25.728568560191093],[114.02243328966472,25.89678593502299],[114.00269689034928,26.01667562537989],[114.0409852054031,26.081860165414355],[114.11049468498186,26.07950970990538],[114.10140553024121,26.10384114035645],[114.23205515472182,26.159149619759262],[114.17229104539558,26.21688284047076],[114.08255109515699,26.17066877054748],[114.03029859480432,26.191947540446677],[113.93746173467139,26.16831929529934],[114.0241812551609,26.269652565213846],[114.02623341993649,26.37855079008699],[114.08328726489538,26.413501194924265],[114.09891740021794,26.47840293055077],[114.06664303964465,26.48887154008969],[114.1024511198234,26.579023850170643],[113.90223887482432,26.617292870269807],[113.85597730540837,26.663723065267334],[113.82942007987288,26.804941740069296],[113.92178113479156,26.952001655452136],[113.76379762486056,27.12183597535011],[113.86339929514156,27.28604162022475],[113.86528337482798,27.383051795104393],[113.66940008484607,27.330110364601808],[113.60278557959089,27.357402779614745],[113.59454265541922,27.38889266966106],[113.62676658021371,27.409467655308163],[113.58904087024018,27.466314534787955],[113.62423832513866,27.518144994995623],[113.5749358951756,27.544223884624557],[113.60186152528922,27.63890976527358],[113.75945253960322,27.805599039963795],[113.72256655000649,27.879955209765228],[113.74802071478439,27.938980780538714],[113.81052007973801,27.983352545184005],[113.84371470486985,27.973591329776127],[113.85977549494316,28.011234365074074],[113.89840676466054,27.991411584976845],[113.96135980521092,28.043247660551174],[114.02121972471059,28.034663465246695],[114.04163012003414,28.06066036548367],[113.98742767005103,28.166072915232974],[114.09883307978282,28.184958140406025],[114.25651354516401,28.355096405075187],[114.24863891045743,28.398042630063514],[114.17707514999836,28.439640465535206],[114.2128448749911,28.487709190227065],[114.08030031960425,28.560087874955514],[114.12824159507375,28.611932475203616],[114.14652642475482,28.838555164689126],[114.07287239974164,28.83525649009505],[114.06283380013986,28.894454885384846],[113.99720850506867,28.923124295549826],[114.00352531524118,28.95824048051378],[113.95912406542334,28.94524589478226],[113.9375166149,29.050069185344682],[113.87031523006397,29.03758834542583],[113.81399293502614,29.10754159546832],[113.7376649350889,29.056612800040853],[113.7176187454088,29.10886246483102],[113.6807038246219,29.080843994754673],[113.6557349304228,29.16320792500585],[113.68746680015283,29.228709500343257],[113.59970119545403,29.259309445574615],[113.658673254767,29.38211428474648],[113.72488030508202,29.396987935544928],[113.74957472978997,29.4440185548126],[113.68340044537445,29.512143029877052],[113.62536670540919,29.52598194051427],[113.73535274483334,29.594135495157104],[113.666268470114,29.640995190175943],[113.65850631541434,29.686856529805198],[113.53789411961793,29.687310285441413],[113.56552119035075,29.85038865531226],[113.34466921481248,29.68011276469241],[113.15224002026093,29.459661625084095],[113.09484915976111,29.461542559841348],[113.08674232459862,29.433622759782622],[113.04839557519574,29.527382919686033],[112.94725571977574,29.472886475030975],[112.90678542460773,29.607968704991777],[113.00215226471528,29.701485260136792],[113.02493056959031,29.772775150053292],[112.93092115538707,29.6775398447881],[112.92486062501791,29.76622765478254],[112.88014960462078,29.793733465427124],[112.79224453485756,29.739445730036493],[112.78398484462502,29.68135551984153],[112.71139427962248,29.657404425274137],[112.67899097965017,29.59355020557763],[112.43403395010694,29.63614398985328],[112.39228564546625,29.56462394993548],[112.2769952499309,29.498899244704546],[112.29750428469515,29.588282854770057],[112.22888903969749,29.617311765325894],[112.23872744481582,29.662779840417386],[112.19302224008436,29.61990602524304],[112.17241022485211,29.65954842971638],[112.06143450040202,29.682761064871215],[112.05886131519765,29.771849485065786],[112.05639165455136,29.745385694594233],[111.94927414488586,29.798681660330544],[111.95833684516941,29.84193223478485],[111.74172895472765,29.92424224978015],[111.6766804848167,29.887174349816462],[111.54630042492482,29.89786544983076],[111.51785916017224,29.930944244981106],[111.39103666001392,29.914556099884294],[111.24092304985902,30.042384739963893],[110.93019054475803,30.064609145195902],[110.9177260149437,30.114507345437687]],[[109.52230396535577,26.74839313513519],[109.5939308753097,26.760058320535222],[109.54405017497561,26.721515795018092],[109.52230396535577,26.74839313513519]],[[113.11644775016362,29.423523109703865],[113.10556272484007,29.43808421551421],[113.12739605988043,29.43223079991168],[113.11644775016362,29.423523109703865]]],[[[112.93193499980043,29.76808800046092],[112.91424699979939,29.80161599977862],[112.888970999712,29.802261999891414],[112.93193499980043,29.76808800046092]]],[[[109.46987650010055,26.832347400412345],[109.47478360048297,26.84154809986495],[109.45694979969358,26.83339800011771],[109.46987650010055,26.832347400412345]]]]}},{"type":"Feature","properties":{"name":"广东省","adcode":"440000","level":"province"},"geometry":{"type":"MultiPolygon","coordinates":[[[[113.30211014526708,25.497916454680706],[113.2388831253561,25.519537725086025],[113.1741181145594,25.471511864780894],[113.1440387302033,25.494624130199554],[113.11200295527237,25.449162899847977],[113.127251344574,25.41770111991093],[113.0862329252094,25.41998113512136],[113.01897313030588,25.3479909197452],[112.96228731041106,25.360951229615637],[112.91916463034363,25.299230420347726],[112.887385160397,25.343223365365986],[112.84677482010193,25.339089090189418],[112.86300007998977,25.251796830159606],[112.99000057486683,25.249568509778953],[113.03110960992058,25.209187230406542],[112.95999060468273,25.14727071517143],[113.01060374526685,25.084592320379443],[112.97254250543244,25.02903868488744],[113.00443041473204,24.984938330239856],[112.99065142502332,24.927532680388936],[112.77731751469173,24.898097170148333],[112.77992283986737,24.94462880957201],[112.73741793469014,24.961597264702107],[112.70676471541935,25.08603395520305],[112.65598525961218,25.135841764585905],[112.54773141517285,25.12660908973777],[112.45234705537234,25.154453055364286],[112.43660963003049,25.18966424470915],[112.40582063021805,25.14214286540107],[112.35682831527458,25.19572280466383],[112.29665733017168,25.1596153653569],[112.18109520537962,25.187038645217342],[112.11528388464365,24.990516125219187],[112.16961030527148,24.929457520048516],[112.15999480971277,24.85456655490276],[111.93139217460924,24.68432612545041],[111.92994441000667,24.602923164872323],[112.00120999484557,24.538029290219754],[111.98089781987846,24.46732052512226],[112.05674977538195,24.373514999817473],[111.98112267467178,24.259961095328265],[111.87213244016016,24.230040825323954],[111.87629165983225,24.102155045019344],[111.93625119004054,23.985168175570948],[111.817215119982,23.913993604821087],[111.80499235491334,23.808586139838553],[111.64992555502039,23.83637683502309],[111.61225772001796,23.736276909751723],[111.66015730021923,23.70268806050575],[111.610680339726,23.641753675092218],[111.48175703046269,23.62917388546657],[111.4657289901009,23.520824075271037],[111.3939799450186,23.47130225029872],[111.3438667051845,23.274608109976384],[111.39400550015387,23.162990665286998],[111.36351120008197,23.14568031039812],[111.36854744490881,23.09247205464169],[111.4290294650379,23.07476435499109],[111.42877748489309,23.039124869817044],[111.35834194462518,22.971154755287785],[111.35433536958175,22.892620884746123],[111.21428388529324,22.75112294976435],[111.05330228027606,22.733056259638715],[111.08501107969761,22.696485879919578],[111.05045484501517,22.650676579560525],[110.95323911479335,22.639621210050905],[110.94552095492833,22.61297739958735],[110.89243367507407,22.617130924752416],[110.88336566519331,22.587846050055305],[110.82781219517682,22.592344899597606],[110.79493157463264,22.560207690132984],[110.75693755462464,22.587540080010797],[110.73905179460473,22.46978792527267],[110.67816447970705,22.476578304944894],[110.70515704456216,22.373645285001942],[110.78426415017049,22.289806435118976],[110.72165529995226,22.300455859650356],[110.64935123017517,22.24269683469123],[110.67434549964526,22.175791955434363],[110.62513461976698,22.151943880006172],[110.55472070999281,22.19925849528346],[110.48726327018397,22.145124404567582],[110.42570377500931,22.21049667538125],[110.37633194975967,22.16676713999169],[110.34388343996892,22.19874303536284],[110.32211046022962,22.15541005962666],[110.3605569453469,22.126909280439122],[110.34846774489057,21.97901905518529],[110.38521739996321,21.956128854862925],[110.38545525535585,21.893879745154265],[110.28604982973604,21.920501685004865],[110.25227202483416,21.883073805311938],[110.11959802462917,21.905263449948336],[110.0490807251955,21.859350595353874],[109.98303648004963,21.882389635273626],[109.94083767531856,21.848898935337672],[109.89893333470576,21.65561591993884],[109.79675800527781,21.629783090217472],[109.76175315458448,21.670157625574063],[109.73952483999943,21.603586304864223],[109.77758648003203,21.57715586485142],[109.79269651043563,21.470432000136668],[109.92175252545877,21.469696320528953],[109.93362118516961,21.43323195019434],[109.90126261477792,21.385132719599483],[109.91672446985842,21.35833181016494],[109.75751308496109,21.347071139821423],[109.77411831021192,21.22828598960689],[109.74960900465192,21.167219785164946],[109.73452538014232,21.191335145400615],[109.67578850523552,21.12159923991311],[109.7105199953017,21.0593087901687],[109.66596026965084,20.904518315068344],[109.72674738028746,20.793722380383713],[109.75971818034986,20.805974744838636],[109.76938205493792,20.709156694825708],[109.79477211963768,20.68604914994836],[109.79817411464376,20.713915710141976],[109.82686781010142,20.71019496482586],[109.79463251517848,20.680573570114348],[109.76488886033275,20.692668000128094],[109.73723135024682,20.66422464984788],[109.74199027023485,20.63376754483636],[109.81785729028172,20.597830220388516],[109.84099700480812,20.553289525291518],[109.81220391987506,20.543121930532834],[109.82207101516542,20.51237295504791],[109.89975465495348,20.492085340566007],[109.91886100992775,20.436227229702922],[109.93647868024698,20.496599439912245],[109.94509249472287,20.43853704484883],[109.96231947976031,20.466322774876176],[109.9727874597736,20.472347940305383],[110.01049164986989,20.42641853548713],[109.97998769017983,20.34637594519387],[109.97170904493652,20.402798100052337],[109.90810969041007,20.430233279742197],[109.87374225490123,20.39942778006798],[109.92406131987417,20.342375009798957],[109.91930022982183,20.223273204694806],[109.98106832993955,20.290488285306196],[110.01404410505148,20.268786750408367],[110.06217305014621,20.29050990051161],[110.12404803019251,20.236672425092536],[110.21873721045398,20.281628630357147],[110.28345935506536,20.243324245317638],[110.43763697996275,20.329311109720095],[110.51827649976076,20.42794759520541],[110.53186161002537,20.477760630548744],[110.48928826014526,20.559279265525788],[110.40822858967783,20.580986545292888],[110.39593385546311,20.605304445443892],[110.42390673530775,20.637718899707522],[110.44437312961628,20.579026065500557],[110.48419516017861,20.58132873013693],[110.46193639994505,20.674774335067696],[110.45418804983882,20.646649070498313],[110.43523654013433,20.667496445504696],[110.38568424972846,20.641031690060515],[110.38893560019784,20.66696083537437],[110.36931241473621,20.638165090246844],[110.34463436488409,20.670997394714163],[110.33588606039348,20.640862499704724],[110.33000238530201,20.63569510494517],[110.32459774039347,20.680097354809106],[110.30035514497399,20.653973360582256],[110.28932382963103,20.659590255386092],[110.33471134974917,20.70355974518617],[110.32821564013983,20.741336180520307],[110.31355302515209,20.72764516968897],[110.30653084971914,20.730011595358974],[110.30537951964925,20.73452683504547],[110.32298495469206,20.78013192994473],[110.35572863546827,20.714218605404426],[110.38424259961647,20.71410578005782],[110.38514568532526,20.819507109865413],[110.32345303472988,20.847931374733264],[110.18425020018668,20.842817570574482],[110.16314318461048,20.920933720414837],[110.19953999967134,21.114130999845827],[110.22588080965164,21.10365446997787],[110.22230112030053,21.03388975021187],[110.23791975509278,21.09829746035956],[110.40386837512557,21.145902120486483],[110.42308804018091,21.23644641986641],[110.38924927023783,21.266857959827064],[110.41641094001307,21.300211764961034],[110.37492236047865,21.414810875021942],[110.42168336479551,21.36699322036094],[110.43335738513525,21.386186820365594],[110.44383880461731,21.18973372982788],[110.48672207976028,21.220675689931113],[110.62995044525701,21.227036895136735],[110.74675241499216,21.386038380067305],[110.88164138963845,21.385872070239884],[111.08437041526253,21.46696126545021],[110.99814672968796,21.487606620349254],[111.03199514486022,21.538037645520944],[111.10058181479906,21.460804475246505],[111.23370077527068,21.480877790277987],[111.18698158493225,21.512687019690247],[111.27388215513747,21.49838253992226],[111.29435686008122,21.478147675175137],[111.2774986897129,21.436240980137256],[111.25243562480432,21.44592725054224],[111.25758446025475,21.41531467972885],[111.40013978032675,21.53339077476454],[111.45037125492951,21.53226930488455],[111.432764550044,21.580064345193477],[111.48582727480908,21.52600001488895],[111.45525049971087,21.523005779693165],[111.47455368030813,21.50270500003586],[111.63180672490057,21.526466235128794],[111.6067453498182,21.542604990128382],[111.6123151102542,21.54877561010636],[111.64525777502644,21.51625107522699],[111.69689731006292,21.600188145466575],[111.7852138754202,21.619923065397188],[111.75855528999477,21.643639454896913],[111.78664457538684,21.713500355357212],[111.73552501037102,21.718006879713755],[111.68784673983527,21.773723980477484],[111.79356600516712,21.780445570107076],[111.80065844013495,21.733770559863615],[111.81898422044549,21.749353710105765],[111.84070558539446,21.751866705484133],[111.81087716494937,21.71254891490048],[111.83733791481296,21.719517225439745],[111.81936131517261,21.696876975492046],[111.8305685747801,21.673820000392766],[112.05391980495506,21.77502704056559],[112.0209784100258,21.79165526507842],[112.15383925967421,21.80681477528168],[112.1997154650968,21.792325564872954],[112.19241894517825,21.75659686964991],[112.23940207034934,21.707164439987082],[112.34542871046676,21.70992724005015],[112.41651393536995,21.77456865971601],[112.36649795002052,21.99032818010147],[112.36777287481846,22.01193301000046],[112.39873068547297,22.067421229706042],[112.40097159006689,22.050858525300725],[112.39633913544276,22.027233800099907],[112.37210298996115,21.991839749804683],[112.40868915548015,21.904174020214896],[112.41744650535213,21.920851874714288],[112.46010481508517,21.953033005269162],[112.50756745967067,21.948257410051554],[112.42234015547388,21.916739770523975],[112.42884363972223,21.81887713996815],[112.56373537528737,21.755192275203513],[112.64473435500656,21.786234755229827],[112.70947059019568,21.890766075494014],[112.82281104959043,21.963398060572104],[112.89728828972284,21.856195705267623],[112.92789455538957,21.85554310053385],[113.02919517541704,21.949948390006227],[113.01531060979698,22.117663810036845],[113.08328327480342,22.146280340065687],[113.08710221979175,22.22660455485635],[113.12569918486963,22.21946040527365],[113.10860661520314,22.059209895120603],[113.17649136518446,21.96341041545844],[113.21591056961711,21.963852350405773],[113.20432862006999,21.93602171543],[113.23277560990664,21.945750059717625],[113.21712203465427,21.90667250503219],[113.26174554022452,21.874681125133918],[113.295367339731,21.920604790478762],[113.23859491962003,22.02136259051116],[113.26938404533757,22.042555135211444],[113.26090000033491,22.083299999695214],[113.29852026479853,22.005383570395566],[113.4061311047667,22.008241124828146],[113.41514667517902,22.06840577510644],[113.36218285515474,22.154080744730607],[113.37818866967154,22.13346964051152],[113.43229584547692,22.169316160412563],[113.49306300015735,22.060871655202845],[113.55468021472018,22.079369429955307],[113.52201580018925,22.173396130027527],[113.58899395530682,22.241128200306377],[113.57693802976632,22.26882556474817],[113.57486629484367,22.3033939951369],[113.62419884040435,22.373146270084362],[113.5646647003158,22.391145850101054],[113.56914811479373,22.56357884468798],[113.59273545517715,22.501280855027517],[113.6255054447206,22.505392075184147],[113.6147378402793,22.568291134828087],[113.55411052478098,22.58319071038295],[113.59524517972147,22.609545635222958],[113.6343509551325,22.56280321000031],[113.65856661495752,22.600610840118293],[113.55708810992837,22.749965185045426],[113.76430129466917,22.743739444719665],[113.75399021038004,22.690196259849643],[113.85787295487319,22.524991130036653],[113.86048097531682,22.553076720114632],[113.88516601919662,22.54010587918316],[113.8623050693235,22.512518494632843],[113.88687055463242,22.446378899766557],[113.9506299893826,22.522593794668012],[114.05234156001518,22.50236066471308],[114.16107086522834,22.561908795554473],[114.22787008493651,22.544023034635416],[114.2885488452531,22.566899169561168],[114.27529596523664,22.589267899793867],[114.3000184146182,22.573074564939304],[114.30730104990357,22.59871139461518],[114.38842806969978,22.614761349656646],[114.47753087994636,22.548641815067867],[114.48171076963638,22.470834260392905],[114.51541730506472,22.451875444596112],[114.62292356017429,22.51314508018146],[114.54721667520948,22.570391555426113],[114.49878966511096,22.555603944566542],[114.59548290541193,22.653715885180134],[114.50150259506893,22.647143934644873],[114.52921007508508,22.710584650561202],[114.57520017964475,22.691916199772947],[114.57026648541,22.73732810500809],[114.68903787959448,22.792302780349132],[114.76740232505733,22.78730751043338],[114.77053969994734,22.83268608499486],[114.82534336470474,22.793885485526914],[114.7431991046551,22.743424049780174],[114.73522901500723,22.60815097019116],[114.87492984014023,22.59692685009412],[114.88380012507594,22.54423741502478],[114.96858823006289,22.67911865999821],[114.86753759998044,22.75873204974431],[114.93624588973614,22.751477119873243],[114.9783076296934,22.688319710186647],[115.02740890469738,22.707381675524005],[115.04845517016997,22.797633275255578],[115.14856918961664,22.813360399762644],[115.18426714511281,22.77942394545869],[115.17430646007529,22.82196212555175],[115.25627917984036,22.822734635095344],[115.32505659508593,22.916290160562426],[115.3168030849946,22.868135209772163],[115.23361432534091,22.804260810188396],[115.2303082646149,22.781295379778044],[115.3131893904781,22.793783559963458],[115.36177957536734,22.762649445315617],[115.41373998491247,22.78790071494609],[115.43135201468374,22.762918870509623],[115.40471902036666,22.749046620205434],[115.35167314979606,22.7612364251209],[115.35148483535704,22.71201286480192],[115.38157699548196,22.689187404874986],[115.46873289490736,22.70378987050617],[115.5701695598774,22.65377445982358],[115.55912611987458,22.700916610313357],[115.60102965469491,22.752139220548713],[115.55851820964767,22.75428903011482],[115.54473022042339,22.714260575465232],[115.52151065509281,22.753724979824028],[115.60867804515578,22.86558184022988],[115.68952745502816,22.876921624833244],[115.69809093534855,22.849907340451523],[115.80945433504974,22.81981529543964],[115.81570878533239,22.741223045407253],[115.87992742021436,22.79802540035206],[116.03858739479256,22.848627945123724],[116.09516869997572,22.819561639857966],[116.28676080017101,22.957864690103406],[116.38076376533559,22.92886895463863],[116.49807083030464,22.93939620537077],[116.56425324459167,23.01936899478335],[116.53782257974842,23.13204845517214],[116.61181069031113,23.2165010797612],[116.63790566521436,23.164319120431117],[116.74097711959848,23.246225185144283],[116.72281206522473,23.25321443010199],[116.72669587021835,23.26547856038735],[116.7970952100759,23.21635823504448],[116.758715710062,23.31704858502428],[116.81739999981016,23.37529999959537],[116.8058790395861,23.40227192500936],[116.82849999997507,23.38649999987507],[116.86632420999445,23.41592421463099],[116.86382244984623,23.446485769602702],[116.81989522458503,23.45492870029932],[116.87229600515661,23.46315171977602],[116.86106557002006,23.504014739888362],[116.89557004961819,23.543972714669053],[116.88288375957791,23.54820731011938],[116.87546046043201,23.55300950008842],[116.8902964350325,23.55557142038475],[116.92058605030604,23.55443861005392],[116.93224948022942,23.538259555534125],[116.96196947481144,23.54495118514916],[116.93208312993272,23.528462965293784],[116.98949220979773,23.50854574469048],[117.01971127505533,23.556668579791108],[116.96435383026528,23.551000255457495],[116.95911256968952,23.609440135553825],[116.98779203967092,23.630279375293014],[117.07419589002848,23.620038220487572],[117.0819986949839,23.54504578483511],[117.18867516542662,23.61985554479753],[117.05586180268006,23.68980764550662],[117.02863465506539,23.828000984757637],[116.95524384542716,23.868991890263658],[116.97689166022212,23.999999999800195],[116.94965629999831,24.006699549744496],[116.92214838494021,24.103439329961247],[116.99285032508249,24.188230810103846],[116.92862964514211,24.223171680328903],[116.93482628970173,24.28724512506244],[116.90938763463168,24.289237549673146],[116.89955568035055,24.373676310313442],[116.83479932013267,24.44234426547547],[116.84682894499986,24.478378165420054],[116.7521829402906,24.550277655389664],[116.80512080498124,24.66897794557582],[116.59262203028254,24.65778439523376],[116.52230631478471,24.60785043974613],[116.4825456098921,24.721178810453807],[116.4397762599666,24.718709950204072],[116.37072068531143,24.80585048021561],[116.41423136528533,24.843419489617872],[116.39147358473815,24.880584285236637],[116.24344435037665,24.795412485397947],[116.24312591033254,24.834523955316342],[116.18702497532252,24.88135628486475],[116.08596949519608,24.83934007038806],[115.97518053025749,24.918862404676304],[115.87778159464506,24.940727260055155],[115.90390080537793,24.883806424826616],[115.8564880947498,24.866503529814224],[115.86103744482227,24.89368539026856],[115.81791997003063,24.911380170258838],[115.8011869798953,24.86078939491472],[115.77669645487754,24.86627738539312],[115.75140320489402,24.74942438542712],[115.80139754985714,24.68971599000099],[115.7563014604442,24.671792640118326],[115.84958378986005,24.568233919559816],[115.78631735536169,24.574957729615562],[115.73718286030078,24.54280121980048],[115.67959712480763,24.550495355176565],[115.64902595968044,24.61731336981626],[115.57142847494436,24.616669500197304],[115.52110253465435,24.71986642529538],[115.40313649505333,24.797560070041243],[115.35548048543626,24.73752178530225],[115.27572919005013,24.757360710028934],[115.11897655522387,24.66728976521057],[115.0490432800234,24.71356094478182],[115.0199818050163,24.670856015093193],[114.90797976525403,24.6682716549131],[114.86499492517567,24.565094930386863],[114.84422520033274,24.606196889574846],[114.74509555991222,24.620624320156253],[114.70124799030259,24.53087306543972],[114.65936801502198,24.586688450411714],[114.58596525519249,24.53934318533976],[114.52402251482727,24.562021109686498],[114.42400714471398,24.48771649532],[114.35192344031475,24.593903905440925],[114.29935299544456,24.577934294931936],[114.25312688000167,24.64644380483776],[114.16981880459434,24.64872312037585],[114.16326198515264,24.692563440550487],[114.27000585528617,24.705191030042045],[114.32805169023334,24.74947028502578],[114.33660252518644,24.811064889732904],[114.39858337522264,24.880438905331346],[114.39078846541543,24.952852925322418],[114.50412633476276,25.00390506546654],[114.55673716458853,25.08178294982332],[114.63802553535027,25.073896855055864],[114.72539173494079,25.118616499951486],[114.73156829044433,25.158433880119617],[114.67440762491208,25.19806119486833],[114.74456801490203,25.23305117976821],[114.71032780468454,25.318531585564415],[114.62016671991842,25.334045264977135],[114.59693258467121,25.388205784969045],[114.53348176487168,25.421775629741603],[114.47605407983212,25.37337043989396],[114.44269367007689,25.389393520494764],[114.3754928653035,25.31867482508312],[114.31038150040604,25.342206779819037],[114.28732246046332,25.291767810036504],[114.1345115748494,25.314849965253757],[114.03031025991072,25.25380037488742],[114.0110332648735,25.282684875006964],[114.05132362458573,25.314243240333326],[114.02180522473145,25.33372695533484],[114.03842254046788,25.39350784511106],[113.98109184461305,25.40569177475561],[114.00257834531453,25.440841550297364],[113.95632409548068,25.456811270523758],[113.8792384302094,25.438962889925563],[113.87077219538071,25.382653755566423],[113.81662184492234,25.333261684779075],[113.75317449021065,25.33284454503979],[113.74202828467776,25.368763214850503],[113.57634302481097,25.309195455405984],[113.53799044510299,25.37073061492606],[113.43920766959832,25.362475795421688],[113.35534072489463,25.440285080392187],[113.30707036500553,25.446409049837882],[113.30211014526708,25.497916454680706]]],[[[110.40728478986136,21.094987590105234],[110.30452691018888,21.071663314910097],[110.3253141349395,21.027932569932318],[110.29743759496921,21.032732940572885],[110.25183493003806,20.959125120028318],[110.45650047032058,20.99830669479826],[110.52434994529392,20.926146570507967],[110.55028707029226,21.06206155469704],[110.42747991986255,21.078594389919317],[110.43160921998964,21.052908539997247],[110.40728478986136,21.094987590105234]]],[[[112.87239354462656,21.760313725398078],[112.77898465541762,21.770034435341017],[112.76795549035364,21.724061040185006],[112.70395070526092,21.700701929750267],[112.72960797472831,21.669994705291458],[112.78377235011396,21.682638274836563],[112.72741964000443,21.615661170127055],[112.76167210528365,21.614384790225927],[112.76725246512933,21.56903941503714],[112.81029893035156,21.591120464737628],[112.79945971019754,21.690907059912945],[112.82400536545526,21.74611614984059],[112.87239354462656,21.760313725398078]]],[[[110.5070072948509,21.202436570091777],[110.43028105982324,21.170995870263255],[110.4851419898111,21.14383802980126],[110.51615807473547,21.160984949995566],[110.5332449948607,21.09222835495467],[110.56666794976627,21.093833775208623],[110.62017531014249,21.209603959954904],[110.50684587463752,21.180472475424494],[110.5070072948509,21.202436570091777]]],[[[112.01921221527152,21.636788219900552],[111.84712706046565,21.657672184723594],[111.8528633699487,21.611155054961785],[111.80582759486765,21.558653410026977],[112.01921221527152,21.636788219900552]]],[[[117.12549144967068,23.480498650092727],[117.0876965548523,23.460297724860254],[117.05896171001496,23.475379434713318],[117.02226708535773,23.436146885470578],[116.98030094513263,23.4633381951017],[116.94099609489399,23.426263534934378],[117.12131899017936,23.3924715854954],[117.14989529982824,23.44603664997146],[117.12549144967068,23.480498650092727]]],[[[112.6534256946403,21.708780009989482],[112.55644138516186,21.668658510581906],[112.5211422798925,21.59023662991666],[112.65518573983024,21.635816640026007],[112.63058151532482,21.658306765245072],[112.6534256946403,21.708780009989482]]],[[[113.63694386966404,22.718295589769752],[113.58237787503901,22.72234028527612],[113.69576450023169,22.57385440036046],[113.67655359547211,22.660305904893733],[113.63694386966404,22.718295589769752]]],[[[110.59155965515401,20.94914765544013],[110.54917067528646,20.90310860527802],[110.58481839465327,20.86570994995435],[110.63717475501102,20.92999439992178],[110.59155965515401,20.94914765544013]]],[[[114.31581305033217,22.066255235291067],[114.23414524031068,22.036479960282122],[114.21779549536598,22.022226714891076],[114.29491419993042,22.040069419867848],[114.31581305033217,22.066255235291067]]],[[[113.65245746004382,22.43767144518108],[113.61651367036973,22.431078030526805],[113.61325369989834,22.392678775105423],[113.64465489520728,22.397131574862442],[113.65245746004382,22.43767144518108]]],[[[113.19873773995482,21.869540000470693],[113.13347856518374,21.8732184146981],[113.13639686971987,21.837027305166146],[113.19873773995482,21.869540000470693]]],[[[110.56505830539646,20.335396910139423],[110.57394039483341,20.3715792198052],[110.55367801532833,20.33335576475679],[110.56505830539646,20.335396910139423]]],[[[110.24696654996632,20.960816015446824],[110.20880639459955,20.982736545155603],[110.20037546535553,20.946514150008056],[110.24696654996632,20.960816015446824]]],[[[113.01613734486261,21.84578256051691],[113.03363773998979,21.88463472531248],[113.00409532014294,21.87073563474172],[113.01613734486261,21.84578256051691]]],[[[113.12123856011146,21.900036270057797],[113.15069921539657,21.923006795127606],[113.14461440962748,21.94003579531568],[113.13311529483519,21.932576054741105],[113.12123856011146,21.900036270057797]]],[[[113.76069501506299,21.96543038540409],[113.7676627599285,22.0005950753025],[113.73736185006942,21.992597620184085],[113.76069501506299,21.96543038540409]]],[[[114.07170236467243,21.901447979940315],[114.03557688046885,21.89567297532767],[114.0333205246227,21.88358284047581],[114.07170236467243,21.901447979940315]]],[[[113.7464750949498,21.942752425084507],[113.71025022037156,21.949806205392065],[113.71739731523394,21.925314930339823],[113.7464750949498,21.942752425084507]]],[[[112.45105083013186,21.652100874755547],[112.45301893527574,21.691329945420705],[112.43174089023,21.659111500195763],[112.45105083013186,21.652100874755547]]],[[[114.2137540401169,22.01233481989601],[114.17783656460597,21.992942485007745],[114.22274422536577,21.998437785175724],[114.2137540401169,22.01233481989601]]],[[[110.42954578041343,20.695252090511758],[110.40128239526649,20.683447969748045],[110.42721820995263,20.678571150438415],[110.42954578041343,20.695252090511758]]],[[[113.81207036975184,22.41800426038833],[113.78180368988853,22.41728642512851],[113.81824220471412,22.400560630468817],[113.81207036975184,22.41800426038833]]],[[[114.15011377003452,21.982787684903826],[114.14747325528651,22.001741895272346],[114.1192115599656,21.985832620279325],[114.15011377003452,21.982787684903826]]],[[[112.85655037519984,21.60609404550388],[112.8765970451177,21.616946335505077],[112.8606592903941,21.611085745111154],[112.85655037519984,21.60609404550388]]],[[[114.65136438515844,22.465390184709292],[114.61597100485801,22.468706289963336],[114.62453176472923,22.45186562040203],[114.65136438515844,22.465390184709292]]],[[[113.81602162030174,22.124015320550654],[113.82334619007463,22.15862275003991],[113.81563929511742,22.157882960530287],[113.81602162030174,22.124015320550654]]],[[[113.71178409506012,22.010654649792343],[113.69767768018096,22.03175048050025],[113.69053718004704,22.023683389976497],[113.71178409506012,22.010654649792343]]],[[[113.70020610522772,21.9437598951032],[113.6887116750039,21.965401650266074],[113.67603053987773,21.944226455286753],[113.70020610522772,21.9437598951032]]],[[[114.05081351023546,22.096424300041463],[114.02326539008584,22.10011618971049],[114.04691268467286,22.08916893489851],[114.05081351023546,22.096424300041463]]],[[[114.00313834505869,21.852399920519986],[114.01115714018988,21.86588821516915],[114.02600376006558,21.8758456401643],[114.00600791533304,21.866373810403218],[114.00313834505869,21.852399920519986]]],[[[109.750681195281,20.76361988974628],[109.73868040537639,20.7979965055344],[109.73508148042617,20.781858514958685],[109.750681195281,20.76361988974628]]],[[[114.65174938042958,22.5773237599837],[114.63721034488174,22.576198975202658],[114.65395461971002,22.563850225007968],[114.65174938042958,22.5773237599837]]],[[[114.94553977514067,22.71132099476813],[114.93314254519248,22.734048205560214],[114.92878841005711,22.721185394790325],[114.94553977514067,22.71132099476813]]],[[[111.80779195973133,21.695996705583525],[111.78959098013974,21.699434630304097],[111.79135631963851,21.678132080531213],[111.80779195973133,21.695996705583525]]],[[[110.37185610487546,20.673374614946567],[110.34879912977613,20.6842249597143],[110.36924346011767,20.6671999147444],[110.37185610487546,20.673374614946567]]],[[[110.41865428986364,21.09850085553012],[110.41226958537322,21.112752195257656],[110.39146585536503,21.10358270497784],[110.41865428986364,21.09850085553012]]],[[[112.78857943958951,21.568730515001448],[112.80945074015972,21.571902080316875],[112.8126772603473,21.58169631523276],[112.78857943958951,21.568730515001448]]],[[[117.02975295033843,23.56576861542942],[117.03396915015617,23.581912244754278],[117.01868592021913,23.57861906052125],[117.02975295033843,23.56576861542942]]],[[[110.43702377542706,21.150966665179624],[110.42406300960027,21.164515094795888],[110.41595144040667,21.1570426153246],[110.43702377542706,21.150966665179624]]],[[[110.42258950460206,20.6045452449672],[110.4083098749008,20.610919395014093],[110.4186499299505,20.590976630067473],[110.42258950460206,20.6045452449672]]],[[[116.73043262976216,20.69752169517028],[116.71176327965168,20.71060618522739],[116.70630067973275,20.705538859830597],[116.73043262976216,20.69752169517028]]],[[[113.91500129967028,22.03876107536348],[113.9335377803443,22.041750300436092],[113.91998717526803,22.05204365549048],[113.91500129967028,22.03876107536348]]],[[[112.18507129520424,21.552760235396534],[112.17704061463269,21.54889361015205],[112.1994075498186,21.552046394925185],[112.18507129520424,21.552760235396534]]],[[[113.8114918053027,22.16368342045365],[113.7963987900722,22.176487634996533],[113.80990817472264,22.160281144859084],[113.8114918053027,22.16368342045365]]],[[[113.8311429551834,21.999731820567092],[113.82056230001024,22.00640430991109],[113.83819886508559,22.002484340480066],[113.8311429551834,21.999731820567092]]],[[[117.07601386504791,23.560696695396302],[117.06136664015844,23.573949145536744],[117.06154016974324,23.567953590286095],[117.07601386504791,23.560696695396302]]],[[[114.6510889551912,22.437116920509595],[114.64538945046297,22.444300925347534],[114.63781540515686,22.431765095482888],[114.6510889551912,22.437116920509595]]],[[[112.58223632015006,21.589585824726157],[112.5859701497028,21.601784510446862],[112.57508201991936,21.593093714903034],[112.58223632015006,21.589585824726157]]],[[[113.88185496993106,22.115553799967984],[113.89813265489829,22.12171688542594],[113.89190186487917,22.127674040524596],[113.88185496993106,22.115553799967984]]],[[[112.65582911482193,21.59903631537378],[112.64963913963481,21.608271004703283],[112.6468695703744,21.601572034821515],[112.65582911482193,21.59903631537378]]],[[[113.4418293453482,22.063418850000005],[113.449723425196,22.07626664029334],[113.43545834023041,22.062039690179688],[113.4418293453482,22.063418850000005]]],[[[113.8455664737138,22.507827469861923],[113.8519276465438,22.5125947625383],[113.83756530259677,22.518813157201635],[113.8455664737138,22.507827469861923]]],[[[114.84959144958589,22.51271133535988],[114.8366080253403,22.51548883034536],[114.83587410030952,22.50584831025151],[114.84959144958589,22.51271133535988]]],[[[114.13820427480755,21.96954530986818],[114.13321155536914,21.97233630997283],[114.1224055399839,21.965115235080077],[114.13820427480755,21.96954530986818]]],[[[111.18442386536918,21.381098535369233],[111.18511774988434,21.389038360132247],[111.17900158475533,21.37393701538099],[111.18442386536918,21.381098535369233]]],[[[112.67327493998653,21.703544710120298],[112.68593897990013,21.70410802476556],[112.68255016985461,21.71614963040122],[112.67327493998653,21.703544710120298]]],[[[113.6624890251486,22.02623533499286],[113.668535484725,22.043128960233446],[113.6614894547746,22.04213374527626],[113.6624890251486,22.02623533499286]]],[[[110.49415597471858,20.92515025478059],[110.48139353998005,20.925153785518773],[110.49950359991135,20.917034470464557],[110.49415597471858,20.92515025478059]]],[[[113.5809557447119,22.204051905171355],[113.57205489991384,22.21429759975456],[113.57161109977267,22.204029135236397],[113.5809557447119,22.204051905171355]]],[[[113.99520969527134,22.038342039853376],[113.99565424005118,22.05163248994762],[113.98921673996063,22.0497202003271],[113.99520969527134,22.038342039853376]]],[[[113.83464973919433,22.501514192226296],[113.84703563948335,22.49961903469068],[113.83779167454622,22.506525858581654],[113.83464973919433,22.501514192226296]]],[[[114.5834420003481,22.70796700017695],[114.58897940047916,22.717452500532602],[114.58017559972416,22.7175215001173],[114.5834420003481,22.70796700017695]]],[[[114.61326187543523,22.671265895005092],[114.60607283978982,22.674759405022712],[114.60109337006304,22.663781375410224],[114.61326187543523,22.671265895005092]]],[[[115.10324709967392,22.7849804597804],[115.11270203477113,22.784099605312633],[115.11070900491677,22.787442920454566],[115.10324709967392,22.7849804597804]]],[[[114.0029436454331,22.02869357514851],[114.01423209043867,22.032486634950374],[114.00925760025814,22.040820450003878],[114.0029436454331,22.02869357514851]]],[[[112.11286698991978,21.64400396990726],[112.12459762977699,21.643596200204456],[112.12292314968374,21.647393074930562],[112.11286698991978,21.64400396990726]]],[[[113.58006535023594,22.27788065047173],[113.58978913046406,22.282962605140142],[113.58400607961698,22.289676175515183],[113.58006535023594,22.27788065047173]]],[[[113.16086902518555,21.94773003051648],[113.16882209516359,21.955885760019783],[113.16091387527524,21.956009090347266],[113.16086902518555,21.94773003051648]]],[[[110.55355460046457,20.546860100213507],[110.54677769983118,20.55290800050392],[110.55188059970999,20.538166300034902],[110.55355460046457,20.546860100213507]]],[[[113.71546880004519,22.14312670003727],[113.70327411540814,22.145575630411145],[113.70286359467923,22.13820739495543],[113.71546880004519,22.14312670003727]]],[[[113.69647031964973,22.097679810275054],[113.70202248484986,22.10295714535613],[113.69637972464466,22.10360988498826],[113.69647031964973,22.097679810275054]]],[[[111.0365934702125,21.492978520042698],[111.04059133981855,21.50158720478572],[111.03645775981795,21.499870325255415],[111.0365934702125,21.492978520042698]]],[[[113.42719961047385,22.08014230012708],[113.43322751973426,22.080392065241654],[113.43485924965466,22.082075935156467],[113.42719961047385,22.08014230012708]]],[[[113.81424112992431,22.004232879743654],[113.8055009696941,22.008459585441642],[113.80043626492181,22.006504665258205],[113.8072997846574,22.001409575091884],[113.81424112992431,22.004232879743654]]],[[[113.90623600968422,22.040793589952273],[113.91363241010777,22.039967420560004],[113.91339788040807,22.043456069741808],[113.90623600968422,22.040793589952273]]],[[[113.97385311512926,22.057371240190605],[113.97698443488389,22.064080939883524],[113.97256030011783,22.06404410545116],[113.97385311512926,22.057371240190605]]],[[[114.71530702529901,22.583348929909334],[114.7209270452471,22.589014909710386],[114.71753433034519,22.591503410254347],[114.71530702529901,22.583348929909334]]],[[[111.81160889023829,21.723083760407405],[111.81958144492779,21.72561273044323],[111.81791651473549,21.73372220511584],[111.81160889023829,21.723083760407405]]],[[[116.88442238988159,23.55265533537556],[116.87641526974892,23.55312312493237],[116.88954478976041,23.546699885391376],[116.88442238988159,23.55265533537556]]],[[[114.02140101544467,22.043945094990193],[114.01074502496294,22.04135895505192],[114.01447300532504,22.039003385098226],[114.02140101544467,22.043945094990193]]],[[[110.50751246023191,21.20724479001518],[110.51034918996334,21.211534025574963],[110.5024773899197,21.21235999981417],[110.50751246023191,21.20724479001518]]],[[[112.13622905013062,21.605168449764278],[112.14268190524592,21.607789184823105],[112.13887111980637,21.61564572517011],[112.13622905013062,21.605168449764278]]],[[[113.6889559803343,22.04397684015919],[113.69703475035351,22.04786848993905],[113.69558064463126,22.04877678542033],[113.6889559803343,22.04397684015919]]],[[[115.19062116023838,22.74418277991151],[115.1813504350747,22.74019599984564],[115.19055457983018,22.73815212502069],[115.19062116023838,22.74418277991151]]],[[[117.09646463543459,23.47853026525968],[117.10233833974269,23.47895093483794],[117.10183215003372,23.48264429489842],[117.09646463543459,23.47853026525968]]],[[[114.64348122038211,22.667889974942455],[114.64879744484631,22.672105299719874],[114.6464637446062,22.67748836539579],[114.64348122038211,22.667889974942455]]],[[[117.28376159961817,23.256376350188475],[117.27965476545512,23.25998643482626],[117.28153342043106,23.256371310387692],[117.28376159961817,23.256376350188475]]],[[[112.37575319515395,22.00355985050686],[112.37508390979463,22.00748928530237],[112.37173166528419,22.001966220364864],[112.37575319515395,22.00355985050686]]],[[[112.66147230040656,21.61385032493274],[112.66664684027955,21.61968522978964],[112.65967900008582,21.617461655131365],[112.66147230040656,21.61385032493274]]],[[[117.30348353963382,23.276406100261397],[117.29785012967977,23.279207220437],[117.29921385983187,23.272712115172],[117.30348353963382,23.276406100261397]]],[[[114.64486691467641,22.660460545118042],[114.64930198519846,22.666406060291592],[114.64599466542165,22.66686111544817],[114.64486691467641,22.660460545118042]]],[[[113.60050315959336,22.25151065029644],[113.5946239001729,22.248329800379963],[113.60016030475447,22.247180590012192],[113.60050315959336,22.25151065029644]]],[[[112.39631941510913,22.049736340459845],[112.39931066005897,22.053653059741066],[112.39795870023386,22.056129504872843],[112.39631941510913,22.049736340459845]]],[[[115.57013144031384,22.650411099692576],[115.56791970972688,22.652648409696496],[115.56664999470172,22.65080884555192],[115.57013144031384,22.650411099692576]]]]}},{"type":"Feature","properties":{"name":"广西壮族自治区","adcode":"450000","level":"province"},"geometry":{"type":"MultiPolygon","coordinates":[[[[111.00628536487773,26.339886249950553],[110.95041590457038,26.383900839851947],[110.92300348042636,26.256931269962195],[110.89137377458007,26.28072916501901],[110.75659196494729,26.25012434456289],[110.74335878997624,26.319617034698467],[110.70871064997658,26.298508840110912],[110.615269309631,26.340120359666912],[110.54572589503408,26.283187215417684],[110.5473688197153,26.234502334615115],[110.4973155547691,26.172179440029197],[110.47453263996942,26.1857225447597],[110.37266764499589,26.101018449941535],[110.3033590352913,25.970476735113266],[110.24525892535917,25.97403488030551],[110.23582486532536,26.038239365254526],[110.18836469477492,26.071639044806147],[110.15380384477169,26.02077313537194],[110.05806633469365,26.04143257994963],[110.09313837013974,26.17270156032879],[110.02397334529371,26.167952235207565],[109.96513165530172,26.203997634783093],[109.90833900494118,26.155803290089807],[109.86754959523768,26.034636500374233],[109.80810993522539,26.048036245076673],[109.78589132972115,26.01770384006022],[109.82656379518306,25.911853360044574],[109.77683610999856,25.869785480415658],[109.76236204956899,25.893575664685216],[109.68004342986046,25.885958475303426],[109.68698766464905,25.963060349955242],[109.72609778018847,25.99467635013349],[109.64979795960824,26.017585744686414],[109.64861581516777,26.049728139641957],[109.54315005972751,26.0256308395916],[109.53284988961076,25.998105164721608],[109.4787021597769,26.033864525027866],[109.4005862149819,25.96813716499821],[109.43523112461679,25.956320440236198],[109.423156094778,25.915994399921658],[109.33409054524253,25.83751499502108],[109.33680255519386,25.734869419987774],[109.27543003986449,25.71747504503736],[109.20256781035624,25.74160589519596],[109.20197830025842,25.791490344803606],[109.17302112502495,25.80929413521619],[109.18727966022817,25.778684989920407],[109.14353743000845,25.744242679556066],[109.1129173552518,25.812283305430242],[109.07488774996972,25.77946897481337],[109.00734154977278,25.79518358525428],[108.9576028946579,25.733873769758702],[108.89135624989109,25.716403959675063],[108.89459790027291,25.686391859896446],[108.94206433460141,25.679442204893917],[108.99774093529601,25.738059194776042],[109.07373001492829,25.722571914961975],[109.02691042517603,25.637689150034305],[109.04636786018864,25.57015515993271],[109.08422433518496,25.55245700029036],[109.04885495509217,25.526068664737124],[108.94583393019178,25.559695305294156],[108.80696512544023,25.528498634704306],[108.77709451509986,25.55709850029558],[108.78256922978619,25.62447432033366],[108.68669074468221,25.627062560189074],[108.65437943995926,25.577650969616627],[108.68643072459832,25.520476920373653],[108.63117054508467,25.522732234804835],[108.60341594508986,25.495135050342355],[108.62926422516392,25.468297995356238],[108.60601850035357,25.48127288503565],[108.5839679646499,25.425276569957816],[108.61454344472423,25.401546089880185],[108.61398139542513,25.309623504820934],[108.49995890997576,25.44819742996748],[108.4250570747243,25.437771219865965],[108.3955455151135,25.494055670532816],[108.31568313996502,25.533844120409867],[108.23685731531293,25.465429850507235],[108.24248371505149,25.42864122511247],[108.19081413996065,25.459661910069144],[108.1546811203375,25.44367248479739],[108.18907591502153,25.40681884471394],[108.13734496479833,25.392065605043683],[108.15413158510461,25.32765479493287],[108.11247716968569,25.214520454755245],[107.99403609019345,25.198280005318054],[107.83488015029877,25.119063980118653],[107.76010074515335,25.121347800360752],[107.78763208035627,25.148091260203557],[107.74849520009349,25.242794905160792],[107.68224413965538,25.197087659867634],[107.66237184468497,25.32203766001004],[107.61837108455796,25.308058929975687],[107.59065751523218,25.251643625253166],[107.46748247463654,25.217135105001148],[107.48272726485146,25.289116269600186],[107.42130713491639,25.29478753022039],[107.39697017003738,25.34954184468046],[107.41845771035509,25.388737429988453],[107.31064258488743,25.406875285266267],[107.32527146540588,25.498775229893],[107.22877901493968,25.554325744737355],[107.23692140030244,25.596352025325757],[107.20313089967135,25.61334392038566],[107.17214770475283,25.577331409916667],[107.06151899990198,25.560361180424195],[107.06692035509036,25.515592679858344],[106.9600236847453,25.44046848543229],[107.00959570987419,25.353385530018272],[106.99271138002621,25.243181684687045],[106.91613423011069,25.250956494646573],[106.88405797489571,25.18572291458088],[106.64524134990842,25.170295540406926],[106.58664121961664,25.090818710015526],[106.43891520966923,25.021910150233282],[106.14553469536997,24.960819899718672],[106.20129554005717,24.862617755305223],[106.18417423974944,24.791513534921762],[106.04335163986633,24.686196129847588],[106.01954906473759,24.635579929770017],[105.9350694748764,24.729747700196242],[105.79770872527752,24.705324810491675],[105.59545484476536,24.810532904769786],[105.49632167990165,24.81084977999342],[105.43840741487037,24.92568866999619],[105.2636343753262,24.933046225103283],[105.20829678037217,24.99856622035486],[105.13078298025039,24.965602944920022],[105.0693855653916,24.912746299801938],[105.0600154696383,24.88981153987072],[105.03359846999348,24.873235955375094],[105.03096945037987,24.79092724529619],[104.87868140991918,24.746193474749134],[104.84318336022397,24.68293419975356],[104.75988574483131,24.66009893541758],[104.73879505015151,24.622726540297663],[104.52760939985399,24.734765425284195],[104.48906056019678,24.657802090294297],[104.4468315400436,24.64147476994475],[104.50346370998227,24.630518035379055],[104.57298640509856,24.426005725184098],[104.61493509038218,24.422717194942663],[104.6065647349746,24.378227805269034],[104.69707137974046,24.320206395009166],[104.72406090488693,24.34651716493528],[104.70029240507051,24.423520859699977],[104.75323811994332,24.460250330388476],[104.92586073028855,24.40995981978989],[105.04499333537422,24.444961805243167],[105.10547597513619,24.416376139946976],[105.10833251963015,24.36849543471658],[105.1945263998735,24.338094680325298],[105.15596902025413,24.283043495161223],[105.24175453544353,24.207574130142063],[105.22466690035725,24.16589921557636],[105.18095874005388,24.170203840335034],[105.17923489527425,24.135492674947045],[105.25609119475291,24.063748909784408],[105.31459502474064,24.12037626025625],[105.412152070162,24.031398980078905],[105.49155253462186,24.02081398028099],[105.52525362015848,24.13087989029475],[105.59637189964349,24.141437650527223],[105.62480503992072,24.129695195376996],[105.64794066972621,24.032556490289835],[105.75733535544236,24.074572540190616],[105.7977640650596,24.056429330349374],[105.7940368599132,24.026388735551734],[105.8468582650969,24.05887609515571],[105.88840585004999,24.042253500398772],[105.91844178546012,24.123830655160646],[106.0012850004025,24.128356460082614],[106.04554897500526,24.090820565516708],[106.05140963015037,24.0493085055831],[106.0928425596365,24.02700288977161],[106.078165055473,23.995411580480095],[106.13438164509688,23.957873409730098],[106.15810295478758,23.886516864761575],[106.19689626525047,23.87622313468995],[106.16946458032618,23.865215830346358],[106.18969970497744,23.82279411515634],[106.1331668750513,23.802006220410817],[106.16012880540012,23.724289550322567],[106.1155838753956,23.603562485020745],[106.13883495476938,23.57588333005168],[106.00546859529948,23.452175700148473],[105.98962047960151,23.493878109687046],[105.90329520031332,23.500385470013498],[105.8643107146678,23.53605301043814],[105.6963166603856,23.40064579516735],[105.62626580512284,23.40475518520367],[105.69087106035124,23.369617460577388],[105.66696844463809,23.35432592989781],[105.69778262546782,23.331966735176763],[105.6484633449075,23.34972806050166],[105.53081216964597,23.245217644978368],[105.56523066955981,23.163634515120805],[105.5582826450281,23.085397835441825],[105.7239049298687,23.06504174478073],[105.83463254035951,22.99221575525297],[105.8759080201391,22.918670540113396],[106.08484432030917,23.00012403539597],[106.20571673044282,22.978590605372176],[106.28290613970665,22.870683970289065],[106.35560175991333,22.858552294852586],[106.49033156984615,22.907190519726782],[106.52149300499826,22.95066541477712],[106.6012464452673,22.92925712002011],[106.64858591510796,22.867896720357408],[106.7070877252184,22.888753360179464],[106.76509150966552,22.811209885128164],[106.82164674530111,22.813707244893465],[106.75711896037177,22.719865184630635],[106.72057296487048,22.583357459978856],[106.60941217523174,22.610395130331028],[106.55725006483868,22.462421185389417],[106.59237091008947,22.391816630133405],[106.55914172041412,22.351817954734884],[106.65352519503176,22.33909217006766],[106.6888486053789,22.275731769905292],[106.69878620032296,22.21124587989351],[106.67308875544177,22.182086150355588],[106.70295099039595,22.16245559494979],[106.71288903500101,22.076197655097758],[106.67600954030809,21.9957803002207],[106.69140345970197,21.96559421040456],[106.76084418521106,22.013179695186807],[106.80710282013911,21.97845249039017],[106.91580459530587,21.972428264752693],[106.95838222505972,21.922776645126135],[107.01831489971289,21.944340510006555],[107.05742728963776,21.897494874988524],[107.01156841505036,21.823361319769162],[107.08725126473416,21.805269804757756],[107.21260126983282,21.71245940537733],[107.29921364959034,21.741584004698097],[107.36355427480999,21.599197060196218],[107.46463378032479,21.661824475119488],[107.48253539539223,21.598527545509853],[107.54230374502185,21.589348265210333],[107.57732718020526,21.61818496006788],[107.600335840127,21.59425583503878],[107.85719983960098,21.65501283007808],[107.95477269510388,21.536783635356528],[108.08626620472165,21.551226484814492],[108.12136844479795,21.517379620073484],[108.1876654453041,21.532629004924672],[108.13703957481658,21.573724265062822],[108.22666771504305,21.627049425490668],[108.27114745499114,21.59710342048652],[108.21784456987109,21.499468484782824],[108.32324503543009,21.58826407043057],[108.30018628506906,21.597289929986346],[108.31991737029045,21.618882949988176],[108.31471911979162,21.66718454513068],[108.33676613015285,21.712808950272915],[108.39192299465054,21.662156150486],[108.43804613502118,21.691664264794042],[108.4121411203165,21.6494684098393],[108.4508624400496,21.668320670362675],[108.47128500499906,21.666549645349903],[108.41874411005267,21.636651410534228],[108.40554984514927,21.608973080243516],[108.44403203964697,21.615462255378816],[108.39051917002377,21.596861765458186],[108.37445011518071,21.539581165438506],[108.47559210469194,21.559279115139077],[108.45835085460834,21.568365804838095],[108.49048367987797,21.614513904992748],[108.47682271989265,21.583015385052022],[108.51993211517504,21.597859215230642],[108.57103285018593,21.695069870578095],[108.53246421465184,21.68542983521877],[108.5494815497338,21.7215816146998],[108.50921614980552,21.716991660237],[108.54961618993525,21.752157975210423],[108.51110663536298,21.76599554046186],[108.45497372495748,21.867857090132645],[108.49180315529145,21.847016694764704],[108.47906879468917,21.869923080186027],[108.55426465968634,21.91627016523597],[108.55046216509692,21.89076761513337],[108.60532164537767,21.901591745562655],[108.63383258510578,21.88152943553507],[108.56156212029566,21.790836345121306],[108.59230690493979,21.762388009898814],[108.59699396999576,21.736631015509033],[108.59497668992236,21.71288246985017],[108.62888356462486,21.695515780528922],[108.62530483035368,21.774442050460323],[108.65708840480607,21.781694750012775],[108.63539527497204,21.683531575022243],[108.67621893535562,21.67014861526644],[108.71623991034363,21.733531195408375],[108.70670861471086,21.651866085151767],[108.74400063022495,21.60593237977554],[108.81068682044048,21.638671185326984],[108.86566920027343,21.626636400149778],[108.81993404541993,21.70788844009951],[108.84438449035201,21.70898615978348],[108.85591488986034,21.76441405026827],[108.8277304454038,21.81352254053286],[108.86661849494766,21.74858106026778],[108.90744331006078,21.755895224884796],[108.86367455523657,21.74308378518856],[108.87031449541769,21.71270681516745],[108.85006446989945,21.6865684947403],[108.91005379015036,21.616553160000365],[109.00245281984184,21.602786609714315],[109.06693985019399,21.637418985497845],[109.0653894297784,21.647820015481386],[109.06797686474056,21.654726730554216],[109.0868627347275,21.666331770195086],[109.07074052995154,21.65321647476054],[109.07136424036747,21.6403785203525],[109.06572902007827,21.624862224811864],[109.04622991497865,21.604471110053737],[109.06571053001699,21.594579810409982],[109.07366077522465,21.633195170220972],[109.09067053981363,21.63722957028847],[109.0975859450354,21.65210548557974],[109.12439892517034,21.665130720206605],[109.07588954976296,21.5997884246961],[109.15044483036468,21.580702969966126],[109.16732098987183,21.528192620493087],[109.1232768347582,21.490584065202484],[109.10167516507687,21.48359271043529],[109.08662750535512,21.48130091050865],[109.07373652961724,21.488066924848738],[109.0427136053487,21.449514715431803],[109.15597416987208,21.402500784883387],[109.22596311040928,21.422914735226925],[109.24200238510207,21.48095713026737],[109.25216201006879,21.430609840072123],[109.32831372040192,21.480349510521535],[109.3377710701788,21.45087097491563],[109.51919658015811,21.490660854714747],[109.55049608462667,21.477747844687315],[109.55627597975274,21.522231170232374],[109.59804017991041,21.529575784994506],[109.56120879534967,21.540139895339962],[109.58634349035987,21.579646504882362],[109.48477281021707,21.659654429908073],[109.53632575492969,21.655614445050674],[109.5006626553573,21.70359243983927],[109.59180978019725,21.738145530491863],[109.5919785298853,21.752921585063177],[109.59894452017352,21.773007569743584],[109.60027556536511,21.737885915102936],[109.55521185963966,21.70003037540158],[109.58122569500989,21.628595555240736],[109.61609477505391,21.6472637497223],[109.60927685004663,21.57906397981884],[109.63599689963729,21.560069139878976],[109.64282180518222,21.59680667029164],[109.67110478026149,21.611477835134053],[109.68204941534827,21.6135512104201],[109.65140548517508,21.51932927022966],[109.75187207033986,21.459110575192938],[109.77177155001709,21.48876165472666],[109.73901699014203,21.619547245009414],[109.76175315458448,21.670157625574006],[109.79675800527781,21.629783090217472],[109.8989333347057,21.655615919938782],[109.9408376753185,21.848898935337672],[109.98205478010408,21.881953515342502],[110.04908072519538,21.85935059535376],[110.11959802462917,21.90526344994828],[110.25227202483416,21.883073805311938],[110.28604982973593,21.920501685004808],[110.38548070527037,21.893904364994512],[110.3852173999631,21.95612885486281],[110.34846774489057,21.97901905518529],[110.36055694534679,22.12690928043901],[110.32211046022962,22.155410059626604],[110.34388343996886,22.19874303536284],[110.37633194975973,22.166767139991578],[110.42570377500925,22.210496675381307],[110.48726327018386,22.14512440456764],[110.55603458982455,22.199387539903114],[110.62702257013558,22.152280355054415],[110.67493194035683,22.176603904746457],[110.64935123017517,22.24269683469123],[110.7216552999522,22.300455859650242],[110.78221836968208,22.28684643981137],[110.70515704456204,22.373645285001942],[110.67816447970705,22.476578304944894],[110.73905179460468,22.469787925272556],[110.75693755462453,22.58754008001074],[110.79493157463253,22.56020769013287],[110.8278121951767,22.592344899597492],[110.88336566519337,22.58784605005519],[110.89243367507413,22.617130924752416],[110.94552095492821,22.61297739958735],[110.95323911479335,22.639621210050848],[111.05045484501517,22.650676579560525],[111.08501107969761,22.696485879919464],[111.05330228027606,22.733056259638715],[111.21428388529313,22.75112294976435],[111.35433536958169,22.892620884746066],[111.35834194462512,22.971154755287785],[111.42877748489309,23.03912486981693],[111.42902946503784,23.074764354991032],[111.3685474449087,23.092472054641632],[111.36351120008186,23.145680310398063],[111.39400550015375,23.162990665286998],[111.34386670518438,23.274608109976327],[111.39397994501849,23.471302250298663],[111.4657289901009,23.520824075270923],[111.48175703046263,23.629173885466514],[111.61068033972595,23.641753675092104],[111.66015730021928,23.702688060505636],[111.61225772001785,23.73627690975161],[111.64992555502039,23.836376835022975],[111.80822849964562,23.81265182012544],[111.81721511998188,23.91399360482103],[111.93684600523903,23.987241635393218],[111.8762916598323,24.102155045019344],[111.87213244016004,24.230040825323897],[111.98039821500566,24.259505075199115],[112.05383391969974,24.341041274834993],[112.05544234998456,24.389496119850094],[111.98089781987852,24.467320525122204],[112.0010621202207,24.538558935146796],[111.92269475016263,24.63387427018148],[111.95588512509852,24.724561024871434],[112.01725695964103,24.743040219630473],[111.99541023459471,24.761818035174258],[111.7024592796721,24.79267420535035],[111.65470980980996,24.757056019719585],[111.63710374524169,24.691747939815627],[111.58931147034815,24.700870915360497],[111.55727806962727,24.64316067502517],[111.42545217507785,24.688226729779785],[111.48147185004592,24.80376402968625],[111.44986395995386,24.853237429763624],[111.46152094983205,24.935477279652787],[111.42858034990331,24.970163874663115],[111.46530226988392,25.034523214774595],[111.41318028004594,25.043169994799484],[111.4249261346335,25.106917199669056],[111.39910720483368,25.128569510174827],[111.33099383999377,25.102960920110434],[111.2618997302884,25.14900503525422],[111.19758624480943,25.074264110300476],[111.10273744028069,25.04115069035214],[111.09242346467124,24.94227618040145],[110.97439727481446,24.91996545014547],[110.98779762476062,24.96130955988832],[110.94606643511793,25.048038519661986],[110.99417405998491,25.166268194621523],[111.10716395465283,25.21897537961013],[111.09730432013833,25.287676730197006],[111.28705811973651,25.438790499781817],[111.33790300481985,25.606941250138618],[111.30370795495821,25.724146314900565],[111.43835790509331,25.774699114572513],[111.42278187478377,25.83917344469876],[111.4881758399431,25.87250877506],[111.32514615487122,25.911031064931763],[111.28708889543623,25.85862625539744],[111.2440513946562,25.870837779839746],[111.19002332501651,25.967726920361144],[111.22685300985859,26.051107869632517],[111.25949745044704,26.04899241506797],[111.24270718518852,26.080331569746193],[111.28509336456716,26.26598177993526],[111.20891092979565,26.26635677024882],[111.20044822030917,26.309185134586357],[111.00628536487773,26.339886249950553]],[[105.09554503517529,24.931914820412658],[105.0855788750651,24.91748338515015],[105.07825783513107,24.917677855448744],[105.09554503517529,24.931914820412658]]],[[[108.37027681482323,21.675216310284554],[108.32613555541161,21.603039970318434],[108.35256755484886,21.556290464733195],[108.3875138497844,21.659387655016303],[108.37027681482323,21.675216310284554]]],[[[109.12368035966091,21.018711015201234],[109.11034007543418,21.068038850112885],[109.0861844246715,21.01570527497853],[109.12368035966091,21.018711015201234]]],[[[108.62149985993068,21.889718310451713],[108.57482445038812,21.883763665360902],[108.57262675012447,21.838054855247435],[108.583819734793,21.837540890000128],[108.62149985993068,21.889718310451713]]],[[[109.03319894537509,21.61473529020151],[109.06031452489549,21.620380115250157],[109.06694646470766,21.63386339527949],[109.03319894537509,21.61473529020151]]],[[[109.52918874506457,21.45036407474231],[109.50803246462658,21.473729709758345],[109.53584395033812,21.451079495322517],[109.52918874506457,21.45036407474231]]],[[[108.6883376596553,21.596702064748513],[108.69424499501059,21.613244615346787],[108.6724214050239,21.594441234775218],[108.6883376596553,21.596702064748513]]],[[[108.58067547019687,21.751180180121253],[108.57515955037303,21.770291815015298],[108.56523291996336,21.76591753506625],[108.58067547019687,21.751180180121253]]],[[[108.59534532472702,21.73061387023398],[108.57591875534632,21.73815101006113],[108.58639572498276,21.717500355457105],[108.59534532472702,21.73061387023398]]],[[[109.2184559099124,20.910052324755043],[109.20450475489059,20.910169990252882],[109.21237323463714,20.90231914980899],[109.2184559099124,20.910052324755043]]],[[[108.55334382046101,21.73039807970764],[108.552362294984,21.746727130352838],[108.54026939471686,21.735134000433845],[108.55334382046101,21.73039807970764]]],[[[109.08517417035176,21.482628250493406],[109.10770883539448,21.488578159754297],[109.0846294752701,21.48334423494856],[109.08517417035176,21.482628250493406]]],[[[108.56519290462893,21.76800179035041],[108.56769910023337,21.778092875286006],[108.56442271983269,21.777561759967284],[108.56519290462893,21.76800179035041]]],[[[108.8505296046576,21.711832960123047],[108.85775048529672,21.716841524716642],[108.85540628547176,21.724962269693037],[108.8505296046576,21.711832960123047]]],[[[108.5699503398364,21.748564455185488],[108.57535954520688,21.746315284922503],[108.5699921403251,21.75193513040199],[108.5699503398364,21.748564455185488]]],[[[108.34407721998775,21.671554660319373],[108.34923384536575,21.66901108529339],[108.34753577515596,21.675026560527385],[108.34407721998775,21.671554660319373]]],[[[109.0673518449118,21.649833455449652],[109.06908052534601,21.651636519709655],[109.07169513512247,21.655083860331956],[109.0673518449118,21.649833455449652]]]]}},{"type":"Feature","properties":{"name":"海南省","adcode":"460000","level":"province"},"geometry":{"type":"MultiPolygon","coordinates":[[[[110.68600163516737,20.15967517486945],[110.6461892498341,20.107044514992424],[110.57134928524135,20.09135156472297],[110.56737949516764,20.03798673969635],[110.61172579460981,20.023739915464773],[110.63461545983569,19.927540509986613],[110.59996699967735,19.909091125055454],[110.58589129484744,19.99616964051654],[110.54870839047987,19.96396013545194],[110.54696104011998,20.01902667024467],[110.3668764247073,20.09143576015225],[110.30762013016493,20.074814085401783],[110.33075284976428,20.04774693527287],[110.27654142544651,20.045108204779865],[110.2824224403434,20.022766915560737],[110.1532054997341,20.06028599999894],[110.12949249528248,20.00494829532761],[110.07916215460983,19.984437805460402],[110.12538293527433,19.983395689959195],[110.11776333481009,19.9615382351015],[110.06573872536194,19.982711085548203],[110.00928587484333,19.959792900122295],[110.0246653547224,19.93951926470237],[110.00394187481771,19.93010376038029],[109.98894385047839,19.933659915372857],[109.99673523494317,19.89688626998543],[109.9587619254226,19.917730314802213],[109.9895051848165,19.938433210124572],[110.00576256489052,19.934350820434076],[110.01451918541215,19.93949044502807],[109.94060478508283,19.993209455452075],[109.87852193034286,19.989291955559338],[109.86086648490044,19.938555835383568],[109.81586605997074,19.98516073537968],[109.80378546512719,19.93936162523886],[109.71076864975345,20.01276427535106],[109.53770029493273,19.946265910343527],[109.52895126019257,19.92194021037244],[109.55972787004521,19.91410238042056],[109.52449182973419,19.91323815981326],[109.51892262507914,19.87411233491639],[109.56596475027305,19.862406340080554],[109.56892944543762,19.855874455241974],[109.53528689047766,19.836468400296496],[109.53528194960234,19.868659169784905],[109.47434242546262,19.82438907979224],[109.46215009974736,19.869454139896675],[109.32659585521463,19.88281393491519],[109.30620754004599,19.917725690488282],[109.26182631003621,19.901118225026096],[109.25895286997905,19.862299010490972],[109.16167023019705,19.800201350212205],[109.17873969987733,19.737548165215685],[109.15109683974742,19.707565744863302],[109.28708962518613,19.79399794005292],[109.31163206986417,19.769490909777687],[109.27274221538102,19.73890317014525],[109.30322455986561,19.695745744770363],[109.2790119802188,19.72339150971044],[109.21137328474936,19.721346939709576],[109.20827863035458,19.678751290239916],[109.18158218976629,19.65488425980078],[109.00885278043154,19.583370530425668],[108.75313413503238,19.38134157485382],[108.68476663527207,19.3731214448988],[108.66383011047128,19.34721674495688],[108.688059324878,19.30665874520497],[108.63975471970463,19.30029954009177],[108.63165203041694,19.217786090355844],[108.67862670465877,19.17696404515459],[108.61465699492442,19.099632794817694],[108.65898943491453,18.931227444590945],[108.62330942988632,18.840104310065897],[108.69620700994562,18.730428435124225],[108.68766255478312,18.506078714660987],[108.81560989458103,18.472695490004924],[108.99227354468837,18.357889335324614],[109.1070197703462,18.361679564960014],[109.17600353503519,18.286626864838013],[109.30933407540732,18.306293980382918],[109.46076290538383,18.281114675402023],[109.49655186507658,18.25011171518355],[109.48166680547877,18.188397159801127],[109.51334115996661,18.221856195507087],[109.53784168004955,18.205235259999313],[109.53261294972793,18.229177030395704],[109.56574229037449,18.257493274994715],[109.54369806521362,18.221432389992856],[109.57528300460706,18.206974310516046],[109.55807340526349,18.172473140423165],[109.57401726998108,18.159388555037822],[109.6219579303143,18.173930009762216],[109.63227728027232,18.22861861525695],[109.72735742460554,18.21265292039601],[109.74141232991514,18.254947164779878],[109.70475433014826,18.259748000369996],[109.699948280289,18.284728225127537],[109.68626098545616,18.2589029002487],[109.67394478532367,18.275896930299155],[109.70045205981478,18.287324934797937],[109.7092098998171,18.26385803971681],[109.73741487489661,18.272335685143787],[109.72084601013535,18.297274575261497],[109.76650418032375,18.391828720519072],[109.82249966982397,18.377850830451507],[110.02362022019707,18.446683870564243],[110.01847241536973,18.409490835333827],[109.96784481458661,18.389478155292693],[110.04950206476855,18.386144655351586],[110.03975410986436,18.431595674800576],[110.06764044974705,18.41172899969365],[110.10360005489866,18.531123855181818],[110.19769285963781,18.617928259981284],[110.28186905960945,18.669218164686583],[110.31208273972669,18.65992847012285],[110.34908878521935,18.689733064829113],[110.38266369047699,18.692195029976688],[110.39796102538105,18.687575250397515],[110.39292022009215,18.70360535020677],[110.41548971048184,18.696313465394155],[110.41365515016508,18.683194464752773],[110.35921350030287,18.689185075530872],[110.32727955021113,18.667596655561283],[110.41349046541274,18.660371700093947],[110.46440953017571,18.769329465482485],[110.53924240990938,18.781853079855807],[110.50778472008881,18.891772670172656],[110.51253742036573,18.801766550286118],[110.43490579466675,18.835675225431373],[110.4693190002717,18.849452685393146],[110.4627598300022,18.87449288503865],[110.46506392995644,18.876539605318555],[110.46885962477194,18.878770075078933],[110.47185235989855,18.869772835547963],[110.49162652984052,18.888843439772984],[110.50808263490575,18.89454637541496],[110.51453844519312,18.891481095576125],[110.51873976482835,18.996879860517197],[110.56750083529539,19.04762321034292],[110.55559946544304,19.142135045196255],[110.61320416494033,19.2069824347916],[110.63765684019108,19.308930650329273],[110.68205138466374,19.327285570472725],[110.67155959959592,19.382162904994118],[110.7597792198352,19.425427724709778],[110.80895185964067,19.532039274892668],[110.83640336022694,19.529612535290312],[110.77945642037758,19.623897849805985],[110.87147793985508,19.620452500282738],[110.87971260015644,19.64547308481508],[110.88805819542944,19.649261934890433],[110.90262392015785,19.649064469849463],[110.87378871008099,19.60966660542954],[110.8230976954024,19.597059454830003],[110.86443421486717,19.524223245406517],[110.97974834980658,19.64138110475426],[111.02839670464425,19.635910755377097],[111.04219469972566,19.64306254020414],[110.93273494985812,20.01171253530532],[110.85393745474983,19.99161570030435],[110.78123681992338,20.01192555502041],[110.68600163516737,20.15967517486945]]],[[[114.05457532579067,7.539109654586923],[114.36425270579775,7.639890024005467],[114.42965998092347,7.788957643480501],[114.55055097554714,7.880941671121263],[114.52922693017877,7.9567375934652205],[114.41044261183708,7.954216928668359],[114.26412386552408,7.872279301348726],[114.20338708724432,7.783969128372632],[113.89439621461372,7.61922059065779],[113.92656854440281,7.560117893126289],[114.05457532579067,7.539109654586923]]],[[[109.9337219596008,7.535526898547573],[109.81277229500546,7.574062994811413],[109.64940386499643,7.561006654433584],[109.53226775755104,7.450152121723079],[109.46041719519746,7.316186408176236],[109.5095735284956,7.321564705646722],[109.70566650710367,7.512276031413762],[109.93549536062244,7.505984884295003],[109.9337219596008,7.535526898547573]]],[[[116.52020060707241,10.349492651164951],[116.52260404254264,10.429108442100983],[116.45790513911095,10.35102183948635],[116.46309134768762,10.310756412578428],[116.56281939609835,10.306506766973769],[116.64408971386922,10.344884885629028],[116.6342628623413,10.367061152849999],[116.52020060707241,10.349492651164951]]],[[[113.38084122903956,8.238025025834304],[113.38004863223864,8.297248669590488],[113.35290740225491,8.309874822864856],[113.34701510626223,8.235712038779639],[113.26380100281403,8.125263721743408],[113.33307379252153,8.20142896507474],[113.28578239504156,8.114879108883827],[113.31181223834415,8.134739924907649],[113.38084122903956,8.238025025834304]]],[[[109.98458194160338,7.814192196512693],[110.07242036440834,7.879418397640961],[110.07402529812907,7.950878674011619],[109.94329906939657,7.883154925159715],[109.93304789614353,7.825555238483503],[109.98458194160338,7.814192196512693]]],[[[117.74421521655904,15.23152831837723],[117.71084727138452,15.224400834131245],[117.70838251024475,15.120074559293528],[117.82482811012926,15.110030025964988],[117.72087886526754,15.133001025876695],[117.7355909051962,15.220891727171534],[117.77501715671644,15.173880502683119],[117.8250674035379,15.154809809425217],[117.84044694636952,15.129137880109113],[117.83491876249093,15.161114059666147],[117.74421521655904,15.23152831837723]]],[[[110.48531668311847,8.070910730645778],[110.55061570864808,8.095469194048121],[110.59116788439042,8.1749228444138],[110.45766874811432,8.12986995033799],[110.48531668311847,8.070910730645778]]],[[[111.67797883515516,16.262571295528915],[111.57318543266166,16.21042476858827],[111.56359296244534,16.164784642397365],[111.69587383660831,16.200330434402076],[111.59084125941666,16.19229179483051],[111.67797883515516,16.262571295528915]]],[[[115.88029973234688,9.650487090506886],[115.9195276986444,9.750462747457902],[115.90371225621573,9.798022314678121],[115.83362874297222,9.711560399592827],[115.88029973234688,9.650487090506886]]],[[[114.58948250731191,10.858465821140783],[114.57786862193939,10.91075485465285],[114.46511195025641,10.837676429024043],[114.47335073394925,10.814370364201011],[114.50911533010844,10.850447079069511],[114.58948250731191,10.858465821140783]]],[[[112.59302046851985,16.071817309521293],[112.45733456593757,16.04576035525622],[112.44136293645045,16.01108172104466],[112.57919228679464,16.016920997506077],[112.60762941286714,16.041303045399275],[112.59302046851985,16.071817309521293]]],[[[114.70429557598015,11.002708818856945],[114.7892768157725,11.07802375319369],[114.79550041301366,11.106665935484557],[114.76243271190015,11.111831624230149],[114.70429557598015,11.002708818856945]]],[[[111.81210279071126,16.22609299739395],[111.78529805915815,16.27646685536115],[111.6791564236301,16.26244205575631],[111.78488273964678,16.251819960722685],[111.78554705445305,16.22244196032824],[111.72762096423617,16.208167729257354],[111.747704475781,16.194723786473617],[111.81210279071126,16.22609299739395]]],[[[113.88946132248213,19.159841099986807],[113.91565984352701,19.22538638327501],[113.80189233476347,19.224943338564287],[113.80637200626313,19.17282487047146],[113.88946132248213,19.159841099986807]]],[[[117.40562379370317,10.673456542485496],[117.41416508415136,10.704214623606049],[117.36494605641542,10.744155780165158],[117.29768475964397,10.741715823226684],[117.26351921833736,10.702254908237478],[117.40562379370317,10.673456542485496]]],[[[112.53411387445578,16.291022557145368],[112.50454838609915,16.3192531143398],[112.37427072121682,16.27087191390774],[112.40629335975086,16.265222618329233],[112.53411387445578,16.291022557145368]]],[[[114.03275558310372,8.782794677432491],[114.0472289069885,8.83343262041916],[113.9755907905826,8.87981708668923],[114.03275558310372,8.782794677432491]]],[[[111.55467810171308,17.110346836937026],[111.50387101243734,17.118279747712222],[111.44440945483251,17.08256284979575],[111.53184895636429,17.10646396633905],[111.47710931434347,17.078685745650716],[111.48886930717288,17.060304490659746],[111.55467810171308,17.110346836937026]]],[[[111.666159915148,7.652732906698361],[111.73382988454159,7.68314387828741],[111.73977134736987,7.725188598575016],[111.6724837220462,7.696428186911362],[111.666159915148,7.652732906698361]]],[[[112.61672625141546,5.463861399983671],[112.63543836968506,5.516346529768555],[112.58901076563438,5.577463374135448],[112.57903711417157,5.562734435046195],[112.61672625141546,5.463861399983671]]],[[[112.50276847398595,16.46789893468815],[112.57432264947079,16.515058037398546],[112.57941813354012,16.53345658815107],[112.49480853138868,16.495410488403365],[112.50276847398595,16.46789893468815]]],[[[114.5262185360566,8.105152194518212],[114.59189103204551,8.122615199431948],[114.6206877871117,8.151359384627938],[114.50842891356353,8.131380217822823],[114.5262185360566,8.105152194518212]]],[[[111.5510978817619,7.526099636489107],[111.59013392554027,7.560834341631619],[111.60263370248344,7.608908031480496],[111.55914721337325,7.604084442143346],[111.5510978817619,7.526099636489107]]],[[[113.96641690441663,7.946448368097776],[113.93579713902682,8.020089779219973],[113.89691812766955,8.01954206871153],[113.90093330023171,7.965442388755264],[113.96641690441663,7.946448368097776]]],[[[117.76746516728372,10.755455876787323],[117.83182733576302,10.80561505668959],[117.82277422495054,10.84247039379369],[117.7693127012202,10.807706069479593],[117.76746516728372,10.755455876787323]]],[[[111.57613745817719,7.77101915530983],[111.61539141937857,7.842249680078737],[111.60512688309922,7.863463273411412],[111.55081551622317,7.814980543117599],[111.57613745817719,7.77101915530983]]],[[[111.97310678165269,16.335459032508368],[112.05664019209121,16.31620526426161],[112.07340236162975,16.348073775184616],[111.97310678165269,16.335459032508368]]],[[[114.48955817197213,10.716672592865905],[114.54908116676245,10.758823656186848],[114.55065828265367,10.797412914074755],[114.48955817197213,10.716672592865905]]],[[[111.99057033245492,8.04905986062414],[112.0086950009736,8.094924096969521],[111.92261224725746,8.09067506200455],[111.93032096424116,8.05998439136664],[111.99057033245492,8.04905986062414]]],[[[115.5287916644038,9.933965386493469],[115.49839645882957,9.89259327186204],[115.55031763365196,9.872204821795151],[115.58094698401612,9.912183419829034],[115.5287916644038,9.933965386493469]]],[[[114.2564822613474,10.24029905565692],[114.32204738817643,10.28652262152184],[114.31885334970241,10.297825854979294],[114.26081685421457,10.277259805895369],[114.2564822613474,10.24029905565692]]],[[[113.63374989594104,8.97883065251267],[113.72623190248032,9.005767724700775],[113.72143644033952,9.019344129528008],[113.63374989594104,8.97883065251267]]],[[[114.59494855972832,8.848162796076224],[114.67828153016853,8.883112592072507],[114.66145432345832,8.901916010415619],[114.59494855972832,8.848162796076224]]],[[[114.69898468539498,16.172070245445525],[114.80284451696093,16.195790047872435],[114.81505134874078,16.209529124769347],[114.70037700589421,16.201170999242265],[114.69898468539498,16.172070245445525]]],[[[112.61707751041888,5.351047262521206],[112.68079756475584,5.372890395675256],[112.6866425851872,5.407869775769598],[112.6086196824524,5.389488346310202],[112.61707751041888,5.351047262521206]]],[[[112.71455133527593,5.063668122086199],[112.67980764140964,5.119590103700375],[112.65052610949238,5.114318046740493],[112.65185739570234,5.056807627669912],[112.71455133527593,5.063668122086199]]],[[[111.74722848080978,16.457559971415606],[111.78357301917953,16.51456913805532],[111.73961580332673,16.553700200603828],[111.76069515036096,16.503622406648788],[111.74722848080978,16.457559971415606]]],[[[112.59979881166589,8.859188800922482],[112.53987430195752,8.856441580714431],[112.53354541209114,8.843923640163894],[112.63870483416088,8.822219481044272],[112.59979881166589,8.859188800922482]]],[[[115.27683825648046,8.35670980990983],[115.19601529027352,8.391210353175325],[115.1759925000539,8.383257596161172],[115.19793465396117,8.354810731330247],[115.27683825648046,8.35670980990983]]],[[[114.66625748469528,9.92724024184372],[114.68185691356575,9.981045976590622],[114.61500902344778,9.976814458620424],[114.63492276457396,9.920592578284925],[114.66625748469528,9.92724024184372]]],[[[114.63946871430983,11.425259485636786],[114.65788036368792,11.52415531851318],[114.64129472926845,11.53243459777849],[114.61590701179921,11.517399759691216],[114.61674808745431,11.429683205815365],[114.63946871430983,11.425259485636786]]],[[[115.97344569756092,9.324093585350738],[115.93052068847908,9.317697871359712],[115.91831597999851,9.29425872306166],[115.99189215340027,9.2795023843276],[115.97344569756092,9.324093585350738]]],[[[113.83940526783886,9.996429285782938],[113.87138306977295,10.11571482957578],[113.85728765180374,10.128968552256936],[113.83940526783886,9.996429285782938]]],[[[114.23170118516168,8.768390011389954],[114.19053288838211,8.774435826152512],[114.21140526184342,8.710646610352853],[114.21057968780246,8.762469517154557],[114.2447062821692,8.726344963749114],[114.23170118516168,8.768390011389954]]],[[[111.70297830540454,7.887887232409923],[111.7119655615615,7.926714494978],[111.64745622082796,7.934227233500053],[111.63679730934842,7.9053094800485155],[111.70297830540454,7.887887232409923]]],[[[113.02247392393247,19.47581992255141],[113.03601545125218,19.52033154076804],[112.9886017621617,19.52782597179123],[112.98013888719993,19.4827121990088],[113.02247392393247,19.47581992255141]]],[[[116.71986473506956,16.299159157169413],[116.74343480217442,16.3235241808963],[116.7204859129946,16.376521492572863],[116.69073879306086,16.3474421660232],[116.71986473506956,16.299159157169413]]],[[[115.3931537883168,13.926363382264356],[115.41898303244102,13.978800791323522],[115.35742216580036,13.950355665781387],[115.3931537883168,13.926363382264356]]],[[[114.72462242878214,10.323781376509373],[114.74314258496236,10.373909955180352],[114.71330133478887,10.382111770441895],[114.68687024816347,10.328736507883605],[114.72462242878214,10.323781376509373]]],[[[111.67992613178563,8.627144569166603],[111.70875254649286,8.673372210758941],[111.65774257286154,8.678951561565384],[111.64857750994418,8.635248111011549],[111.67992613178563,8.627144569166603]]],[[[115.52863856921465,8.46120973124414],[115.55693101595364,8.468036637780642],[115.55500095572961,8.525077531602847],[115.50833372731972,8.51980259591312],[115.52863856921465,8.46120973124414]]],[[[116.729420545322,11.477793649157604],[116.76820951116008,11.446966733927695],[116.72953478710076,11.515809337431051],[116.729420545322,11.477793649157604]]],[[[112.28844170851812,16.969469042962032],[112.25012107542739,16.998698192067934],[112.19556055947226,16.980326103866673],[112.21044557320465,16.96300118625578],[112.28844170851812,16.969469042962032]]],[[[114.9857939479324,7.477851663423564],[115.01088028639617,7.4904652189947],[115.00985615733589,7.52741162954311],[114.9469193873199,7.515790830182709],[114.9857939479324,7.477851663423564]]],[[[112.34724318802273,16.91371246825588],[112.34522508057307,16.945997932758416],[112.30009992147427,16.975163806464536],[112.29899929967803,16.96195664977961],[112.34724318802273,16.91371246825588]]],[[[116.29044539543872,8.860013046664847],[116.30865250660793,8.920223555172981],[116.26967947562741,8.881558603147084],[116.29044539543872,8.860013046664847]]],[[[113.78980309743508,7.601331982485078],[113.82965560782009,7.617710548003458],[113.82725350514522,7.646207754184559],[113.7650179931859,7.638346877306617],[113.78980309743508,7.601331982485078]]],[[[111.78656783803535,16.030687818488104],[111.82371233865359,16.051236526844264],[111.82484257152754,16.072913864583256],[111.75303506331755,16.061172593840183],[111.78656783803535,16.030687818488104]]],[[[114.90052598808393,7.95140553014113],[114.91710354839006,7.993280180535976],[114.87948126584786,8.013656742464718],[114.86598842602507,7.976454980213191],[114.90052598808393,7.95140553014113]]],[[[114.92697813503298,10.843689863696284],[114.9463477062817,10.866840822446022],[114.94973373832147,10.909117952731378],[114.90732295169289,10.869448970593567],[114.92697813503298,10.843689863696284]]],[[[116.07120513720736,10.066958330362695],[116.0919433372153,10.095349970524751],[116.06928911000443,10.132877379087802],[116.04145856855814,10.097272973768781],[116.07120513720736,10.066958330362695]]],[[[112.5516995846682,5.619611589303474],[112.55735487332879,5.678225335331035],[112.52748330970701,5.692098016410398],[112.52048572803403,5.645482795794464],[112.5516995846682,5.619611589303474]]],[[[112.66965548171515,4.998342675374204],[112.64375578380248,5.0387005283067765],[112.61013862569712,5.043790718966534],[112.63723068165075,5.00644984238636],[112.66965548171515,4.998342675374204]]],[[[113.22840093695379,8.06868572336748],[113.27893766394209,8.112643414961667],[113.27664186383106,8.118844891578533],[113.23368501155414,8.099253533124113],[113.22840093695379,8.06868572336748]]],[[[112.61704931307543,4.943974463250925],[112.63727519269605,4.987826381982018],[112.59951860899662,4.995232003154456],[112.5818802048077,4.9542365353878495],[112.61704931307543,4.943974463250925]]],[[[114.44440032791283,16.048367677826093],[114.51735102013356,16.058360906630583],[114.51915753958883,16.066243358244435],[114.44440032791283,16.048367677826093]]],[[[112.5643750010056,9.518915459480922],[112.5628814618101,9.555942583283638],[112.5076037536104,9.546686742799011],[112.5038622978069,9.527508719951527],[112.5643750010056,9.518915459480922]]],[[[114.85090268810859,7.187818388907544],[114.86725667785345,7.232499179493573],[114.8503126761891,7.245785429753823],[114.81563320920532,7.197333598366924],[114.85090268810859,7.187818388907544]]],[[[112.93944770414828,4.992917609560095],[112.95429458842455,5.039488435143198],[112.92484530236891,5.051474273818712],[112.90305556286398,4.994142068002077],[112.93944770414828,4.992917609560095]]],[[[114.67910842891092,7.564236027270908],[114.71759011079507,7.593320058174186],[114.71439109187543,7.613536977849321],[114.67022095972959,7.6092072134421755],[114.67910842891092,7.564236027270908]]],[[[114.73004477594577,11.43377747824809],[114.72726984942403,11.483629863427495],[114.69253529986429,11.489856638872823],[114.69140094629665,11.44863411477263],[114.73004477594577,11.43377747824809]]],[[[113.99956958876555,8.792095382396042],[113.97329596533655,8.843368092063827],[113.95280478841028,8.843962491775642],[113.9709156532349,8.794816397258955],[113.99956958876555,8.792095382396042]]],[[[115.42329136420517,9.376718045301573],[115.46587827316387,9.360820537038194],[115.44906045087919,9.41955628329589],[115.42329136420517,9.376718045301573]]],[[[114.3033155189961,16.03589666479928],[114.27859372432101,16.062257354293536],[114.2084904349856,16.042441925254707],[114.3033155189961,16.03589666479928]]],[[[112.55868043445457,5.760319820603286],[112.56690023255976,5.798002490822341],[112.54840454873101,5.823169005645127],[112.5243420578397,5.779130315711541],[112.55868043445457,5.760319820603286]]],[[[112.19879295762894,15.715877280012535],[112.24937402389219,15.713363390707968],[112.24704000169481,15.744773463224817],[112.19879295762894,15.715877280012535]]],[[[112.24921839711135,16.753719361159654],[112.25731715006646,16.77989775807515],[112.20597172841258,16.797693112846957],[112.19934813790633,16.77587888570207],[112.24921839711135,16.753719361159654]]],[[[112.5622256788721,5.075982644983128],[112.60714525295111,5.111590500101556],[112.55510382977798,5.115220840169684],[112.5622256788721,5.075982644983128]]],[[[114.73767540749407,8.191305687107842],[114.66613751693296,8.212168647365218],[114.68731125590978,8.186870323406765],[114.73767540749407,8.191305687107842]]],[[[110.47775702606594,7.782710889595933],[110.50778300418239,7.80732122409529],[110.50605805053868,7.821595352643442],[110.45818128883548,7.807103457758444],[110.47775702606594,7.782710889595933]]],[[[114.05497141509875,10.914155783062995],[114.10796850734084,10.931687582515963],[114.09204958621945,10.949219552840134],[114.05497141509875,10.914155783062995]]],[[[117.30024241715387,11.028985576423281],[117.29520862837558,11.079226910293698],[117.27718701856611,11.080396698948562],[117.26296893306983,11.042897128899426],[117.30024241715387,11.028985576423281]]],[[[117.28044793062759,10.306042514450553],[117.29559265507703,10.345051934699086],[117.27055803572478,10.360164008362347],[117.25377591023016,10.322573127447924],[117.28044793062759,10.306042514450553]]],[[[113.92118929724836,8.840380354469858],[113.93611924021081,8.874162515687601],[113.90785595488842,8.891180671850577],[113.88939201442997,8.864689332446801],[113.92118929724836,8.840380354469858]]],[[[111.60392683225757,16.440527152705954],[111.60700095333141,16.465864984781263],[111.5790252514143,16.49287057002084],[111.57373834035218,16.449409178290978],[111.60392683225757,16.440527152705954]]],[[[114.81242129400755,8.117442344888332],[114.80644041299468,8.159706641848118],[114.78249095699209,8.161052252459513],[114.77313337980172,8.11582393033018],[114.81242129400755,8.117442344888332]]],[[[116.4806377890028,9.139714779113831],[116.49668998515472,9.165887459938347],[116.48249627128598,9.186802448674143],[116.44960156286186,9.17027565959404],[116.4806377890028,9.139714779113831]]],[[[116.64867082979504,10.519930607711444],[116.64930267547811,10.49340037352846],[116.70882690503765,10.507129724257425],[116.69537761758306,10.51944229922276],[116.64867082979504,10.519930607711444]]],[[[112.245033695149,3.860739466952907],[112.26120410808323,3.895360706431518],[112.2389675620035,3.9076990748524736],[112.21768217039596,3.8814730120698755],[112.245033695149,3.860739466952907]]],[[[112.0438118532345,3.838120963511699],[112.04815002720204,3.8771930377285457],[112.00915888117754,3.8689409512639372],[112.01006122314698,3.8394995225849584],[112.0438118532345,3.838120963511699]]],[[[115.32917057885913,10.202190019553825],[115.27766792873194,10.207879722571192],[115.28663741968126,10.173256203311155],[115.32917057885913,10.202190019553825]]],[[[117.68620639321057,11.018322781671088],[117.6866831975716,11.050562311501551],[117.64933974713165,11.048024060462069],[117.65213522945737,11.026486665327411],[117.68620639321057,11.018322781671088]]],[[[113.57221309425893,6.924249860842451],[113.61910540678912,6.943771333880022],[113.59184876410927,6.963180421339416],[113.57221309425893,6.924249860842451]]],[[[116.70506025562634,9.026033673615188],[116.74569397199923,9.058534526647122],[116.69553742261405,9.050833913454369],[116.70506025562634,9.026033673615188]]],[[[117.3809587921146,10.065330799376966],[117.38576461354614,10.100438188971282],[117.3496033606067,10.106463036939658],[117.35004027373975,10.064882974769546],[117.3809587921146,10.065330799376966]]],[[[110.63696184051656,7.987071947312586],[110.63683546958134,8.037261698768418],[110.61897104237977,8.042967316188765],[110.6060185736983,7.992911676133019],[110.63696184051656,7.987071947312586]]],[[[112.49168869237928,5.000835392839178],[112.49475972158393,5.035540341213846],[112.46700716035218,5.042223533389404],[112.46103618717041,5.013494707714642],[112.49168869237928,5.000835392839178]]],[[[112.34145923065898,8.927924220526393],[112.38808848609483,8.921278909594037],[112.38035977268544,8.948781045608825],[112.34145923065898,8.927924220526393]]],[[[114.33584216638292,10.70095432038562],[114.34772481774621,10.732348581022222],[114.31526713846768,10.695321863713104],[114.33584216638292,10.70095432038562]]],[[[114.17098902672228,9.344010106281416],[114.18986955743424,9.393348040579667],[114.16249974586663,9.386242306437339],[114.17098902672228,9.344010106281416]]],[[[112.92525942758061,7.82938955198631],[112.92762976260349,7.869152682350432],[112.88895680930932,7.85572632940665],[112.89406366530602,7.829164904936476],[112.92525942758061,7.82938955198631]]],[[[112.17748617744519,8.86845178472214],[112.22171244887045,8.880323073151374],[112.22220472336937,8.888566165496172],[112.17748617744519,8.86845178472214]]],[[[112.25714452250179,8.856665896813752],[112.28103156105772,8.890686680545912],[112.24089478486644,8.87823878369295],[112.25714452250179,8.856665896813752]]],[[[115.25533278008379,8.488068196390202],[115.29199504713381,8.51287186444506],[115.25805573298578,8.517932348698992],[115.25533278008379,8.488068196390202]]],[[[114.70077171294429,9.702342337828668],[114.7107809487818,9.738796165410747],[114.67398407750329,9.729073839386217],[114.70077171294429,9.702342337828668]]],[[[112.6416836657686,16.387646992115037],[112.67440949500224,16.415373670858287],[112.65530348896493,16.42863784186295],[112.6416836657686,16.387646992115037]]],[[[114.91613649570274,16.005099039589084],[114.92318534952437,16.035277418618023],[114.9047648112471,16.057155602848866],[114.89138896333009,16.038184862941137],[114.91613649570274,16.005099039589084]]],[[[112.83722235442815,8.895910127350533],[112.86863598915966,8.910297935601307],[112.82040177122485,8.920820517952563],[112.83722235442815,8.895910127350533]]],[[[111.53235454802405,16.434329287766445],[111.5340090433827,16.463484222119178],[111.4892231553244,16.444919845374613],[111.53235454802405,16.434329287766445]]],[[[116.4885391650505,9.783632773433794],[116.50492829130769,9.803556576175083],[116.4818249066941,9.824540033895516],[116.4660241340066,9.811580700688808],[116.4885391650505,9.783632773433794]]],[[[115.75831282747504,10.447381908848058],[115.79801104657258,10.465634933105719],[115.75976381434862,10.472215599870083],[115.75831282747504,10.447381908848058]]],[[[111.72661727406802,16.56242748344164],[111.71815595943002,16.591553877809247],[111.6869952608227,16.593963764116495],[111.69995200847848,16.575711067212012],[111.72661727406802,16.56242748344164]]],[[[116.18391455761082,9.597350278692431],[116.15071986053317,9.570653385745231],[116.18544206240131,9.567076873698795],[116.18391455761082,9.597350278692431]]],[[[111.45879377910967,8.526754252806597],[111.50507597177875,8.54158953762709],[111.50484495123357,8.552654106301986],[111.45879377910967,8.526754252806597]]],[[[113.67257348567784,9.204734101997246],[113.69273086933424,9.227682277115434],[113.67560552207726,9.245986060908024],[113.65587716360028,9.232981510688205],[113.67257348567784,9.204734101997246]]],[[[115.791459318193,10.501895976618073],[115.78618277361613,10.538569825137358],[115.76742394455948,10.533223195494145],[115.791459318193,10.501895976618073]]],[[[116.09685265712449,10.786630974439959],[116.10753128354202,10.81560986740152],[116.08354548953275,10.832346280356603],[116.07665558458757,10.806565341517341],[116.09685265712449,10.786630974439959]]],[[[113.59256954554814,10.243089356988264],[113.63376049624992,10.245362608397727],[113.60634724652823,10.25902659999764],[113.59256954554814,10.243089356988264]]],[[[112.94089847878183,8.411990164814313],[112.98113678033815,8.430984785319652],[112.95120593700449,8.438940510995849],[112.94089847878183,8.411990164814313]]],[[[112.5306421460183,5.952426119869585],[112.57136288528898,5.97259240051892],[112.534617573942,5.97136000106326],[112.5306421460183,5.952426119869585]]],[[[113.85368305842644,7.375382839346628],[113.79703291193937,7.379332284057739],[113.78745080640965,7.373012506122336],[113.85368305842644,7.375382839346628]]],[[[113.94870780002498,15.807504426987748],[113.9661348356542,15.841101755941338],[113.93409826752111,15.837215955352121],[113.94870780002498,15.807504426987748]]],[[[112.24527767762277,3.965329069580946],[112.28060829513674,3.948746482064564],[112.26528124483366,3.976533043964878],[112.24527767762277,3.965329069580946]]],[[[117.1709663955827,10.59276372886302],[117.20552223636219,10.59674532793457],[117.17050141011202,10.62253123103153],[117.1709663955827,10.59276372886302]]],[[[112.3579207037775,5.610993541718642],[112.38084185516755,5.6441733361306206],[112.3457816808799,5.622748792422897],[112.3579207037775,5.610993541718642]]],[[[117.19131030312803,10.71304321327375],[117.20973971591525,10.736706091313124],[117.17684913897665,10.73645231342357],[117.19131030312803,10.71304321327375]]],[[[113.2151858041816,6.297059075815753],[113.24402762967145,6.319107474730231],[113.22667649952086,6.327370630949929],[113.2151858041816,6.297059075815753]]],[[[114.09726974780074,8.102645390972043],[114.12803329949725,8.092368066333222],[114.129077388111,8.115143791053185],[114.09726974780074,8.102645390972043]]],[[[112.86934865601575,16.77474572913212],[112.89936562382456,16.76892479434383],[112.89839373458324,16.789316427111487],[112.86934865601575,16.77474572913212]]],[[[114.60685756302621,15.617180650566638],[114.60306444386902,15.652229222700498],[114.57717842914121,15.627259180067142],[114.60685756302621,15.617180650566638]]],[[[114.98534568985178,11.069291210221252],[115.016502682353,11.09007230968939],[114.98878174757965,11.096990854444414],[114.98534568985178,11.069291210221252]]],[[[115.43563147011628,8.323463953998328],[115.44547284749399,8.351057861331299],[115.43221282236391,8.363978139679432],[115.41533944805713,8.335822567057846],[115.43563147011628,8.323463953998328]]],[[[116.5888395608971,9.724560880380352],[116.57502292107097,9.7473551338324],[116.54765347013165,9.745682729374494],[116.56287793297031,9.720689417682536],[116.5888395608971,9.724560880380352]]],[[[117.62924549138643,10.642841103733986],[117.66327403267053,10.645538215516297],[117.6606332490253,10.65286190035647],[117.62924549138643,10.642841103733986]]],[[[114.10052441137259,15.984582365084123],[114.13321977876979,15.995692550970489],[114.10900135263034,16.01282838072524],[114.10052441137259,15.984582365084123]]],[[[113.86924500355417,15.463620646775496],[113.88806327240218,15.492051514465857],[113.8566703931242,15.481445761013106],[113.86924500355417,15.463620646775496]]],[[[116.83084803630788,10.485784568203314],[116.86591580806817,10.479821796838507],[116.86638855019146,10.496712497483827],[116.83084803630788,10.485784568203314]]],[[[114.26953839937767,9.70558421124241],[114.29620249494928,9.724874045900549],[114.28394804766435,9.740532649262377],[114.26953839937767,9.70558421124241]]],[[[111.19160352558231,15.79150075195821],[111.22491069097566,15.78867612620229],[111.22079072131481,15.802563835852368],[111.19160352558231,15.79150075195821]]],[[[112.46808158939393,5.740447365553507],[112.49430408546527,5.764841304282811],[112.49178620407008,5.777177812006471],[112.46808158939393,5.740447365553507]]],[[[112.69647557998405,16.33363859694373],[112.69289040296974,16.35867686034885],[112.67297730306018,16.361081662788536],[112.66706544951091,16.333491677399024],[112.69647557998405,16.33363859694373]]],[[[112.20328113311791,8.83730671093599],[112.23653713428143,8.854753617085805],[112.22413001089137,8.858670929020207],[112.20328113311791,8.83730671093599]]],[[[114.0073645579281,15.410458187195616],[114.00726973790813,15.431794514605201],[113.97719927392745,15.422951253397684],[114.0073645579281,15.410458187195616]]],[[[113.71982635710071,15.594668491957407],[113.75488291611373,15.610919175679442],[113.71301832643474,15.609946498632041],[113.71982635710071,15.594668491957407]]],[[[116.42865670943968,9.77030251574854],[116.45007749667923,9.79578810643602],[116.43178334642437,9.805639012130769],[116.42865670943968,9.77030251574854]]],[[[113.88940901071737,15.675806242464148],[113.9158767240317,15.661278708345776],[113.91573245568839,15.687148665678421],[113.88940901071737,15.675806242464148]]],[[[115.74167648118475,10.512122565104335],[115.7426364562076,10.537869038325482],[115.71672237903465,10.539174840446606],[115.71854556112885,10.521778775669986],[115.74167648118475,10.512122565104335]]],[[[117.44761923024339,11.079942734669544],[117.47716554235592,11.076084407469466],[117.48118828631038,11.089077315066106],[117.44761923024339,11.079942734669544]]],[[[114.46237739160335,15.57812452582624],[114.48752438933911,15.595139585623429],[114.45324714593914,15.60116800839694],[114.46237739160335,15.57812452582624]]],[[[114.76388850295211,15.87077998420898],[114.78596307123883,15.90074087299297],[114.75749092826379,15.890815396413473],[114.76388850295211,15.87077998420898]]],[[[112.87440446199639,9.543676157029097],[112.9035779826379,9.551625368915666],[112.90242793500124,9.562458006032216],[112.87440446199639,9.543676157029097]]],[[[114.23058565170652,15.434080161370389],[114.26015394594788,15.446521931142286],[114.24213348367334,15.459356529280456],[114.23058565170652,15.434080161370389]]],[[[114.56661458949179,11.319906715622494],[114.59116738446733,11.329326244410709],[114.57683513363452,11.338606887298056],[114.56661458949179,11.319906715622494]]],[[[115.69645177432994,10.487074879502131],[115.7205427593409,10.50342546711164],[115.70523926318151,10.515168983461876],[115.69645177432994,10.487074879502131]]],[[[111.51625866550506,9.265762173385667],[111.54934001652862,9.276934135502017],[111.55134524478729,9.28697155699183],[111.51625866550506,9.265762173385667]]],[[[112.72326676325054,16.657741862497005],[112.743735270966,16.671413572978054],[112.71718085491261,16.67786335690846],[112.72326676325054,16.657741862497005]]],[[[112.3356888701453,16.82288469177513],[112.34607166367641,16.847530518019028],[112.3243025932901,16.836302779050072],[112.3356888701453,16.82288469177513]]],[[[114.34278224810237,11.049943999715879],[114.32767949231481,11.070987348687254],[114.30841107770914,11.059723432690305],[114.34278224810237,11.049943999715879]]],[[[111.59680833313814,16.537875094959702],[111.62357209337745,16.537402555183803],[111.6290822809226,16.547715349084115],[111.59680833313814,16.537875094959702]]],[[[115.84108104615336,10.840941963600812],[115.86013077711368,10.849699863857666],[115.83787831753034,10.852739685687993],[115.84108104615336,10.840941963600812]]],[[[114.25339380508012,15.528324134051616],[114.27876733664334,15.539357700397602],[114.26090195076449,15.552016718496816],[114.25339380508012,15.528324134051616]]],[[[114.54288182963285,9.873546594999425],[114.55687454772226,9.889809395287386],[114.53832418421382,9.8891945863611],[114.54288182963285,9.873546594999425]]],[[[115.7187144861847,10.447188516836604],[115.73913347812754,10.465438346702399],[115.7266530474003,10.47358056658993],[115.7187144861847,10.447188516836604]]],[[[113.02442767859452,9.660405799687965],[113.03177003336043,9.679892822395914],[113.01317748085614,9.679172878225813],[113.02442767859452,9.660405799687965]]],[[[111.65089420850097,16.567368438802475],[111.67773718012683,16.569887959661685],[111.67474592618362,16.578861487667552],[111.65089420850097,16.567368438802475]]],[[[114.45417475526085,9.896396660377604],[114.47700782615027,9.902126074758598],[114.45552158715157,9.913416861598932],[114.45417475526085,9.896396660377604]]],[[[114.84875587778163,10.818956662020412],[114.86777748064628,10.827470846002768],[114.85243910787858,10.839246594055112],[114.84875587778163,10.818956662020412]]],[[[109.18503761529377,19.664529799910383],[109.16461468521959,19.673464389969695],[109.17038154467264,19.654798510343028],[109.18503761529377,19.664529799910383]]],[[[116.15942880889247,10.61580538131335],[116.17152668510846,10.616309007055065],[116.16588869580676,10.649484339930382],[116.15942880889247,10.61580538131335]]],[[[114.54648920641182,9.941918526618736],[114.5691926400284,9.93705614412579],[114.56729628999187,9.947509203487016],[114.54648920641182,9.941918526618736]]],[[[114.36859401480206,10.172323825783963],[114.36231118821081,10.18588621737507],[114.34300241023311,10.179833317753435],[114.36859401480206,10.172323825783963]]],[[[109.20070499963606,19.678021000268984],[109.18871399975137,19.688323000506102],[109.18578699967037,19.667903000423166],[109.20070499963606,19.678021000268984]]],[[[114.48507052438526,9.910766450711208],[114.50562980786935,9.920455735643714],[114.49695054253357,9.924669474916357],[114.48507052438526,9.910766450711208]]],[[[116.5994168022437,9.716271259810867],[116.59643256840832,9.735960797253028],[116.58760372243387,9.737421696454192],[116.5994168022437,9.716271259810867]]],[[[114.25188370307046,9.826164764392388],[114.26964975882936,9.823669078265425],[114.2653895129157,9.839761582031429],[114.25188370307046,9.826164764392388]]],[[[110.47477763507987,18.667733730227496],[110.49458802521724,18.667035080204812],[110.48601076998114,18.674674115018433],[110.47477763507987,18.667733730227496]]],[[[114.38549469162683,11.45829308086104],[114.39936256582985,11.468599253053128],[114.38123178911587,11.4660539342417],[114.38549469162683,11.45829308086104]]],[[[114.78414342168162,11.149129340546665],[114.80458679784249,11.15469991846652],[114.78339735670272,11.153666606428772],[114.78414342168162,11.149129340546665]]],[[[114.45198404992402,9.823879559194324],[114.47070400128871,9.832170881281172],[114.45450980938028,9.84111005698361],[114.45198404992402,9.823879559194324]]],[[[114.51402299526512,9.933936178312024],[114.53112701509974,9.937306148460038],[114.51756110626013,9.942277607025972],[114.51402299526512,9.933936178312024]]],[[[116.9174614781648,9.456947279993017],[116.93571374159592,9.463245104577936],[116.93073878196924,9.468018851688726],[116.9174614781648,9.456947279993017]]],[[[110.24631423481412,20.076297255414033],[110.23078824997782,20.06261535471492],[110.24571937015287,20.067641965104656],[110.24631423481412,20.076297255414033]]],[[[114.5767531766179,9.874556256665983],[114.59672690881985,9.879988697820181],[114.57935760696807,9.886038394056698],[114.5767531766179,9.874556256665983]]],[[[112.88917266998283,9.571131941985584],[112.90302278077672,9.587926784793353],[112.89089226546571,9.592496452349451],[112.88917266998283,9.571131941985584]]],[[[114.36414230142611,11.09344838173746],[114.38295385683512,11.09134691612735],[114.37917619792324,11.09703742673588],[114.36414230142611,11.09344838173746]]],[[[114.29609225155627,11.390956114233347],[114.3103093307111,11.381320467565558],[114.30725548934936,11.397327368463323],[114.29609225155627,11.390956114233347]]],[[[114.25012492952192,9.770426579023479],[114.26591233918316,9.767368237454264],[114.25403946704785,9.781387587167444],[114.25012492952192,9.770426579023479]]],[[[111.46374950673442,17.06036075944155],[111.469340502862,17.074468736443066],[111.45402801528076,17.07455247321809],[111.46374950673442,17.06036075944155]]],[[[114.34041419196149,9.744953215518535],[114.3553458364413,9.754749176233531],[114.34852680616723,9.76204206738754],[114.34041419196149,9.744953215518535]]],[[[109.48292159985203,18.235860799936006],[109.49384380045109,18.245109569950728],[109.4732419997186,18.23067200041254],[109.48292159985203,18.235860799936006]]],[[[114.04313337010899,10.029661326309224],[114.02986111959501,10.014985892385084],[114.04703974718666,10.018159983896169],[114.04313337010899,10.029661326309224]]],[[[115.36182909563627,10.257093766264347],[115.37278797868237,10.248831932048063],[115.37681432262298,10.256517101183306],[115.36182909563627,10.257093766264347]]],[[[114.39168088786278,9.797033610812548],[114.40940630325838,9.797439663709554],[114.39443669120044,9.805246378017955],[114.39168088786278,9.797033610812548]]],[[[114.34866057402633,11.455749084053025],[114.36456373902536,11.45536614103463],[114.36551865805973,11.460010352495829],[114.34866057402633,11.455749084053025]]],[[[114.22008268716638,11.055208542840035],[114.23220425242437,11.066672562488804],[114.21423079771318,11.06541895522065],[114.22008268716638,11.055208542840035]]],[[[114.28061505943754,11.06098815198169],[114.2944759153313,11.051098797571512],[114.29153522127353,11.0605707487411],[114.28061505943754,11.06098815198169]]],[[[109.36341290008534,18.22959340481185],[109.37774931028252,18.231099584877995],[109.36816259482794,18.245967585235917],[109.36341290008534,18.22959340481185]]],[[[111.70068113562598,16.204233320311516],[111.71710601712903,16.21396832677692],[111.69904962783812,16.211140262912863],[111.70068113562598,16.204233320311516]]],[[[114.35466049728416,11.401838112439009],[114.37169309655917,11.3997467983761],[114.36878500922091,11.408080134990314],[114.35466049728416,11.401838112439009]]],[[[111.71172427885244,16.45568060687458],[111.69363574689226,16.448039087234122],[111.71720526990737,16.4486513852533],[111.71172427885244,16.45568060687458]]],[[[114.5670578851134,10.408145120201198],[114.58301928031563,10.419619066566725],[114.5637270462662,10.414208509515163],[114.5670578851134,10.408145120201198]]],[[[114.35998904066173,10.372441751685528],[114.37348483385802,10.383309014499446],[114.3537518888387,10.375580333465678],[114.35998904066173,10.372441751685528]]],[[[110.56034550534088,19.14360375051274],[110.57472230499042,19.140971829686237],[110.57495244959591,19.150875110098298],[110.56034550534088,19.14360375051274]]],[[[112.95030397185087,9.639403851906309],[112.96589411162404,9.641510938279225],[112.96430548890726,9.644517340403013],[112.95030397185087,9.639403851906309]]],[[[109.15827190982083,19.647606780328715],[109.15576323028893,19.659988145336683],[109.14832100491049,19.655844474942626],[109.15827190982083,19.647606780328715]]],[[[114.38848123492107,9.894886237310061],[114.4030144725399,9.897079918503493],[114.38932276563321,9.90413605233698],[114.38848123492107,9.894886237310061]]],[[[116.51496204806017,9.74633171973312],[116.53655392952032,9.741501113885363],[116.53781583753096,9.744060728319994],[116.51496204806017,9.74633171973312]]],[[[110.47298674044578,18.675634795109772],[110.48329703962673,18.680545644765743],[110.47141536043063,18.690163585581047],[110.47298674044578,18.675634795109772]]],[[[112.97497499709846,9.647142445267662],[112.98642542619257,9.656532867497901],[112.97283428687285,9.652868074402136],[112.97497499709846,9.647142445267662]]],[[[114.57412298968427,9.951105441263167],[114.58759498052405,9.954037556687922],[114.57695307072765,9.960746673620122],[114.57412298968427,9.951105441263167]]],[[[114.50450905924572,9.869511844196325],[114.51795323675253,9.868711649023453],[114.51091412079006,9.874882410195141],[114.50450905924572,9.869511844196325]]],[[[114.47390027817539,10.374152376431084],[114.48608330490072,10.377837954657934],[114.47633757312053,10.382865408611792],[114.47390027817539,10.374152376431084]]],[[[114.32662510016826,9.881481693825151],[114.33188229763005,9.891121073578745],[114.32231085626108,9.888896679638094],[114.32662510016826,9.881481693825151]]],[[[114.52801427174131,10.708456223875658],[114.54023179376236,10.713058139321731],[114.53200872482284,10.717169437719406],[114.52801427174131,10.708456223875658]]],[[[114.3013501073217,9.876931139560497],[114.31114014150444,9.88223366105467],[114.30094225488119,9.884613676380127],[114.3013501073217,9.876931139560497]]],[[[114.21574728131202,10.210885480780348],[114.22928700908824,10.212087094643778],[114.22559445212232,10.218005624759826],[114.21574728131202,10.210885480780348]]],[[[114.32543987105328,11.426131136442848],[114.3368913127839,11.434401538500254],[114.33275603306458,11.436945444476748],[114.32543987105328,11.426131136442848]]],[[[112.99702282134615,9.650826387627717],[113.00707717617081,9.659970263416994],[112.99737827208969,9.660350604696703],[112.99702282134615,9.650826387627717]]],[[[114.36882525298313,11.448960567776055],[114.37096094948834,11.463606253925548],[114.36693620903884,11.464281119578061],[114.36882525298313,11.448960567776055]]],[[[114.39143406532992,11.429948203646745],[114.40002997160593,11.440445250647826],[114.39280058248096,11.441616590633203],[114.39143406532992,11.429948203646745]]],[[[114.41829670512891,10.665530954889732],[114.42847035592229,10.671816839175847],[114.42186366277792,10.675295339508352],[114.41829670512891,10.665530954889732]]],[[[110.5650889399027,20.018974880086716],[110.55625165469019,20.023177490249054],[110.5529578903944,20.01452662010746],[110.5650889399027,20.018974880086716]]],[[[116.16052504019854,10.71606846788552],[116.1724114345401,10.718209849005405],[116.1642429697373,10.723057811768626],[116.16052504019854,10.71606846788552]]],[[[109.75570546023886,18.311415530402428],[109.76842115541206,18.3151706397133],[109.75544999971777,18.315273520356754],[109.75570546023886,18.311415530402428]]],[[[115.81729160832117,10.815765381766994],[115.82975104707327,10.81904900620674],[115.8280419430813,10.822872435214776],[115.81729160832117,10.815765381766994]]],[[[114.18334181577222,11.030328677026887],[114.19319285636527,11.032981640190599],[114.18871186915749,11.036945081950023],[114.18334181577222,11.030328677026887]]],[[[114.25319936086191,11.070302004134248],[114.26318284461263,11.074053467593501],[114.25457258066012,11.079388817939673],[114.25319936086191,11.070302004134248]]],[[[112.87155393306762,9.570877396974367],[112.87923471261195,9.578770100859515],[112.86977497423572,9.577977729788472],[112.87155393306762,9.570877396974367]]],[[[114.55779854806462,10.749969351304571],[114.56638204009914,10.754383571045025],[114.56004465973331,10.757274203441796],[114.55779854806462,10.749969351304571]]],[[[109.65859420515852,18.215957630340426],[109.66750597042426,18.21739278015275],[109.65966951463645,18.222423690201197],[109.65859420515852,18.215957630340426]]],[[[112.93134582155244,9.634808423270158],[112.94254618605771,9.637932551146378],[112.93946029105962,9.639680034605988],[112.93134582155244,9.634808423270158]]],[[[113.01566032376502,9.657470437710572],[113.01988856820287,9.665554333865487],[113.01396153139956,9.664177356699724],[113.01566032376502,9.657470437710572]]],[[[115.79869553227309,10.729602749367416],[115.80668657522529,10.736957106485306],[115.80269114997668,10.73927308738314],[115.79869553227309,10.729602749367416]]],[[[109.10985917466127,18.345390405542844],[109.11109668046748,18.352391630369482],[109.10741734533428,18.35133962502374],[109.10985917466127,18.345390405542844]]],[[[114.20309155653013,11.055118157377137],[114.21102601144139,11.056017023466893],[114.20911302124898,11.060046733569948],[114.20309155653013,11.055118157377137]]],[[[112.92649155004506,9.62161973326414],[112.93001015294624,9.628549394538993],[112.9228591100599,9.625799869368507],[112.92649155004506,9.62161973326414]]],[[[114.49055516668761,9.847406344627132],[114.49489549812881,9.852005506349087],[114.48751076640883,9.854855032533749],[114.49055516668761,9.847406344627132]]],[[[112.63232618390634,16.567252259883958],[112.64043375561334,16.571078892277114],[112.63188360774234,16.57214168768877],[112.63232618390634,16.567252259883958]]],[[[108.66135154024147,19.317041170014022],[108.66904928010024,19.322721160353296],[108.66893182504373,19.325289200536247],[108.66135154024147,19.317041170014022]]],[[[111.19696572968473,19.910209469791255],[111.20404057481272,19.908014929745264],[111.19828859014638,19.914251819865626],[111.19696572968473,19.910209469791255]]],[[[110.19152399963292,18.606683000420162],[110.20000500043051,18.607564000578236],[110.19790599986209,18.612189999868633],[110.19152399963292,18.606683000420162]]],[[[116.64259751646227,9.035331159905127],[116.65056129376876,9.037222600542634],[116.64588625894373,9.039531898578332],[116.64259751646227,9.035331159905127]]],[[[110.35298909547043,18.64115501539169],[110.36305547513012,18.640251355016062],[110.36072395035006,18.64352505543701],[110.35298909547043,18.64115501539169]]],[[[109.6928347697089,18.182023560139214],[109.69780757006339,18.188874164710967],[109.69083860481783,18.185338669843816],[109.6928347697089,18.182023560139214]]],[[[109.41222214003977,18.213474120134606],[109.41804224475385,18.21711019517943],[109.41332314045064,18.222635230531523],[109.41222214003977,18.213474120134606]]],[[[109.27394579965897,18.28362297991663],[109.27596226045,18.29100317995284],[109.27156232464165,18.290650675388406],[109.27394579965897,18.28362297991663]]],[[[117.82664006868424,15.134047678457648],[117.82594617607526,15.13990896852414],[117.82104110906005,15.13647849108952],[117.82664006868424,15.134047678457648]]],[[[117.81019986723015,15.118519866198938],[117.80950507260104,15.124380220071146],[117.80460089951191,15.12094855463215],[117.81019986723015,15.118519866198938]]],[[[110.2011315002186,18.611614004782552],[110.20847249970615,18.61475779993259],[110.20312820470292,18.617473940470006],[110.2011315002186,18.611614004782552]]],[[[111.58233064304483,16.502870700222672],[111.58873363974573,16.507658521723442],[111.58484941297007,16.509621281297143],[111.58233064304483,16.502870700222672]]],[[[110.1946422801172,18.57459776997115],[110.1975645452676,18.582129530053805],[110.19286585467552,18.575128445521386],[110.1946422801172,18.57459776997115]]],[[[110.61829999974526,19.210800000219876],[110.62400000000008,19.2166999998052],[110.61870000020491,19.21930000009496],[110.61829999974526,19.210800000219876]]],[[[114.57223102474211,10.775290398433185],[114.56574587587158,10.782212034158078],[114.56572005363762,10.776696148508506],[114.57223102474211,10.775290398433185]]],[[[109.28135850029463,18.29164708554464],[109.27567651975562,18.29717535036218],[109.27604482001249,18.2926984154995],[109.28135850029463,18.29164708554464]]],[[[111.91867030289222,8.646229660570441],[111.92148149187739,8.643919229388985],[111.92259555404166,8.64643841929768],[111.91867030289222,8.646229660570441]]],[[[110.46469500017417,18.874571000151604],[110.46335300034076,18.874557000405275],[110.46700799981937,18.871430000094506],[110.46469500017417,18.874571000151604]]],[[[111.71804651823231,16.54307317458739],[111.71877548530045,16.545981765546117],[111.7157902837946,16.544868456114386],[111.71804651823231,16.54307317458739]]],[[[111.6857032246242,16.56568507340745],[111.68680995191778,16.567303682219233],[111.68558738025348,16.567187940371184],[111.6857032246242,16.56568507340745]]]]}},{"type":"Feature","properties":{"name":"重庆市","adcode":"500000","level":"province"},"geometry":{"type":"Polygon","coordinates":[[[109.57960248976315,31.728486619961586],[109.27613933965887,31.719319990425277],[109.24900044521445,31.762423270317697],[109.27053209997649,31.802057644744536],[109.18857996479358,31.8215887000585],[109.17934357034954,31.862212750518097],[109.03483691479187,31.96300198994993],[108.89664031459893,31.987886515150592],[108.73471201035107,32.107105224926215],[108.66924224043709,32.10490670538019],[108.5045572101472,32.20417072519888],[108.39692310471759,32.19551744487421],[108.36473267517289,32.17624324492988],[108.44666672498943,32.07563083019869],[108.34501232515873,32.07352001973317],[108.36128749472215,32.0384273997048],[108.32272289534541,32.01900733512048],[108.36319907477753,31.98652417535044],[108.30357123522441,31.999660010401215],[108.2566837601475,31.968574194743326],[108.34025947019848,31.863583185115942],[108.53179062963392,31.75968426541658],[108.50169763044136,31.73657541472369],[108.54156425478658,31.66800625548433],[108.41773455000953,31.623383939717087],[108.33566892488102,31.512019639794573],[108.18655443993549,31.492683794921277],[108.22166387998413,31.4573531801052],[108.20318797494514,31.400396530275714],[108.14946938540385,31.37538929527983],[108.17689828512783,31.327238270030193],[108.0150207152339,31.245853310282087],[108.02656387522273,31.219868010400432],[108.07208906985477,31.233993089809303],[108.08808507007001,31.19325670503298],[108.0050916449635,31.112100700087296],[108.04896664029826,31.042665175357627],[107.9768215499746,30.98424656512691],[107.93694307526277,30.98911019497956],[107.93287185964869,30.930347860265613],[107.9908847254498,30.911151355450727],[107.94840384476169,30.873022605309018],[107.843210934637,30.794624980258675],[107.75890308470963,30.819662990055008],[107.71266356487166,30.89232925549078],[107.63779420503857,30.81438895548598],[107.60664251044358,30.844840925368487],[107.47986450514287,30.840249114704932],[107.49436625030228,30.812026725153316],[107.4200051252364,30.742641350218207],[107.5096815347751,30.643632805309778],[107.35665303480977,30.465007750007715],[107.33235754036826,30.3808486803224],[107.21588501478169,30.216296979921765],[107.07593937530197,30.100720195280815],[107.07175155988665,30.05466407958363],[107.02004426992715,30.036937114656155],[106.9765688595653,30.088408060083964],[106.90990008022459,30.027838429799772],[106.8338063446871,30.052546259802114],[106.74865831033281,30.022081110355032],[106.6057394950817,30.23211228025758],[106.63976677012039,30.25192775965843],[106.6082585096226,30.295950695268402],[106.43697062539411,30.312446859734848],[106.40461646527768,30.27756636459611],[106.42495686456772,30.256206404801787],[106.29623049963789,30.24151874009783],[106.24025554525724,30.18049057517993],[106.17599767025632,30.23433363988562],[106.15810831025038,30.31396625983507],[106.11983972002713,30.327858070393688],[106.12214362482848,30.30444930479166],[106.08483781461354,30.348390199747996],[105.88769129012098,30.41349322523223],[105.84167118507719,30.394120474880083],[105.8271103697478,30.434841125117885],[105.79260983007964,30.433604735370295],[105.73783466483798,30.321736494943366],[105.70872112537967,30.322045760103777],[105.71857135028762,30.253542579626412],[105.62063464527273,30.278609724759065],[105.61553435972297,30.23791118974964],[105.65794083500157,30.214624290378765],[105.640502809657,30.189029420371526],[105.53138005464587,30.16499106458599],[105.59338117540096,30.16135093989402],[105.56921526966903,30.127390274941263],[105.63837649038277,30.10209017032514],[105.68460216965445,30.04115930036147],[105.74507472531837,30.036469415031547],[105.69755030540233,29.9309100950249],[105.73395362525963,29.864752535301307],[105.61345876041355,29.84881100522375],[105.53578386023702,29.69708714455612],[105.48096777044628,29.721509275232904],[105.47810087025903,29.680925085424406],[105.38659319012368,29.678859140337124],[105.37517781480437,29.6259149597077],[105.31736491955547,29.612313894570605],[105.28983805038575,29.541913649995024],[105.32084977000096,29.45071097493161],[105.37297789501389,29.46046250464093],[105.39455125493652,29.440198339981464],[105.36983554957101,29.420038524558322],[105.42421882533858,29.42135481007648],[105.41536486489667,29.314669855429543],[105.45562618460082,29.33078223960871],[105.47137008506144,29.281321615300385],[105.60678085535227,29.278119500014952],[105.60503368485672,29.257665060394288],[105.62836794522457,29.28393662527509],[105.65269964457298,29.254799894999223],[105.65987972027295,29.27762024497838],[105.69785081026674,29.301794189750126],[105.71166987016841,29.298882800101183],[105.68728026527208,29.272617409965562],[105.70512835538938,29.18079378000897],[105.749544360384,29.136115319566386],[105.72459447515496,29.101004859686554],[105.7950890945861,28.937933664606987],[105.8800610102075,28.936917005315593],[105.90865036002617,28.90260620011611],[105.98084159006737,28.984172550422898],[106.04386099518882,28.953511745370804],[106.04431743979808,28.909282230090923],[106.16945401509076,28.924263894862918],[106.2241640199536,28.89351574495572],[106.34461320463572,28.587005719638285],[106.33640881011854,28.535445699959155],[106.3724388798505,28.531161735325895],[106.39507017974506,28.57448343985891],[106.49818318010972,28.537790194761726],[106.47069019469677,28.602543525163583],[106.50322666537835,28.570228704990768],[106.52175065536852,28.57872203459425],[106.4896308001214,28.6099273098975],[106.52499554960497,28.677935630325123],[106.4506929254382,28.781274945082714],[106.46996049018452,28.83786580466318],[106.64714171002197,28.65445611955431],[106.61385599975466,28.646633384722975],[106.61213593032898,28.554409605019316],[106.56067961507222,28.525075655217393],[106.5600756996339,28.48917528481161],[106.6286154096735,28.507645329868126],[106.70448821505914,28.453884570216815],[106.74170310471459,28.47195514001777],[106.72461920541207,28.546861329786566],[106.77677765466507,28.56727709046538],[106.75299355970509,28.613241514884066],[106.78184066511466,28.628460160008444],[106.80792396501903,28.591478760436473],[106.86325810028114,28.629453270552062],[106.88232971534416,28.698009090147423],[106.84897744984949,28.701833735038917],[106.82825078544545,28.773804525058836],[106.92183694991536,28.81309483505862],[106.94692331535879,28.769641430207912],[106.98945698984824,28.774839890248813],[106.97956359478411,28.85442324983319],[107.01303687485193,28.88897395548372],[107.03601753528108,28.867828550547245],[107.05644639998144,28.89815303523443],[107.06209103527311,28.869276225217675],[107.18689934992511,28.89280455028984],[107.1885979102654,28.84128032003082],[107.22135484524995,28.83888331021666],[107.21345599989456,28.776920700230164],[107.24285841508384,28.76450376523661],[107.25013118480638,28.797032515238413],[107.39028216469023,28.861368404628195],[107.43579149528136,28.951486500002034],[107.36492290536785,28.998753989904742],[107.39102205492395,29.04311464972136],[107.36522209002749,29.096016439906805],[107.40872491532264,29.09939941964757],[107.39774412479159,29.18813476510735],[107.43988461478318,29.20774965522247],[107.46935260044222,29.174169635520286],[107.56477831466754,29.222359130169764],[107.59042878526031,29.14709319539469],[107.62134820475592,29.17464266003077],[107.69244537985048,29.14583588022174],[107.74688550536183,29.202740899972582],[107.80687047019609,29.142651870087775],[107.7803026200699,29.049848204830823],[107.81881274031576,29.036053830419974],[107.80473183470644,28.98600114014056],[107.86313871507969,28.960866325520556],[107.87905195518363,29.01180729057404],[108.01819173466089,29.040709630545052],[108.06467816516528,29.089235289976727],[108.12944653043309,29.05566841476559],[108.19231097966804,29.074700170076824],[108.229662204747,29.030428455009258],[108.26431055518805,29.09265720046949],[108.29115574004544,29.08887215992229],[108.34584259456017,28.93685629028562],[108.34842320007067,28.819159440255987],[108.38468767989258,28.793726235077713],[108.32904849009583,28.679379835411112],[108.46908230990073,28.63064785531435],[108.56395141482602,28.666523860387883],[108.63117074473416,28.63734691512809],[108.60749582027597,28.54614125521482],[108.56938473461787,28.532076245122653],[108.60733136035407,28.441551874719266],[108.57508050536109,28.347669075167744],[108.66617864502848,28.34083409541722],[108.65365882489493,28.371414125161778],[108.69326683479665,28.4077070748217],[108.63668419501965,28.460653260039976],[108.70766824529335,28.503332260475474],[108.77707964031322,28.430452430335436],[108.76635508012293,28.317955915433174],[108.7202614653944,28.279859385302416],[108.75576618985781,28.19520291048599],[108.81717540472118,28.24874902534731],[108.8412041251703,28.202945094840288],[108.9170410098348,28.22161856474503],[108.98090939475281,28.166808275581502],[109.02012692531741,28.223367545575798],[109.08046748478665,28.18715036469763],[109.07540412540015,28.252854569882572],[109.13711982022357,28.32488899503113],[109.14449606504144,28.41564396509699],[109.18599076536157,28.473007430448604],[109.26982557009404,28.49792937014439],[109.2691549303558,28.54138058514593],[109.31553956030251,28.582885849802153],[109.2891497696462,28.631772665276344],[109.19737140976281,28.602570039875502],[109.1758034151955,28.624427115219248],[109.2673801398816,28.673574590195244],[109.24972702458257,28.697152195417516],[109.29028536517751,28.724712440226995],[109.294744544725,28.750125409759903],[109.23547814540012,28.781574649550464],[109.230515094596,28.882944680152946],[109.3164127696337,29.048190259672822],[109.23084027955531,29.08980228464776],[109.21795289031371,29.14921140458273],[109.11663103999058,29.19601373004963],[109.13660057505655,29.271650885180236],[109.10029538022769,29.290422855130714],[109.1101025402001,29.355209544984575],[109.06554545495885,29.400600254997812],[108.98068847539287,29.337252750214304],[108.91422704014587,29.33012860515106],[108.93235333463872,29.431748065420948],[108.86015440010556,29.474381085318896],[108.90273298493935,29.59643236006542],[108.86180491956145,29.60246674534409],[108.88135296486752,29.63843379958024],[108.82456442980464,29.67443644538571],[108.81700322501888,29.634503034687327],[108.7777070451441,29.636887220169115],[108.79380561483731,29.663593865364646],[108.78247918966292,29.694290569554198],[108.74869674965532,29.691851520031662],[108.78165927955217,29.65769733986042],[108.75441335499238,29.663219750091457],[108.76094793959578,29.639069315396625],[108.70884659009812,29.70258646469364],[108.67937567984382,29.695011430133434],[108.65620172992595,29.85672814009166],[108.5872329002782,29.860492259710043],[108.50043064485845,29.709941425256602],[108.43279470041517,29.7431072397074],[108.39922986036981,29.838697785274633],[108.36254510487277,29.82268916487311],[108.42017675974972,29.88090604997427],[108.52081154961337,29.869315279876332],[108.51101777515026,29.934977080228123],[108.547672465412,29.981112415405676],[108.50874804998256,30.0608103953835],[108.57960892461222,30.258804715265455],[108.39515004004238,30.393389975367143],[108.41899147487675,30.397691144930434],[108.42260996547759,30.494569429735463],[108.50826705478079,30.50396454013145],[108.5646640250248,30.471882870098455],[108.64004226533831,30.520975425275708],[108.65390448460437,30.590055375155487],[108.68636784040359,30.590095859936014],[108.73641363468158,30.49892405050457],[108.78415938494771,30.517476899739165],[108.80426069047854,30.493817980515416],[108.96008662519768,30.629027764919442],[109.03762021490104,30.65790604982442],[109.11321517024396,30.642045914687287],[109.07605163997124,30.602568474655413],[109.140335585419,30.523586390099865],[109.29271508513312,30.633999784662365],[109.3212231650171,30.62199590019071],[109.30451779486043,30.601578404719646],[109.3590437696543,30.556968405167822],[109.33287585973318,30.526628190438714],[109.34626685493146,30.489616279567713],[109.44884260480245,30.615356924982166],[109.52719181035383,30.670282685297764],[109.52911914473282,30.641481070295185],[109.56454961487287,30.646892069813248],[109.5823132046907,30.695932010154195],[109.65361330011376,30.729764080148243],[109.64943134018426,30.764819839663915],[109.8887272849363,30.902378180208927],[110.0033376248316,30.886867849871408],[110.01408748025307,30.83186720031108],[110.07835877493756,30.804981269869756],[110.16796579998174,30.981768744931685],[110.13119115544754,30.987803335255762],[110.11521731992343,31.08274615491115],[110.19562810974952,31.1602735950504],[110.13955263004988,31.387174909794282],[110.05113538019373,31.410893464861545],[109.98692946532265,31.475449725024816],[109.94092157037426,31.47064951536288],[109.97716865011319,31.515242954798566],[109.88758460994188,31.519985900129257],[109.83418722496054,31.557729605536906],[109.7197250097015,31.552077254961375],[109.75970856479847,31.606270410451145],[109.72991937997546,31.696847630413856],[109.57960248976315,31.728486619961586]]]}},{"type":"Feature","properties":{"name":"四川省","adcode":"510000","level":"province"},"geometry":{"type":"Polygon","coordinates":[[[102.95840421518244,34.27995977542332],[102.87142909028034,34.31231382492314],[102.85415244467964,34.27239636010398],[102.7929422596776,34.277099210060555],[102.77669420467384,34.239437789922135],[102.72834198039811,34.23858941536929],[102.59630227023365,34.15303651522305],[102.66176014481488,34.11418043028266],[102.65680943990378,34.07564119538489],[102.6021240548813,34.10271332955659],[102.4357968598373,34.08807733989738],[102.38982878507045,33.97180059492155],[102.31075917489608,33.96824318987137],[102.30832979038757,33.99652135987293],[102.2600192703731,33.96709567472567],[102.24732452041036,33.98820264533589],[102.21427032981194,33.96024612505869],[102.16576601488975,33.98482316485723],[102.12967560514511,33.96800189547116],[102.26253446998987,33.84640553468773],[102.23667745480077,33.79209823994188],[102.31928570027492,33.75946596987865],[102.2845463699191,33.718069864932374],[102.34010807502767,33.73078235042516],[102.31371849031615,33.67063447520093],[102.33808644043694,33.612925600036476],[102.47643621495939,33.543938694914914],[102.44424851485712,33.53288241529128],[102.46634632522279,33.452679595486984],[102.36597433524742,33.393557565229514],[102.26730713971278,33.424482924747224],[102.23240016043911,33.388178255122455],[102.1858782948475,33.33233810551923],[102.20684049529268,33.22675370971598],[102.10699222011493,33.29771238471881],[102.07972326032029,33.19480189549114],[101.97878203546264,33.20343869034332],[101.8666732245897,33.10658497501663],[101.82452453997558,33.121096574947046],[101.83932591046243,33.19261615980798],[101.76563496468191,33.26605728471594],[101.87586525008129,33.31681929547415],[101.88439520547439,33.384455790302525],[101.94505194499135,33.44356375516321],[101.90133619980583,33.489632064768045],[101.90172430493277,33.55572370508497],[101.8423178496891,33.60503152018856],[101.83008495016037,33.55687643989586],[101.76847736463873,33.54815449993026],[101.77334694530532,33.45441054041419],[101.69485263504112,33.436844500173606],[101.65974628506308,33.38518902015721],[101.65236055509558,33.318109350466216],[101.73901076483497,33.269280054730814],[101.63120357498508,33.103355985290534],[101.48619667963311,33.22881679495919],[101.39818544490242,33.22613642045951],[101.38202589487918,33.154433284868276],[101.27138242495903,33.27071393020378],[101.18249890540022,33.272259780264676],[101.12375664984955,33.22463217033845],[101.1676021303341,33.102495530144665],[101.14127174979149,33.06041521019387],[101.1827660202357,33.04415986978222],[101.1840907099184,32.98798352032327],[101.12702808038165,32.991347445228485],[101.11955825480965,32.91330860021179],[101.23687530495141,32.82910921481846],[101.19308552038052,32.689101594962665],[101.1191816852866,32.63489695513044],[101.11077648025042,32.67432204023004],[101.070595444824,32.68360110480717],[100.9259912047304,32.60185924550785],[100.6861694848339,32.684678970158416],[100.71905560473243,32.62425703553379],[100.6606473897653,32.61895810503256],[100.66873708025213,32.52547028052908],[100.54393287999847,32.57242726510623],[100.4188385152853,32.733853879852745],[100.37820895018297,32.699727010293316],[100.40093922496533,32.757113234787994],[100.33564769528499,32.72061379539042],[100.25824850476477,32.745055810077645],[100.2136302602284,32.60929084000031],[100.1111826799368,32.64449861012281],[100.08616654524991,32.67169078040524],[100.13621681995033,32.723522080579585],[100.11041750526374,32.86220099527975],[100.02682946460817,32.89776727024338],[100.03903946469961,32.93191914545224],[99.95802905010066,32.94824673020247],[99.90195044525689,33.049269385074126],[99.87640657490357,33.04797195024537],[99.85096418045265,32.94494062990617],[99.76533378032974,32.94259155485645],[99.79118821986054,32.88643300028281],[99.76482995044194,32.782722690000185],[99.73890703473194,32.7332663599546],[99.72613942979092,32.72794990526398],[99.70061402971373,32.76907842502936],[99.58734997042484,32.792864625302286],[99.54958161999582,32.84713133993944],[99.37798820459204,32.90337140546603],[99.26460598517815,32.88197983000521],[99.19548080029875,33.03558314964272],[98.85461168518117,33.15515785515095],[98.80308187013225,33.27232582018053],[98.75738754539896,33.28252809999185],[98.77870705998288,33.37011271972631],[98.7331662396303,33.411861390390925],[98.74264151469418,33.48047399497892],[98.6505922502322,33.54575356997134],[98.66488919008412,33.58893146481529],[98.61177090520317,33.63550602528289],[98.64908506022743,33.65920348495291],[98.58213098535674,33.73425735958955],[98.4911012301377,33.772608295336624],[98.46113639512862,33.85063980997927],[98.40742729523356,33.868089329558984],[98.42884030513602,33.90121622494888],[98.40964786525683,33.95505523461145],[98.44031264531242,33.987504989963384],[98.39107471022976,34.058211194690955],[98.40201752508875,34.087921095282354],[98.20699636479048,34.08039458004589],[98.04386127467814,34.11741982516486],[97.94514237532042,34.198215604866334],[97.81041178477608,34.209257890139554],[97.77330026499527,34.16370854511331],[97.66537040492034,34.1286893951995],[97.70230971532118,34.044391390150565],[97.65493099996576,34.010241065372895],[97.64153666018876,33.92551461520736],[97.3902845651806,33.89065451039738],[97.39978364979567,33.85208886960572],[97.36966274464004,33.84314788536665],[97.42816680035759,33.723870025381416],[97.41482168497282,33.60746432032215],[97.52479768526501,33.578475284806586],[97.5104840998614,33.52269688984961],[97.5527613200789,33.466644344660835],[97.62727776975333,33.46335430985357],[97.75823297037533,33.40506301034969],[97.67642506036827,33.34272195485437],[97.622388885139,33.34131926517199],[97.57539839002374,33.22302063469459],[97.48636249473338,33.16993407519749],[97.48463161006083,33.110529770232745],[97.54341407519945,33.038829234581556],[97.49773259997954,33.0211136802522],[97.52188110023263,32.9900821800486],[97.36066287459204,32.947065350185824],[97.34749306045643,32.89740544510528],[97.38827299040622,32.8664202204169],[97.38046418517405,32.79804252504255],[97.42271429532855,32.70767227505553],[97.70206325971174,32.53669342036511],[98.02312695524483,32.45489600005044],[98.2181043752168,32.345451240082696],[98.21847323485196,32.23709669495656],[98.43596530005863,32.00562582507183],[98.43291637978717,31.92585532016693],[98.39818592484062,31.90211161555868],[98.41508884007794,31.832277979844946],[98.54611716547487,31.719417424774406],[98.55354250967912,31.659312510164284],[98.61865154982922,31.594040035319438],[98.88663130019438,31.377481170519673],[98.77598711980977,31.250977470134217],[98.69234313502773,31.334983549851017],[98.63821529460023,31.338992445145266],[98.60088601028122,31.19386898506565],[98.66987202507397,31.1585935004897],[98.73485245497687,31.053135610520087],[98.79677156475594,31.013719560009747],[98.77970895510424,30.896113670109855],[98.95742673475604,30.767325060403266],[98.96125262520854,30.72808486512446],[98.90461742995052,30.69049115494289],[98.97468376524364,30.39403430004296],[98.98578242541868,30.159581885295836],[99.04410686044332,30.081829614645073],[99.06756711493045,29.931624125253222],[99.0126326500768,29.820390780110472],[98.99058437976538,29.664479669701052],[99.05085875003135,29.567136840093156],[99.06569662040278,29.303510269783203],[99.1150960701276,29.241415460355256],[99.13018841985973,28.948183954725778],[99.10747217989723,28.803069389840516],[99.17962130997552,28.588004340328098],[99.17474489536067,28.4044141504927],[99.40106947487641,28.153671110433436],[99.38554205022552,28.212819860448235],[99.41734307512286,28.27996221468453],[99.39189068470739,28.32246752006006],[99.43697540489109,28.403273239968087],[99.40249340025031,28.437493534698945],[99.4029328054047,28.550676740439258],[99.46163763476909,28.55230790468613],[99.49522344520591,28.61999664472944],[99.54101784469782,28.629441084738346],[99.53073649469354,28.684031635351744],[99.61673602964413,28.744492175173775],[99.62280399021205,28.815802200011547],[99.68839779012598,28.81574937473391],[99.71702967517945,28.84938323504832],[99.73210092501773,28.722942565447113],[99.80297743526052,28.69548254018713],[99.84196142987616,28.659116519711688],[99.83240621497492,28.630327229917782],[99.86973720980444,28.637653824964104],[99.9479311348141,28.581201330577017],[99.98810989495576,28.479938615175],[100.07354798495163,28.42896687981772],[100.05628974487587,28.372629584987408],[100.17188166510681,28.326236889920608],[100.14636247484839,28.292504499882796],[100.1865002798641,28.25610872533747],[100.16205897474197,28.219785105198525],[100.03048400003661,28.18800386988272],[100.01949168019695,28.149233070349965],[100.08511621534115,28.03394791516422],[100.19074840021858,27.94973327547035],[100.16824062490497,27.900793165272432],[100.30630647986021,27.865784069779068],[100.28566923504724,27.80762727557834],[100.32615484477031,27.723997929960547],[100.42968675473998,27.867566150157757],[100.50424761473568,27.854744260339373],[100.54538887969312,27.81231836510051],[100.63233520020935,27.91819731495417],[100.67838083520746,27.92658541488504],[100.71941398007118,27.861411709882532],[100.70490911516362,27.805319095399966],[100.75485180037037,27.77261447487814],[100.7892725899581,27.68654285476896],[100.84722304011126,27.675167369778364],[100.82579177037394,27.61757160504561],[100.85430847475635,27.627237965359882],[100.90902621019148,27.527528585076197],[100.89991173503859,27.457388695132238],[100.93556507516814,27.472824940218857],[101.01891454546995,27.346750964685327],[101.0401360798163,27.22430826541415],[101.168588924939,27.194256005510283],[101.13376735517937,27.02650300550937],[101.26336018542429,26.95847504029092],[101.26434081967312,26.90710978049202],[101.36575061020255,26.886821450149853],[101.39849516961647,26.844583575271827],[101.35508120543335,26.774391799841737],[101.38689284502885,26.726498205527832],[101.45521332463528,26.734195529899864],[101.44937878040645,26.78610644975288],[101.51157223017435,26.77426186489322],[101.45312080548086,26.707178870408598],[101.47891034004022,26.67624737481657],[101.46061366988499,26.60921847005642],[101.39692785543622,26.607312615085164],[101.39805371041047,26.544678840156394],[101.63581775988177,26.39922392504417],[101.65825147512555,26.31002483517807],[101.6063208897973,26.313888794832053],[101.58413406003888,26.283688060455688],[101.62843820465946,26.227935049762777],[101.69157862975004,26.247215185232676],[101.81031975545244,26.167794975257948],[101.79637290458595,26.11665842474656],[101.8384156697474,26.08651128546751],[101.83448411524978,26.04820739505527],[101.91593991999139,26.112999290185144],[102.10591881000516,26.07074732023267],[102.24721054483086,26.218821804882452],[102.54999864492157,26.366030999630993],[102.62564809468387,26.34333455464605],[102.60158271517025,26.251832294724693],[102.67422395517144,26.20891774475814],[102.87831656975396,26.369470470286046],[102.89302387475209,26.342127355093396],[102.98801438455627,26.354741139991688],[102.98801581987425,26.483800575136456],[103.03126284020794,26.490343910143395],[103.05462899503215,26.550275805084368],[103.01619635497786,26.59543144490533],[103.02618390995951,26.66609416021737],[102.96922517010557,26.834879000065825],[102.89525809018875,26.914802885245024],[102.86970776540113,27.030182909913435],[102.91196891473368,27.14378768994999],[102.88122278020722,27.300557745543585],[102.94624934533107,27.41609664534394],[102.98505411045892,27.370972845120775],[103.1405954996826,27.42521368985996],[103.21745819513967,27.56726119514809],[103.2927287398395,27.56910095534488],[103.2773925398339,27.63595030506258],[103.48723861487025,27.800389734998305],[103.5002468496125,27.913997175229497],[103.56185833459455,27.98066459029866],[103.51223821012536,27.96996178470863],[103.48591088008311,28.035869564928532],[103.43087596545348,28.043640284771357],[103.44909967990634,28.125565764948135],[103.63455234501475,28.264946635578838],[103.70991222476943,28.200621295236658],[103.87110704465442,28.306902755557758],[103.85440637975069,28.400787684703914],[103.77978832467153,28.527609780167268],[103.8353493597852,28.588183229872186],[103.84913538489013,28.671242884651463],[103.94217340987501,28.60479852483212],[104.0571583003154,28.631117094578315],[104.09185662518314,28.606356809818976],[104.12338534525753,28.640555019898272],[104.23154589043054,28.639744475327348],[104.24476903526283,28.66758919998165],[104.30549648037834,28.61800504479703],[104.3708983397866,28.65270918018456],[104.42649410042247,28.627560675185066],[104.35429161536581,28.559055154671682],[104.24446164518884,28.527629430353954],[104.28587978982051,28.3164970648877],[104.36887619528022,28.33946546036276],[104.40372752000911,28.27422897998349],[104.46327584960085,28.249073214757118],[104.39747812031908,28.20164170470099],[104.4569209999043,28.17297651055759],[104.44886392962673,28.12069217510384],[104.3744171702163,28.055871620379037],[104.29629611547341,28.04831622971028],[104.56772895492736,27.84526828470365],[104.73941353460702,27.904802010204662],[104.87380592520333,27.91026114503586],[104.9701199447797,28.02050711551101],[104.97309967031362,28.065400934805325],[105.0445708653532,28.102252255537223],[105.17708208017393,28.070423455078412],[105.17909215038247,28.000121019869198],[105.26698350458514,27.999999999900126],[105.28098846514558,27.939436735017352],[105.23236466000111,27.90622175013374],[105.23574515491504,27.832949044862573],[105.31211128970432,27.82212389999802],[105.26969183990656,27.79887584054768],[105.30497570526467,27.708804744643317],[105.34981372971993,27.751728515358764],[105.48985601484327,27.7763311903322],[105.6018173198135,27.719543175077547],[105.63751678976809,27.662700710369563],[105.73658351991355,27.715457015428967],[105.84135152465319,27.709218660312956],[105.87732647044032,27.74230973030984],[105.92874625973218,27.731227929725208],[106.06042628514501,27.780852760346647],[106.22112953470031,27.764445584696034],[106.33842492017396,27.823395970347804],[106.31247902498706,27.83918388992464],[106.33488924004644,27.878546810287105],[106.29828508988504,27.904081105558646],[106.32466890994232,27.961863615413563],[106.24011042525598,28.016668440296314],[106.2628658954448,28.07056718472785],[106.20327669526336,28.137868604752384],[106.11869221477394,28.170426675350825],[106.02406845029878,28.13502619490305],[106.03098248495377,28.110635394807673],[105.97828922506773,28.1101082751768],[105.93853139530773,28.147782235461875],[105.87599760520538,28.125628245347286],[105.8565038052065,28.171790235530977],[105.8879133696064,28.240504690139403],[105.78459436963453,28.339436905089144],[105.7325229198969,28.273993194830155],[105.63639717968613,28.315674939746714],[105.64439530479956,28.424545235274422],[105.60578786531778,28.44618892487904],[105.62142668988986,28.523295375281407],[105.67967661968032,28.53876488988783],[105.69099584488242,28.593998905425224],[105.74277202470921,28.61988349472756],[105.75399978526195,28.59328312511616],[105.90170410536024,28.606240659678747],[105.88786449505045,28.671588034560216],[105.93215704021532,28.684533625226663],[105.96359633530267,28.766018979892067],[106.03414453544201,28.692741275289677],[106.08159035011465,28.684255544957466],[106.1039807899815,28.633819894572525],[106.16110747013369,28.639384664670615],[106.19109936034727,28.57787393523398],[106.2869617745663,28.541332049634434],[106.32756218005062,28.483570854611287],[106.37522256037295,28.482919824590283],[106.32783157017087,28.555837130379302],[106.34461320463572,28.587005719638285],[106.27608911492075,28.77391849973901],[106.2465676303919,28.790176760249324],[106.26116086987832,28.85095739037132],[106.2241640199536,28.89351574495572],[106.16945401509076,28.924263894862918],[106.04431743979808,28.909282230090923],[106.04386099518882,28.953511745370804],[105.98084159006737,28.984172550422898],[105.90865036002617,28.90260620011611],[105.8800610102075,28.936917005315593],[105.7950890945861,28.937933664606987],[105.72459447515496,29.101004859686554],[105.749544360384,29.136115319566386],[105.70512835538938,29.18079378000897],[105.68728026527208,29.272617409965562],[105.71166987016841,29.298882800101183],[105.65269964457298,29.254799894999223],[105.62836794522457,29.28393662527509],[105.60503368485672,29.257665060394288],[105.60678085535227,29.278119500014952],[105.47137008506144,29.281321615300385],[105.45562618460082,29.33078223960871],[105.41536486489667,29.314669855429543],[105.42421882533858,29.42135481007648],[105.36983554957101,29.420038524558322],[105.39455125493652,29.440198339981464],[105.37297789501389,29.46046250464093],[105.32084977000096,29.45071097493161],[105.28983805038575,29.541913649995024],[105.31736491955547,29.612313894570605],[105.37517781480437,29.6259149597077],[105.38659319012368,29.678859140337124],[105.47810087025903,29.680925085424406],[105.48096777044628,29.721509275232904],[105.53578386023702,29.69708714455612],[105.61345876041355,29.84881100522375],[105.73395362525963,29.864752535301307],[105.69755030540233,29.9309100950249],[105.74507472531837,30.036469415031547],[105.68460216965445,30.04115930036147],[105.63837649038277,30.10209017032514],[105.56921526966903,30.127390274941263],[105.59338117540096,30.16135093989402],[105.55133530488047,30.14657349497088],[105.5341341645601,30.170694025408977],[105.640502809657,30.189029420371526],[105.65794083500157,30.214624290378765],[105.61553435972297,30.23791118974964],[105.62063464527273,30.278609724759065],[105.71857135028762,30.253542579626412],[105.70872112537967,30.322045760103777],[105.73783466483798,30.321736494943366],[105.76606735972092,30.40649377027131],[105.81929854459224,30.439926075428104],[105.84167118507719,30.394120474880083],[105.88769129012098,30.41349322523223],[106.08483781461354,30.348390199747996],[106.12214362482848,30.30444930479166],[106.11983972002713,30.327858070393688],[106.15810831025038,30.31396625983507],[106.17599767025632,30.23433363988562],[106.24025554525724,30.18049057517993],[106.29623049963789,30.24151874009783],[106.42495686456772,30.256206404801787],[106.40461646527768,30.27756636459611],[106.43697062539411,30.312446859734848],[106.50531239465136,30.291828284847497],[106.55421428456162,30.318622204751023],[106.63015342034413,30.269844270196984],[106.6057394950817,30.23211228025758],[106.67622104016891,30.160316580146116],[106.66761981979892,30.124084969645708],[106.69768597512768,30.117891325224548],[106.72721891522082,30.029232405051516],[106.7826823199332,30.020020464972504],[106.8338063446871,30.052546259802114],[106.90990008022459,30.027838429799772],[106.9765688595653,30.088408060083964],[107.02004426992715,30.036937114656155],[107.0625823600879,30.048196320004195],[107.07593937530197,30.100720195280815],[107.23622075468415,30.242228330373223],[107.35665303480977,30.465007750007715],[107.5096815347751,30.643632805309778],[107.4200051252364,30.742641350218207],[107.49436625030228,30.812026725153316],[107.47986450514287,30.840249114704932],[107.60664251044358,30.844840925368487],[107.63779420503857,30.81438895548598],[107.71266356487166,30.89232925549078],[107.75890308470963,30.819662990055008],[107.843210934637,30.794624980258675],[107.94840384476169,30.873022605309018],[107.9908847254498,30.911151355450727],[107.93287185964869,30.930347860265613],[107.93694307526277,30.98911019497956],[107.9768215499746,30.98424656512691],[108.04896664029826,31.042665175357627],[108.0050916449635,31.112100700087296],[108.08808507007001,31.19325670503298],[108.07208906985477,31.233993089809303],[108.02656387522273,31.219868010400432],[108.0150207152339,31.245853310282087],[108.17689828512783,31.327238270030193],[108.14946938540385,31.37538929527983],[108.20318797494514,31.400396530275714],[108.22166387998413,31.4573531801052],[108.18655443993549,31.492683794921277],[108.33566892488102,31.512019639794573],[108.41497160965213,31.62128535553478],[108.54253484540686,31.66990353002393],[108.50180460479874,31.735672520570404],[108.53179062963392,31.75968426541658],[108.34025947019848,31.863583185115942],[108.2566837601475,31.968574194743326],[108.30357123522441,31.999660010401215],[108.36319907477753,31.98652417535044],[108.32272289534541,32.01900733512048],[108.36128749472215,32.0384273997048],[108.34501232515873,32.07352001973317],[108.44666672498943,32.07563083019869],[108.36459316514254,32.176999165579105],[108.5045572101472,32.20417072519888],[108.47283255477862,32.27057805543296],[108.3058208101823,32.23450648468656],[108.23763330972952,32.27634238509307],[108.18372240466533,32.2223445605531],[108.06669218969284,32.23453257491843],[107.9720674098831,32.147966494957814],[107.8998407753316,32.21076703477087],[107.82973342016129,32.22443042022775],[107.75104638518258,32.33795918057177],[107.70161806991803,32.33429215535875],[107.6746847946676,32.40027125001825],[107.60184260475245,32.416712605302564],[107.53137619975189,32.385503805556255],[107.45202853538865,32.4197640104008],[107.42981971990423,32.540908380017754],[107.371946745446,32.54863079547488],[107.29429152513381,32.49035854541057],[107.26649059026857,32.40656379558277],[107.17019287540091,32.48276588503762],[107.12245474958706,32.480515409858356],[107.06524700994163,32.53367559055613],[107.10086052539299,32.592349260210256],[107.08835177501447,32.66902175984637],[107.00399484008983,32.73072658546357],[106.78111054961221,32.699040055054525],[106.77743087993122,32.73902207051219],[106.7276466651615,32.7408787001919],[106.65884191502244,32.69128168020541],[106.45302973463458,32.65812497049103],[106.39979009973337,32.618865775235406],[106.3444529346553,32.673500899846715],[106.10873051979769,32.72261500457887],[106.05837122994836,32.77548826017511],[106.09657111466527,32.79492071471924],[106.08938318518591,32.82549267484711],[106.0386690849104,32.86707719495661],[106.00703671976885,32.83174443975412],[105.9616878947806,32.851790435180476],[105.82336529956899,32.826760559752074],[105.79350644516637,32.756493899573854],[105.745006714988,32.76967696971644],[105.59465755979863,32.70207054461997],[105.5546387998408,32.73469067023831],[105.49680319491159,32.91280772010026],[105.4320191103937,32.935151319677686],[105.38515576502658,32.87489325501974],[105.4493820603339,32.73742989996998],[105.28753476521729,32.65682385024053],[105.21740365535447,32.66812929513094],[105.18058900987495,32.61787005036257],[105.10764886040664,32.596389469898156],[105.02606421519141,32.65274915514942],[104.87940598020191,32.60342082021475],[104.82647682994178,32.665134589589684],[104.7412021449631,32.63763451032446],[104.7029090302276,32.67630142467107],[104.64310591010974,32.66202042979904],[104.5688898546831,32.73140912503112],[104.45435141018947,32.75095436535173],[104.36450505036782,32.82300745503005],[104.29102097473827,32.83875482507517],[104.28466123542773,32.943146479726295],[104.36796218011057,32.94740853957251],[104.42399661475201,33.01691253508545],[104.33065254957557,33.04544727537149],[104.3805095203981,33.11018002478835],[104.30002479011205,33.30475507009044],[104.40843899986004,33.28378299958581],[104.39163607484505,33.31445136523837],[104.43410876990384,33.323860540131875],[104.37114899972664,33.35021511963214],[104.29353130002954,33.33247269985526],[104.26409405499669,33.39642559496531],[104.21983477485503,33.40548414038085],[104.15320676987659,33.543885904710805],[104.16587636490237,33.61472243469268],[104.03612291484069,33.68885426501237],[103.76337041021634,33.657437225447666],[103.59504632992423,33.73137360520775],[103.5482603145619,33.67367379970614],[103.51872553985186,33.6800225304155],[103.54725785016973,33.7422457999038],[103.51824211018527,33.81178129507077],[103.47399180977425,33.81171254999424],[103.43087763459522,33.7454045202025],[103.33779463991078,33.743023569582135],[103.27712396989534,33.77487863024464],[103.26911663482491,33.81152272469404],[103.15833686995063,33.807031915090874],[103.18373749988575,33.90406534464],[103.1220255453427,33.93526977008389],[103.15711899544533,34.0058386150601],[103.11651892990477,34.03637424977188],[103.17703969462627,34.080810104602676],[103.12078499533135,34.112401674697594],[103.1136156899122,34.1767613151826],[102.97062708996827,34.19838085529227],[102.95840421518244,34.27995977542332]]]}},{"type":"Feature","properties":{"name":"贵州省","adcode":"520000","level":"province"},"geometry":{"type":"MultiPolygon","coordinates":[[[[107.59042878526031,29.14709319539469],[107.55587961025589,29.224344229802398],[107.48077461006028,29.176379535087506],[107.43988461478318,29.20774965522247],[107.39774412479159,29.18813476510735],[107.42345534009195,29.13128117038974],[107.40708781465099,29.097168754734298],[107.36988985023646,29.105722890199274],[107.39102205492395,29.04311464972136],[107.35952238475033,29.012533865445562],[107.43526101038736,28.94976614998791],[107.39028216469023,28.861368404628195],[107.25013118480638,28.797032515238413],[107.2455222501518,28.764605404815654],[107.21345599989456,28.776920700230164],[107.22135484524995,28.83888331021666],[107.1885979102654,28.84128032003082],[107.18689934992511,28.89280455028984],[107.06209103527311,28.869276225217675],[107.06422395017523,28.898912295066395],[106.97956359478411,28.85442324983319],[106.98945698984824,28.774839890248813],[106.94692331535879,28.769641430207912],[106.92183694991536,28.81309483505862],[106.83798210019381,28.78389285986765],[106.82306528013862,28.741569249920985],[106.88232971534416,28.698009090147423],[106.86325810028114,28.629453270552062],[106.80792396501903,28.591478760436473],[106.78184066511466,28.628460160008444],[106.75299355970509,28.613241514884066],[106.77677765466507,28.56727709046538],[106.72461920541207,28.546861329786566],[106.74170310471459,28.47195514001777],[106.70448821505914,28.453884570216815],[106.6286154096735,28.507645329868126],[106.5600756996339,28.48917528481161],[106.56067961507222,28.525075655217393],[106.61213593032898,28.554409605019316],[106.61385599975466,28.646633384722975],[106.64714171002197,28.65445611955431],[106.46996049018452,28.83786580466318],[106.4506929254382,28.781274945082714],[106.52499554960497,28.677935630325123],[106.4896308001214,28.6099273098975],[106.52175065536852,28.57872203459425],[106.47069019469677,28.602543525163583],[106.50380347525027,28.542311625381274],[106.47505413963688,28.533293304842175],[106.38642555539514,28.57063185037964],[106.37395280487812,28.481137094901044],[106.19109936034727,28.57787393523398],[106.16110747013369,28.639384664670615],[106.1039807899815,28.633819894572525],[106.08159035011465,28.684255544957466],[106.03414453544201,28.692741275289677],[105.96359633530267,28.766018979892067],[105.93215704021532,28.684533625226663],[105.88786449505045,28.671588034560216],[105.90170410536024,28.606240659678747],[105.75399978526195,28.59328312511616],[105.74277202470921,28.61988349472756],[105.69099584488242,28.593998905425224],[105.67967661968032,28.53876488988783],[105.62142668988986,28.523295375281407],[105.60578786531778,28.44618892487904],[105.64439530479956,28.424545235274422],[105.63639717968613,28.315674939746714],[105.7325229198969,28.273993194830155],[105.78459436963453,28.339436905089144],[105.8879133696064,28.240504690139403],[105.8565038052065,28.171790235530977],[105.87599760520538,28.125628245347286],[105.93853139530773,28.147782235461875],[105.97828922506773,28.1101082751768],[106.03098248495377,28.110635394807673],[106.02406845029878,28.13502619490305],[106.12195610538998,28.170239490460176],[106.24692731514352,28.09510337012449],[106.26173834974509,28.05250545975923],[106.23733944046285,28.023368279822307],[106.32466890994232,27.961863615413563],[106.29828508988504,27.904081105558646],[106.33488924004644,27.878546810287105],[106.31259051034385,27.837834539932146],[106.33947673486347,27.828114474803215],[106.24503163959855,27.77343800476018],[106.06042628514501,27.780852760346647],[105.92874625973218,27.731227929725208],[105.87732647044032,27.74230973030984],[105.84135152465319,27.709218660312956],[105.73658351991355,27.715457015428967],[105.63411642972949,27.662549265436326],[105.6018173198135,27.719543175077547],[105.50683159979855,27.77183681491715],[105.34981372971993,27.751728515358764],[105.2983083654388,27.70017698527971],[105.30104349516125,27.615335429986146],[105.24074272979323,27.57877895468505],[105.25783608996363,27.517420160312213],[105.18861375042428,27.3758571000252],[105.1612165446079,27.41374935994503],[105.06801929465479,27.422921040074016],[104.86857364975418,27.29450996036644],[104.82149945473611,27.355369245194538],[104.77176748518133,27.321090490034123],[104.74954656032554,27.349150480010678],[104.6089604902345,27.31057597999751],[104.53988858029379,27.32868621529667],[104.51472181456018,27.403046534569967],[104.36008836468636,27.471748990423634],[104.24596775510787,27.340081220072307],[104.25176768982709,27.298143219633914],[104.17110082524295,27.266734884607274],[104.12774975514714,27.330165309581446],[104.01914181524262,27.378898459696188],[104.0132454246367,27.432707860079745],[103.93075998968186,27.44798699540354],[103.86196421028012,27.292799000173773],[103.78710772963808,27.257135655086472],[103.69568736018357,27.130466734852007],[103.62563544012352,27.120677555025168],[103.65842858541095,27.072058799573995],[103.6107564599427,27.081840345055923],[103.6112994598023,27.008302734583594],[103.70312806031177,27.052616779840548],[103.77592237481781,26.9471844450062],[103.77715806039623,26.877695434896452],[103.7201166395713,26.854985924560822],[103.70130352473791,26.81222269002518],[103.72890596034188,26.73892189532927],[103.76700794036424,26.7369095498359],[103.74659880499092,26.627212475175668],[103.81688075544258,26.533843485288685],[104.04859033957257,26.509083144771353],[104.12487439503735,26.6471064150291],[104.34626889469382,26.623088284996413],[104.41848864043845,26.715117074593365],[104.46518583515825,26.65513222037572],[104.461712675,26.598533964770695],[104.56201365990256,26.589966749565917],[104.568777575225,26.52852349536306],[104.66291670494206,26.437972110224734],[104.6814993649038,26.37260079539044],[104.53997808981705,26.25711043469886],[104.52445793978217,26.103727555082628],[104.45349440484296,26.082166544650363],[104.46776582013655,26.014226739972116],[104.41209445979155,25.917119469787735],[104.42796835455596,25.82198056465137],[104.36904739472158,25.734474644589227],[104.32644744019728,25.766142514965168],[104.30910721522588,25.663467974567425],[104.36215823531438,25.57749638964674],[104.42281090539905,25.581740884834005],[104.43401501468122,25.47599552477368],[104.554615000382,25.527645000016776],[104.53536791499732,25.409952039555037],[104.64384538485666,25.360036489592346],[104.6395957797215,25.296512615165113],[104.81229370469077,25.2689173552518],[104.8276620851372,25.240262735337012],[104.81532620514031,25.15821939540882],[104.73940677979908,25.211025985161143],[104.68355366466994,25.080708935369103],[104.61737323518673,25.062175534873063],[104.6823489148706,25.057517179774095],[104.7117132248855,25.001455265448215],[104.54478008463326,24.82702260490936],[104.52656612962323,24.740113840081733],[104.62776622523114,24.663572139642554],[104.7312731646249,24.621064405198183],[104.75988574483131,24.66009893541758],[104.8377117697824,24.678924104763666],[104.87868140991918,24.746193474749134],[105.03127567043589,24.791180665255524],[105.03359846999348,24.873235955375094],[105.0600154696383,24.88981153987072],[105.0693855653916,24.912746299801938],[105.13078298025039,24.965602944920022],[105.20829678037217,24.99856622035486],[105.2636343753262,24.933046225103283],[105.43840741487037,24.92568866999619],[105.49632167990165,24.81084977999342],[105.59545484476536,24.810532904769786],[105.79770872527752,24.705324810491675],[105.9350694748764,24.729747700196242],[106.01954906473759,24.635579929770017],[106.04335163986633,24.686196129847588],[106.18417423974944,24.791513534921762],[106.20129554005717,24.862617755305223],[106.14553469536997,24.960819899718672],[106.43891520966923,25.021910150233282],[106.58664121961664,25.090818710015526],[106.64524134990842,25.170295540406926],[106.88405797489571,25.18572291458088],[106.91613423011069,25.250956494646573],[106.99271138002621,25.243181684687045],[107.00959570987419,25.353385530018272],[106.9600236847453,25.44046848543229],[107.06692035509036,25.515592679858344],[107.06151899990198,25.560361180424195],[107.17214770475283,25.577331409916667],[107.20313089967135,25.61334392038566],[107.23692140030244,25.596352025325757],[107.22877901493968,25.554325744737355],[107.32527146540588,25.498775229893],[107.31064258488743,25.406875285266267],[107.41845771035509,25.388737429988453],[107.39697017003738,25.34954184468046],[107.42130713491639,25.29478753022039],[107.48272726485146,25.289116269600186],[107.46748247463654,25.217135105001148],[107.59065751523218,25.251643625253166],[107.61837108455796,25.308058929975687],[107.66237184468497,25.32203766001004],[107.68224413965538,25.197087659867634],[107.74849520009349,25.242794905160792],[107.78763208035627,25.148091260203557],[107.76010074515335,25.121347800360752],[107.83488015029877,25.119063980118653],[107.99403609019345,25.198280005318054],[108.11247716968569,25.214520454755245],[108.15413158510461,25.32765479493287],[108.13734496479833,25.392065605043683],[108.18907591502153,25.40681884471394],[108.1546811203375,25.44367248479739],[108.19081413996065,25.459661910069144],[108.24248371505149,25.42864122511247],[108.23685731531293,25.465429850507235],[108.31568313996502,25.533844120409867],[108.3955455151135,25.494055670532816],[108.4250570747243,25.437771219865965],[108.49995890997576,25.44819742996748],[108.61962779968326,25.31047104030631],[108.61454344472423,25.401546089880185],[108.5839679646499,25.425276569957816],[108.60601850035357,25.48127288503565],[108.62926422516392,25.468297995356238],[108.60341594508986,25.495135050342355],[108.63117054508467,25.522732234804835],[108.68643072459832,25.520476920373653],[108.65487340968019,25.555096639998],[108.68286785976397,25.624941689907132],[108.78256922978619,25.62447432033366],[108.77709451509986,25.55709850029558],[108.80696512544023,25.528498634704306],[108.94583393019178,25.559695305294156],[109.02263342489272,25.513985204653522],[109.08422433518496,25.55245700029036],[109.04636786018864,25.57015515993271],[109.02705557485496,25.633695279713436],[109.07380171967367,25.722467144842938],[108.99774093529601,25.738059194776042],[108.91443473497509,25.679692600433214],[108.89052872522058,25.70712216025953],[108.90924281480414,25.729922455357098],[108.9576028946579,25.733873769758702],[109.00734154977278,25.79518358525428],[109.07488774996972,25.77946897481337],[109.1144052646913,25.81234225509104],[109.14353743000845,25.744242679556066],[109.18727966022817,25.778684989920407],[109.17302112502495,25.80929413521619],[109.20197830025842,25.791490344803606],[109.20256781035624,25.74160589519596],[109.27543003986449,25.71747504503736],[109.33684583956392,25.73492911518656],[109.33409054524253,25.83751499502108],[109.42719259026586,25.92346302489875],[109.43390657972492,25.958679165011517],[109.40105188034005,25.9690141703677],[109.47833549988349,26.027561409731334],[109.44633918540512,26.104010415248524],[109.49991780985908,26.099844679988053],[109.5096705302708,26.132527845383834],[109.4699006549913,26.152910330247607],[109.43186045029961,26.24753783500313],[109.4636859196695,26.31639784038805],[109.33609470510663,26.26664422505098],[109.27544954526036,26.30148493957836],[109.2968858952679,26.390839890048937],[109.379749614753,26.465914985088546],[109.35817332483913,26.479268549603944],[109.40704239039405,26.543493145192542],[109.356382594781,26.661346645431365],[109.29925906495396,26.665083740422347],[109.28331763470112,26.703386274656907],[109.36294990481434,26.70289203513937],[109.46533031474229,26.772260125104765],[109.518155730003,26.752598169869714],[109.49215285467056,26.816101135059398],[109.51396574542287,26.879805665299273],[109.47446374490596,26.90202968472221],[109.43168533970675,26.86579059006374],[109.43505557965136,26.892735185080767],[109.55360751047829,26.947747210165687],[109.54539329536436,26.98786848024622],[109.52305518974526,26.981153979972248],[109.52115623527209,27.07216168021739],[109.45128927517999,27.069088515122928],[109.47787058006327,27.074538969697755],[109.45322996539068,27.088181025034316],[109.47017074478413,27.134320135565872],[109.42659572011644,27.127805345040713],[109.39405161958666,27.163397380185017],[109.25963637991504,27.130072769742583],[109.23793686489444,27.15253546473997],[109.15942313466996,27.068068930336892],[109.09641874462943,27.0727854949547],[109.12676537961863,27.126994310339228],[109.02176315544534,27.10788254504348],[108.93635100459522,27.05048975999449],[108.94895149481567,27.022802020097174],[108.87163860503767,27.001002450103044],[108.84011156489686,27.063536289668093],[108.78610587488629,27.087572559925775],[108.88164383979142,27.112577234551793],[108.92304295027202,27.164814584925182],[108.90217847465692,27.213439605053793],[109.0388279000876,27.279926410175733],[109.04166274034327,27.337832590301844],[109.10005171971113,27.339866044682253],[109.13907295525274,27.425168835273553],[109.13090441041027,27.43353632544114],[109.11639139494696,27.41578030521697],[109.10399047508042,27.42264041022679],[109.13666529027097,27.45126772042903],[109.1521997350298,27.41565270490844],[109.20550564007328,27.460214849735564],[109.29051245028938,27.424449669916385],[109.29230667960962,27.48450437987327],[109.45827519534407,27.56999594985325],[109.46957572993603,27.68430267053185],[109.40715181000809,27.72855545037379],[109.35799360522077,27.72496231975532],[109.29589414000264,27.959284769876263],[109.37379745988494,28.034605754851782],[109.33221922513718,28.066943889948618],[109.29243362521169,28.03382346518083],[109.34110769976058,28.21064835024123],[109.394056529885,28.274767584856193],[109.34674200543924,28.266664259747813],[109.33549024467914,28.297113625193674],[109.301390524753,28.27675679978654],[109.26809391020583,28.312466195558557],[109.26483484984851,28.497661980116334],[109.18599076536157,28.473007430448604],[109.14449606504144,28.41564396509699],[109.13711982022357,28.32488899503113],[109.07540412540015,28.252854569882572],[109.08046748478665,28.18715036469763],[109.02012692531741,28.223367545575798],[108.98090939475281,28.166808275581502],[108.9170410098348,28.22161856474503],[108.8412041251703,28.202945094840288],[108.81717540472118,28.24874902534731],[108.75600321967289,28.19506846993397],[108.7202614653944,28.279859385302416],[108.76635508012293,28.317955915433174],[108.77707964031322,28.430452430335436],[108.71947924047464,28.49590156530502],[108.63978483530195,28.47224036540058],[108.69326683479665,28.4077070748217],[108.65365882489493,28.371414125161778],[108.66617864502848,28.34083409541722],[108.57508050536109,28.347669075167744],[108.60733136035407,28.441551874719266],[108.56931308473116,28.531691075382867],[108.60749582027597,28.54614125521482],[108.62654664481187,28.643734459677603],[108.56395141482602,28.666523860387883],[108.46908230990073,28.63064785531435],[108.32904849009583,28.679379835411112],[108.38468767989258,28.793726235077713],[108.34842320007067,28.819159440255987],[108.30361456006398,29.08209657050037],[108.26455200517097,29.092828319871103],[108.22930487531983,29.030433375200175],[108.19231097966804,29.074700170076824],[108.12944653043309,29.05566841476559],[108.06467816516528,29.089235289976727],[108.01819173466089,29.040709630545052],[107.87905195518363,29.01180729057404],[107.86313871507969,28.960866325520556],[107.80473183470644,28.98600114014056],[107.81881274031576,29.036053830419974],[107.7803026200699,29.049848204830823],[107.80687047019609,29.142651870087775],[107.75636044497861,29.19524566045891],[107.69244537985048,29.14583588022174],[107.62134820475592,29.17464266003077],[107.59042878526031,29.14709319539469]],[[109.45799709978638,26.835466400354164],[109.4780497996586,26.839677400291862],[109.45694979969358,26.833398000117654],[109.45799709978638,26.835466400354164]]],[[[109.57544131496479,26.772770504755044],[109.55603258003958,26.739283085545992],[109.52230396535577,26.74839313513513],[109.54258082034863,26.721248795295708],[109.59303835033967,26.75847499032858],[109.57544131496479,26.772770504755044]]],[[[105.0855788750651,24.91748338515015],[105.09549540968544,24.931922669695496],[105.07825783513107,24.917677855448744],[105.0855788750651,24.91748338515015]]]]}},{"type":"Feature","properties":{"name":"云南省","adcode":"530000","level":"province"},"geometry":{"type":"Polygon","coordinates":[[[99.11275789486103,29.211494040117884],[98.97448822475184,29.207660755439576],[98.96096704009688,29.176456339888205],[99.01466946972033,29.043025870447593],[98.92474587971861,28.980279889805104],[98.91288367983799,28.91092683020912],[98.97260820010843,28.870583035478774],[98.96998699020747,28.831684954896787],[98.83894979030066,28.805582650518943],[98.81535783459645,28.950416660200744],[98.76696666967615,29.009216949902395],[98.70518674976876,28.966919225142192],[98.63016733535432,28.976131419729313],[98.68295581995517,28.744197825269453],[98.59443932541461,28.68366758529089],[98.63470884513714,28.538817885137348],[98.61875092041868,28.502894890486857],[98.67478608530968,28.47784800528126],[98.75284179980929,28.341247205294337],[98.7138201451836,28.30903467041378],[98.71098130024689,28.23249786498451],[98.62601698479608,28.16912116011349],[98.5581086797718,28.18711208055811],[98.39529723497947,28.108831770270058],[98.37760642459688,28.249652170411366],[98.27894547485386,28.397491619942343],[98.20371855536712,28.352678170361344],[98.2651523001386,28.243384025252624],[98.16704489030951,28.2125665753872],[98.16882176541219,28.16440240474725],[98.13551889518095,28.144372370488554],[98.1591442148337,28.086662604995297],[98.1326956948505,27.98406550521895],[98.20265184520656,27.890267150208842],[98.17309894016404,27.844581500336005],[98.22392422991936,27.80803298043776],[98.24547020998227,27.74504610469404],[98.22239677459152,27.71443163001578],[98.29973385523328,27.632428755083026],[98.32014963030127,27.519214000225986],[98.37724831995405,27.511128155240215],[98.42890898546136,27.55324666040508],[98.43593420509956,27.666407460436005],[98.52830488006623,27.623577159858087],[98.55732630016865,27.648572885330452],[98.58998051009252,27.570324824730903],[98.66364862028763,27.588028015180782],[98.7038182496126,27.561474670219923],[98.68889567479562,27.432535600337758],[98.74037643992085,27.328694079867944],[98.69457957988374,27.201475000271103],[98.71577823997387,27.075800654676527],[98.76513649984963,27.0508631099446],[98.73333211508509,27.005129084639577],[98.75651692971257,26.88209032011224],[98.73002890520985,26.8536981547461],[98.76353352035574,26.806601515347722],[98.7437346001717,26.702745149768873],[98.77947849034013,26.624911369963797],[98.7419606748453,26.38867927512848],[98.68240713458164,26.311797444796298],[98.67192685004414,26.24381689543344],[98.72380775502393,26.21597287494825],[98.71894500021165,26.132838835443977],[98.66156173538582,26.09093995011864],[98.64737081481132,26.14749631530276],[98.57257707537178,26.12146052478346],[98.61501014540193,25.973319764595487],[98.68145664470842,25.94228037014301],[98.70542966025067,25.871859549978296],[98.63747622005155,25.802411014756558],[98.52354763011908,25.84229077999555],[98.47381689533353,25.784707825206],[98.45564794959324,25.69044418974761],[98.40885761029057,25.664782990242884],[98.40243306493409,25.6052964647601],[98.31320327491125,25.55152064506177],[98.24802644476466,25.61122423541019],[98.17091150476222,25.626473669724135],[98.18342067512413,25.565967375094317],[98.12903299537652,25.517120440056317],[98.15628408474277,25.45594145523404],[98.13855083535282,25.388289619770205],[98.10047946015902,25.393762380229703],[98.06550138498102,25.313574544929338],[98.01172556528269,25.308577675119636],[97.94614644500251,25.22150702962574],[97.8382730101913,25.273411110134703],[97.77581972020397,25.121854695138097],[97.71975675996657,25.08361891488107],[97.7294022946802,24.911725849868105],[97.79748363016546,24.85008496514905],[97.70035280044146,24.843043129636783],[97.54614921481448,24.7413105949081],[97.57395337015197,24.66114255008864],[97.53120163974393,24.43757035019155],[97.67395812466776,24.451038240122728],[97.71531910479291,24.361816759835676],[97.65678436510643,24.3241023003809],[97.76602698535714,24.261879129818055],[97.72590487980642,24.222590755159274],[97.75226519518264,24.165873299812972],[97.63320676528008,24.04935898992551],[97.62820532961234,24.005669200073555],[97.52727828976134,23.93640544045877],[97.64399081472436,23.853368495359803],[97.68645878474518,23.886948425129788],[97.71046956461879,23.86100613982154],[97.70380707483667,23.88727538984739],[97.79639698023652,23.954601820018013],[97.89436871474447,23.976018835500895],[97.90420855518073,24.016368445247622],[98.10584296468113,24.09632541468619],[98.54327896535204,24.130515985024715],[98.59201393029872,24.0811856751788],[98.8811466902676,24.15143278499511],[98.89145233995356,24.10239793032025],[98.85376167476153,24.062144299819636],[98.67236070548222,23.96396483001297],[98.69916084509697,23.94806055974709],[98.69900555016608,23.836885264943078],[98.66995823498462,23.811291689959546],[98.79309069537936,23.779621580271737],[98.84529913524693,23.637475424751074],[98.88487604029706,23.615012455460487],[98.80066246989713,23.53705240544423],[98.82891265479526,23.474889400425525],[98.87224227516094,23.48818324006453],[98.91364775014364,23.42546938500419],[98.91992423471572,23.356649914761817],[98.87184186011382,23.33288764994512],[98.93577860969515,23.314845514908654],[98.88499149975797,23.182817754935513],[99.0562616295706,23.167515960293372],[99.04574744958518,23.120323515218104],[99.10374681026713,23.090877685257],[99.20035433528443,23.11187402486638],[99.25716879960049,23.077937930291284],[99.32573771512352,23.13616165473661],[99.51509130471999,23.074392919697516],[99.51103423004577,23.00192985967533],[99.56091672992318,22.931451749998303],[99.52695968024511,22.899149884559563],[99.43973087458028,22.93572088481102],[99.4614830503026,22.84754110004178],[99.39461289476935,22.8245700003053],[99.38476910540993,22.765161140274472],[99.31412655020017,22.73953505030238],[99.38317581970836,22.587967954957207],[99.35784299955486,22.527514955051174],[99.38087850513898,22.496592024602307],[99.24910159036614,22.39415590976745],[99.27713498019523,22.34874123462032],[99.17445391521608,22.191364785056862],[99.1991621103432,22.171184680029],[99.16491774975441,22.153240679913495],[99.26443439992767,22.100559944885617],[99.39863085972644,22.101640029763587],[99.47164624018188,22.134147750018712],[99.51903331023914,22.100546214935946],[99.6413941298353,22.105298890031804],[99.7051527048335,22.038638094872226],[99.74976830536303,22.07185186027516],[99.84727719029019,22.02633220007101],[99.8739621798108,22.06975183987555],[99.9712161501053,22.055950195345304],[99.99665787006472,21.97013994969899],[99.94322132500423,21.825100825342872],[99.98563825490163,21.713926779697204],[100.04129188960906,21.668998580220375],[100.11006796036816,21.705581879600118],[100.149572884581,21.68726992456743],[100.17310647518372,21.65145005517593],[100.10686704477837,21.594236040061276],[100.12512207002754,21.51210849031463],[100.16760306492955,21.486024565381456],[100.19809691534044,21.516685445077258],[100.23638038484694,21.46841850980644],[100.42504118530252,21.54278105490181],[100.48217204010763,21.463098855327985],[100.66006054525803,21.483514630395916],[100.88447999465609,21.687242319877214],[101.01036774487557,21.707767789751756],[101.1206174700203,21.776205879997406],[101.11516428510373,21.692855295435606],[101.1528030045551,21.6705601900008],[101.17008444534093,21.60243237485429],[101.13804321961896,21.572359345107714],[101.20561689500374,21.55899970027599],[101.22265094488523,21.503237434659923],[101.19078203466324,21.422888984938766],[101.14109888480573,21.410515790271575],[101.18154972493994,21.336409280364023],[101.2465090099829,21.29814754477343],[101.22304559977465,21.228042794939086],[101.29106997489947,21.181220789607778],[101.54019396008323,21.253353835311316],[101.60427462997023,21.23237202514889],[101.59894463508692,21.176407105403655],[101.6689959696883,21.198869214942363],[101.69823617955609,21.150976615278637],[101.74939458988848,21.144730529590333],[101.79163002490577,21.20971955970998],[101.83408864467526,21.210501039991073],[101.83123328998443,21.255234904966926],[101.74508402960436,21.29720147506805],[101.7253702752181,21.35031558979267],[101.73676945015006,21.485189615008778],[101.7685803702879,21.518508160423323],[101.74340300514461,21.579416270344666],[101.79179782041314,21.577607120372363],[101.8267747498549,21.6180115096235],[101.77899237020176,21.64319654508455],[101.74716707530035,21.733913495411514],[101.77348986466558,21.832809845398117],[101.70418806013095,21.893188670121106],[101.69677608524819,21.942679880372225],[101.60548214518491,21.967091050111947],[101.62438883537652,22.012864175241532],[101.57263004034417,22.118699554740715],[101.60207214531334,22.134957604809642],[101.54644420513603,22.233906205407095],[101.56414948471104,22.272520194651293],[101.62348729470295,22.2835252003278],[101.66981342015328,22.37060950472494],[101.64525842004014,22.40448083012626],[101.672402269749,22.47868462509541],[101.77751490009263,22.506212370204764],[101.82903867529467,22.42070462052186],[101.88904221022989,22.386481500121192],[101.90366619034245,22.439700715016045],[101.97831613538142,22.429116834874094],[102.02281521974663,22.456577344868606],[102.12007569034091,22.439177535315025],[102.14381799470476,22.400625215281536],[102.17561411020307,22.432863875467547],[102.26574809030217,22.41715943545961],[102.25356599977113,22.462280620454294],[102.41878513022965,22.636931815351033],[102.39016044964512,22.687635069802695],[102.49839751543306,22.78303480531207],[102.57740010992717,22.708920205103425],[102.60681025029288,22.735474989878924],[102.65520848478383,22.696213885362567],[102.69261361522621,22.705779320159536],[102.7869515652626,22.62676074471267],[102.86623545510224,22.608932740053945],[102.93286499522338,22.489382114792818],[103.07450742517761,22.45227032521541],[103.0810747352109,22.511280954652364],[103.18230290495518,22.558046079662915],[103.15776383543272,22.59427729536094],[103.18485367995345,22.6444371200771],[103.28354272002059,22.68488628027768],[103.33155546011648,22.813052509665624],[103.43902619470316,22.760828099637138],[103.45825614980151,22.6607493453061],[103.52582752022391,22.596166424740773],[103.57721220987565,22.6572892397067],[103.57503244479153,22.722365645258378],[103.61915353510761,22.785743610079578],[103.65909654516946,22.78954605520636],[103.87465218025397,22.56738991521246],[103.97732601018726,22.50701487483667],[104.01249803495642,22.523856680241636],[104.03686625487381,22.718694170199853],[104.11874648476254,22.809247534745964],[104.25865878997126,22.843226240098943],[104.26957971533164,22.742030335331776],[104.36949507543744,22.691826585028934],[104.57412033508547,22.84843330035659],[104.60007533500874,22.81624506515766],[104.62339241023159,22.847019899748602],[104.73261692982749,22.82462183542941],[104.77447165034647,22.904833464992464],[104.86104521536447,22.949691180103912],[104.80001600543437,23.114204140408788],[104.86929996022502,23.12578021468522],[104.88193489987577,23.171465869953977],[104.94216998955346,23.15448482521458],[104.95858827003269,23.19774342521896],[105.08161973026642,23.26464206497934],[105.23449305491062,23.265998929706882],[105.25469524998584,23.33851576469084],[105.32301190477563,23.39262443516958],[105.37088115983772,23.319191160443722],[105.44016620011013,23.29802647044528],[105.54470553513238,23.187555139757933],[105.52754173466337,23.23807943991426],[105.58305346534519,23.310407130384817],[105.6489471352022,23.349888225261452],[105.69774773986637,23.331822890414117],[105.66696844463809,23.35432592989781],[105.69087106035124,23.369617460577388],[105.62626580512284,23.40475518520367],[105.6963166603856,23.40064579516735],[105.75655881963388,23.4633925851997],[105.80914616006731,23.468619155349813],[105.83774406963317,23.529141994807276],[105.98962047960151,23.493878109687046],[105.99563680469487,23.449022320024085],[106.12131720542476,23.547404669689797],[106.16012880540012,23.724289550322567],[106.1331668750513,23.802006220410817],[106.18969970497744,23.82279411515634],[106.16946458032618,23.865215830346358],[106.19689626525047,23.87622313468995],[106.15810295478758,23.886516864761575],[106.13438164509688,23.957873409730098],[106.078165055473,23.995411580480095],[106.0928425596365,24.02700288977161],[106.0012850004025,24.128356460082614],[105.91844178546012,24.123830655160646],[105.8930175249389,24.04399578038101],[105.8468582650969,24.05887609515571],[105.79520349014899,24.026327200340063],[105.7977640650596,24.056429330349374],[105.75733535544236,24.074572540190616],[105.64380537022174,24.033873380152443],[105.62323348543708,24.131634704777866],[105.52746223009791,24.13243938486977],[105.50668405522504,24.0283996897939],[105.41543572517861,24.030756525093636],[105.31717548995698,24.11954918974334],[105.27063243543859,24.103771474773794],[105.27347589479677,24.06480780483639],[105.19948952981798,24.105975455003318],[105.174441534849,24.160104024780992],[105.22466690035725,24.16589921557636],[105.24175453544353,24.207574130142063],[105.15596902025413,24.283043495161223],[105.1945263998735,24.338094680325298],[105.10833251963015,24.36849543471658],[105.10774609510628,24.414484194789793],[105.0501875650042,24.443867140556165],[104.94117851037998,24.408918810454793],[104.75323811994332,24.460250330388476],[104.70029240507051,24.423520859699977],[104.72406090488693,24.34651716493528],[104.70133274531003,24.31999152988527],[104.6065647349746,24.378227805269034],[104.62659024024742,24.40437680514549],[104.57298640509856,24.426005725184098],[104.50346370998227,24.630518035379055],[104.44688744459995,24.64563408044853],[104.49786250025426,24.673496430016257],[104.54478008463326,24.82702260490936],[104.7117132248855,25.001455265448215],[104.6823489148706,25.057517179774095],[104.61737323518673,25.062175534873063],[104.68355366466994,25.080708935369103],[104.73940677979908,25.211025985161143],[104.81532620514031,25.15821939540882],[104.8276620851372,25.240262735337012],[104.81229370469077,25.2689173552518],[104.6395957797215,25.296512615165113],[104.64384538485666,25.360036489592346],[104.53536791499732,25.409952039555037],[104.554615000382,25.527645000016776],[104.43401501468122,25.47599552477368],[104.42281090539905,25.581740884834005],[104.36215823531438,25.57749638964674],[104.30910721522588,25.663467974567425],[104.32644744019728,25.766142514965168],[104.36904739472158,25.734474644589227],[104.42796835455596,25.82198056465137],[104.41209445979155,25.917119469787735],[104.46776582013655,26.014226739972116],[104.45349440484296,26.082166544650363],[104.52445793978217,26.103727555082628],[104.53997808981705,26.25711043469886],[104.6814993649038,26.37260079539044],[104.66291670494206,26.437972110224734],[104.568777575225,26.52852349536306],[104.56201365990256,26.589966749565917],[104.461712675,26.598533964770695],[104.46518583515825,26.65513222037572],[104.41848864043845,26.715117074593365],[104.34626889469382,26.623088284996413],[104.12487439503735,26.6471064150291],[104.04859033957257,26.509083144771353],[103.81688075544258,26.533843485288685],[103.74659880499092,26.627212475175668],[103.76700794036424,26.7369095498359],[103.72890596034188,26.73892189532927],[103.70130352473791,26.81222269002518],[103.7201166395713,26.854985924560822],[103.77715806039623,26.877695434896452],[103.77361095528141,26.953191884797718],[103.70312806031177,27.052616779840548],[103.61161908964931,27.00818891998273],[103.59941715467801,27.063849474973324],[103.65665826456734,27.06834684513086],[103.62563544012352,27.120677555025168],[103.69568736018357,27.130466734852007],[103.78710772963808,27.257135655086472],[103.86196421028012,27.292799000173773],[103.93075998968186,27.44798699540354],[104.0132454246367,27.432707860079745],[104.01914181524262,27.378898459696188],[104.12774975514714,27.330165309581446],[104.17110082524295,27.266734884607274],[104.25176768982709,27.298143219633914],[104.24596775510787,27.340081220072307],[104.36008836468636,27.471748990423634],[104.49503796532991,27.41752100509035],[104.53684200995087,27.330125994818843],[104.60670000020491,27.310694954908286],[104.74954656032554,27.349150480010678],[104.78396700457364,27.322712689838795],[104.82149945473611,27.355369245194538],[104.86857364975418,27.29450996036644],[105.06801929465479,27.422921040074016],[105.1612165446079,27.41374935994503],[105.18861375042428,27.3758571000252],[105.25783608996363,27.517420160312213],[105.24074272979323,27.57877895468505],[105.30190056975556,27.618837124733545],[105.26969183990656,27.79887584054768],[105.31211128970432,27.82212389999802],[105.23979526973596,27.82541265507001],[105.22878989533746,27.895773084860025],[105.28044772528233,27.937410445535704],[105.26493673484248,28.001762805109422],[105.17909215038247,28.000121019869198],[105.17708208017393,28.070423455078412],[105.0445708653532,28.102252255537223],[104.97309967031362,28.065400934805325],[104.9701199447797,28.02050711551101],[104.87380592520333,27.91026114503586],[104.73941353460702,27.904802010204662],[104.56772895492736,27.84526828470365],[104.29629611547341,28.04831622971028],[104.3744171702163,28.055871620379037],[104.44886392962673,28.12069217510384],[104.4569209999043,28.17297651055759],[104.39747812031908,28.20164170470099],[104.46327584960085,28.249073214757118],[104.40372752000911,28.27422897998349],[104.36887619528022,28.33946546036276],[104.28587978982051,28.3164970648877],[104.24446164518884,28.527629430353954],[104.35429161536581,28.559055154671682],[104.42649410042247,28.627560675185066],[104.3708983397866,28.65270918018456],[104.30549648037834,28.61800504479703],[104.24476903526283,28.66758919998165],[104.23154589043054,28.639744475327348],[104.12338534525753,28.640555019898272],[104.09185662518314,28.606356809818976],[104.0571583003154,28.631117094578315],[103.94217340987501,28.60479852483212],[103.84913538489013,28.671242884651463],[103.8353493597852,28.588183229872186],[103.77978832467153,28.527609780167268],[103.85440637975069,28.400787684703914],[103.87110704465442,28.306902755557758],[103.70991222476943,28.200621295236658],[103.63455234501475,28.264946635578838],[103.44909967990634,28.125565764948135],[103.43087596545348,28.043640284771357],[103.48591088008311,28.035869564928532],[103.51223821012536,27.96996178470863],[103.56185833459455,27.98066459029866],[103.5002468496125,27.913997175229497],[103.48723861487025,27.800389734998305],[103.2773925398339,27.63595030506258],[103.2927287398395,27.56910095534488],[103.21745819513967,27.56726119514809],[103.1405954996826,27.42521368985996],[102.98505411045892,27.370972845120775],[102.94624934533107,27.41609664534394],[102.88122278020722,27.300557745543585],[102.91196891473368,27.14378768994999],[102.86970776540113,27.030182909913435],[102.89525809018875,26.914802885245024],[102.96922517010557,26.834879000065825],[103.02618390995951,26.66609416021737],[103.01619635497786,26.59543144490533],[103.05462899503215,26.550275805084368],[103.03126284020794,26.490343910143395],[102.98801581987425,26.483800575136456],[102.98801438455627,26.354741139991688],[102.89302387475209,26.342127355093396],[102.87831656975396,26.369470470286046],[102.67422395517144,26.20891774475814],[102.60158271517025,26.251832294724693],[102.62564809468387,26.34333455464605],[102.54999864492157,26.366030999630993],[102.24721054483086,26.218821804882452],[102.10591881000516,26.07074732023267],[101.91593991999139,26.112999290185144],[101.83448411524978,26.04820739505527],[101.8384156697474,26.08651128546751],[101.79637290458595,26.11665842474656],[101.81031975545244,26.167794975257948],[101.69157862975004,26.247215185232676],[101.62843820465946,26.227935049762777],[101.58413406003888,26.283688060455688],[101.6063208897973,26.313888794832053],[101.65825147512555,26.31002483517807],[101.63581775988177,26.39922392504417],[101.39805371041047,26.544678840156394],[101.39692785543622,26.607312615085164],[101.46061366988499,26.60921847005642],[101.47891034004022,26.67624737481657],[101.45312080548086,26.707178870408598],[101.51157223017435,26.77426186489322],[101.44937878040645,26.78610644975288],[101.45521332463528,26.734195529899864],[101.38689284502885,26.726498205527832],[101.35508120543335,26.774391799841737],[101.39849516961647,26.844583575271827],[101.36575061020255,26.886821450149853],[101.26434081967312,26.90710978049202],[101.26336018542429,26.95847504029092],[101.13376735517937,27.02650300550937],[101.168588924939,27.194256005510283],[101.0401360798163,27.22430826541415],[101.01891454546995,27.346750964685327],[100.93556507516814,27.472824940218857],[100.89991173503859,27.457388695132238],[100.90902621019148,27.527528585076197],[100.85430847475635,27.627237965359882],[100.82579177037394,27.61757160504561],[100.84722304011126,27.675167369778364],[100.7892725899581,27.68654285476896],[100.75485180037037,27.77261447487814],[100.70490911516362,27.805319095399966],[100.71941398007118,27.861411709882532],[100.67838083520746,27.92658541488504],[100.63233520020935,27.91819731495417],[100.54538887969312,27.81231836510051],[100.50424761473568,27.854744260339373],[100.42968675473998,27.867566150157757],[100.32615484477031,27.723997929960547],[100.28566923504724,27.80762727557834],[100.30630647986021,27.865784069779068],[100.16824062490497,27.900793165272432],[100.19074840021858,27.94973327547035],[100.08511621534115,28.03394791516422],[100.01949168019695,28.149233070349965],[100.03048400003661,28.18800386988272],[100.16205897474197,28.219785105198525],[100.1865002798641,28.25610872533747],[100.14636247484839,28.292504499882796],[100.17188166510681,28.326236889920608],[100.05628974487587,28.372629584987408],[100.07354798495163,28.42896687981772],[99.98810989495576,28.479938615175],[99.9479311348141,28.581201330577017],[99.86973720980444,28.637653824964104],[99.83240621497492,28.630327229917782],[99.84196142987616,28.659116519711688],[99.80297743526052,28.69548254018713],[99.73210092501773,28.722942565447113],[99.71702967517945,28.84938323504832],[99.68839779012598,28.81574937473391],[99.62280399021205,28.815802200011547],[99.61673602964413,28.744492175173775],[99.53073649469354,28.684031635351744],[99.54101784469782,28.629441084738346],[99.49522344520591,28.61999664472944],[99.46163763476909,28.55230790468613],[99.4029328054047,28.550676740439258],[99.40249340025031,28.437493534698945],[99.43697540489109,28.403273239968087],[99.39189068470739,28.32246752006006],[99.41734307512286,28.27996221468453],[99.38554205022552,28.212819860448235],[99.40106947487641,28.153671110433436],[99.30750791495836,28.230034485203362],[99.28599069971108,28.296587500213036],[99.16428339496275,28.428366010383115],[99.18631355023024,28.443486829953315],[99.17962130997552,28.588004340328098],[99.10747217989723,28.803069389840516],[99.13018841985973,28.948183954725778],[99.11275789486103,29.211494040117884]]]}},{"type":"Feature","properties":{"name":"西藏自治区","adcode":"540000","level":"province"},"geometry":{"type":"Polygon","coordinates":[[[88.58449023463669,36.461038900325036],[88.24193823975804,36.471480139896585],[88.13652700481748,36.42943487551912],[87.9673191103887,36.432196650355195],[87.94939780016841,36.4009446103056],[87.562398920274,36.3400106151978],[87.46694621019952,36.35546833519555],[87.45674373973185,36.41150891040792],[87.42361617524637,36.42618185500868],[87.36056146004341,36.421162780038344],[87.29851478502934,36.35826719987142],[87.19595451518876,36.35297890025612],[87.14129315015879,36.293124554754456],[87.00242523483678,36.302124520130576],[86.89029419991743,36.26222131046518],[86.86095379028524,36.3004252097557],[86.76483643984989,36.298206424886644],[86.61528939538937,36.21938508515359],[86.52553563516148,36.229424705485826],[86.50000032995132,36.19866268983134],[86.43776938474934,36.22696389506774],[86.36314082019277,36.16379047475067],[86.27620704971565,36.17250180991067],[86.18424745035958,36.131392354873356],[86.19742779016042,36.033081754919124],[86.14337567534722,35.99887816509528],[86.07838889982793,35.86226519548245],[85.94684741497628,35.77911202020363],[85.68927557980425,35.75179945048433],[85.56972991970008,35.640207585211954],[85.50643057990737,35.68508462495555],[85.37127185001594,35.7009561751874],[85.28125949962629,35.78796116477599],[85.14662542971985,35.743811404972405],[85.03523767008244,35.75100943024108],[84.76000006974749,35.62403501480412],[84.44638993015121,35.55184725974328],[84.47479893981927,35.51793593519528],[84.45144992967056,35.474616045494145],[84.17237772984839,35.35847431483779],[84.0923390552033,35.363552584983836],[84.0631758704701,35.41078046514639],[84.00389644986132,35.422120380151455],[83.91009022038742,35.4086565452634],[83.85508136541273,35.35946281006068],[83.69113543035587,35.365453790460094],[83.61435606518035,35.33629390533952],[83.2386854297888,35.424477680400685],[83.17735315012783,35.38941417502423],[83.11576154465962,35.40070379544386],[82.98185591481865,35.50557203052483],[82.96504500022661,35.67218721007174],[82.79420414020893,35.69079247539247],[82.73159605531379,35.63810864489807],[82.60749998483647,35.69832124522935],[82.4624614648248,35.715375510071794],[82.41257824009375,35.709598615084076],[82.39335179504934,35.65489655483219],[82.33382839466475,35.654256445278804],[82.35060657033699,35.61302511052048],[82.31063828482905,35.54298075016152],[82.26849313005397,35.5522902747764],[82.17791404040071,35.48726874495668],[82.03115630531931,35.454753259955055],[82.04978562480682,35.349270244726085],[82.01056808524902,35.3113374046975],[81.68044074964092,35.23553048994023],[81.5127314647853,35.235272389908914],[81.44058419990097,35.33351734025308],[81.36346116959737,35.354117370220536],[81.21421171979512,35.32433328005686],[81.19155844496635,35.36608058015469],[81.09618545979117,35.38415684985881],[81.08849976005592,35.41084226026214],[81.03027915985541,35.38417279483866],[81.0304931796166,35.341717845202425],[81.00040760522688,35.33549323532458],[81.02290407965961,35.311903464973],[80.96664891991179,35.31111286556637],[80.85533602523742,35.34260175556659],[80.6873838550809,35.337986739696305],[80.6521806652056,35.39862185501465],[80.51201331046599,35.39221095507156],[80.42824917535921,35.449366020525474],[80.37470997538509,35.38951896492836],[80.30315755537691,35.38101565554814],[80.27526279963854,35.329260515360545],[80.2704810449643,35.29307455984309],[80.35831783010383,35.20268363534154],[80.25553808971114,35.204259025433714],[80.2079965053345,35.12465482496026],[80.02808011980176,35.03956302521351],[80.03483671014612,34.904853135264034],[79.988369249941,34.85869232499084],[79.92379631994424,34.852571184812405],[79.94151831971476,34.81682043011881],[79.89637949991402,34.733938340182306],[79.90550730481834,34.68582680056642],[79.86505999542248,34.67256727545947],[79.8879398148706,34.62533960034233],[79.81964213038009,34.49348713532311],[79.62798834478633,34.44916244479106],[79.53778366988053,34.48014464056274],[79.48539771013628,34.44682230000922],[79.24869265464235,34.419109024761724],[79.15646089975075,34.449317389885664],[79.07758681028315,34.41263016485027],[79.04988942965349,34.42887109002885],[79.00832551481074,34.40331361023499],[79.03866980976397,34.3262684504287],[78.97371052472101,34.316036769981],[78.92052956968394,34.1573862050094],[78.8663968351459,34.166904050381675],[78.65542787020013,34.08121966035907],[78.64990752031588,34.03724721988334],[78.73823311486643,33.997272274895636],[78.77554306466078,33.744287980406],[78.68302961962132,33.65520095955668],[78.7532713101229,33.62303064964482],[78.73613919007164,33.563639300313525],[78.83766246515069,33.430251625112476],[79.02337322489444,33.3239370247739],[79.07109943019458,33.22945760958106],[79.15342877971449,33.183058120136195],[79.13558901462136,33.1213598703618],[79.16116960968981,33.013901729880956],[79.24899010540912,32.94729040552784],[79.22312536504364,32.79145950475237],[79.27071458471039,32.7826554998515],[79.29807838520935,32.7305453055215],[79.26952485538783,32.67557975470197],[79.3056926598884,32.60086467986116],[79.24763380995245,32.516869704972976],[79.12961254478319,32.47070815995369],[79.09867955541722,32.36934312508521],[79.00064575959419,32.37148464020402],[78.96757124971344,32.330082015172934],[78.78006972483797,32.478560385353546],[78.75698895547595,32.56541071043597],[78.77816615504406,32.60728922521764],[78.73319434474325,32.70556096546625],[78.39412114967138,32.53352593527376],[78.46812238494016,32.43739571014396],[78.45836659514231,32.3779091855605],[78.50928706014975,32.300338755129474],[78.42767155020192,32.21420226512248],[78.4514661600353,32.14210460054693],[78.50762144017739,32.14971887522597],[78.60463551002084,32.061638284779065],[78.59629743038215,32.032680900003584],[78.76699028537342,31.945542455519956],[78.65410865469073,31.8252369051591],[78.75709172460347,31.677519964874534],[78.79687631459029,31.68056567546563],[78.8438944647578,31.609718305055765],[78.72606355458942,31.514003404833318],[78.7230178448977,31.48221380492322],[78.79097525020768,31.442238859935514],[78.75613993970649,31.356387910074034],[78.78964275530899,31.30746619011262],[78.87244799547864,31.30936975990653],[78.99084997514632,31.17364530518671],[78.97105285990165,31.11691895554543],[79.00817245019846,31.049151905236272],[79.09097769486476,31.000420544772396],[79.18387185530196,31.02040801501795],[79.22498894018747,30.95416382000434],[79.31807345472623,30.963681665376612],[79.31445667463589,31.022121225314322],[79.40106905529274,31.074659725366075],[79.42562508962624,31.026118719903025],[79.50024499011425,31.032019785185014],[79.59887364520262,30.931773095052336],[79.67385046502699,30.982336639824098],[79.82461310960736,30.85593967007975],[79.8927608753142,30.85479753018194],[79.89656801490202,30.80796973501532],[79.9569111446337,30.778845134795176],[79.96680970000773,30.696230250525673],[80.09493416038327,30.577255540311],[80.31046653989898,30.57161033484914],[80.35037881473056,30.524909055408614],[80.4238565699248,30.520150135420465],[80.54378140488797,30.453715580010055],[80.6117388146946,30.473131985252962],[80.80647389975076,30.329222180059617],[81.00799466012552,30.265403165223972],[81.10955776977534,30.090623190108204],[81.09623279021116,30.0540746702099],[81.14496414977577,30.015241865120004],[81.25346756957276,30.015812934619305],[81.29249073505946,30.10375781467144],[81.2593686348547,30.153250605031474],[81.33302091518317,30.152786884906845],[81.39566415997308,30.205979460084052],[81.4181262749077,30.421463449778457],[81.55270858972966,30.37139958991918],[81.56698535509014,30.426412724767488],[81.61419386025852,30.413468459701733],[81.62428277513004,30.44659055540984],[81.76093106471694,30.389233180267126],[81.95532371491754,30.361038370224662],[81.99205664529802,30.3250490199963],[82.10166056458343,30.349141065307947],[82.13006537981346,30.305121035407524],[82.1046497653744,30.23921492522868],[82.20829908543448,30.156314499914288],[82.17246439971234,30.073366490571118],[82.33507676518064,30.049952595236107],[82.50311808962817,29.950971494938585],[82.55957421008179,29.960063020292182],[82.64082939496069,29.87810049973831],[82.62729620975233,29.839136829800907],[82.69600314512911,29.8547520399747],[82.72976175040452,29.828280535118665],[82.69451598482487,29.767901714892275],[82.75504352503873,29.768050430383084],[82.82850938040366,29.694287140439258],[82.94540040460504,29.714512560506307],[82.95447209990755,29.670641245197373],[83.01812267981785,29.6715335453369],[83.08207069520648,29.612939315497044],[83.12887126969338,29.632328019822296],[83.27021125044888,29.574507115211247],[83.27306660513977,29.511451399962198],[83.34066852013615,29.49953258506082],[83.3776053699919,29.429277189790525],[83.417557470401,29.422643630299376],[83.44827193530165,29.305414250567253],[83.57885675463558,29.18377620530765],[83.64605273544544,29.16740550975652],[83.71724620544808,29.243738620540967],[83.79167574463997,29.24983003992446],[83.82022927985741,29.30122640007835],[83.91293307989775,29.328066720502818],[83.98031941480923,29.329208860400627],[84.01769037011456,29.289911190349187],[84.09816857491984,29.297172380401094],[84.1246416652807,29.24483129502829],[84.20012779995807,29.240595599707206],[84.1639731201634,29.179480574668844],[84.20542242000874,29.121088495337858],[84.18908474036851,29.05014060500497],[84.24808191504837,29.036677149630805],[84.22947511458494,28.89463010029897],[84.40389497507311,28.861047090351008],[84.48089385486759,28.74184253500505],[84.63549671520133,28.730496924593467],[84.70220891021307,28.671651020378363],[84.69797321489199,28.641547335441203],[84.85706173531088,28.57303524538031],[84.981916040393,28.59313939007086],[85.05725090010901,28.678609659608128],[85.18432174535235,28.64548047994026],[85.18598576543081,28.546698024594207],[85.10656648985167,28.46470707467182],[85.12713986481299,28.334308184774954],[85.20398746964605,28.34156937482686],[85.27459254021363,28.28501344041797],[85.37541207960385,28.27955490993122],[85.42475031967155,28.328811649837803],[85.5022586600092,28.332228730071904],[85.59669688984962,28.30012007498152],[85.59987366044112,28.25579655536677],[85.70894273491933,28.385231890039734],[85.75201097992283,28.2341361203857],[85.84909298545296,28.176791105525126],[85.89929961538502,28.052583244820937],[85.97750869037384,27.994234990352595],[85.94934981993828,27.94054791485445],[85.99594681039702,27.91394444527998],[86.12560269031195,27.928869944692224],[86.08122083976997,28.084845239716117],[86.12545501983334,28.090793895322065],[86.18598850996182,28.17188592519534],[86.22177559996402,28.10373816038782],[86.22698693020271,27.977528460070403],[86.33512246522963,27.965745725185116],[86.41139516045837,27.90926767476344],[86.5125222500019,27.961467099826848],[86.56633264503557,28.10704132529696],[86.63414728476943,28.069207895428065],[86.70719673514128,28.104899810178154],[86.76287612463352,28.074204765237766],[86.76025871526753,28.035419550471943],[86.8625755404289,28.026139650424568],[86.93477761989129,27.96195336055922],[87.03428096999085,27.948083194883566],[87.1215725402406,27.839081799785276],[87.1921294602065,27.817221215286906],[87.26916917461779,27.846770694811767],[87.35917447971855,27.824457820572036],[87.41990411018662,27.860345265022033],[87.40449107480333,27.829746770397207],[87.45477489534522,27.825929785031633],[87.56036109518845,27.86594689473344],[87.6008638999491,27.81477334971038],[87.65875675482044,27.836332410412467],[87.67066700547798,27.80602911555127],[87.72976596542702,27.806481405292686],[87.83710897020285,27.950610500274422],[87.87329200472232,27.91186449505045],[88.03747252973352,27.90357254973344],[88.10365733531785,27.868595614895753],[88.14097045522237,27.880145205037252],[88.11909529541163,27.918884240515354],[88.14479347503891,27.961333824796213],[88.20444374008662,27.947995685452554],[88.24310997994166,27.97416975483037],[88.25679187974151,27.93788297541903],[88.33923807547689,27.986209149932392],[88.40677974039278,27.981535509955847],[88.50187421002681,28.044644885053458],[88.55231877988786,28.03055847469392],[88.5633594796563,28.085000545438845],[88.63988294544163,28.11488657555509],[88.67833503513384,28.069771995181497],[88.7567620698137,28.074530915169646],[88.83937695498253,28.013236000541042],[88.84093452500838,27.925592020155648],[88.88776231477908,27.855540685554274],[88.85045236498473,27.672227010268386],[88.76974104960982,27.564865730369206],[88.79581994013819,27.529268995367886],[88.78192389017545,27.466070510046052],[88.80781242480361,27.407630944712366],[88.91682638972617,27.328817445268953],[88.90880740034129,27.2752139050977],[88.98284557526313,27.213086215556473],[89.0677051502725,27.245478864857773],[89.0707984502883,27.28592970049533],[89.15027244961391,27.320669834845035],[89.17858803500985,27.373731814971336],[89.09459306012167,27.484852640536985],[89.10625241971348,27.537438730013434],[89.16076086492205,27.573032560204524],[89.13028497487176,27.634044844893708],[89.22950850001735,27.73041301984506],[89.23759866534618,27.79204106044665],[89.37798686480204,27.88055700550143],[89.46098734958656,28.03420301505713],[89.60510006971248,28.165389755133162],[89.72407311977872,28.172974284735517],[89.80155432037566,28.24867089044926],[89.90283012990665,28.18323571025985],[89.98707993039454,28.187074200214226],[90.03664319522733,28.138245294784554],[90.10195902998532,28.142642199877685],[90.12610663541295,28.193381949717264],[90.21968285967631,28.145783090217492],[90.2952148948516,28.157394835203547],[90.37958263962719,28.063810660033994],[90.46131712538511,28.04786827020456],[90.50968873544684,28.066654010574155],[90.59230645527873,28.02454955012172],[90.70128577022217,28.07773050515874],[90.80050929536776,28.044418049953094],[90.84439971497494,27.971595594760913],[90.96335144481338,27.95561475531673],[90.96289915507202,27.904506215089782],[91.04988425525426,27.857136894951793],[91.11581912035615,27.850483330041698],[91.16599422005726,27.968051010445834],[91.25739705003389,27.975553744909462],[91.31465826966348,28.063477534960327],[91.46066199515502,28.007702964819998],[91.48376558481397,27.941723760443267],[91.61996593468018,27.87433742553179],[91.54144372025155,27.82879454033582],[91.61030442530904,27.821325374866205],[91.64317068547882,27.762226414917166],[91.56100504045031,27.64041019507448],[91.58377019993486,27.544374389766347],[91.7419923647559,27.465612325248685],[91.83488651979712,27.493023715172342],[92.01187083037456,27.477614324741353],[92.0440887351071,27.429525420162065],[92.1251083596631,27.283317734725756],[92.07773329015924,27.25658449477868],[92.02307192962593,27.107481754979062],[92.12227375502982,26.962146560315546],[92.10544858528402,26.857036820392977],[92.64945841047734,26.954142625581767],[92.79341579969946,26.896773820055785],[92.92119286006249,26.91509567032898],[93.09536940537384,26.88011759515092],[93.57035741016642,26.939604119734383],[93.81996286989062,27.027644175038688],[93.8756422548862,27.21110062039736],[94.27015530502337,27.578576644996247],[94.52880271497338,27.59927795481383],[94.89024284523117,27.746328644951063],[95.00374313483786,27.825802645175997],[95.27928471501764,27.936209634766897],[95.3955845950531,28.143665370260692],[95.826742930342,28.29452319548915],[95.87552188023062,28.296664709708637],[95.98354941027713,28.19958270507783],[96.26845760493455,28.23237338982011],[96.29710856011201,28.144048629840427],[96.3956119702163,28.124692145526126],[96.39694446961164,28.153245675347705],[96.45097620488798,28.155774675061252],[96.50363904970243,28.067654375049415],[96.57714293020211,28.06370687557188],[96.67819913967861,27.95822041054356],[96.79428638041219,27.930630845137443],[96.85689695463083,27.87879754487085],[96.93117886471288,27.878014680533113],[96.99856976997899,27.81077454031282],[97.047183679883,27.821547550579055],[97.05280786998725,27.744693650491627],[97.0871593551202,27.741092729945592],[97.26449192006612,27.9006704347928],[97.3088389254761,27.915869405448746],[97.3271364850608,27.883044245195833],[97.38348212470038,27.882853884798976],[97.3804364150086,27.970608409850286],[97.41034600466446,28.01848533972668],[97.37573912016433,28.06736898509064],[97.30652536015731,28.07176623012748],[97.35752196986306,28.161938284824032],[97.34776211962617,28.230260255506437],[97.41125516979031,28.249824969746612],[97.41543882044527,28.29363025503227],[97.46490433526691,28.27148151515985],[97.47081066518012,28.309380465136428],[97.5162155799851,28.32279275987804],[97.48200808530493,28.3823482552678],[97.52113752008057,28.44571825479369],[97.50686388975674,28.493461090357073],[97.57638706511102,28.546222700517262],[97.7202300650655,28.495306814857656],[97.73979478020499,28.398590659831143],[97.79811978989642,28.32980652485128],[97.91243189031957,28.3636448748112],[98.01837668493613,28.259791905072404],[98.01160901494416,28.204420060337554],[98.08359240986186,28.201589945119906],[98.13551889518095,28.144372370488554],[98.16882176541219,28.16440240474725],[98.16704489030951,28.2125665753872],[98.2651523001386,28.243384025252624],[98.20371855536712,28.352678170361344],[98.27894547485386,28.397491619942343],[98.37760642459688,28.249652170411366],[98.39529723497947,28.108831770270058],[98.5581086797718,28.18711208055811],[98.62601698479608,28.16912116011349],[98.71098130024689,28.23249786498451],[98.7138201451836,28.30903467041378],[98.75284179980929,28.341247205294337],[98.67478608530968,28.47784800528126],[98.61875092041868,28.502894890486857],[98.63470884513714,28.538817885137348],[98.59443932541461,28.68366758529089],[98.68295581995517,28.744197825269453],[98.63016733535432,28.976131419729313],[98.70518674976876,28.966919225142192],[98.76696666967615,29.009216949902395],[98.81535783459645,28.950416660200744],[98.83894979030066,28.805582650518943],[98.97202494479541,28.835415650312086],[98.97260820010843,28.870583035478774],[98.91288367983799,28.91092683020912],[98.92474587971861,28.980279889805104],[99.01466946972033,29.043025870447593],[98.96096704009688,29.176456339888205],[98.97448822475184,29.207660755439576],[99.11535128963038,29.22792170502271],[99.06569662040278,29.303510269783203],[99.05085875003135,29.567136840093156],[98.99058437976538,29.664479669701052],[99.0126326500768,29.820390780110472],[99.06756711493045,29.931624125253222],[99.04410686044332,30.081829614645073],[98.98578242541868,30.159581885295836],[98.97468376524364,30.39403430004296],[98.90461742995052,30.69049115494289],[98.96125262520854,30.72808486512446],[98.95742673475604,30.767325060403266],[98.77970895510424,30.896113670109855],[98.79677156475594,31.013719560009747],[98.73485245497687,31.053135610520087],[98.66987202507397,31.1585935004897],[98.60088601028122,31.19386898506565],[98.63821529460023,31.338992445145266],[98.69234313502773,31.334983549851017],[98.77598711980977,31.250977470134217],[98.88663130019438,31.377481170519673],[98.61865154982922,31.594040035319438],[98.55354250967912,31.659312510164284],[98.54611716547487,31.719417424774406],[98.41508884007794,31.832277979844946],[98.39818592484062,31.90211161555868],[98.43291637978717,31.92585532016693],[98.43596530005863,32.00562582507183],[98.21847323485196,32.23709669495656],[98.2181043752168,32.345451240082696],[98.02312695524483,32.45489600005044],[97.75812333492405,32.53318628471931],[97.51959251538233,32.528262314853976],[97.44688516981478,32.58935816005112],[97.3861961302473,32.55131976479538],[97.34724232497337,32.56467987008],[97.3279253703596,32.52053435507645],[97.38844095498615,32.50360275056653],[97.34098095980352,32.441292469871655],[97.38870795021177,32.42771444536544],[97.42665629545172,32.32470544530014],[97.3707309000111,32.27560453002508],[97.29244067020085,32.291869315116855],[97.2637486546767,32.18591412523676],[97.27102459990545,32.14251156985313],[97.31349840472768,32.13296325005399],[97.30712147037963,32.078044950514084],[97.25680731030917,32.07480501513936],[97.22058291506954,32.11072327485931],[97.20068582489097,32.09302020042196],[97.2347213853837,32.048613919796594],[97.18659879040189,32.057675469847084],[97.16630918032445,32.026680449743026],[96.96636366974764,32.06792047015364],[96.93463081526,32.05027650006048],[96.95583710969493,31.99662392525397],[96.89422310481251,32.01761420972804],[96.86618046545618,31.96764822488575],[96.82015009465118,32.01260494995853],[96.72376007966403,32.02642852985281],[96.81084285521365,31.899871465495778],[96.7616757651245,31.868926704903572],[96.76447136975798,31.82299782978606],[96.84128171028277,31.72582342970759],[96.77334041542787,31.67574342521897],[96.67554337962332,31.73051110989985],[96.65933945974831,31.70780577511647],[96.61505780537345,31.73941596477499],[96.56748717019678,31.71444789525424],[96.47397738514826,31.77091952541582],[96.41222009038495,31.8356763200062],[96.38584647493491,31.925595020393928],[96.24381646505788,31.930679660438045],[96.1873638546582,31.90581486006778],[96.21413713961738,31.878053255253576],[96.17602809991695,31.777716430568887],[96.23142679031417,31.750768335390433],[96.25052301982157,31.666937119852264],[96.21093933478255,31.604116235575873],[96.16213649979966,31.602060924971738],[96.14304975993855,31.694379905108576],[96.03753880996817,31.738270240179475],[95.98109125016111,31.81905455982013],[95.89835333503845,31.819046755503393],[95.82381174481623,31.68321206008858],[95.74059617547317,31.7639235400394],[95.61681526521238,31.786220755283694],[95.56563017469284,31.7420426002858],[95.51350345532029,31.75048661556491],[95.4530493204698,31.804298395554554],[95.40821136526233,31.919718055144187],[95.35962347993973,31.940837904945397],[95.39490198533844,32.0038830801401],[95.45322250021826,32.00944656510694],[95.418146364763,32.04632012517368],[95.45363045967804,32.06477156055911],[95.43932901961864,32.159938199888074],[95.38527557021143,32.185278460132906],[95.3619910549433,32.14982572547689],[95.31172653475181,32.151183094724104],[95.26168178458676,32.214193029984415],[95.23995810028617,32.322904940510625],[95.11153019965906,32.262839255227505],[95.07789753544296,32.28245885509216],[95.095536230113,32.324754274889926],[95.25813538543974,32.35143462480812],[95.22240215493554,32.391349790060815],[95.07368734039852,32.37821659541959],[94.9870436399521,32.4251165252075],[94.92038478013353,32.412242230094876],[94.89086822478879,32.474259580015655],[94.79743875009831,32.49723666024374],[94.72084362992962,32.606400335307285],[94.61126646997167,32.67685447535382],[94.59525504458469,32.63154490487352],[94.5309133698562,32.59976971480057],[94.46363163509193,32.60880557032084],[94.43985895972327,32.5651470453999],[94.39239459473481,32.60514713003607],[94.3671952951268,32.5230448953057],[94.19606146026825,32.517138944906435],[94.17980151982437,32.45751705976454],[94.13826041988256,32.43401166020999],[94.05538356489967,32.47204676484637],[94.01114627498066,32.44794205977831],[93.96000559478244,32.48653540508491],[93.85674228532827,32.467601405180744],[93.82340448003276,32.548684404961364],[93.71718958033495,32.58027805968476],[93.65191602540432,32.57589602488167],[93.52119374469561,32.47613057006981],[93.4551973650664,32.56109481537351],[93.38057779462957,32.526786250385214],[93.2409766098827,32.6652224947224],[93.17268820459702,32.67165615021122],[93.06464315485778,32.628532069899165],[93.0095330802875,32.74186355495914],[92.87268120037714,32.69889117049115],[92.68614035469369,32.767624165522875],[92.64942265972803,32.7232341347476],[92.45442855013755,32.76676723032347],[92.25433806524956,32.72451017020825],[92.19823420024818,32.75634075492195],[92.19307218523323,32.80600302971612],[92.22930866016657,32.839550170204234],[92.19728961982014,32.869716609833745],[92.13589717011837,32.886524124988455],[91.95674817518818,32.82142530023748],[91.83685936976417,32.950248915155385],[91.67911227001531,32.99374377515517],[91.4971545646315,33.11100486048599],[91.4342150453881,33.06814135513946],[91.22930130481143,33.144615395084486],[91.14511857486241,33.07423467029383],[91.06825215531279,33.11554688558033],[90.9275148849041,33.123570324810714],[90.90038855039137,33.08817749489555],[90.88066706543276,33.122672894938205],[90.70131937518909,33.138240104697104],[90.48788282523225,33.26720016025922],[90.36194489014463,33.28454887483076],[90.2218451752147,33.43944942515088],[90.09020448524888,33.470386750148464],[90.08108000513818,33.531309570280484],[89.98581919509985,33.58763701033979],[90.0064289854094,33.69125034043094],[89.98030712977027,33.72796200544224],[89.9046610048016,33.74127177027606],[89.93938095476733,33.804010815346885],[89.84335523535589,33.86765984482605],[89.7926151302841,33.866468754829214],[89.63397092981461,34.04408782489327],[89.6925177402016,34.13129853529921],[89.75308923028382,34.12461651044367],[89.75733450518334,34.15430433987342],[89.81375685519475,34.170641965554296],[89.82289328010086,34.29650024049374],[89.86935993541277,34.33496957468617],[89.79752837033806,34.39629707534982],[89.82150848962516,34.45557161533782],[89.81321176980737,34.55091838977194],[89.77542047047837,34.57727221024436],[89.79631871024037,34.62867255979086],[89.74066186495315,34.645214294703976],[89.72114153495392,34.70484894032637],[89.86679129538203,34.817753679988414],[89.78490396534579,34.92361195982414],[89.70436025032535,34.92076364502623],[89.65257276512108,34.88423495517907],[89.57719930020761,34.89591169506872],[89.55884123963159,34.939912095466866],[89.58987880486302,35.10911072507997],[89.51148556490693,35.138432255244425],[89.44677866020709,35.22613367982552],[89.53080436492957,35.28083866557199],[89.49311319521786,35.295934135052335],[89.5040880996861,35.372472409973795],[89.6855381251844,35.417012360432125],[89.76422396496406,35.48394512496759],[89.7033157102519,35.50861047009715],[89.69650684501494,35.54384128534707],[89.7093062850571,35.58332931489599],[89.76249646533967,35.589932780373545],[89.72262265541127,35.65049920997063],[89.80007725496142,35.848519045417675],[89.54799998521122,35.85687056542429],[89.52724477992274,35.87302894992615],[89.55001021459981,35.88190030055847],[89.42133196519808,35.91915981007725],[89.43222076047977,35.992901824759485],[89.40099000468501,36.01968571542346],[89.41725953010331,36.046737249724345],[89.47298086037847,36.02258515038443],[89.60180552030857,36.039015970110995],[89.70688504480904,36.09698471517254],[89.51304020494155,36.14085316973802],[89.36129182515765,36.233091274742605],[89.29342607964992,36.22980349993162],[89.23881741489186,36.292898215180514],[89.12527744989444,36.25152576510203],[89.03156930497948,36.31080266491114],[88.96454045507801,36.3143782704409],[88.92438186043455,36.36348816544654],[88.8431112000219,36.36015698485704],[88.76383201543524,36.292826145310414],[88.71454758989944,36.35554790990818],[88.6140619849727,36.39204061518228],[88.58449023463669,36.461038900325036]]]}},{"type":"Feature","properties":{"name":"陕西省","adcode":"610000","level":"province"},"geometry":{"type":"Polygon","coordinates":[[[107.99870584959535,36.633981980484066],[108.15395270545304,36.55973581035943],[108.21653992967407,36.631561949824174],[108.20431951543333,36.57384911494478],[108.25492792018741,36.546893420494996],[108.26333520535553,36.56814758044652],[108.34467111967649,36.555841684745985],[108.396325739941,36.44629174996436],[108.49119225032217,36.42125795529046],[108.50665097486268,36.47482535530594],[108.55948852467571,36.43333299502177],[108.61053880502192,36.438536119846106],[108.64550767024286,36.38615779534604],[108.64540435522684,36.24264917501944],[108.70900667481823,36.14319973028336],[108.68207329974302,36.021236965014],[108.6465870050863,35.94400612488283],[108.581508760421,35.950234490329535],[108.49253612973865,35.87375940986891],[108.52260050980573,35.82239730489175],[108.5140787202568,35.64903354526194],[108.62030316985545,35.53604927495411],[108.60009566967949,35.50206844000655],[108.63402625500771,35.40187470015735],[108.6021133499512,35.31331222058259],[108.44481096495412,35.27361062992668],[108.30314599529152,35.29740521547836],[108.24983661526767,35.25286886500618],[108.2176546798197,35.30026002518008],[108.16640246030533,35.3064443751079],[107.96310637975569,35.24258587553777],[107.9526684397967,35.26822778008801],[107.86201835046654,35.257786240142934],[107.77284623036928,35.302473049891375],[107.71055605042147,35.305138844582075],[107.73767983535618,35.29356301492123],[107.71617794005994,35.24499537513651],[107.66007209475146,35.257735664969005],[107.64835228542967,35.24136275528696],[107.71344541027753,35.17810229498497],[107.7168780254006,35.11407657997023],[107.85946125503295,34.997881460161295],[107.63484321464273,34.919313540387634],[107.62824280506146,34.96095198474637],[107.56889918994574,34.968822014924115],[107.52447655514896,34.91404886506314],[107.3878965996484,34.936446735128754],[107.36348668985892,34.91264717003094],[107.29141292027009,34.94462468508118],[107.24793733993636,34.88337019497857],[107.18945223023627,34.88126426513378],[107.17034025539851,34.93730932976183],[107.10155375520168,34.957893045128],[107.08290590968005,35.017244909724866],[107.0047882795555,35.030301615227415],[106.98453355507957,35.07158344511993],[106.73068150025108,35.10426152035291],[106.65935682995382,35.0694312451559],[106.53965161033364,35.08673178484406],[106.47881186957216,34.981022480403226],[106.5712014096174,34.77158668507752],[106.45285400980475,34.71264314956176],[106.45829503498794,34.638959630382715],[106.41788554478211,34.65665277990195],[106.30680624541196,34.58240414473556],[106.33701622032237,34.56913533502774],[106.32928799524484,34.518804724558436],[106.48179602516649,34.526003200387436],[106.59893786489062,34.46600382032011],[106.63416496504118,34.39313849534534],[106.71419098982238,34.37258046012022],[106.67458994966648,34.255558060256305],[106.50528655982691,34.28409285540101],[106.48418486463987,34.25033881508432],[106.53712211509361,34.24850004504111],[106.58107933993966,34.15061816989265],[106.55632291507055,34.11120486501255],[106.49680211462595,34.11264289535342],[106.46213923024135,33.95961845043121],[106.40376997480456,33.907709904788305],[106.42284978988596,33.870322294938035],[106.45888261963722,33.886052919606584],[106.49074146015033,33.857196275088086],[106.45662258016802,33.81880502003571],[106.47683926512008,33.716972424937524],[106.55100376511172,33.675167634778575],[106.57757053515212,33.5784632150054],[106.54842374955643,33.57886880025495],[106.55515364982114,33.532135604774396],[106.5131582996159,33.51477577008575],[106.45421522545234,33.541618550156045],[106.4333503451424,33.622703715504144],[106.34129503993421,33.587010764735055],[106.28521038535104,33.610412285398695],[106.18265966001536,33.54566601557423],[106.14316545032534,33.583330489810294],[106.10220509029273,33.572833055201386],[106.12611300031477,33.60346737971588],[106.08235894490946,33.6191049452371],[106.02393298541898,33.59658686998813],[105.9523974897524,33.61518813512441],[105.83739776499493,33.496385289849286],[105.81962240035358,33.38255175555912],[105.69886656484016,33.39132385970839],[105.75432897040571,33.323070670075424],[105.74718731014633,33.28763824031262],[105.95859805535605,33.21234127982626],[105.96790842983023,33.14937022045933],[105.92805139045936,33.20177273492385],[105.89099394511453,33.14848342507008],[105.93416553481165,33.120786280062816],[105.9162206452666,32.996911905060415],[105.85847740970473,32.94332713014302],[105.81990497543433,32.9591327699614],[105.72570419539238,32.90656840990425],[105.58869585502975,32.88075805514018],[105.5210409196028,32.9226405098517],[105.48831291490916,32.884908439872675],[105.59304862499408,32.702312505417865],[105.745006714988,32.76967696971644],[105.79350644516637,32.756493899573854],[105.82336529956899,32.826760559752074],[105.9616878947806,32.851790435180476],[106.00703671976885,32.83174443975412],[106.0386690849104,32.86707719495661],[106.08938318518591,32.82549267484711],[106.09657111466527,32.79492071471924],[106.05837122994836,32.77548826017511],[106.10873051979769,32.72261500457887],[106.3444529346553,32.673500899846715],[106.39979009973337,32.618865775235406],[106.45302973463458,32.65812497049103],[106.65884191502244,32.69128168020541],[106.7276466651615,32.7408787001919],[106.77743087993122,32.73902207051219],[106.78111054961221,32.699040055054525],[107.00399484008983,32.73072658546357],[107.06173406017882,32.71070632054034],[107.09363564546874,32.65570850474376],[107.10086052539299,32.592349260210256],[107.06524700994163,32.53367559055613],[107.23785106547433,32.41200648990764],[107.26649059026857,32.40656379558277],[107.29429152513381,32.49035854541057],[107.371946745446,32.54863079547488],[107.42981971990423,32.540908380017754],[107.45202853538865,32.4197640104008],[107.53137619975189,32.385503805556255],[107.60184260475245,32.416712605302564],[107.6746847946676,32.40027125001825],[107.70161806991803,32.33429215535875],[107.75104638518258,32.33795918057177],[107.82973342016129,32.22443042022775],[107.8998407753316,32.21076703477087],[107.9720674098831,32.147966494957814],[108.06669218969284,32.23453257491843],[108.18372240466533,32.2223445605531],[108.23812108042358,32.27637658001521],[108.32520473461085,32.23458796506259],[108.46757808046408,32.27361734486465],[108.50612422485318,32.20268699490896],[108.66924224043709,32.10490670538019],[108.73153085466527,32.10876402983615],[108.86731728526456,32.00280809531739],[109.03483691479187,31.96300198994993],[109.16180850995482,31.87799030990493],[109.18857996479358,31.8215887000585],[109.27053209997649,31.802057644744536],[109.24900044521445,31.762423270317697],[109.27613933965887,31.719319990425277],[109.57960248976315,31.728486619961586],[109.59700177501196,31.798879700537782],[109.63593492465714,31.812112960045113],[109.57871620518875,31.896154390312915],[109.6276810548369,31.94254335499187],[109.5814389854209,32.03047263990044],[109.61806903515793,32.10023265531282],[109.58781677502424,32.135149775341915],[109.603582334757,32.20470973476648],[109.48622193009805,32.29046603008328],[109.51349353030224,32.33777344538822],[109.49638642489367,32.39282322041532],[109.52520703537647,32.40094107497066],[109.54697451486203,32.48247487521536],[109.63350606535272,32.536881695234115],[109.6159595502931,32.59337117513968],[109.92135157981164,32.59269391549185],[110.02407912535142,32.5442998403654],[110.08928911530052,32.586864420057],[110.08634424479112,32.621343650289305],[110.14818776025697,32.59152652982556],[110.2012248300619,32.637721615060514],[110.14878558998305,32.68068551982094],[110.15842325023289,32.76369577484019],[110.09962456492178,32.8343065552034],[109.86484008989828,32.91489606999767],[109.78423002469594,32.8848742053803],[109.76076670531927,32.91070970968542],[109.7966404450006,33.06891436020959],[109.68171105981764,33.11775585524856],[109.46180793019187,33.13925041027824],[109.44864040483088,33.170944194618926],[109.51375430491731,33.24292971013807],[109.60619774043346,33.23308433527393],[109.61999090975274,33.27287610994455],[109.70707115461016,33.23469779007098],[109.8649092099921,33.2502318948861],[109.97995116511424,33.2003100451725],[110.15766231496394,33.21274953516297],[110.22587409531332,33.160097570346636],[110.46587185480234,33.17435116467459],[110.5309084950311,33.258353739733366],[110.5824178001414,33.2359241847534],[110.5891530648621,33.15690765976075],[110.64973412013359,33.16309000959632],[110.70509075463468,33.095968905440714],[110.73401881971284,33.1420717346229],[110.81725615534737,33.15576825470123],[110.82321891502096,33.20385817011851],[110.91400005985491,33.203976289774005],[110.98824928497658,33.25396253004675],[111.02937233506526,33.33507156520062],[110.99091839007173,33.43653687537653],[111.0267905946103,33.48531972022897],[110.99997677990456,33.576692959812306],[110.83226106039967,33.66705554038094],[110.77721089506679,33.79664536958819],[110.60577622978923,33.85347306023357],[110.58215937995146,33.88789765035631],[110.67192010542857,33.950360510029554],[110.61994060507493,34.03449122499012],[110.57602499995386,34.0448840000966],[110.63775522962021,34.16205571979566],[110.43272165977686,34.245429034722235],[110.42326765457864,34.28996725488497],[110.5011830253764,34.34247505477998],[110.47140900492172,34.40953770030467],[110.40557725968284,34.42122751993418],[110.3630965597585,34.4977747646937],[110.35681949512366,34.53484301539288],[110.39895917032953,34.559281414805525],[110.36004035497848,34.56799628969708],[110.37169402455964,34.60063893973535],[110.23738337514271,34.649875390037266],[110.23024068515957,34.90797107040862],[110.33485866499547,35.05235887965864],[110.37000890458734,35.13939452533714],[110.36426435461635,35.252908495430745],[110.41628728503025,35.34873345468526],[110.60822651004548,35.58889487459885],[110.54602794493377,35.8754052501522],[110.50593201505052,35.88003798986142],[110.51129772021369,35.97221591043598],[110.4443135648192,36.13433342484774],[110.49641446465586,36.533485265332786],[110.4917258698531,36.58201764989468],[110.38666091976569,36.68001164981786],[110.4292379101015,36.680015599640285],[110.44703137539773,36.73032608957743],[110.41066012986118,36.72277290494566],[110.42530333478112,36.750134654990404],[110.37679220479646,36.769466264956236],[110.41242691457052,36.79416924041817],[110.41854434504558,36.85573861464542],[110.36922853496895,36.8803494446712],[110.40331261478542,36.892485310049096],[110.41994467041025,36.95738355540681],[110.3707165451325,37.01311541494448],[110.44309270996064,37.00927212530837],[110.41301316012931,37.03490430459004],[110.52351226457938,37.105346704886585],[110.68376902502052,37.284257419944026],[110.69476179542056,37.34623100975335],[110.63038663533501,37.36363147041607],[110.63719168025193,37.431492054714624],[110.74246835503061,37.45190727040426],[110.79053590970454,37.56114623041424],[110.75745271956742,37.63564380511758],[110.79100298519967,37.66036719968656],[110.69649904459527,37.71387058955611],[110.75130377504922,37.75347613981205],[110.66874468022286,37.79099191024852],[110.58699194991863,37.92277829488245],[110.5123019949412,37.96091045974998],[110.5004140645575,38.18456715994654],[110.5618287347084,38.21865806471794],[110.57751929547919,38.30302700469258],[110.66256127997917,38.31240131017239],[110.74572857011748,38.37089595988067],[110.78010954042304,38.44883903968997],[110.86838672536715,38.453497394789],[110.86413211010887,38.509024920263926],[110.90375306035548,38.52494426046928],[110.91502486970205,38.57904353483133],[110.87341261989656,38.622524199931945],[111.01032152042188,38.887710204562325],[110.97534728534902,38.97504484514354],[111.13074906471763,39.061982284854594],[111.24190680475527,39.30029541000522],[111.18857713512676,39.30871894502337],[111.18754820998197,39.34625789998216],[111.15177394970806,39.33523413534709],[111.14856940985044,39.36750660014951],[111.09434724043285,39.357535634961664],[111.08509062023597,39.4104099355701],[111.053777685292,39.40363900553575],[111.05136385545762,39.44540272005952],[111.14218111526634,39.530918399964264],[111.13519499005679,39.58354820548533],[111.08463627014783,39.550322845123276],[111.01868705006734,39.569761549955615],[110.95391185984454,39.517685660265045],[110.87802491981427,39.506847264789485],[110.68221351534152,39.26759696512789],[110.59456588460796,39.278260845361785],[110.51722422461836,39.382087970383566],[110.49239819492084,39.35821798477224],[110.42384578465527,39.37793748492703],[110.42293173531141,39.33831335467761],[110.38005326974269,39.3091212954115],[110.26341475538669,39.40045861517302],[110.26942464043486,39.42515760034303],[110.14021353013038,39.454636910265265],[110.12035585004253,39.41381978975153],[110.20983683959855,39.28150562988094],[109.99209075998067,39.207829264808765],[109.87763843546549,39.26370743055355],[109.86538741459759,39.241741289928655],[109.9549251846496,39.19101973517269],[109.89140323027493,39.14523661048122],[109.91528645480611,39.10226531509227],[109.85130866016658,39.12302414554796],[109.66744452964139,38.99773062506836],[109.6807578701796,38.93648877493706],[109.6216959497084,38.85711479011553],[109.547242600066,38.80355175540922],[109.50373246957787,38.82995983018208],[109.32937412001968,38.68836500494109],[109.3577901399031,38.62371336537956],[109.3189697103839,38.59492734462128],[109.26441393025874,38.61658935971121],[109.04611907533513,38.431553655376945],[109.05848809534939,38.398329195236215],[108.9711085048537,38.293505109673106],[108.93868476508987,38.1790273847061],[109.06206833508566,38.09376882457167],[109.04195849498859,38.05490776458174],[109.06290790977226,38.02182063541403],[108.93227943015165,37.920407830357135],[108.87077066033777,38.028878889848954],[108.79219810006231,38.05148473533234],[108.82410651030727,37.98269990967316],[108.79126699507583,37.919409584684615],[108.78841882956539,37.70161095498162],[108.760952279724,37.677485954912925],[108.63119529982328,37.65312629024618],[108.52905459969008,37.69080362478752],[108.33000350985418,37.63155727494831],[108.23521425033744,37.665283135008735],[108.1288831852109,37.621006590581715],[108.01806277997338,37.65055317968557],[107.97751852006371,37.78658524481324],[107.73758726993663,37.844272980513665],[107.6874837400826,37.88777516549152],[107.64505840961795,37.864201560453694],[107.66171280530176,37.83681074971639],[107.62368819035777,37.77225220977169],[107.57943765522367,37.798114865508694],[107.58418026960379,37.77811439016705],[107.4922481247512,37.76426764553548],[107.46601344016818,37.686594019698305],[107.38072048006615,37.6918456602491],[107.41597992523344,37.65057023532813],[107.30755376979073,37.60853373484406],[107.3666981050336,37.578211959814155],[107.32523671020607,37.49504441516768],[107.28060431034072,37.481867345301794],[107.25127366464795,37.33358635022995],[107.30471036529116,37.24242116520469],[107.25484161514851,37.22706432485876],[107.33367823526243,37.15872955052839],[107.30195978971261,37.100249330442296],[107.27384326475493,37.128227455133015],[107.26373908029439,37.099045034800554],[107.30284049039636,36.91280060476413],[107.43902053986608,36.88871462987635],[107.48144189982389,36.914013124706],[107.53369006004829,36.8259635500778],[107.66178213493765,36.83075394543829],[107.82532674483349,36.78613888989793],[107.93474144046519,36.70460742519259],[107.9342018697206,36.65557512009576],[108.00697273530358,36.68144481482642],[107.99870584959535,36.633981980484066]]]}},{"type":"Feature","properties":{"name":"甘肃省","adcode":"620000","level":"province"},"geometry":{"type":"Polygon","coordinates":[[[97.84645337032686,41.65509064981376],[97.17172008991037,42.79453242503149],[96.97772722972803,42.75433211983159],[96.38478322536554,42.7253513400924],[96.10274951038173,42.60243883048781],[96.02300246968838,42.54071537001846],[95.97788262468345,42.43524162050443],[96.06506316013679,42.41279052046633],[96.04005788026694,42.32485010015205],[96.17757175023627,42.216310190363174],[96.07614414503638,42.147903955003585],[96.13650593030451,42.01784950994704],[96.04162585005298,41.9255703005291],[95.85060853535566,41.84688049473914],[95.5700697751002,41.79378370545379],[95.36012414960987,41.668286930097736],[95.29630895509428,41.564997610451485],[95.1356331303648,41.77136635517314],[94.86105688516716,41.66715603981942],[94.74887329476684,41.536782554871195],[94.53303515474863,41.50453806977623],[94.00931986971625,41.113524484967115],[93.80611419531402,40.87599945011459],[93.8196825997723,40.79280104523218],[93.75927812008928,40.66397164497545],[92.92734340987056,40.57200803554258],[92.90580101540456,40.310079809735555],[92.79531504015705,40.15316676013805],[92.63882495520761,39.51382324025053],[92.52452113034605,39.36789544541864],[92.33851887514601,39.23742327516419],[92.35572343468891,39.06360130555589],[92.45646810012289,39.04185236469499],[92.4927883747838,39.10168948548147],[92.93831927481477,39.16858745974349],[93.0443696354505,39.14603067047915],[93.1153707197829,39.17895844517625],[93.14078558508675,39.159782520447095],[93.13010685524733,39.107668295355666],[93.19661547972072,39.04571022514688],[93.18761017506955,38.919062455168216],[93.28245309533418,38.89361160978808],[93.73034058964663,38.92369834520258],[93.88346593040848,38.86747070470943],[93.88295301017348,38.82603529489313],[93.75450819959389,38.80604357984737],[93.87422394038259,38.72044258036095],[94.36965677464053,38.761648440023464],[94.55054508538757,38.350268874708945],[94.9712015497118,38.43035051536407],[95.12257420983195,38.41344396057042],[95.2674244154046,38.29729193987123],[95.32102849516912,38.320441525356216],[95.45367086981497,38.291365670189634],[95.49378659467573,38.31532000051766],[95.51691446513058,38.2950941101052],[95.70192027959729,38.39967652535154],[95.82537379976122,38.35400526013473],[95.85540820002848,38.284344045141665],[95.89739190491252,38.28919916021306],[96.04883186489877,38.17729510518501],[96.10602941972212,38.1872238400083],[96.1914802998761,38.14898576018476],[96.23537043979411,38.16997638010588],[96.26516574000698,38.144713275397464],[96.31231473973344,38.16121822983757],[96.33895722459636,38.25500909529359],[96.39609648986124,38.280710145556895],[96.66532536527353,38.22214947481848],[96.62364396030068,38.34655254056736],[96.69848440513124,38.45758946028536],[96.65760608035646,38.48860430054816],[96.77876032992538,38.504852084856],[96.7616098996773,38.555328595038645],[96.81540676980677,38.56427682511537],[96.79441831545307,38.607769895464344],[96.93552537539586,38.55432114030856],[97.05529698476806,38.59281771046915],[97.03421372028697,38.64978665043367],[97.05566230017519,38.67200619483009],[97.01621624018753,38.68602731530842],[97.0222630846738,38.75499005474728],[96.98732093471347,38.79184455997853],[96.99353456027194,38.8839865598319],[96.938926890164,38.90855317019282],[96.96053476966392,39.074888565255264],[97.01251229960303,39.14135866996668],[96.9618381651992,39.19427514518185],[96.9789690351929,39.205354505006426],[97.34541586035374,39.17469867050727],[97.68532388978582,39.00525801984179],[97.68513127029195,38.969595709874284],[98.01143180983036,38.85896093010285],[98.09320261021242,38.78486168042235],[98.24707107966668,38.88136951469147],[98.23670014999203,38.922733635249244],[98.29076626005497,39.03726334552715],[98.38127541482856,39.0323659497289],[98.44248544964387,38.96349474508651],[98.58044955530278,38.92834271044785],[98.74231924983371,39.08541153521429],[98.81105604000436,39.087108599981946],[98.93465218994669,38.99412591477932],[99.09836853527986,38.954955764996555],[99.06394450003882,38.90469883508325],[99.34939763978929,38.73666778988678],[99.42894411547854,38.620489724821084],[99.50930370510207,38.609702595198655],[99.52457351985214,38.54898490053279],[99.65199670508406,38.4706845605441],[99.65733933004623,38.439645720074],[100.0757800204317,38.28487044981159],[100.1271142401302,38.228906940203274],[100.18032045982147,38.21985570987323],[100.16734843538211,38.320493525056236],[99.99926499028714,38.467510160565496],[100.05601198026886,38.52018515522087],[100.23820430528457,38.441913400183296],[100.24752529535624,38.37281974553491],[100.30033561999295,38.38813780531552],[100.3181713651166,38.3252061254625],[100.42208891966806,38.30696043517605],[100.43590030475542,38.26738724972182],[100.47320204014216,38.28805742501015],[100.54502025028444,38.24527577955371],[100.71355479981429,38.252777665057295],[100.84232604001483,38.14772065508424],[100.91024341470188,38.17811796507209],[100.93688270517288,38.16016347526431],[100.88596369526852,38.054316640200966],[100.89652314532708,38.01245197497883],[101.10098432007032,37.946452790364106],[101.1964969097047,37.84849083508402],[101.35342793045476,37.78966136058341],[101.43825162970899,37.86777006044008],[101.59075100005879,37.83019400035295],[101.6675560004092,37.7589019997277],[101.65698799959665,37.73218999996857],[101.78923792539007,37.69544740007757],[101.81272577467479,37.65350794003945],[101.86188841491855,37.65864586491483],[101.93436191517031,37.723859329844345],[101.99676660039836,37.7257504449272],[102.03749500459088,37.62072212512601],[102.128178754646,37.54687072050746],[102.10121881989272,37.48159873489385],[102.42570005521344,37.30796256971695],[102.45568955502904,37.2497663699221],[102.6002692301409,37.17359227995979],[102.63623367994052,37.12085111498703],[102.64047709504194,37.09990646031508],[102.49536507523817,37.087148604924266],[102.50474823544289,37.01949804469905],[102.4488132550278,36.96861621546611],[102.5595112697294,36.9192479848067],[102.71904041229315,36.76946290203226],[102.61219786473976,36.738499409820065],[102.60513957972802,36.68191080483979],[102.76255783967264,36.57551211968871],[102.73269605527878,36.56205551534981],[102.7913186650245,36.49940049034052],[102.76481837466844,36.4654469651054],[102.82452173479032,36.407195505568154],[102.83660000038975,36.3409097798625],[102.89505741546742,36.332463665565854],[103.06548794990903,36.21522645543661],[102.9851176151858,36.194086129871096],[102.93983704514369,36.10621273512976],[102.87998865045597,36.083393735032814],[102.97371671985081,36.036334940005474],[102.95008309046239,36.023962560124176],[102.97155869497789,35.995070654986876],[102.94312568959896,35.94508543544458],[102.94839526982588,35.8369521154479],[102.78208263030916,35.862226430205624],[102.69438550988355,35.7970898303314],[102.69736919962895,35.7183702497872],[102.80512346977241,35.563324590257764],[102.72547280492608,35.53274541486911],[102.78060481486051,35.53073792031893],[102.7432236198743,35.49443557544157],[102.50270754511718,35.589431609781],[102.44692963039819,35.43820842507887],[102.40586544993062,35.40901914471789],[102.29202565006386,35.42532977005288],[102.28483311515629,35.36771735527179],[102.316703289825,35.343157880132196],[102.2760774901842,35.30571552045495],[102.36834944027464,35.26137919539366],[102.40451017520456,35.17930620032104],[102.34238391468597,35.162778445368986],[102.27846858965376,35.058381390289014],[102.21685367016079,35.060656540167315],[102.09381802987832,34.989365849854266],[102.049584089934,34.93211037509383],[102.06590164004882,34.89377328530895],[101.91605990034418,34.87805490491007],[101.93261422037006,34.589438534760745],[101.97281989991859,34.54951956537576],[102.15387163546762,34.50911304023464],[102.2575368753266,34.357102620489684],[102.18648021019374,34.35609530515433],[102.14507307506238,34.27301403516975],[102.0652881450319,34.29391298989265],[102.06176997020805,34.23173109551368],[102.01472465961547,34.22654962006902],[102.02856082462245,34.19230827041042],[102.0011857250413,34.16268417503471],[101.9574163101147,34.16419839054345],[101.95576451002421,34.109592795171466],[101.84759889537281,34.1547701500225],[101.838637685381,34.12665521056954],[101.78600283016658,34.133103364928445],[101.71414460468992,34.08528812045046],[101.5786344746013,34.198556474901466],[101.32403348505733,34.245984435333526],[101.32254513495019,34.2706993052289],[101.22794428520069,34.29875809550981],[101.22639958986923,34.33125936043132],[101.05253387004217,34.32604270530675],[100.94891710993676,34.38487575551187],[100.82046393026633,34.320751205004285],[100.76258122514349,34.180329830457424],[100.87045089988925,34.084714585010204],[100.9940074949501,33.892681655134254],[101.15268852535519,33.84500838033267],[101.19023409482764,33.78898332022419],[101.16606743006798,33.66063413545709],[101.23338561525406,33.687158520449486],[101.3891910454305,33.64674258480261],[101.43169087483415,33.68627030053409],[101.54257728041728,33.69657010552612],[101.60584057987893,33.63134903053344],[101.63038346522484,33.49416032034253],[101.73350206476852,33.498496410580856],[101.78148579992978,33.55887638014093],[101.83008495016048,33.55687643989586],[101.84231784968921,33.60503152018862],[101.88086665517204,33.581870350536406],[101.90133619980594,33.4896320647681],[101.94505194499129,33.44356375516321],[101.88439520547445,33.38445579030258],[101.8758652500814,33.31681929547426],[101.76563496468202,33.266057284716055],[101.8294464503935,33.21469236486081],[101.82313542016368,33.122876489758255],[101.861493949786,33.10640259970029],[101.93333423468738,33.18828813019309],[102.0797232603204,33.19480189549108],[102.10699222011499,33.29771238471881],[102.20684049529268,33.22675370971592],[102.18587829484756,33.332338105519284],[102.26490545971939,33.42375754057815],[102.36597433524747,33.39355756522957],[102.46721218529427,33.45391368027231],[102.44424851485724,33.53288241529134],[102.47592535507124,33.54536897489845],[102.338086440437,33.61292560003653],[102.31371849031615,33.67063447520093],[102.34010807502773,33.730782350425216],[102.2845463699191,33.71806986493249],[102.31928570027492,33.759465969878704],[102.23667745480077,33.79209823994188],[102.26253446998982,33.84640553468773],[102.12967560514522,33.968001895471275],[102.16576601488981,33.98482316485723],[102.21427032981205,33.96024612505869],[102.24732452041036,33.988202645335946],[102.2600192703731,33.967095674725726],[102.30832979038752,33.99652135987293],[102.31075917489602,33.96824318987137],[102.38982878507056,33.97180059492155],[102.4357968598373,34.088077339897325],[102.6021240548813,34.10271332955671],[102.6568094399039,34.07564119538495],[102.66176014481499,34.114180430282715],[102.59630227023365,34.15303651522305],[102.9084896652659,34.31523870530208],[102.95687690014893,34.296443995094364],[102.97062708996839,34.19838085529233],[103.11361568991231,34.176761315182716],[103.12078499533129,34.112401674697594],[103.17703969462639,34.08081010460273],[103.11651892990488,34.036374249771995],[103.15711899544533,34.00583861506021],[103.12202554534264,33.93526977008389],[103.18373749988581,33.90406534464],[103.15833686995074,33.80703191509082],[103.26911663482502,33.81152272469416],[103.2771239698954,33.77487863024464],[103.33779463991078,33.743023569582135],[103.43087763459522,33.74540452020261],[103.47399180977436,33.8117125499943],[103.51824211018527,33.81178129507077],[103.54725785016984,33.7422457999038],[103.51872553985186,33.68002253041561],[103.54826031456184,33.67367379970625],[103.59504632992423,33.73137360520781],[103.76337041021645,33.657437225447666],[104.03612291484075,33.68885426501237],[104.16587636490249,33.61472243469274],[104.15320676987659,33.54388590471086],[104.21983477485509,33.405484140380906],[104.26409405499669,33.39642559496542],[104.2935313000296,33.332472699855316],[104.37114899972676,33.350215119632196],[104.43410876990384,33.32386054013199],[104.39163607484511,33.31445136523837],[104.40843899986004,33.28378299958581],[104.3000247901121,33.30475507009038],[104.38050952039822,33.110180024788406],[104.33065254957563,33.04544727537149],[104.42399661475201,33.01691253508545],[104.36796218011057,32.94740853957251],[104.28329059488505,32.94122148538338],[104.29793699959299,32.83290686476016],[104.36450505036788,32.823007455030165],[104.45435141018959,32.75095436535179],[104.56888985468316,32.73140912503118],[104.64310591010974,32.662020429798986],[104.7029090302276,32.67630142467118],[104.7412021449631,32.63763451032452],[104.82647682994184,32.665134589589684],[104.87940598020202,32.603420820214865],[105.02764727020553,32.65258318976248],[105.13573416000366,32.602571379965354],[105.21740365535447,32.668129295130996],[105.2875347652174,32.65682385024053],[105.4493820603339,32.73742989997004],[105.38880521478899,32.83763249544336],[105.42233711986239,32.93334690013944],[105.63250525471392,32.88494206462468],[105.81990497543427,32.9591327699614],[105.85847740970473,32.943327130143075],[105.91622064526672,32.996911905060415],[105.93416553481171,33.120786280062816],[105.89099394511459,33.1484834250702],[105.92805139045947,33.20177273492391],[105.96790842983023,33.14937022045933],[105.95859805535605,33.212341279826205],[105.74718731014644,33.287638240312674],[105.75432897040571,33.32307067007548],[105.69886656484027,33.39132385970839],[105.81962240035364,33.382551755559234],[105.83739776499499,33.49638528984934],[105.95239748975246,33.61518813512453],[106.0239329854191,33.59658686998813],[106.08235894490946,33.61910494523721],[106.12611300031477,33.603467379715994],[106.10220509029273,33.572833055201386],[106.1431654503254,33.58333048981041],[106.18265966001542,33.54566601557423],[106.28521038535098,33.610412285398695],[106.34129503993427,33.587010764735055],[106.4333503451424,33.62270371550426],[106.46544103987219,33.52650210488832],[106.5551536498212,33.53213560477445],[106.57567262029539,33.631617524928856],[106.47998819539896,33.71191216461483],[106.45439380473044,33.79370478524777],[106.49330402526061,33.85152195497426],[106.45888261963722,33.8860529196067],[106.42284978988596,33.870322294938035],[106.40376997480467,33.90770990478842],[106.46213923024135,33.959618450431265],[106.496802114626,34.112642895353474],[106.55632291507061,34.11120486501261],[106.58107933993966,34.15061816989265],[106.53712211509367,34.24850004504111],[106.48418486463987,34.250338815084376],[106.50528655982697,34.28409285540113],[106.67458994966648,34.25555806025642],[106.71419098982238,34.372580460120275],[106.6341649650413,34.39313849534534],[106.59893786489062,34.46600382032017],[106.4817960251666,34.52600320038749],[106.3292879952449,34.51880472455855],[106.33701622032243,34.56913533502774],[106.30680624541196,34.58240414473562],[106.41788554478211,34.65665277990195],[106.458295034988,34.63895963038277],[106.4528540098047,34.7126431495617],[106.57120140961746,34.77158668507752],[106.47881186957216,34.98102248040328],[106.53965161033375,35.086731784844176],[106.65935682995382,35.06943124515584],[106.7306815002512,35.10426152035302],[106.98453355507968,35.07158344512004],[107.00478827955561,35.030301615227415],[107.08290590968016,35.017244909724866],[107.10155375520179,34.957893045127946],[107.17034025539857,34.93730932976183],[107.18945223023633,34.88126426513389],[107.24793733993641,34.883370194978625],[107.29141292027009,34.94462468508118],[107.36348668985903,34.91264717003088],[107.38789659964851,34.936446735128754],[107.52447655514902,34.91404886506314],[107.5688991899458,34.968822014924115],[107.62824280506146,34.96095198474637],[107.63484321464284,34.919313540387634],[107.85946125503295,34.997881460161295],[107.71687802540055,35.114076579970344],[107.71344541027759,35.17810229498508],[107.64835228542961,35.241362755287014],[107.71617794005994,35.24499537513657],[107.73767983535618,35.29356301492129],[107.71055605042147,35.30513884458219],[107.86201835046666,35.25778624014305],[107.9526684397967,35.26822778008807],[107.96310637975563,35.24258587553783],[108.16640246030539,35.306444375108015],[108.21765467981982,35.300260025180194],[108.24983661526772,35.252868865006235],[108.30314599529146,35.29740521547848],[108.44481096495412,35.27361062992679],[108.57669142047274,35.29202458516653],[108.61138940539678,35.32630326028732],[108.62030316985539,35.536049274954166],[108.51407872025686,35.64903354526194],[108.52260050980573,35.822397304891865],[108.49253612973865,35.87375940986897],[108.581508760421,35.95023449032959],[108.64672690002647,35.944132994941924],[108.70364363524556,36.109731935180776],[108.6454043552269,36.24264917501955],[108.62448995464786,36.42180768477698],[108.50665097486268,36.474825355305995],[108.49119225032223,36.421257955290514],[108.39632573994106,36.44629174996436],[108.34467111967655,36.555841684745985],[108.26333520535553,36.568147580446634],[108.25492792018741,36.54689342049494],[108.20431951543338,36.573849114944835],[108.21679984004078,36.631439714871135],[108.13351831531804,36.56339242052394],[107.99870584959535,36.633981980484066],[108.00724628029172,36.681325355181116],[107.9342018697206,36.655575120095705],[107.9347414404653,36.704607425192535],[107.82532674483355,36.786138889897984],[107.66178213493765,36.83075394543829],[107.53369006004829,36.825963550077915],[107.48144189982384,36.914013124706116],[107.43902053986608,36.888714629876404],[107.30383313509117,36.9120157151533],[107.26974820991211,37.0930965698509],[107.17757507463011,37.14084106016685],[107.08949523961377,37.11669070461238],[107.02586046978496,37.14019306985443],[107.02467640529193,37.10663613484985],[106.99206730985861,37.10578952027032],[106.9002821852747,37.151029014677476],[106.89149812014233,37.099976450053134],[106.77633175011022,37.158304715290456],[106.75570735031403,37.080489254675456],[106.72435482991159,37.120884514908596],[106.6095159551972,37.13428882456975],[106.66243805477257,37.01716459536982],[106.63725975523357,37.01177806010952],[106.63894568009925,36.962551460081954],[106.59083445524595,36.968979410271686],[106.57531104516875,36.93479234998699],[106.53461285999555,36.97856668510457],[106.60495854000482,36.88106571511082],[106.6358314753424,36.88222506533447],[106.641439474952,36.72346843971678],[106.57268138973438,36.746191545103784],[106.51104032515093,36.71689239456839],[106.5263673853467,36.68973252973245],[106.48656287987313,36.68548021494013],[106.48817601001497,36.62946471462493],[106.4406562701709,36.62481240027216],[106.45155547510524,36.55978925526995],[106.35705050028042,36.5732902897152],[106.40640790490107,36.51917104500785],[106.51846720539737,36.477759635399025],[106.48308519972232,36.402086785277106],[106.52790935483301,36.37536897050177],[106.50079033990244,36.36336086011568],[106.50741299961038,36.291992999877095],[106.46573888004536,36.31191675045784],[106.49951791971631,36.26878361487212],[106.5366274501967,36.254040390052126],[106.55545878979137,36.29232601523353],[106.59031060015423,36.27063163983843],[106.60087153499342,36.296092970414406],[106.7587981196375,36.21507797017233],[106.8296651798043,36.22949253505254],[106.94223095959126,36.12229664497431],[106.95487821545731,36.075765789759544],[106.9236868499683,36.0158565199626],[106.94536185036918,35.99154899529003],[106.91142395535138,35.94068580540562],[106.8853681845942,35.97172267995779],[106.9039069999082,35.93813172989559],[106.94144012995821,35.9410177100994],[106.84759922532407,35.88723665544734],[106.92503374031492,35.807675855356536],[106.88737372042084,35.81062361538761],[106.90736056024173,35.76876416983072],[106.87016393491785,35.77936637995458],[106.85993706494372,35.73641104483386],[106.81664142006554,35.74496421532626],[106.80040795026679,35.708968909787416],[106.76128961042718,35.72958943980086],[106.7481943545859,35.68859329034825],[106.67667836521451,35.73141756996489],[106.6691734202173,35.700664605087525],[106.62607053512721,35.714992505000225],[106.59839249531746,35.74829193982134],[106.48803269045641,35.73650600514816],[106.42982137036012,35.68887982514394],[106.47678221482744,35.577443465243846],[106.43547037006158,35.52469000473991],[106.4850365702817,35.48415760508942],[106.50142303544482,35.360138149655995],[106.46946997475959,35.3118274551731],[106.3630200552314,35.27060692486987],[106.35938719526303,35.23864369015433],[106.25139161543086,35.334993730276494],[106.23448983963453,35.411083855036],[106.16880102005109,35.43737474544827],[106.10353500503658,35.364897985154016],[106.06424767538999,35.45541374544797],[106.09101002009635,35.51037265027776],[106.01740036493493,35.49493574508858],[106.00641298507139,35.52632440474764],[105.88609673997274,35.5486001855503],[105.8337570152741,35.49299457014337],[105.81253017043116,35.57604687476362],[105.68736719464039,35.685312040118674],[105.75251677982573,35.73109046045653],[105.66599401031539,35.75147020508604],[105.56045743506263,35.689033235095906],[105.55182369520747,35.726663450557965],[105.4501224397988,35.74761045515851],[105.42543548485986,35.82028217048588],[105.37857541482367,35.79274210556383],[105.36956596519713,35.84695633037052],[105.39560209476093,35.85770881540958],[105.32125031994644,35.9053312848111],[105.33995275521556,36.0338169551884],[105.42701664500225,36.10397010473673],[105.48747442030827,36.10127054499975],[105.51091500482369,36.14789391976865],[105.4568310998755,36.223140209752955],[105.47394222525367,36.29159321525481],[105.39864828469075,36.36514052491543],[105.35763837471137,36.49761717519266],[105.2453665698115,36.547570215193275],[105.26717413477866,36.5931527901692],[105.21650828043289,36.631076160336534],[105.1990384595573,36.70496624029977],[105.33683575986254,36.76888805034332],[105.27551150485209,36.8694314403088],[105.17511209005102,36.892134919790806],[105.16155731032165,36.9946318800574],[104.96249119461305,37.031187540572546],[104.82414106036174,37.22756680486424],[104.77173704492878,37.24631921545961],[104.7157985400707,37.2072733852587],[104.62352979516396,37.20514587977863],[104.59687619468082,37.24463287510724],[104.6180696701793,37.29611095485677],[104.71491592473024,37.33727345010976],[104.66465609000664,37.355917610209644],[104.67574947475862,37.40842720964804],[104.45712949962683,37.41936654503007],[104.43356996987825,37.445872439961306],[104.1794727751485,37.40694535984056],[103.86723977009939,37.60660537523802],[103.67168570033482,37.784988185556415],[103.39749591000833,37.86143672972139],[103.3500462102644,38.06643754535662],[103.55009604489675,38.15951593011613],[103.4118416551683,38.40452035483054],[103.8594194598403,38.646256074858],[104.0320632051529,38.89186229530884],[104.16922289961724,38.939123964799194],[104.19403119468399,38.98760597473597],[104.17423453539561,39.15433907518826],[104.04430106983858,39.296640405130745],[104.08739779996858,39.419292329877294],[103.84781604527439,39.46069023976281],[103.35795228526973,39.33367755547488],[103.01005465000213,39.098543440227616],[102.60227480463868,39.17279073540419],[102.45407012513624,39.254968874713825],[101.82853124991738,39.092839980280985],[102.07145386010762,38.89054478491403],[101.93726674966081,38.81214990009789],[101.7733285199954,38.65882390979573],[101.66817429960435,38.6901969500293],[101.60371745499663,38.64813682525431],[101.55779436971454,38.71295009547066],[101.3070285696129,38.786430965017075],[101.33217877972703,38.84652451489444],[101.23782872481593,38.858796005231625],[101.19649219545863,38.948137945210135],[101.22660951501723,39.0211622100681],[100.9615425248677,38.94372101491308],[100.95782874480079,39.00570508002551],[100.90007077024995,39.03007813020167],[100.88045310482698,38.99571991004592],[100.82875839548376,39.02761571988975],[100.82675881047078,39.0728324200802],[100.86648451015208,39.1096549750971],[100.82975448997792,39.40407667050198],[100.49681460471032,39.39983890044499],[100.49777723003518,39.48027536051961],[100.32359847958628,39.508266504695484],[100.31081399976642,39.60805542551765],[100.26235961970082,39.67670440498449],[99.90372031014425,39.787385194970796],[99.81355964985795,39.86456996553153],[99.44086068027627,39.88346534045314],[99.51995954000097,39.8855115750992],[99.74966306040204,40.005986260057966],[99.87190519017247,40.025236510156844],[99.9263165103988,40.06324678001505],[99.9882428354386,40.18737563527742],[100.16794693959969,40.276594965285426],[100.1680300396547,40.54022789470167],[100.24101813467928,40.61762886048365],[100.23571317961967,40.71571918049591],[100.10622278485374,40.87414370536777],[100.05537212522347,40.90664501975192],[99.6716340854448,40.93179891528786],[99.56456907460324,40.84574631494053],[99.173246194956,40.85706069999145],[99.1716191846777,40.74610983999719],[99.10054338466966,40.67517039969425],[99.04025317464436,40.6926243502337],[98.98392756470554,40.78180184018282],[98.79000875020375,40.70451188491563],[98.80181214971111,40.606134959960514],[98.69671511541043,40.6791856001355],[98.66783509481394,40.771913310451055],[98.56946218982824,40.74595843013748],[98.627350024684,40.677057205225935],[98.34340005047204,40.56728529977693],[98.33231865548163,40.91781326047368],[97.97152747511308,41.09666136473038],[97.61575689046822,41.4633304348518],[97.84645337032686,41.65509064981376]],[[105.89219989460952,35.45279229542825],[106.05420188031258,35.48971351506685],[106.04867863461146,35.448971170483276],[106.02717019494872,35.47103931041596],[105.88948620022813,35.41817020519085],[105.89219989460952,35.45279229542825]],[[106.06854999968289,35.420870999696945],[106.0581939996535,35.4390460005726],[106.06146500030957,35.43959699990165],[106.06854999968289,35.420870999696945]]]}},{"type":"Feature","properties":{"name":"青海省","adcode":"630000","level":"province"},"geometry":{"type":"Polygon","coordinates":[[[100.93688270517276,38.1601634752642],[100.84232604001477,38.14772065508424],[100.71355479981423,38.25277766505724],[100.54502025028438,38.24527577955365],[100.4732020401421,38.28805742501021],[100.43590030475531,38.26738724972182],[100.42208891966794,38.306960435175995],[100.31817136511648,38.32520612546239],[100.30033561999295,38.38813780531552],[100.24752529535618,38.372819745534855],[100.23820430528451,38.441913400183296],[100.05601198026875,38.520185155220815],[99.99926499028714,38.467510160565496],[100.16734843538205,38.32049352505618],[100.18032045982142,38.21985570987317],[100.12711424013014,38.22890694020316],[100.07578002043164,38.28487044981148],[99.65733933004611,38.439645720074],[99.65199670508395,38.4706845605441],[99.52457351985214,38.54898490053279],[99.50930370510196,38.609702595198655],[99.4289441154786,38.62048972482097],[99.34939763978929,38.73666778988667],[99.0639445000387,38.90469883508325],[99.09836853527975,38.95495576499661],[98.93465218994669,38.994125914779204],[98.81168586491077,39.08699561995195],[98.7423192498336,39.085411535214234],[98.58044955530278,38.928342710447794],[98.44248544964387,38.96349474508645],[98.38127541482856,39.03236594972884],[98.29076626005491,39.03726334552704],[98.23670014999198,38.92273363524913],[98.24707107966663,38.881369514691414],[98.09320261021236,38.78486168042224],[98.01143180983024,38.85896093010291],[97.68513127029195,38.96959570987417],[97.68532388978576,39.00525801984179],[97.34541586035374,39.17469867050727],[97.01221755489632,39.21259912504962],[96.96173746990837,39.19694531507429],[97.01251229960303,39.14135866996668],[96.97114457546184,39.102654400480276],[96.96976455499026,39.01949659009563],[96.9341752097182,38.97089801003517],[96.94017156536552,38.90657862500359],[96.99353456027183,38.8839865598319],[96.98732093471341,38.79184455997853],[97.02226308467368,38.75499005474728],[97.01621624018742,38.68602731530842],[97.05566230017507,38.67200619483009],[97.03421372028703,38.64978665043361],[97.05529698476812,38.592817710469035],[96.9355253753958,38.554321140308446],[96.79441831545296,38.607769895464344],[96.81540676980666,38.56427682511543],[96.76160989967718,38.5553285950387],[96.77876032992532,38.504852084855884],[96.6576060803564,38.488604300548104],[96.69848440513124,38.45758946028542],[96.62364396030057,38.34655254056736],[96.66532536527347,38.22214947481848],[96.39609648986118,38.28071014555684],[96.3389572245963,38.25500909529359],[96.3123147397335,38.161218229837516],[96.27248171046261,38.145325034722646],[96.04883186489872,38.17729510518501],[95.89739190491252,38.289199160213116],[95.85540820002848,38.28434404514161],[95.82537379976111,38.35400526013473],[95.70192027959729,38.399676525351424],[95.51691446513053,38.29509411010514],[95.49378659467567,38.31532000051766],[95.45367086981486,38.29136567018958],[95.321028495169,38.32044152535616],[95.26742441540449,38.29729193987117],[95.12257420983195,38.41344396057036],[94.9712015497118,38.43035051536407],[94.55054508538745,38.35026887470883],[94.36965677464048,38.76164844002352],[93.87422394038259,38.72044258036084],[93.75450819959377,38.80604357984737],[93.88295301017337,38.82603529489302],[93.88346593040842,38.86747070470932],[93.73034058964657,38.923698345202524],[93.28245309533412,38.893611609788024],[93.18761017506961,38.919062455168216],[93.19661547972066,39.04571022514682],[93.13010685524722,39.10766829535561],[93.14078558508675,39.15978252044704],[93.11441590507002,39.17914110557763],[93.04436963545038,39.14603067047909],[92.93831927481472,39.16858745974355],[92.49278837478374,39.101689485481415],[92.4593710253526,39.04277768973867],[92.42222109013125,39.046672135510676],[92.41714793532901,39.00997534978262],[92.37990277539285,38.998516850172564],[92.2560081251749,39.00089713979122],[92.1694606854623,38.959251335380884],[91.99065961484939,38.93963075525522],[91.87483857524012,38.881442365173086],[91.44993737471015,38.81382486042901],[91.1145562203933,38.70745721537821],[90.80572116519966,38.65624515508989],[90.62121188532029,38.666252309896265],[90.64496603465483,38.634140830035335],[90.60974952042409,38.5962389851411],[90.46269377969423,38.5544302397638],[90.42210773548368,38.49102921542601],[90.12672131483686,38.49253789470811],[90.11212262995548,38.414022829889745],[90.17719552545321,38.3968054154376],[90.1356315854294,38.340299014787774],[90.27895798512299,38.23792208523611],[90.35095404519308,38.23321141477504],[90.35971788007618,38.299872000392554],[90.52927732488871,38.319773019709146],[90.51829642014371,37.73028445976007],[90.7752535201339,37.649951280527205],[90.87734947989463,37.5817995452129],[90.86168285008353,37.532617435546285],[90.93568405027878,37.481741944735006],[91.07312335475905,37.476164815254094],[91.13285107032067,37.32294322005362],[91.1913821398739,37.275549065137284],[91.18844681476872,37.20533612056556],[91.27762552509796,37.160185265137955],[91.31282602510106,37.02057459973804],[91.17919639989401,37.02521088547405],[91.11460357959157,36.970255874708926],[91.04783213544476,36.96570756515206],[91.03680160970657,36.928993505246126],[90.85465622030836,36.916262904709356],[90.72096408502455,36.79798041976062],[90.75571202009371,36.72223636041974],[90.70464320022359,36.66105447978049],[90.73052531998758,36.65530790003959],[90.73926375531812,36.58578634526367],[91.03368943022309,36.53128609557689],[91.02576122470083,36.44273092029579],[91.05133277528739,36.43008280557706],[91.0249310497282,36.32418622001808],[91.07584046026909,36.293013115263136],[91.04466536981101,36.24590871471548],[91.09683099025807,36.2174839947906],[91.1061042452148,36.09381571472352],[90.97606924979613,36.10656655540225],[90.92533501010269,36.0312280102645],[90.84008364994054,36.018357865523114],[90.68328689527408,36.12808381021972],[90.23570404540544,36.16138011000413],[90.1269798654285,36.20888323487344],[90.1415110346066,36.2419583455013],[90.00314848521447,36.28049181484545],[90.01671282024051,36.21257512004581],[89.93556193513524,36.13131333054582],[89.94083658034396,36.06794891491057],[89.70932380474983,36.09319327055306],[89.59603355540429,36.03789528983583],[89.40868439007261,36.03582799486611],[89.42133196519808,35.91915981007725],[89.55001021459981,35.88190030055847],[89.52724477992274,35.87302894992615],[89.54739192479752,35.85714243047886],[89.80007725496142,35.848519045417675],[89.72262265541127,35.65049920997063],[89.76249646533967,35.589932780373545],[89.7093062850571,35.58332931489599],[89.69650684501494,35.54384128534707],[89.7033157102519,35.50861047009715],[89.76422396496406,35.48394512496759],[89.6855381251844,35.417012360432125],[89.5040880996861,35.372472409973795],[89.49311319521786,35.295934135052335],[89.53080436492957,35.28083866557199],[89.44677866020709,35.22613367982552],[89.51148556490693,35.138432255244425],[89.58987880486302,35.10911072507997],[89.55884123963159,34.939912095466866],[89.57719930020761,34.89591169506872],[89.65257276512108,34.88423495517907],[89.70436025032535,34.92076364502623],[89.78490396534579,34.92361195982414],[89.86679129538203,34.817753679988414],[89.72114153495392,34.70484894032637],[89.74066186495315,34.645214294703976],[89.79631871024037,34.62867255979086],[89.77542047047837,34.57727221024436],[89.81321176980737,34.55091838977194],[89.82150848962516,34.45557161533782],[89.79752837033806,34.39629707534982],[89.86935993541277,34.33496957468617],[89.82289328010086,34.29650024049374],[89.81375685519475,34.170641965554296],[89.75733450518334,34.15430433987342],[89.75308923028382,34.12461651044367],[89.6925177402016,34.13129853529921],[89.63403920004907,34.04389587989101],[89.7926151302841,33.866468754829214],[89.84335523535589,33.86765984482605],[89.93938095476733,33.804010815346885],[89.9046610048016,33.74127177027606],[89.98030712977027,33.72796200544224],[90.0064289854094,33.69125034043094],[89.98581919509985,33.58763701033979],[90.08108000513818,33.531309570280484],[90.09020448524888,33.470386750148464],[90.2218451752147,33.43944942515088],[90.36194489014463,33.28454887483076],[90.48788282523225,33.26720016025922],[90.70131937518909,33.138240104697104],[90.88066706543276,33.122672894938205],[90.90038855039137,33.08817749489555],[90.9275148849041,33.123570324810714],[91.06825215531279,33.11554688558033],[91.14511857486241,33.07423467029383],[91.22930130481143,33.144615395084486],[91.4342150453881,33.06814135513946],[91.4971545646315,33.11100486048599],[91.67911227001531,32.99374377515517],[91.83685936976417,32.950248915155385],[91.95674817518818,32.82142530023748],[92.13589717011837,32.886524124988455],[92.19728961982014,32.869716609833745],[92.22930866016657,32.839550170204234],[92.19307218523323,32.80600302971612],[92.19823420024818,32.75634075492195],[92.25433806524956,32.72451017020825],[92.45442855013755,32.76676723032347],[92.64942265972803,32.7232341347476],[92.68614035469369,32.767624165522875],[92.87268120037714,32.69889117049115],[93.0095330802875,32.74186355495914],[93.06464315485778,32.628532069899165],[93.17268820459702,32.67165615021122],[93.2409766098827,32.6652224947224],[93.38057779462957,32.526786250385214],[93.4551973650664,32.56109481537351],[93.52119374469561,32.47613057006981],[93.65191602540432,32.57589602488167],[93.71718958033495,32.58027805968476],[93.82340448003276,32.548684404961364],[93.85674228532827,32.467601405180744],[93.96000559478244,32.48653540508491],[94.01114627498066,32.44794205977831],[94.05538356489967,32.47204676484637],[94.13826041988256,32.43401166020999],[94.17980151982437,32.45751705976454],[94.19606146026825,32.517138944906435],[94.3671952951268,32.5230448953057],[94.39239459473481,32.60514713003607],[94.43985895972327,32.5651470453999],[94.46363163509193,32.60880557032084],[94.5309133698562,32.59976971480057],[94.59525504458469,32.63154490487352],[94.61126646997167,32.67685447535382],[94.72084362992962,32.606400335307285],[94.79743875009831,32.49723666024374],[94.89086822478879,32.474259580015655],[94.92038478013353,32.412242230094876],[94.9870436399521,32.4251165252075],[95.07368734039852,32.37821659541959],[95.22240215493554,32.391349790060815],[95.25813538543974,32.35143462480812],[95.095536230113,32.324754274889926],[95.07789753544296,32.28245885509216],[95.11153019965906,32.262839255227505],[95.23995810028617,32.322904940510625],[95.26168178458676,32.214193029984415],[95.31172653475181,32.151183094724104],[95.3619910549433,32.14982572547689],[95.38527557021143,32.185278460132906],[95.43932901961864,32.159938199888074],[95.45363045967804,32.06477156055911],[95.418146364763,32.04632012517368],[95.45322250021826,32.00944656510694],[95.39490198533844,32.0038830801401],[95.35962347993973,31.940837904945397],[95.40821136526233,31.919718055144187],[95.4530493204698,31.804298395554554],[95.51350345532029,31.75048661556491],[95.56563017469284,31.7420426002858],[95.61681526521238,31.786220755283694],[95.74059617547317,31.7639235400394],[95.82381174481623,31.68321206008858],[95.89835333503845,31.819046755503393],[95.98109125016111,31.81905455982013],[96.03753880996817,31.738270240179475],[96.14304975993855,31.694379905108576],[96.16213649979966,31.602060924971738],[96.21093933478255,31.604116235575873],[96.25052301982157,31.666937119852264],[96.23142679031417,31.750768335390433],[96.17602809991695,31.777716430568887],[96.21413713961738,31.878053255253576],[96.1873638546582,31.90581486006778],[96.38584647493491,31.925595020393928],[96.41222009038495,31.8356763200062],[96.47397738514826,31.77091952541582],[96.56748717019678,31.71444789525424],[96.61505780537345,31.73941596477499],[96.65933945974831,31.70780577511647],[96.67554337962332,31.73051110989985],[96.77334041542787,31.67574342521897],[96.84128171028277,31.72582342970759],[96.76447136975798,31.82299782978606],[96.7616757651245,31.868926704903572],[96.81084285521365,31.899871465495778],[96.72376007966403,32.02642852985281],[96.82015009465118,32.01260494995853],[96.86618046545618,31.96764822488575],[96.89422310481251,32.01761420972804],[96.95583710969493,31.99662392525397],[96.93463081526,32.05027650006048],[96.96636366974764,32.06792047015364],[97.16630918032445,32.026680449743026],[97.18659879040189,32.057675469847084],[97.2347213853837,32.048613919796594],[97.20068582489097,32.09302020042196],[97.22058291506954,32.11072327485931],[97.30205172041065,32.07478703499373],[97.31349840472768,32.13296325005399],[97.27102459990545,32.14251156985313],[97.2637486546767,32.18591412523676],[97.29244067020085,32.291869315116855],[97.3707309000111,32.27560453002508],[97.42665629545172,32.32470544530014],[97.38870795021177,32.42771444536544],[97.34098095980352,32.441292469871655],[97.38844095498615,32.50360275056653],[97.3279253703596,32.52053435507645],[97.34118956025009,32.559786684907635],[97.3861961302473,32.55131976479538],[97.44688516981478,32.58935816005112],[97.51924586000848,32.52833394495565],[97.73023030498467,32.52944709520733],[97.42713121483376,32.70240837044997],[97.38113932961642,32.795084340070275],[97.38827299040622,32.8664202204169],[97.34749306045643,32.89740544510528],[97.37300855000461,32.95829927469185],[97.52188110023263,32.9900821800486],[97.49773259997954,33.0211136802522],[97.54341407519945,33.038829234581556],[97.48463161006083,33.110529770232745],[97.48636249473338,33.16993407519749],[97.57539839002374,33.22302063469459],[97.622388885139,33.34131926517199],[97.67642506036827,33.34272195485437],[97.75823297037533,33.40506301034969],[97.5527613200789,33.466644344660835],[97.5104840998614,33.52269688984961],[97.52479768526501,33.578475284806586],[97.41482168497282,33.60746432032215],[97.42137051034086,33.75817669459883],[97.36782658532871,33.82693495518407],[97.39978364979567,33.85208886960572],[97.3902845651806,33.89065451039738],[97.6419254703842,33.92584744980002],[97.65493099996576,34.010241065372895],[97.70230971532118,34.044391390150565],[97.66537040492034,34.1286893951995],[97.77330026499527,34.16370854511331],[97.81041178477608,34.209257890139554],[97.94514237532042,34.198215604866334],[98.04386127467814,34.11741982516486],[98.20699636479048,34.08039458004589],[98.40201752508875,34.087921095282354],[98.39107471022976,34.058211194690955],[98.44031264531242,33.987504989963384],[98.40964786525683,33.95505523461145],[98.42884030513602,33.90121622494888],[98.40742729523356,33.868089329558984],[98.46113639512862,33.85063980997927],[98.4911012301377,33.772608295336624],[98.58213098535674,33.73425735958955],[98.64908506022743,33.65920348495291],[98.61177090520317,33.63550602528289],[98.66488919008412,33.58893146481529],[98.6505922502322,33.54575356997134],[98.74264151469418,33.48047399497892],[98.7331662396303,33.411861390390925],[98.77870705998288,33.37011271972631],[98.75738754539896,33.28252809999185],[98.80308187013225,33.27232582018053],[98.82812859525853,33.18229838995876],[99.00114099516088,33.08335794531297],[99.06084326980113,33.08976479021294],[99.19548080029875,33.03558314964272],[99.26460598517815,32.88197983000521],[99.38319640519,32.90261996523924],[99.55273222031576,32.84555403519062],[99.58734997042484,32.792864625302286],[99.69705318026013,32.770723265266554],[99.72914386509734,32.728082940175625],[99.79118821986054,32.88643300028281],[99.76533378032974,32.94259155485645],[99.85096418045265,32.94494062990617],[99.87640657490357,33.04797195024537],[99.90166643485816,33.04932188479722],[99.95802905010066,32.94824673020247],[100.03903946469961,32.93191914545224],[100.02682946460817,32.89776727024338],[100.11041750526374,32.86220099527975],[100.13575775471668,32.71962072531625],[100.08614112501294,32.67094312542497],[100.12953303512154,32.634004914894945],[100.21447199508657,32.6096458347875],[100.25824850476477,32.745055810077645],[100.33564769528499,32.72061379539042],[100.40093922496533,32.757113234787994],[100.37820895018297,32.699727010293316],[100.4188385152853,32.733853879852745],[100.54393287999847,32.57242726510623],[100.64540423541717,32.52803078529257],[100.66877564498009,32.525588575552376],[100.66383503046234,32.62513720471827],[100.71905560473243,32.62425703553379],[100.6861694848339,32.684678970158416],[100.9259912047304,32.60185924550785],[101.070595444824,32.68360110480717],[101.11077648025042,32.67432204023004],[101.10990334466368,32.639591695000775],[101.12165122992036,32.635555095191535],[101.22007317493711,32.72285850051941],[101.23687530495141,32.82910921481846],[101.11955825480965,32.91330860021179],[101.12702808038165,32.991347445228485],[101.1840907099184,32.98798352032327],[101.1827660202357,33.04415986978222],[101.14127174979149,33.06041521019387],[101.1676021303341,33.102495530144665],[101.12375664984955,33.22463217033845],[101.18249890540022,33.272259780264676],[101.27138242495903,33.27071393020378],[101.38202589487918,33.154433284868276],[101.39818544490242,33.22613642045951],[101.48619667963311,33.22881679495919],[101.63120357498508,33.103355985290534],[101.73901076483497,33.269280054730814],[101.65236055509558,33.318109350466216],[101.65974628506308,33.38518902015721],[101.69485263504112,33.436844500173606],[101.77334694530532,33.45441054041419],[101.77604398963848,33.53667377987108],[101.73350206476852,33.49849641058091],[101.62989308469815,33.494271360534924],[101.60584057987893,33.631349030533386],[101.53884797535386,33.69733933973879],[101.43169087483409,33.68627030053398],[101.38919104543044,33.646742584802496],[101.23338561525401,33.68715852044943],[101.16531657529976,33.661199770353164],[101.1902340948277,33.78898332022408],[101.15268852535525,33.84500838033256],[100.99400749494998,33.89268165513431],[100.87045089988919,34.08471458501015],[100.76275646973534,34.179671694892875],[100.82031170022486,34.320548909704485],[100.94891710993676,34.38487575551176],[101.05253387004211,34.326042705306634],[101.22639958986923,34.331259360431204],[101.22794428520064,34.298758095509754],[101.32254513495008,34.27069930522879],[101.32403348505733,34.24598443533347],[101.57863447460136,34.198556474901466],[101.73523969975241,34.08104610469405],[101.76177207971779,34.12422156507324],[101.83863768538095,34.12665521056954],[101.84759889537276,34.15477015002244],[101.95576451002415,34.10959279517141],[101.9574163101147,34.16419839054333],[102.00118572504124,34.16268417503471],[102.02856082462245,34.19230827041042],[102.01472465961541,34.226549620068965],[102.06176997020799,34.23173109551368],[102.0652881450319,34.29391298989265],[102.14507307506244,34.27301403516964],[102.18648021019362,34.35609530515427],[102.25728957975036,34.35587032535528],[102.15387163546768,34.509113040234695],[101.97281989991853,34.549519565375704],[101.93261422037006,34.58943853476063],[101.91605990034418,34.87805490490996],[102.06590164004871,34.893773285308896],[102.04958408993389,34.93211037509377],[102.09381802987826,34.98936584985415],[102.21685367016079,35.06065654016726],[102.27846858965376,35.05838139028896],[102.34238391468597,35.162778445368986],[102.4045101752045,35.17930620032092],[102.36834944027453,35.2613791953936],[102.2760774901841,35.30571552045495],[102.316703289825,35.34315788013214],[102.2820088797061,35.39491432973256],[102.31320775543361,35.4354116504274],[102.40586544993062,35.40901914471783],[102.44700090976426,35.43826933526168],[102.50270754511718,35.589431609781],[102.74150767473947,35.49413174038756],[102.78094666965313,35.52794802008509],[102.72629208461206,35.52430289965912],[102.80512346977235,35.56332459025771],[102.6973691996289,35.718370249787256],[102.69438550988343,35.79708983033146],[102.78208263030922,35.862226430205624],[102.94465773506647,35.83169047983182],[102.97155869497783,35.99507065498676],[102.95008309046233,36.02396256012412],[102.97371671985081,36.03633494000553],[102.87998865045591,36.08339373503287],[102.93983704514358,36.1062127351297],[102.98511761518586,36.19408612987104],[103.06889724471216,36.20707824516495],[102.89505741546742,36.33246366556574],[102.83660000038975,36.3409097798625],[102.82452173479027,36.407195505568154],[102.76481837466832,36.4654469651054],[102.79131866502445,36.499400490340406],[102.73269605527878,36.56205551534981],[102.76255783967264,36.5755121196886],[102.6051395797279,36.681910804839845],[102.6121978647397,36.73849940981995],[102.71904041229315,36.76946290203226],[102.5595112697294,36.9192479848067],[102.44881325502774,36.968616215466],[102.50474823544278,37.01949804469905],[102.49536507523811,37.08714860492421],[102.64047709504194,37.09990646031497],[102.60206418971063,37.17121522969916],[102.48783650505072,37.22297244012606],[102.42570005521344,37.30796256971689],[102.30936047460625,37.359576740274406],[102.29850723042438,37.39048999042075],[102.10121881989267,37.48159873489374],[102.12817875464589,37.5468707205074],[102.03749500459082,37.62072212512601],[101.99676660039836,37.725750444927144],[101.93436191517031,37.72385932984423],[101.8618884149185,37.658645864914774],[101.81272577467485,37.65350794003945],[101.78923792539001,37.69544740007751],[101.65698799959654,37.73218999996857],[101.66755600040915,37.758901999727584],[101.59075100005867,37.83019400035289],[101.43825162970899,37.867770060439966],[101.3534279304547,37.78966136058335],[101.1964969097047,37.84849083508402],[101.10098432007038,37.94645279036405],[100.89652314532697,38.01245197497872],[100.8859636952684,38.05431664020085],[100.93688270517276,38.1601634752642]]]}},{"type":"Feature","properties":{"name":"宁夏回族自治区","adcode":"640000","level":"province"},"geometry":{"type":"MultiPolygon","coordinates":[[[[106.79444836519997,39.347520710012816],[106.59828659025402,39.37461144486235],[106.50377606031697,39.26942845515913],[106.27706922036828,39.27345617056585],[106.283306695048,39.14288845543791],[106.14539941485117,39.15496197531496],[106.0846645548254,39.06748034504193],[106.08377410998725,39.00477217549553],[105.96587110476776,38.89801203033096],[105.98894053997401,38.85472933029439],[105.89290548020381,38.78706414979075],[105.90493144483037,38.738029039708465],[105.84866349492444,38.64008026489239],[105.87111519481044,38.590269080353835],[105.81726555965793,38.36058825524384],[105.8622977747226,38.29508205019653],[105.82978855979428,38.22815584531605],[105.77703722528776,38.21047046054338],[105.76104822989197,38.121360374781545],[105.84063093476988,38.00430552557958],[105.79537430468048,37.9540857700423],[105.80259743002745,37.86124240511293],[105.76822141498639,37.79438947969078],[105.61862147959766,37.77807352497325],[105.59691773956212,37.70655196520107],[105.36616788044341,37.71483286054814],[105.17023061495098,37.66342704492223],[105.02144336541903,37.57926172494871],[104.43011029505413,37.514637820479095],[104.40463467964679,37.46432300030625],[104.28447399419298,37.427330174700984],[104.43356996987825,37.44587243996119],[104.45712949962677,37.41936654503007],[104.6757494747585,37.40842720964804],[104.66465609000659,37.35591761020959],[104.71491592473018,37.337273450109706],[104.61806967017918,37.296110954856715],[104.5968761946807,37.24463287510713],[104.62352979516396,37.20514587977857],[104.71579854007064,37.20727338525859],[104.77173704492873,37.24631921545949],[104.82414106036168,37.22756680486418],[104.962491194613,37.0311875405726],[105.16155731032165,36.994631880057284],[105.17511209005096,36.89213491979075],[105.27551150485215,36.8694314403088],[105.33683575986248,36.76888805034332],[105.1990384595573,36.704966240299825],[105.21650828043283,36.63107616033659],[105.26717413477854,36.5931527901692],[105.24536656981138,36.54757021519333],[105.35763837471126,36.497617175192545],[105.39864828469064,36.36514052491532],[105.47394222525355,36.29159321525475],[105.45683109987544,36.223140209752955],[105.51091500482369,36.14789391976865],[105.48747442030833,36.10127054499969],[105.4270166450022,36.10397010473662],[105.33784264981847,36.02870040989603],[105.32085161001385,35.90646942542372],[105.39560209476093,35.85770881540958],[105.36956596519718,35.8469563303704],[105.37438262525802,35.79686637488334],[105.4254354848598,35.820282170485825],[105.4501224397988,35.74761045515845],[105.55182369520742,35.72666345055785],[105.56249257477259,35.688577765351624],[105.66599401031539,35.75147020508592],[105.75251677982561,35.731090460456414],[105.68736719464039,35.68531204011862],[105.8125301704311,35.576046874763506],[105.8337570152741,35.49299457014337],[105.88609673997263,35.548600185550185],[106.00641298507128,35.52632440474753],[106.01740036493493,35.49493574508864],[106.0910100200964,35.510372650277645],[106.06424767538999,35.45541374544803],[106.10353500503652,35.36489798515396],[106.16880102005109,35.43737474544821],[106.23448983963448,35.41108385503594],[106.25139161543075,35.334993730276494],[106.35869320013114,35.23849687043429],[106.3630200552314,35.27060692486975],[106.46946997475959,35.31182745517299],[106.50142303544482,35.36013814965594],[106.48503657028158,35.48415760508948],[106.43547037006158,35.524690004739966],[106.47678221482744,35.57744346524379],[106.42982137036,35.688879825143886],[106.48803269045635,35.736506005148044],[106.59839249531746,35.74829193982123],[106.62607053512716,35.71499250500017],[106.66917342021725,35.700664605087525],[106.67667836521446,35.73141756996495],[106.74819435458585,35.68859329034814],[106.76128961042724,35.72958943980086],[106.80040795026673,35.708968909787416],[106.81664142006554,35.74496421532632],[106.85993706494367,35.736411044833915],[106.87016393491774,35.779366379954524],[106.90923435528134,35.77151365992751],[106.8873737204209,35.81062361538761],[106.92503374031492,35.80767585535648],[106.84759922532407,35.88723665544734],[106.9414401299581,35.94101771009929],[106.9039069999082,35.938131729895474],[106.89779609041727,35.94284250557723],[106.88536818459409,35.97172267995779],[106.91142395535132,35.94068580540562],[106.94536185036918,35.991548995289975],[106.92368684996819,36.01585651996248],[106.95487821545731,36.07576578975943],[106.9422309595912,36.122296644974256],[106.82966517980424,36.229492535052486],[106.75879811963756,36.21507797017222],[106.60087153499342,36.29609297041429],[106.59031060015411,36.27063163983837],[106.55545878979137,36.29232601523347],[106.5366274501967,36.25404039005201],[106.49951791971625,36.26878361487201],[106.46573888004536,36.311916750457726],[106.50741299961032,36.291992999877095],[106.50079033990232,36.36336086011568],[106.5279093548329,36.375368970501654],[106.48308519972227,36.40208678527699],[106.51846720539726,36.47775963539891],[106.40640790490096,36.519171045007795],[106.357582930408,36.57104316001386],[106.45155547510512,36.55978925526995],[106.44065627017079,36.624812400272106],[106.48817601001491,36.62946471462493],[106.48656287987308,36.685480214940014],[106.52636738534659,36.68973252973251],[106.51314982980085,36.718537900303886],[106.57268138973438,36.746191545103784],[106.64143947495188,36.72346843971678],[106.6358314753424,36.882225065334524],[106.6049585400047,36.88106571511071],[106.53461285999555,36.97856668510451],[106.57531104516863,36.93479234998699],[106.59083445524595,36.96897941027163],[106.63894568009914,36.9625514600819],[106.63725975523357,37.011778060109464],[106.66243805477245,37.01716459536982],[106.60110138462124,37.1271643449586],[106.72435482991153,37.12088451490848],[106.75570735031403,37.0804892546754],[106.77633175011022,37.158304715290456],[106.89149812014222,37.09997645005319],[106.90193827962798,37.15109759967453],[106.97970749980135,37.10715429543444],[107.02467640529193,37.10663613484979],[107.0258604697849,37.14019306985432],[107.08949523961365,37.11669070461238],[107.17757507463006,37.14084106016685],[107.23201045981494,37.09699981998574],[107.27619312041622,37.09853216043092],[107.27384326475493,37.128227455133015],[107.30195978971261,37.100249330442296],[107.33367823526243,37.15872955052839],[107.2543873100264,37.22833606515735],[107.30465402995958,37.235635890084325],[107.25487456540895,37.31826156531906],[107.25887684978687,37.39149104557532],[107.28060431034072,37.481867345301794],[107.32523671020607,37.49504441516768],[107.3666981050336,37.578211959814155],[107.30755376979073,37.60853373484406],[107.41597992523344,37.65057023532813],[107.38072048006615,37.6918456602491],[107.46601344016818,37.686594019698305],[107.4922481247512,37.76426764553548],[107.58418026960379,37.77811439016705],[107.57943765522367,37.798114865508694],[107.62368819035777,37.77225220977169],[107.66171280530176,37.83681074971639],[107.4892497652645,37.9440181448216],[107.41518515477111,37.93954557526814],[107.43545502023306,37.995275695516966],[107.32978447027716,38.0873746547166],[107.1850376049016,38.1542475855577],[107.02778390020688,38.116148700102485],[106.94372502039346,38.13015723546812],[106.767389190259,38.17272142485393],[106.48444128473756,38.3046228948308],[106.5961770748122,38.39040393049703],[106.64514443536746,38.47287046979642],[106.69986382015924,38.714080054950614],[106.95372680984445,38.944341955416974],[106.9662809553019,39.052731680222905],[106.85999775029597,39.091429745286575],[106.78634139513935,39.24404380977404],[106.79444836519997,39.347520710012816]]],[[[106.05229227516844,35.48061945542361],[105.89219989460952,35.45279229542814],[105.88948620022802,35.41817020519085],[106.02717019494861,35.471039310415904],[106.04867863461135,35.44897117048316],[106.05229227516844,35.48061945542361]]],[[[106.07094400036539,35.43153100025552],[106.05911599990355,35.42783499978549],[106.06803500021516,35.42063899979007],[106.07094400036539,35.43153100025552]]]]}},{"type":"Feature","properties":{"name":"新疆维吾尔自治区","adcode":"650000","level":"province"},"geometry":{"type":"Polygon","coordinates":[[[87.79720229994626,49.180598660000214],[87.4963194549789,49.142289334984866],[87.5102393046003,49.10302823046851],[87.43283544030339,49.07640206020699],[87.13834891007417,49.15453018541979],[86.88692725958543,49.131808439807685],[86.83404793536397,49.05019798494908],[86.73283752003556,48.99231467008599],[86.74087594466914,48.914490360142054],[86.82004046029908,48.84798137054389],[86.75063326511315,48.78350450972539],[86.77217363970175,48.71980571536153],[86.63641814488153,48.628420825061085],[86.58700794466097,48.54107082495864],[86.40656521471294,48.47848176971797],[86.37607686995165,48.5028836449643],[86.31014308043888,48.48962255054033],[86.2242954652636,48.43194642508752],[85.82500850973497,48.426441295329596],[85.71819010019306,48.36505256522378],[85.66748814526176,48.25184738994517],[85.5655282403361,48.15309975994603],[85.52653477046334,48.024151900090146],[85.61295289036366,47.509156724902994],[85.70005286994405,47.38268227496707],[85.67013790504035,47.322072644636876],[85.68776685465667,47.23909608002015],[85.54913946031792,47.1158875900403],[85.53710071992236,47.05555620005862],[85.21497689996403,47.0533918403612],[85.16800237500968,46.99583862974902],[85.07183467962682,46.9329705796286],[84.98981979514747,46.920909564824626],[84.92909544999509,46.863044159960054],[84.84596303016974,46.9568841553795],[84.74736411476215,47.00819128030338],[84.5110172403534,46.97206250997692],[84.42930210530795,47.00725573986057],[83.9178033998071,46.96823111027754],[83.57049709486512,47.06121747011019],[83.46079799493157,47.13224438027396],[83.4146945847873,47.12098235015537],[83.36418068529048,47.17759750492098],[83.24499989003294,47.1775747853481],[83.147061274858,47.23710890025558],[83.0251854596413,47.221794114906515],[83.00987665478385,47.114111169994544],[82.93529430009193,47.0155407352168],[82.87456323970179,46.7975450298793],[82.8241186653442,46.77375042004593],[82.72492241483764,46.49292807477087],[82.51785307036295,46.160353104712044],[82.45568669018866,45.97724525456488],[82.33868457003695,45.93617916483663],[82.3379707295656,45.783417769814264],[82.26275001989757,45.61825343504802],[82.27784207465209,45.538715594649034],[82.54466767467352,45.424777845121525],[82.5968407352118,45.34680542043384],[82.58453000025935,45.222828924715145],[82.54937486026165,45.19972077459414],[82.47928301479936,45.17856134023373],[82.29087402991263,45.24429019493658],[82.11537710986579,45.21057514023062],[82.06064950976713,45.255041314804885],[81.92407515524428,45.232212180247984],[81.77681223499673,45.385657614907075],[81.62105368467985,45.35363593505042],[81.51740714982014,45.28039999496383],[81.10695012974475,45.22019962990902],[81.07827762501245,45.183317984937105],[80.89623317462139,45.12961949974016],[80.7230166546949,45.17824136504703],[80.69655978540584,45.136074360343514],[80.59006394019872,45.104857124956425],[80.48402281020458,45.127406609927164],[80.37513588980954,45.04350672485555],[80.31648921960186,45.07230238994339],[80.2062998047922,45.028927670375765],[80.10499276540384,45.05370896509669],[79.89098255500096,44.91323193960238],[79.96500701975822,44.8794611053458],[79.94932769961372,44.8539822200035],[80.0014003202686,44.79415959988569],[80.1665312398249,44.84543213508499],[80.2168671895692,44.73900911967519],[80.32826328502262,44.69868072493557],[80.40293526974693,44.62337914463188],[80.34667371042343,44.4802417302717],[80.40406304027715,44.2900150797322],[80.39071904544767,44.11592141504133],[80.4431844504021,44.08169829553998],[80.51882295541509,43.813981309989515],[80.75174266998829,43.490712564933006],[80.73211804471202,43.3871674951838],[80.68343427457216,43.3299176645686],[80.77248798003632,43.3063954998525],[80.79866205031345,43.17388926457795],[80.78594383523983,43.13520021971442],[80.63104091970274,43.14290967504155],[80.37408009472063,43.02394002531196],[80.59297947482298,42.88958659514532],[80.25803816992567,42.82336255034147],[80.22761897043921,42.69400739472553],[80.17574852007817,42.671839475011836],[80.16248683030301,42.62149606988777],[80.22119649981869,42.53274114528767],[80.27776849521996,42.50915221490283],[80.21880458016727,42.47915401504582],[80.20453360014557,42.43444793012793],[80.23364847509708,42.348665514901654],[80.27851925465995,42.317603804671876],[80.28599076016553,42.23912917966794],[80.1677629800775,42.20311659995116],[80.13535472034414,42.15022117966379],[80.18870419484279,42.0824443249457],[80.15505666033664,42.03664950457102],[79.91536165491652,42.04262195533903],[79.84954576472529,42.01413980470829],[79.77004416520612,41.89245607029147],[79.64086798456987,41.88663114970785],[79.54681265008378,41.83397844025285],[79.41347391958578,41.83815915012474],[79.3549391798993,41.79288990524498],[79.32174569960443,41.80930818482494],[79.2107444398041,41.72560886026076],[78.95014322033342,41.64925845011743],[78.81527536986249,41.56150392506612],[78.70334552497604,41.54960662014946],[78.64576256479057,41.46784834012885],[78.5637121103257,41.47838769483633],[78.3816052748636,41.392601220070276],[78.15903049506136,41.37818168553639],[78.12937974467951,41.22968695039248],[77.82898949976567,41.14973075976678],[77.79921876993035,41.101351915558496],[77.82306097008774,41.054809660537444],[77.76593804460515,41.019688815286656],[77.48746208540695,40.99395197020732],[77.36268060472617,41.04312207482394],[77.28847965970857,41.002577515440066],[77.22780340490328,41.026074689795166],[77.16504863968305,41.00851244469362],[77.09901508028179,41.05685896996556],[76.99866130967177,41.071861470230715],[76.87716602998836,41.02717519018296],[76.84667720498908,40.97609530505434],[76.75682875514298,40.9522055154722],[76.72679996034992,40.82014543026747],[76.64213873531446,40.75775595976978],[76.67203071534527,40.6941589147022],[76.65518413004361,40.62520213507054],[76.55280432535938,40.54219048520281],[76.53808709004721,40.464599534940646],[76.43116006488515,40.38696961975222],[76.3620385204614,40.38200768500673],[76.33857523525893,40.34076841553002],[76.2740442550384,40.43851667480476],[76.17838991965914,40.382361395561986],[76.06655383539123,40.39567363982667],[76.04123779029186,40.355521075137574],[75.95504722045291,40.37539141498189],[75.92082719461939,40.293539779936964],[75.82359289969264,40.32678560527154],[75.70238315475882,40.281671024897946],[75.6667857902321,40.36233097549416],[75.72879517485751,40.47198032043548],[75.64713207008901,40.513240169997914],[75.63256976997894,40.624027874986496],[75.57853035988825,40.66024828982677],[75.23787743459599,40.45022692523247],[74.98544907041833,40.45607138538617],[74.837351420132,40.52079272510423],[74.79336834517306,40.44294811476374],[74.90276366491128,40.336884714857774],[74.70477649014299,40.348005220464586],[74.68813498983798,40.2871210199192],[74.58396827001968,40.27000083027417],[74.36499765461815,40.09643907500339],[74.25249198012085,40.126277514795504],[74.08788086510987,40.07952111051088],[74.03890607975183,40.09489343988042],[73.9415107351324,40.02182220523065],[73.97226556970031,39.99574579503246],[73.91235686467763,39.92651885995747],[73.9132463148656,39.871323515268045],[73.84840825483712,39.82384221514616],[73.84122619523276,39.76119882556537],[73.92096546488438,39.723376239721745],[73.94869339998047,39.59444688521563],[73.91716399462268,39.58812730513108],[73.8640229649879,39.4765959849168],[73.62711113467117,39.47068294965845],[73.57669813461126,39.396656095402534],[73.50114210012788,39.379088064962275],[73.55064154996762,39.352990009881125],[73.54100394997238,39.26961709515285],[73.61708224504963,39.2394272947339],[73.65004564009428,39.16277171494272],[73.70572672031193,39.130836414968655],[73.73428921007906,39.024874869579605],[73.81178017461542,39.04092951998143],[73.83649132491479,39.00463347035844],[73.82230781475391,38.92061362022247],[73.74085471966964,38.93486786026358],[73.69572016985,38.86684176473568],[73.76251209965375,38.779418475282455],[73.75078119539592,38.72104508026632],[73.80124502513786,38.609009119875054],[73.89433348500239,38.577775610356184],[73.91779010982577,38.53647934004954],[73.99840440004306,38.52507410458634],[74.08342525497159,38.54321880010758],[74.06304184020883,38.587273749783776],[74.13847856523364,38.67554547044716],[74.40949695032407,38.64993168499933],[74.63067022485103,38.60501156503176],[74.85526140518976,38.491625965066305],[74.86530321537117,38.410892129768],[74.79099636978668,38.33623967022464],[74.81832186546177,38.106466554887675],[74.87459738496142,38.03096748975787],[74.92391349541157,38.02785278497811],[74.91924144004048,37.838375110522975],[75.0096928502449,37.77753660543004],[74.89276647998912,37.65979889020667],[74.9420825850433,37.555975505465256],[75.00333838006225,37.509774099794924],[75.07601475028054,37.51081233472155],[75.1512867051174,37.42308157515464],[75.11929071529431,37.31769723533921],[74.93291150476222,37.2822847552373],[74.88023740043576,37.22537908977324],[74.81438068012437,37.217717089871826],[74.73506324467309,37.287483244955865],[74.66280587489126,37.238372759994945],[74.6333261701667,37.26657823509754],[74.58519291012476,37.2331608748745],[74.51559895992409,37.24419780468497],[74.46010774997274,37.141186495160696],[74.50065731498313,37.066824969896516],[74.5292127504681,37.08198457003192],[74.5690791553788,37.03216725481502],[74.70353988995402,37.09160323480148],[74.75946036970038,37.025395494706345],[74.84925300492228,37.05609454972375],[74.89883294498446,36.93571169993504],[74.9354318449038,36.94540546529004],[74.94423784540032,36.98760070510849],[75.1382095400383,37.02730786976241],[75.23494934004009,36.96479298970479],[75.40264591028057,36.95602244497991],[75.39120903486912,36.909477009956106],[75.42392382492466,36.87889001046568],[75.45126003512257,36.725570825333364],[75.52892441502979,36.72823056488869],[75.53530779032235,36.77318015474037],[75.64169735544863,36.77185029035866],[75.85930589005483,36.670494815283575],[75.9400235996095,36.604028129794415],[75.93285367545684,36.57090187022516],[76.01226350995307,36.47257464000768],[76.0319851397025,36.40511862472482],[75.9853510450148,36.33702930505842],[76.0671528000617,36.23442248001351],[76.00786607515931,36.22966129553242],[76.01271588513004,36.16532836491217],[75.93289046042645,36.13471919983124],[75.94934759971204,36.070386760240865],[76.00380575483177,36.01607821004143],[76.10060364024588,36.0172750952695],[76.16055199997487,35.918526140568986],[76.15936226975299,35.82691689010244],[76.36352002492924,35.82358564476175],[76.36256824003232,35.860229345308085],[76.431572609988,35.85142534040716],[76.56975981046696,35.923760954804266],[76.5949820949478,35.8968730449551],[76.56624341989794,35.816561280378835],[76.59217954485018,35.77158946558143],[76.69283074464323,35.74612923487632],[76.76214444540989,35.656518730355174],[76.84514004507707,35.669082285419165],[76.90434103491089,35.61273665027625],[77.06132426040637,35.595690189750485],[77.1890537250494,35.51916672486453],[77.30136428533353,35.54353240509647],[77.38550202489859,35.47138714480093],[77.52587238000638,35.48398044494161],[77.63366196472793,35.457568424842975],[77.6505561349577,35.47826974005653],[77.69005519019493,35.450430045310384],[77.81338409490013,35.520987155033254],[77.90277269980032,35.46661301997494],[77.91965811512995,35.49616250039912],[78.03071654483273,35.47071935051764],[78.13760754495229,35.491802945049926],[78.01368540515739,35.36243190470867],[78.01010400979226,35.23390300032327],[78.0536481454456,35.18702762022855],[78.06031063522767,35.110646920019406],[78.12860116471205,35.10255675469051],[78.14558787518035,35.07065775045487],[78.12170072960504,35.03426622520618],[78.19831937513914,34.96930694016322],[78.17595243995322,34.92861815470411],[78.23234566542016,34.87817358034653],[78.20386199043855,34.726228155505],[78.26970320463926,34.69757249057801],[78.27160677533249,34.625236875281644],[78.41056729474491,34.59882486057893],[78.43793109524393,34.54504903998128],[78.53287159015184,34.57669586981859],[78.56999118494531,34.51054685545307],[78.62418997468762,34.539173105354564],[78.70439570469807,34.52590598996949],[78.75550424042842,34.48399397544165],[78.74645848517099,34.45263534504517],[78.8595304699553,34.40921569984471],[78.8894776054072,34.35743939051554],[78.95634046024412,34.388610329703],[79.0353734797024,34.3343159078529],[79.00832551481074,34.40331361023499],[79.05081898960475,34.42919652499967],[79.07758681028315,34.41263016485027],[79.15646089975075,34.449317389885664],[79.24869265464235,34.419109024761724],[79.48539771013628,34.44682230000922],[79.53778366988053,34.48014464056274],[79.62798834478633,34.44916244479106],[79.81964213038009,34.49348713532311],[79.8879398148706,34.62533960034233],[79.86505999542248,34.67256727545947],[79.90550730481834,34.68582680056642],[79.89637949991402,34.733938340182306],[79.94151831971476,34.81682043011881],[79.92379631994424,34.852571184812405],[79.988369249941,34.85869232499084],[80.03483671014612,34.904853135264034],[80.02808011980176,35.03956302521351],[80.2079965053345,35.12465482496026],[80.25553808971114,35.204259025433714],[80.35831783010383,35.20268363534154],[80.2704810449643,35.29307455984309],[80.27526279963854,35.329260515360545],[80.30315755537691,35.38101565554814],[80.37470997538509,35.38951896492836],[80.42956045974745,35.44996427023494],[80.51201331046599,35.39221095507156],[80.6521806652056,35.39862185501465],[80.6873838550809,35.337986739696305],[80.85533602523742,35.34260175556659],[80.96601972543004,35.31115019552516],[81.02290407965961,35.311903464973],[81.00040760522688,35.33549323532458],[81.0304931796166,35.341717845202425],[81.03027915985541,35.38417279483866],[81.08849976005592,35.41084226026214],[81.09618545979117,35.38415684985881],[81.19155844496635,35.36608058015469],[81.21421171979512,35.32433328005686],[81.36346116959737,35.354117370220536],[81.44058419990097,35.33351734025308],[81.5127314647853,35.235272389908914],[81.68044074964092,35.23553048994023],[82.01056808524902,35.3113374046975],[82.04978562480682,35.349270244726085],[82.03115630531931,35.454753259955055],[82.17791404040071,35.48726874495668],[82.26849313005397,35.5522902747764],[82.31063828482905,35.54298075016152],[82.35060657033699,35.61302511052048],[82.33382839466475,35.654256445278804],[82.39335179504934,35.65489655483219],[82.41257824009375,35.709598615084076],[82.4624614648248,35.715375510071794],[82.60749998483647,35.69832124522935],[82.73159605531379,35.63810864489807],[82.79420414020893,35.69079247539247],[82.96504500022661,35.67218721007174],[82.98185591481865,35.50557203052483],[83.11576154465962,35.40070379544386],[83.17735315012783,35.38941417502423],[83.2386854297888,35.424477680400685],[83.61435606518035,35.33629390533952],[83.69113543035587,35.365453790460094],[83.85508136541273,35.35946281006068],[83.91009022038742,35.4086565452634],[84.00389644986132,35.422120380151455],[84.0631758704701,35.41078046514639],[84.0923390552033,35.363552584983836],[84.17237772984839,35.35847431483779],[84.45144992967056,35.474616045494145],[84.47479893981927,35.51793593519528],[84.44638993015121,35.55184725974328],[84.76000006974749,35.62403501480412],[85.03523767008244,35.75100943024108],[85.14662542971985,35.743811404972405],[85.28125949962629,35.78796116477599],[85.37127185001594,35.7009561751874],[85.50643057990737,35.68508462495555],[85.56972991970008,35.640207585211954],[85.68927557980425,35.75179945048433],[85.94684741497628,35.77911202020363],[86.07838889982793,35.86226519548245],[86.14337567534722,35.99887816509528],[86.19742779016042,36.033081754919124],[86.18424745035958,36.131392354873356],[86.27620704971565,36.17250180991067],[86.36314082019277,36.16379047475067],[86.43776938474934,36.22696389506774],[86.50000032995132,36.19866268983134],[86.52553563516148,36.229424705485826],[86.61528939538937,36.21938508515359],[86.76483643984989,36.298206424886644],[86.86095379028524,36.3004252097557],[86.89029419991743,36.26222131046518],[87.00242523483678,36.302124520130576],[87.14129315015879,36.293124554754456],[87.19595451518876,36.35297890025612],[87.29851478502934,36.35826719987142],[87.36056146004341,36.421162780038344],[87.42361617524637,36.42618185500868],[87.45674373973185,36.41150891040792],[87.46694621019952,36.35546833519555],[87.562398920274,36.3400106151978],[87.94939780016841,36.4009446103056],[87.9673191103887,36.432196650355195],[88.13652700481748,36.42943487551912],[88.24193823975804,36.471480139896585],[88.36332479500334,36.45829520545942],[88.37533554489954,36.48451149980593],[88.58449023463669,36.461038900325036],[88.6140619849727,36.39204061518228],[88.71454758989944,36.35554790990818],[88.76383201543524,36.292826145310414],[88.8431112000219,36.36015698485704],[88.92438186043455,36.36348816544654],[88.96454045507801,36.3143782704409],[89.03156930497948,36.31080266491114],[89.12527744989444,36.25152576510203],[89.2410757096763,36.292280139916556],[89.29342607964992,36.22980349993162],[89.36129182515765,36.233091274742605],[89.51304020494155,36.14085316973802],[89.76138721005174,36.07313862544726],[89.94569155512124,36.070106730241434],[89.93556193513524,36.13131333054582],[90.01671282024051,36.21257512004581],[90.00314848521447,36.28049181484545],[90.1415110346066,36.2419583455013],[90.1269798654285,36.20888323487344],[90.23570404540544,36.16138011000413],[90.68328689527408,36.12808381021972],[90.84008364994054,36.018357865523114],[90.92533501010269,36.0312280102645],[90.9757712252619,36.1064803050221],[91.11136442033177,36.097075960387315],[91.09683099025807,36.2174839947906],[91.04466536981101,36.24590871471548],[91.07584046026909,36.293013115263136],[91.0249310497282,36.32418622001808],[91.05133277528739,36.43008280557706],[91.02576122470083,36.44273092029579],[91.03368943022309,36.53128609557689],[90.73926375531812,36.58578634526367],[90.73052531998758,36.65530790003959],[90.70464320022359,36.66105447978049],[90.75571202009371,36.72223636041974],[90.72096408502455,36.79798041976062],[90.85465622030836,36.916262904709356],[91.03680160970657,36.928993505246126],[91.04783213544476,36.96570756515206],[91.11460357959157,36.970255874708926],[91.17919639989401,37.02521088547405],[91.30538864976643,37.01302167501035],[91.2784574447553,37.158457900411804],[91.18844681476872,37.20533612056556],[91.1913821398739,37.275549065137284],[91.13285107032067,37.32294322005362],[91.07312335475905,37.476164815254094],[90.93568405027878,37.481741944735006],[90.86168285008353,37.532617435546285],[90.87734947989463,37.5817995452129],[90.7752535201339,37.649951280527205],[90.51920573006043,37.728849765004725],[90.52927732488871,38.319773019709146],[90.35971788007618,38.299872000392554],[90.35095404519308,38.23321141477504],[90.27895798512299,38.23792208523611],[90.1356315854294,38.340299014787774],[90.17719552545321,38.3968054154376],[90.11331965547777,38.41246183524555],[90.11103665541737,38.482009570185596],[90.42303166477956,38.49133006473073],[90.46269377969423,38.5544302397638],[90.60974952042409,38.5962389851411],[90.64496603465483,38.634140830035335],[90.62121188532029,38.666252309896265],[90.80572116519966,38.65624515508989],[91.1145562203933,38.70745721537821],[91.44993737471015,38.81382486042901],[91.87483857524012,38.881442365173086],[92.03782483474839,38.95064756003694],[92.41672612990703,39.00964200977097],[92.35285059537875,39.06805453518871],[92.33851887514601,39.237423275164076],[92.52452113034593,39.367895445418526],[92.63882495520755,39.51382324025042],[92.79531504015705,40.153166760137935],[92.90580101540462,40.3100798097355],[92.9273434098705,40.57200803554247],[93.75927812008922,40.663971644975504],[93.8196825997722,40.792801045232125],[93.80611419531391,40.87599945011459],[94.00931986971625,41.11352448496706],[94.53303515474863,41.504538069776174],[94.74887329476678,41.53678255487108],[94.86105688516716,41.66715603981942],[95.13563313036474,41.7713663551732],[95.29630895509428,41.56499761045143],[95.36012414960987,41.66828693009779],[95.57006977510008,41.79378370545368],[95.85060853535566,41.84688049473908],[96.05432462538124,41.93406554478912],[96.13650593030451,42.017849509946984],[96.07614414503632,42.147903955003585],[96.17757175023615,42.21631019036306],[96.040057880267,42.32485010015205],[96.06506316013679,42.41279052046622],[95.97788262468345,42.43524162050443],[96.02300246968827,42.54071537001835],[96.10217575011086,42.60207181985868],[96.3847832253656,42.725351340092345],[96.36070164006867,42.89762265995785],[95.87588855001661,43.27894302979706],[95.85564986045273,43.41442695993629],[95.52280433025572,44.00506077503479],[95.3231532046567,44.02591240473373],[95.37157776500192,44.22527968001327],[95.4283860500762,44.28195721984986],[95.40981424043491,44.29392374468512],[94.99753120989749,44.25087261557877],[94.91412732521593,44.30337509508462],[94.72954106966472,44.33907289050154],[94.60686196021135,44.44976990515704],[94.48690345013415,44.50355713995009],[94.35202745989943,44.51842234521513],[94.33164221501625,44.58039135477725],[94.21488616016819,44.667451870307616],[93.50833691981308,44.96876352012043],[93.43562785024517,44.953163010264745],[93.1682007098949,45.013402885234996],[92.9830594197565,45.00119759039654],[92.88357073490153,45.04507268555602],[92.487002529743,45.000028194745425],[92.23997549017679,45.012999325258704],[92.09644037492342,45.079485019717936],[91.55968555964091,45.07022684998918],[91.44595177005817,45.15477877502053],[91.37316446486824,45.10898205977429],[91.24205115983324,45.13348231545655],[91.12367236468793,45.21420454050718],[90.87950670976693,45.18938401016396],[90.89404188542471,45.24769395531183],[90.80401960022442,45.289773200572824],[90.76980692005338,45.42817548471089],[90.67022073519882,45.486901834851835],[90.66665787036447,45.54117173039111],[90.71406056973956,45.726144470490965],[90.84746590043102,45.887242159997754],[91.02227468532851,46.02357321553154],[91.0140528052928,46.125743294717324],[90.89608849508801,46.310612695519524],[90.97762507513715,46.374096225460505],[91.07382353542789,46.554099060123576],[91.01467888991891,46.5845987102623],[91.05290504023549,46.714989974807565],[90.94083251520846,46.8247273552833],[90.95447674510575,46.87855355500261],[90.9037400097937,46.95640626553677],[90.7617343247793,46.99205707497407],[90.56105445479932,47.20590634989816],[90.48746937541142,47.319305355158065],[90.52216126473064,47.381676045113466],[90.4606487753208,47.41055122555866],[90.46786439492593,47.49760237015329],[90.34723255973489,47.63165156506773],[90.39172869971975,47.64522351015694],[90.13029315040865,47.72628387040436],[90.0757912999286,47.7823723399116],[90.06738556519173,47.88186968523786],[89.96017206009253,47.88471793528453],[89.94634144480187,47.83251851022112],[89.76274694541524,47.830222825223245],[89.73835766517419,47.89186643039153],[89.64527314973611,47.91252014988504],[89.64432136483919,47.94278689539897],[89.59549482462654,47.963535795540565],[89.5614675046217,48.03713293034053],[89.37906646494548,48.044940950464536],[89.22019344007526,47.979733180042274],[89.06246564517346,47.98787816534508],[88.93755976487131,48.10941228045243],[88.81945560019585,48.10724137998574],[88.70367788003017,48.17958518001211],[88.63907590013275,48.18054659035289],[88.57206076039586,48.28289196539197],[88.60588963959526,48.335552999871084],[88.5309020351009,48.369057204926094],[88.51246120991698,48.410400339803914],[88.44347132983808,48.39076231552849],[88.33953647502835,48.46999837042853],[87.98190731996692,48.56832439015852],[87.95796660987122,48.598180690486515],[88.02623604485763,48.62888360539415],[88.09699567021408,48.714779180514824],[87.82457633023353,48.79892288528299],[87.78158119021981,48.86971173500859],[87.73893437022508,48.87475998488543],[87.75682791477652,48.926251524788086],[87.90769016017282,48.97912645492204],[87.83443254012968,49.04537503053331],[87.86528225497216,49.11656474047044],[87.79720229994626,49.180598660000214]]]}},{"type":"Feature","properties":{"name":"台湾省","adcode":"710000","level":"province"},"geometry":{"type":"MultiPolygon","coordinates":[[[[121.55021458003887,25.290850694903725],[121.4527007452433,25.249830645068243],[121.40701032986294,25.186794089875377],[121.4455779149888,25.16634879546058],[121.46152789509631,25.122189660224706],[121.41575170507724,25.16934188492013],[121.38960665502316,25.1472618100845],[121.33605193994515,25.125503029741083],[121.21213343520992,25.108594439781598],[121.03795500042304,25.027104000349368],[120.94624299971474,24.84386300017735],[120.91908900025726,24.847125999565264],[120.9034682052935,24.748180550192274],[120.77979370011917,24.6608228446986],[120.77174554032445,24.60860047523181],[120.72329675494132,24.60557777469461],[120.54947327537138,24.307087725318297],[120.51135467048175,24.294640799733145],[120.53383248488137,24.284779989804747],[120.50608474041849,24.230856530204733],[120.47863384507593,24.22273570518871],[120.5006165404211,24.253483204886038],[120.50843256001474,24.283745784740233],[120.47210475982683,24.24081753989759],[120.46760016541532,24.165650064698752],[120.379783659988,24.094051325108637],[120.43780626994351,24.12532451991069],[120.4344365003443,24.090034385378658],[120.33030194028242,23.988792005446726],[120.26050512011523,23.8352094547526],[120.24303261026682,23.822444574757355],[120.22246404487987,23.83312973474949],[120.17519431476592,23.804377014987324],[120.16559545036978,23.767349945143906],[120.20166782960666,23.75654036034939],[120.14181283029791,23.641345555553016],[120.15712817502526,23.52203986514769],[120.1555489646131,23.518532400350068],[120.15332189968603,23.517924345332347],[120.11919019986794,23.51599355485871],[120.15469016511906,23.492901525085358],[120.13329278993035,23.45152694990884],[120.163403340292,23.392889844890476],[120.1315695800721,23.384459535279404],[120.15495538957964,23.36282097990437],[120.13219017973302,23.368752859556878],[120.09726169047474,23.290357470221124],[120.11780408019422,23.271664920299884],[120.06900093494528,23.184581120422422],[120.08583095473489,23.126512154912064],[120.03637137004273,23.102148660032697],[120.03864864501907,23.063469514906217],[120.17523099001824,22.97672186002586],[120.17961647012407,22.898663809986886],[120.21838468500528,22.84876664486484],[120.18979556990973,22.858203324623787],[120.20371355523639,22.806337995002536],[120.27487174033865,22.70677011494888],[120.25168991505757,22.645397024952786],[120.34149785494208,22.54358829966037],[120.30350152457572,22.526553544710396],[120.4796362348244,22.453755954873486],[120.48384792004549,22.433410780183408],[120.45401402003108,22.447150550457593],[120.64266350971332,22.303128235579663],[120.71756224500166,22.094417339688505],[120.68585338982211,22.026998690337336],[120.72849902001383,21.918535615026656],[120.7659952904504,21.959272819984733],[120.86620052543401,21.900484515547987],[120.84004768545242,21.957074804958324],[120.89988199495815,22.034403670293216],[120.89337198972555,22.331694364903058],[120.97885961527913,22.558903415060627],[121.03425879041095,22.667163935167537],[121.1740702951081,22.757902794778204],[121.18950460035705,22.848407079723017],[121.2348583599254,22.86691388546751],[121.35929206018045,23.089146105408474],[121.41201388972934,23.123220434775305],[121.39605385969787,23.204571749986314],[121.4657657047236,23.321870435072583],[121.60629388995108,23.957323854712172],[121.6468793100322,24.0077132655548],[121.61713039505173,24.08319725984569],[121.6633762146406,24.13627455003052],[121.66494931505895,24.196066225376057],[121.77153311036477,24.305795525443216],[121.79643509500374,24.426336584865567],[121.87354167490844,24.53454969990878],[121.85702507514713,24.59956819991254],[121.88570526008971,24.599440444920674],[121.84975280544768,24.629702520255137],[121.81876750521621,24.759303680020878],[121.83353684005317,24.865348804803546],[121.92618451969986,24.969200029857518],[122.00488500044253,25.007167000057052],[121.93546825535577,25.022732500204768],[121.92425107532688,25.129230234887473],[121.8214998650268,25.121364530448773],[121.77267237513001,25.155376820084257],[121.7421543401507,25.130467795552363],[121.74921005040358,25.156779015139477],[121.70719622002957,25.164830220038652],[121.61804797963066,25.27711620005266],[121.55021458003887,25.290850694903725]]],[[[119.65587978032761,23.607273954729294],[119.62528231003068,23.578787599767963],[119.63046878480668,23.606849485515397],[119.59445691465498,23.573336285441258],[119.56178567516884,23.585051224934148],[119.59606739539402,23.526778535101357],[119.54809040514817,23.554284674897872],[119.54124922547146,23.539006920033387],[119.60647059544169,23.50796791498732],[119.64301300984255,23.559074570235282],[119.6934216652777,23.5551886050701],[119.65587978032761,23.607273954729294]]],[[[121.51183701986258,22.081175100450594],[121.5113381353467,22.04722914480925],[121.59380757495967,22.0032193348045],[121.56773374041984,22.085675264801694],[121.51183701986258,22.081175100450594]]],[[[120.01283280978646,23.467799495250574],[120.07686224979307,23.522063195360204],[120.00000000039972,23.468044629755923],[120.01988680503212,23.43584573489278],[120.00785091998398,23.46105296472257],[120.01283280978646,23.467799495250574]]],[[[119.54365706042506,23.640685304783062],[119.50218221983368,23.631125774934617],[119.50298772460383,23.578390755029375],[119.46796231990515,23.56083475482012],[119.51791794545693,23.566914710545518],[119.51753983539516,23.62741855991868],[119.54365706042506,23.640685304783062]]],[[[120.27847232993417,22.608171794892485],[120.26268783497562,22.613807939684705],[120.31674826042399,22.5541617197876],[120.27847232993417,22.608171794892485]]],[[[119.61220074007213,23.652833220177],[119.55106620963795,23.661916165099],[119.60362338501125,23.624289289719],[119.61220074007213,23.652833220177]]],[[[121.5092064003552,22.676238859935495],[121.46412830008103,22.67315592010965],[121.50380262509111,22.635347645177717],[121.5092064003552,22.676238859935495]]],[[[120.36544964018879,24.059499294756677],[120.4055350399102,24.06353827057478],[120.41943355491469,24.086020685006645],[120.36544964018879,24.059499294756677]]],[[[119.51540437001574,23.36869398543911],[119.4909645298892,23.396510755566965],[119.49059075545904,23.353206670551458],[119.51540437001574,23.36869398543911]]],[[[119.42978860545986,23.18832179021848],[119.44487784533635,23.220652895314913],[119.41059630497557,23.214438394716183],[119.42978860545986,23.18832179021848]]],[[[120.36043132514556,22.322177829843042],[120.38688225531189,22.342244225490674],[120.38814252475777,22.35036526994128],[120.36097759044355,22.346471885369283],[120.36043132514556,22.322177829843042]]],[[[119.60200550465038,23.730744660038056],[119.61006491046726,23.755868549693844],[119.5964819351932,23.73770148983192],[119.60200550465038,23.730744660038056]]],[[[123.46441581024146,25.735344500348447],[123.47703598032626,25.751764674799972],[123.45858929515987,25.73943638508115],[123.46441581024146,25.735344500348447]]],[[[120.1378006398877,23.66468823537383],[120.14062506959135,23.66629921523662],[120.15028034486204,23.684673879995614],[120.1378006398877,23.66468823537383]]],[[[119.51177101002418,23.483136045092465],[119.54366547987809,23.4945784054691],[119.50890328515857,23.485499080318334],[119.51177101002418,23.483136045092465]]],[[[121.94231262043115,24.837711214700846],[121.95556987025338,24.849632949700947],[121.9396235000246,24.843780115060326],[121.94231262043115,24.837711214700846]]],[[[121.39377569978876,25.165879100240318],[121.37512310045076,25.171668900499412],[121.37182699971629,25.156542999759665],[121.39377569978876,25.165879100240318]]],[[[120.15352822035118,23.717580054775738],[120.16864713515724,23.73700632558149],[120.15638334031894,23.738481249709935],[120.15352822035118,23.717580054775738]]],[[[119.54061860466493,23.365993240395767],[119.52955717462396,23.371657140064997],[119.5188790203506,23.363746025258934],[119.54061860466493,23.365993240395767]]],[[[120.15730955479216,22.986379569761368],[120.15556358039498,22.97269508980662],[120.16526800001827,22.97206760043946],[120.15730955479216,22.986379569761368]]],[[[119.67889927528142,23.26083131011694],[119.66558996460526,23.258562209978038],[119.67194157494384,23.244069185544504],[119.67889927528142,23.26083131011694]]],[[[120.08627079516111,23.23993743476484],[120.08955346542018,23.241654194685395],[120.09667779034783,23.258078805492516],[120.08627079516111,23.23993743476484]]],[[[119.31517724483399,23.39918573503371],[119.33081018963856,23.406054375509086],[119.31933498512149,23.411747430299727],[119.31517724483399,23.39918573503371]]],[[[119.60505272520322,23.60911826009965],[119.60693968002226,23.622271610346615],[119.59695536529796,23.61674008998324],[119.60505272520322,23.60911826009965]]],[[[121.36622200024522,25.139905000515398],[121.37905900047258,25.1522769999836],[121.36454900043611,25.143051999949876],[121.36622200024522,25.139905000515398]]],[[[121.76401469532198,25.153166590465844],[121.7759951749374,25.157900924787896],[121.75744524040556,25.160916345313126],[121.76401469532198,25.153166590465844]]],[[[120.24436336048075,23.825541195070173],[120.23775522032724,23.835197045007646],[120.23088093031072,23.834680280170858],[120.24436336048075,23.825541195070173]]],[[[120.0495693752265,23.124488350257195],[120.05737303004139,23.131562150372986],[120.05825306522684,23.1365871302919],[120.0495693752265,23.124488350257195]]],[[[122.0649186797533,25.62928155999606],[122.07672998969736,25.63535000979516],[122.06619412525879,25.634263025318432],[122.0649186797533,25.62928155999606]]],[[[119.62012907509677,23.2456532199202],[119.61308558483199,23.252998324812893],[119.60862572539702,23.24904859501669],[119.62012907509677,23.2456532199202]]],[[[121.61360505532912,21.94606899528793],[121.60338973534806,21.9521137002871],[121.607493310368,21.94458289528444],[121.61360505532912,21.94606899528793]]],[[[123.69054647523967,25.930976984700123],[123.70028145472543,25.93532370492511],[123.69162196548143,25.937280980432945],[123.69054647523967,25.930976984700123]]],[[[119.52206044043703,23.26207656538122],[119.51461464475017,23.26240738009659],[119.51236684505386,23.25583167039531],[119.52206044043703,23.26207656538122]]],[[[119.51975975970515,23.647924779804782],[119.51979216047994,23.6552581953095],[119.51357817968926,23.654108404879025],[119.51975975970515,23.647924779804782]]],[[[120.14671896031189,23.519918879752538],[120.15423055039969,23.522750660514646],[120.14517403025741,23.525627070133226],[120.14671896031189,23.519918879752538]]],[[[119.50969210480685,23.272376765175636],[119.5048488850681,23.26835553478014],[119.51049047975187,23.26723793558233],[119.50969210480685,23.272376765175636]]],[[[121.50933571027485,22.653989930191187],[121.51020509029274,22.655993234800007],[121.50844710005367,22.654848360063795],[121.50933571027485,22.653989930191187]]]]}},{"type":"Feature","properties":{"name":"香港特别行政区","adcode":"810000","level":"province"},"geometry":{"type":"MultiPolygon","coordinates":[[[[114.2094653747273,22.52434553012216],[114.21774577994381,22.55590512032512],[114.16111384742612,22.56192077002754],[114.03055735493808,22.478242025549093],[113.99892951518507,22.489295465113685],[113.90156257025649,22.40659753474847],[113.9149799101948,22.375252900500982],[114.10570130027486,22.368979335128245],[114.15532157043424,22.29860501530925],[114.19660709024504,22.3202235499769],[114.30529221536347,22.264288920297474],[114.28762536022225,22.287848174853423],[114.31083127474358,22.301887270081522],[114.25073541990378,22.354128925509542],[114.27532550976457,22.350803040128255],[114.27867485036415,22.39461960471101],[114.31996781026635,22.393691380253074],[114.35704780521212,22.33533722533275],[114.39146963981204,22.367669360152888],[114.37544396017074,22.41075987057161],[114.40569020024259,22.41279708501753],[114.36106148489966,22.46085710517133],[114.35609840981385,22.422282564688658],[114.33321120513313,22.428307429744166],[114.34716321990675,22.46371779014396],[114.32149425025955,22.480481595549236],[114.28266672958591,22.422242585327126],[114.23803617962608,22.43687215472619],[114.21731578979188,22.408031470476033],[114.17710582047732,22.44945492020844],[114.21432145027472,22.473567100441358],[114.25497989530595,22.45301561048211],[114.33663421999336,22.508240569846464],[114.30439110546524,22.499294495444644],[114.27441710006917,22.509718434757986],[114.25640691974365,22.549472495459327],[114.2094653747273,22.52434553012216]]],[[[114.04782732487126,22.346349484940845],[113.92983708001725,22.280247309965432],[113.89717123466482,22.291197965114065],[113.85166436461884,22.25593927537733],[113.8460830254113,22.197418930239508],[113.9731739354288,22.240704050351667],[114.00428520459855,22.215048125370743],[113.99502255984328,22.265986725207256],[114.02152352019436,22.26687934550546],[114.0177010651521,22.310399900035407],[114.05522820032127,22.310733860579262],[114.04782732487126,22.346349484940845]]],[[[114.22818602486518,22.28327178036841],[114.13876303978248,22.290329805476176],[114.11636714462804,22.274721900495365],[114.18763759479918,22.24471105527101],[114.21401641012926,22.19417145045213],[114.22349444521251,22.24651645057378],[114.24265759507205,22.208082490314723],[114.26132355473828,22.207868680095544],[114.22818602486518,22.28327178036841]]],[[[114.12999841979126,22.201900310451038],[114.10579076483202,22.234129710317916],[114.10313528536517,22.21814727008052],[114.11415110538928,22.183401130058144],[114.14923364491688,22.181207240222022],[114.16028889481674,22.208606404761838],[114.12999841979126,22.201900310451038]]],[[[113.96162440464263,22.317286030525963],[113.8931940053991,22.31089393990345],[113.89421683493902,22.29448707541826],[113.96162440464263,22.317286030525963]]],[[[114.1074688898774,22.3630964748225],[114.07899744477629,22.358596084741578],[114.09192262532895,22.32605532968978],[114.1176620847375,22.33098088056323],[114.1074688898774,22.3630964748225]]],[[[114.32312169491036,22.342217485048934],[114.3006964350925,22.38028848972209],[114.3039029696464,22.35080486035605],[114.32312169491036,22.342217485048934]]],[[[114.31549796026275,22.549942370543988],[114.28868824017025,22.553585829922156],[114.28670905537865,22.533118629820933],[114.31549796026275,22.549942370543988]]],[[[114.0412500296652,22.205685695438547],[114.02683592523783,22.221627714747285],[114.01824221510617,22.197910420529524],[114.0412500296652,22.205685695438547]]],[[[114.25480557521723,22.15513156476993],[114.2659263146478,22.18077362490294],[114.24981762488358,22.1658740601398],[114.25480557521723,22.15513156476993]]],[[[114.29908761989782,22.50431751034489],[114.30924507030386,22.52623122049448],[114.29567362973432,22.50715285512024],[114.29908761989782,22.50431751034489]]],[[[114.04361740501929,22.2412085304494],[114.03270687042584,22.258683065571063],[114.02645690506222,22.256579750055494],[114.04361740501929,22.2412085304494]]],[[[114.29608429975065,22.24202884525505],[114.28042083015725,22.249437470163173],[114.28714964044366,22.239995335116646],[114.29608429975065,22.24202884525505]]],[[[114.15183658509034,22.238717275282056],[114.15922322966833,22.245268835488446],[114.14394470498416,22.243736830490377],[114.15183658509034,22.238717275282056]]],[[[114.36675023013902,22.476476900088926],[114.35332116483994,22.480722940311523],[114.36093076034638,22.465141950240877],[114.36675023013902,22.476476900088926]]],[[[113.90408480976623,22.156375044772574],[113.91147978026765,22.17012589469431],[113.89880761048289,22.159775650326026],[113.90408480976623,22.156375044772574]]],[[[114.44092257491695,22.54149574992897],[114.42712316969858,22.540688950135007],[114.43992075983522,22.538402594704053],[114.44092257491695,22.54149574992897]]],[[[114.3307570002354,22.328653034909678],[114.31565426962891,22.33850970525873],[114.32080488034103,22.326174624759176],[114.3307570002354,22.328653034909678]]],[[[114.29334129466508,22.373350310068815],[114.28801903035401,22.36699942548313],[114.29631454508024,22.352863400425633],[114.29334129466508,22.373350310068815]]],[[[114.32161134468788,22.53387029038163],[114.30783733002886,22.53276265027614],[114.3189985002806,22.52300082512801],[114.32161134468788,22.53387029038163]]],[[[113.98240395008224,22.193866664814777],[113.99490465962242,22.194256744852964],[113.98741613984305,22.20222754046864],[113.98240395008224,22.193866664814777]]],[[[114.05454445026623,22.34945737016153],[114.06631471515209,22.34566213040307],[114.06479246959691,22.355880419945493],[114.05454445026623,22.34945737016153]]],[[[114.256119070139,22.182720690407564],[114.24367004463693,22.188021774785113],[114.24449148989038,22.178560260247878],[114.256119070139,22.182720690407564]]],[[[114.35367640963864,22.31725686011606],[114.34945274005202,22.324142795453724],[114.34751839006174,22.312947004900423],[114.35367640963864,22.31725686011606]]],[[[114.04578422526185,22.281056025315365],[114.035193090289,22.289290924836337],[114.03782050461268,22.28123949510666],[114.04578422526185,22.281056025315365]]],[[[113.91573366977309,22.183772434949958],[113.90537664541591,22.17922728021489],[113.92091920475752,22.179663794948226],[113.91573366977309,22.183772434949958]]],[[[114.36939739537354,22.314965785043],[114.36095347542266,22.3165499498204],[114.3674500097103,22.306704879826384],[114.36939739537354,22.314965785043]]],[[[114.32938087023103,22.373577879915274],[114.3205505547644,22.37273637978018],[114.32860426967136,22.36579976494727],[114.32938087023103,22.373577879915274]]],[[[113.88524342474432,22.37925593041689],[113.87734361531568,22.38137365037369],[113.88193280535472,22.370242535464683],[113.88524342474432,22.37925593041689]]],[[[114.29505956544665,22.32367723981281],[114.30214899038367,22.325307189974865],[114.2936172948024,22.331686684692784],[114.29505956544665,22.32367723981281]]],[[[114.36669868010006,22.330026504719456],[114.36105635516674,22.3387161347419],[114.36141355958819,22.330733715388703],[114.36669868010006,22.330026504719456]]],[[[114.05371392995391,22.259022420248527],[114.04756654036362,22.262327915301114],[114.04715668513302,22.25836283497688],[114.05371392995391,22.259022420248527]]],[[[114.36399479012755,22.50374963523751],[114.35579827996673,22.500711965484868],[114.3579619453875,22.49587103542001],[114.36399479012755,22.50374963523751]]],[[[114.28288187529836,22.185586579756887],[114.28959495014692,22.18816282985074],[114.28707142460667,22.18995279548517],[114.28288187529836,22.185586579756887]]]]}},{"type":"Feature","properties":{"name":"澳门特别行政区","adcode":"820000","level":"province"},"geometry":{"type":"MultiPolygon","coordinates":[[[[113.59820175490711,22.13527489552007],[113.53947609004956,22.1624783900657],[113.55466495502367,22.10984400519675],[113.59820175490711,22.13527489552007]]],[[[113.5586491648271,22.18717269516378],[113.53308333482812,22.21230555555701],[113.53169777543201,22.17934711038089],[113.5586491648271,22.18717269516378]]],[[[113.56513130006954,22.19082629979397],[113.56864139988079,22.20732250023326],[113.56254800019008,22.21062699973629],[113.56513130006954,22.19082629979397]]],[[[113.5809557447119,22.204051905171355],[113.57199270010312,22.197048899687047],[113.58096699972737,22.19857310036832],[113.5809557447119,22.204051905171355]]]]}},{"type":"Feature","properties":{"name":"江苏省","adcode":"320000","level":"province"},"geometry":{"type":"MultiPolygon","coordinates":[[[[119.23967054535944,35.12689646519982],[119.12697485490571,35.097087855020675],[119.1104636052113,35.05125495015591],[118.86323548982602,35.0330646401211],[118.85693901512366,34.92833191488597],[118.81840365990115,34.90995690478741],[118.79905357965902,34.84823316013228],[118.75913930473519,34.849912730388326],[118.76903843027935,34.79781732540931],[118.72546182010706,34.7914636097579],[118.70466953037476,34.751384935166755],[118.75633184973515,34.7456935000551],[118.76669214043,34.71572885480293],[118.67440663036177,34.67950633464977],[118.59952742475105,34.690408535225856],[118.58933015955927,34.71992951973169],[118.52126328966915,34.71347801989475],[118.52536150023309,34.686163965394826],[118.45882654990555,34.66948828455685],[118.4704711246427,34.62226724463767],[118.41758685504954,34.60917065510182],[118.4337127848172,34.519040765119314],[118.40316022486468,34.43407742992957],[118.21466749510898,34.40726961999712],[118.2114974253659,34.37836497956022],[118.16490759980593,34.38248580987221],[118.17581224473952,34.45133300981064],[118.12160729014442,34.48624538501656],[118.18388751459725,34.54475090483055],[118.07233751456465,34.57115986543556],[118.1092597000752,34.61488322967733],[118.09576336009115,34.65644839997367],[118.0064414803901,34.649592090102885],[117.95712118989104,34.68036847512508],[117.89775065536855,34.64555042531197],[117.78813354482725,34.655020239692476],[117.7914089503629,34.52267579964854],[117.67866976959431,34.54797992963012],[117.58325785996249,34.46327994471386],[117.482191064566,34.4707616449341],[117.36927707987343,34.584835544624866],[117.29938252498368,34.57439203516441],[117.26675514543365,34.557386910177854],[117.29684733523641,34.54550049515177],[117.26246395025123,34.53428752484945],[117.26156972016656,34.47692366469556],[117.231533850407,34.4457969946356],[117.14897682492074,34.50569408491418],[117.12272451002832,34.644736420149854],[117.05452864498102,34.64833994513242],[117.07426261522755,34.70334707970403],[116.96360043491222,34.870107155321136],[116.80989598021552,34.9278350799251],[116.80019111992442,34.96821193463313],[116.80620763027798,34.92890308510948],[116.79348072955213,34.929281625047],[116.7961124651182,34.97063356518703],[116.78093740024099,34.97577024000475],[116.79286200497768,34.93479419489631],[116.74981386521779,34.90853867032354],[116.62661523000895,34.94171990994596],[116.43864997511639,34.89688514013716],[116.39034851037559,34.75175910529856],[116.35742339497381,34.747340575107614],[116.38914740462917,34.70261733472239],[116.36212446517197,34.647211510003274],[116.42485382004782,34.65234017006293],[116.51518248538343,34.542528180031525],[116.59414670040996,34.51360017970461],[116.56769914539939,34.486617324829865],[116.75153391036179,34.46533158968117],[116.82838443979017,34.38589812999487],[116.87697625515023,34.411915909791446],[116.96544035968498,34.39272573980111],[116.96962821017394,34.28877834034819],[117.0439255652127,34.24475199990496],[117.01996740467212,34.168505605349594],[117.12380673529276,34.127081414575684],[117.14359819020433,34.07987467027988],[117.30074813022213,34.06453117497392],[117.35248330995682,34.0886692853594],[117.40855754499489,34.02244024482161],[117.50837544467106,34.06228561009283],[117.55875794512315,33.979729154776805],[117.61765001513618,34.034347429690285],[117.6647106447806,33.99611432491622],[117.66527065981313,33.933910044613015],[117.70443059509591,33.88321383455093],[117.75297327509668,33.88744404490677],[117.73263637506875,33.72686003016639],[117.92663129020207,33.727531160035085],[117.95506388009403,33.76198520025679],[118.01675786528347,33.73988645459639],[118.10555255970291,33.77164517538472],[118.1804169750634,33.7461267045839],[118.15102118967627,33.7234168650964],[118.16297533984027,33.66525622539456],[118.10640531035688,33.61820074526827],[118.10133290019337,33.47682336530619],[118.04423452979972,33.49342454540647],[118.01870362497255,33.37171084018331],[117.96455005494124,33.35118216512495],[117.97838793495532,33.29796182517822],[117.93525279028427,33.23198449498858],[117.97394674994257,33.22866811544128],[118.03227504485744,33.13713858537744],[118.1453727700374,33.170725254666934],[118.1656961649461,33.21644803035235],[118.2072666996985,33.19915316988295],[118.20588230492444,33.063230185324926],[118.25107190494464,32.979688650410935],[118.30477274007,32.964898249854514],[118.22293895027246,32.926700650314785],[118.23893676981618,32.85524390018588],[118.28093988476792,32.859028560319985],[118.29608228986592,32.7848000052162],[118.35827498510253,32.774050325162534],[118.3647744898509,32.72069011455727],[118.4463638052456,32.745484905404226],[118.47861317995444,32.72246815967799],[118.75461370485868,32.73918105536154],[118.73356316490822,32.85356725992125],[118.80537193037048,32.85590981488616],[118.80247496494769,32.917040765119395],[118.84224369539038,32.92444225480631],[118.84344831478802,32.96008567541372],[118.92946093487444,32.93934755004955],[119.00375133006003,32.96169379003652],[119.00977020473124,32.908803389764785],[119.03940908496133,32.91283154044339],[119.09481161006784,32.8334665353525],[119.17951347007067,32.827806574713634],[119.22325215965952,32.605635204701116],[119.20614729985812,32.57052157021434],[119.17134984002314,32.595598794948614],[119.14716298998019,32.50590340521808],[119.07967566480022,32.45256316495818],[119.03490371983094,32.51605945537966],[118.97039439528533,32.50715580020011],[118.92926496540588,32.55973432457961],[118.8825957701788,32.55492444540698],[118.87987259514432,32.59214838494006],[118.83974918467732,32.56943602015633],[118.8197224599237,32.60405086995172],[118.78217784013532,32.58482893500752],[118.71461975989416,32.612181065004336],[118.5642818102574,32.58809268532923],[118.61059140526925,32.5204002400792],[118.58861053464852,32.48238307511889],[118.68588541508007,32.475115415344305],[118.67323477956154,32.3950406796838],[118.7024622550291,32.33695001982767],[118.65275407524041,32.30498915032916],[118.67049109458844,32.25373958021754],[118.63858332016423,32.211836960007815],[118.50428605985394,32.19668770477392],[118.49543832541849,32.122950274835375],[118.37794732480927,32.06149345975541],[118.39654926533638,32.01882139039503],[118.35419713968633,31.933753064752295],[118.40915839984041,31.888921505523058],[118.47306992523693,31.885182860101054],[118.46148464460077,31.859774299944036],[118.49900152480063,31.842554045432962],[118.47802678960488,31.783114885443638],[118.54174861470688,31.76107633050833],[118.51551073033602,31.745225710198497],[118.6372610802348,31.76130903998029],[118.68623374499145,31.717578580087547],[118.64016662968629,31.68082908509433],[118.65179118011895,31.64347299018641],[118.72174112964944,31.630138795269318],[118.76898962497137,31.684145479930066],[118.79580586964539,31.62302054526208],[118.86677496509265,31.6113065653459],[118.87129025963782,31.436381429759308],[118.80626704538793,31.37354916456229],[118.74952878512556,31.387430099619507],[118.69649111007675,31.30191403480501],[118.79751030975319,31.230601779648566],[119.09903948488443,31.235744729935504],[119.18072230009409,31.303463894942865],[119.23390154012418,31.256172875178095],[119.34234221512122,31.259704049702293],[119.34866722531228,31.304642415115495],[119.37584343982303,31.26778898457411],[119.35805012021706,31.199998290188944],[119.40279684010216,31.196789869756685],[119.38072400480917,31.17072112987637],[119.52750972499382,31.16125430484243],[119.58534233967737,31.105216795418926],[119.66309312015153,31.16574555511346],[119.91541099542133,31.17356566032697],[119.98963069490071,31.034416720355466],[120.127398754649,30.94591464554452],[120.36551491478156,30.950305859727735],[120.36097336003274,30.882268109885445],[120.43150528963747,30.925941389983223],[120.43573691462711,30.860148185190724],[120.50000416506032,30.76032205491896],[120.58484901996633,30.858364440166838],[120.69480761028308,30.87111740504423],[120.6850105398047,30.967384075314897],[120.88942705511465,31.007077580166253],[120.89824144988302,31.08788734522477],[120.85238212023876,31.105251570403766],[120.87437948982165,31.135424174885884],[121.06401212016328,31.151679064737095],[121.0576644803316,31.270033990076627],[121.08268293526942,31.29408565492912],[121.15648667042365,31.28402316034061],[121.1024126849976,31.357299720106028],[121.14420687035101,31.389002774658422],[121.14291522985411,31.44529679501119],[121.3822284002207,31.547084410517243],[121.09697730485891,31.765101589866504],[121.17107288980208,31.81939499997935],[121.30137994992492,31.87246268540474],[121.37036865009316,31.84913023537223],[121.44599765017165,31.763433959909378],[121.87476087501443,31.635155750537592],[121.88198094986103,31.69083806552436],[121.95816896042936,31.73303681989347],[121.93194465492195,31.737204545353677],[121.82650566960103,31.95859673015508],[121.73368572481638,32.019067390048065],[121.73240779538366,32.05844864488921],[121.68272037464567,32.08363153007116],[121.70249971029341,32.05632757495778],[121.66475212521061,32.0574194949138],[121.6221233348241,32.08347952036377],[121.67051131974165,32.08742500985636],[121.56448286029581,32.09584474523888],[121.51345905958806,32.11261033040262],[121.51965381467187,32.13545552055592],[121.43988224047303,32.13399298998462],[121.51484812544084,32.15801133495529],[121.41216344518693,32.17607078014237],[121.48323100021071,32.23230900026033],[121.41884595028057,32.31489337502927],[121.41271447958957,32.40418771479125],[121.04096126495062,32.55956284544902],[121.01536130478041,32.60276315499567],[120.94164624997461,32.60201038017493],[120.96789540464931,32.64954639505021],[120.94474848025823,32.68897523032274],[120.89236174979499,32.696938989642774],[120.94531091536658,32.72246219537408],[120.96868676488236,32.876016090070664],[120.90989074516187,32.87225586541604],[120.93294872480396,32.90230725027942],[120.89273346028119,32.95302383987831],[120.924226890059,32.967973405148655],[120.90527800007965,33.02515599974976],[120.88008054498118,33.01014252505752],[120.81233774039447,33.04666939467694],[120.8612225503806,33.05576210533695],[120.83616944456423,33.21526969544021],[120.79461372524327,33.22483903959005],[120.72616445462609,33.34922057017326],[120.69195844023,33.330718004732205],[120.67118066015951,33.330084159856256],[120.71952649475202,33.348000719857396],[120.70529995023253,33.42530491499002],[120.65068466466562,33.49889931495153],[120.54176211492984,33.55564246482794],[120.5803949350784,33.59424287520852],[120.58111782003141,33.65709650020335],[120.51361577474825,33.7936115003705],[120.46814040975221,33.799417654801005],[120.47597978473948,33.84361303990994],[120.32344791019295,34.103139205310185],[120.27616164514382,34.2971723704087],[120.00879852033552,34.42538305508407],[119.79175980517095,34.46694323504232],[119.71556649040133,34.52550661543813],[119.64188790040635,34.515106939833515],[119.64211864485958,34.55987512473723],[119.44938821519406,34.67546986973883],[119.51904355041961,34.7330943902939],[119.22001946022999,34.79069255981386],[119.19264457019096,34.828266744814584],[119.20990895533419,34.852161600277725],[119.18285449463929,34.85199270040283],[119.21436437481623,35.040720809717754],[119.28025594475628,35.07647582989574],[119.29975787012961,35.034686279648156],[119.28659152467935,35.109965275277204],[119.23967054535944,35.12689646519982]]],[[[119.49634958036893,34.75577959555204],[119.43839978492224,34.77800026500029],[119.37559792490435,34.76192533488637],[119.49634958036893,34.75577959555204]]],[[[121.56616599006861,32.22927645034798],[121.53405722526077,32.22876013517214],[121.53488015529501,32.18416653475788],[121.55688609002107,32.21634551503365],[121.56692740017957,32.17729656508453],[121.56616599006861,32.22927645034798]]],[[[121.39982364504522,32.53152968494709],[121.43028937995109,32.52269639002651],[121.43114054959676,32.52919826538766],[121.39982364504522,32.53152968494709]]]]}}]}