{"type":"FeatureCollection","features":[{"type":"Feature","properties":{"name":"第二松花江","level":"river_l2"},"geometry":{"type":"LineString","coordinates":[[126.78068918000008,43.649662258000035],[126.78266531400004,43.65344269500008],[126.77233480300004,43.652553942000054],[126.77447867400008,43.649578388000066],[126.78068918000008,43.649662258000035]]}},{"type":"Feature","properties":{"name":"第二松花江","level":"river_l2"},"geometry":{"type":"LineString","coordinates":[[126.78091791500003,43.640651727000034],[126.77675215800002,43.64134605500004],[126.77256353900009,43.64354341100005],[126.7755696700001,43.64733909800003],[126.78091791500003,43.640651727000034]]}},{"type":"Feature","properties":{"name":"第二松花江","level":"river_l2"},"geometry":{"type":"LineString","coordinates":[[126.93170134100001,43.60580228400005],[126.92445322100002,43.60646230800006],[126.93668361900006,43.61412229200005],[126.93576797600008,43.60885789300005],[126.93170134100001,43.60580228400005]]}},{"type":"Feature","properties":{"name":"塔里木河(叶尔羌河)","level":"river_l2"},"geometry":{"type":"LineString","coordinates":[[87.49568142800007,40.55661917300006],[87.46610128800006,40.567105998000045],[87.45622087600003,40.57610890500007],[87.51243611900009,40.55437991900004],[87.49568142800007,40.55661917300006]]}},{"type":"Feature","properties":{"name":"塔里木河(叶尔羌河)","level":"river_l2"},"geometry":{"type":"LineString","coordinates":[[87.46121836900005,40.55282719400003],[87.47604281300005,40.53556525600004],[87.48195579200006,40.53256683600006],[87.47106058800006,40.556596236000075],[87.46120308900004,40.55883550300007],[87.46121836900005,40.55282719400003]]}},{"type":"Feature","properties":{"name":"淮河","level":"river_l2"},"geometry":{"type":"LineString","coordinates":[[118.9482528210001,33.55817802400003],[118.93248260500002,33.57868645700006]]}},{"type":"Feature","properties":{"name":"淮河","level":"river_l2"},"geometry":{"type":"LineString","coordinates":[[118.82449101300006,33.29131844600005],[118.8574130400001,33.33141177500005],[118.89507290300003,33.35293083300007],[118.90775372400003,33.40758916500005],[118.97646661800002,33.50071940600003],[118.97475009900006,33.51848492200003],[118.9482528210001,33.55817802400003]]}},{"type":"Feature","properties":{"name":"淮河","level":"river_l2"},"geometry":{"type":"LineString","coordinates":[[118.85840479900003,33.320089454000026],[118.84567838100008,33.28816730800003],[118.91020937200005,33.26974530000007],[118.95984759300006,33.27748906200003],[119.05398914900002,33.27175108700004],[119.09702015700009,33.28183716900003]]}},{"type":"Feature","properties":{"name":"淮河","level":"river_l2"},"geometry":{"type":"LineString","coordinates":[[118.15116282800011,33.17383399200003],[118.16972563600007,33.17321971100006],[118.21351949400002,33.16831364800004],[118.19615480700008,33.205195196000034],[118.16822292900008,33.216002665000076],[118.1523227130001,33.19837838900003],[118.15116282800011,33.17383399200003]]}},{"type":"Feature","properties":{"name":"淮河","level":"river_l2"},"geometry":{"type":"LineString","coordinates":[[119.09702015700009,33.28183716900003],[119.11126457400007,33.276736707000055],[119.11114993100011,33.25145986800004],[119.10772418700003,33.244474995000076],[119.08308821900005,33.244555243000036],[119.07996759000002,33.228823040000066],[119.09132804000001,33.22629376700007],[119.0689731870001,33.20923030700004],[119.0881005440001,33.203904746000035],[119.08566659700011,33.19044234300003],[119.10300094400009,33.178013640000074],[119.1022989280001,33.166092406000075],[119.14294933300005,33.15500256800004],[119.15846032800005,33.15827176200003],[119.16060449200006,33.18967133800004],[119.19450289500003,33.20297715800007],[119.1903296050001,33.21556219400003],[119.16595311300011,33.22438595400007],[119.1500913650001,33.247793632000025],[119.17170604600005,33.251959269000054],[119.17318638600011,33.27694999100004],[119.18502767300004,33.29622609000006],[119.15712627800008,33.30151736800008],[119.15354044000003,33.31062712200003],[119.10088854700007,33.30519896000004],[119.04609281700004,33.30994487100003],[119.06438854500004,33.30415009400008],[119.06550239500007,33.29514335400006],[119.04065273300012,33.28694930900008],[119.05105183600006,33.28216549700005],[119.08006730300008,33.29592912100003],[119.09494499100003,33.29256820300003],[119.09702015700009,33.28183716900003]]}},{"type":"Feature","properties":{"name":"淮河","level":"river_l2"},"geometry":{"type":"LineString","coordinates":[[118.54390391800007,33.160705162000056],[118.54278231700005,33.15409031100006],[118.56298567700003,33.17824549300008],[118.54965678100007,33.17979818800006],[118.54390391800007,33.160705162000056]]}},{"type":"Feature","properties":{"name":"淮河","level":"river_l2"},"geometry":{"type":"LineString","coordinates":[[118.72685351500002,33.092785529000025],[118.73043199400001,33.11842094200006],[118.75007064800002,33.12756108700006],[118.77157107100004,33.15569890800003],[118.77386031200001,33.20248737400004],[118.79067600100007,33.20965909900008],[118.81746374400007,33.23873533100004],[118.82449101300006,33.29131844600005]]}},{"type":"Feature","properties":{"name":"淮河入江水道","level":"river_l2"},"geometry":{"type":"LineString","coordinates":[[119.09685038900011,33.03732780200005],[119.01231465000001,33.06194514900005],[118.90837659800002,33.05503712400008],[118.89057681800011,33.06400962300006],[118.88117732600006,33.086207975000036],[118.85903634900001,33.100856915000065],[118.80382087900011,33.09103793100007],[118.7845638340001,33.09867144400005],[118.77250898900002,33.08810452400007],[118.72685351500002,33.092785529000025]]}},{"type":"Feature","properties":{"name":"淮河","level":"river_l2"},"geometry":{"type":"LineString","coordinates":[[118.46743932300001,33.060254351000026],[118.45774961400002,33.04448403400005],[118.45182152600012,33.05888110800004],[118.4424749640001,33.018791460000045],[118.46136600600005,33.03956292600003],[118.46743932300001,33.060254351000026]]}},{"type":"Feature","properties":{"name":"淮河","level":"river_l2"},"geometry":{"type":"LineString","coordinates":[[118.45489599100006,33.02426181200008],[118.43074812800012,32.999645059000045],[118.42452223900011,32.98147903000006],[118.44297063600004,32.98551880100007],[118.47729642900003,33.016384136000056],[118.48145462000002,33.024284557000044],[118.47494662700001,33.031361040000036],[118.49113674600005,33.04624247500004],[118.47618284300006,33.06044885800003],[118.47760205500003,33.07439956200005],[118.45489599100006,33.02426181200008]]}},{"type":"Feature","properties":{"name":"汉江(汉水)","level":"river_l2"},"geometry":{"type":"LineString","coordinates":[[110.79872569600008,32.816676193000035],[110.78601474500005,32.811758962000056],[110.76797839900007,32.82056358700004],[110.74855336100006,32.80939010900005],[110.74573033300004,32.795145655000056],[110.79535333500007,32.802199038000026],[110.79872569600008,32.816676193000035]]}},{"type":"Feature","properties":{"name":"岷江","level":"river_l2"},"geometry":{"type":"LineString","coordinates":[[103.60657680200006,31.007250180000028],[103.61326024800007,30.972701404000077],[103.69023512200005,30.87883802700003],[103.70312901400007,30.823641618000067],[103.73625655000006,30.739065464000078],[103.76138076600006,30.70721562400007],[103.79387506200004,30.63003255900003],[103.81339916000007,30.603899213000034],[103.82240188600008,30.524177443000042],[103.83140476500006,30.50244258500004],[103.82594948200006,30.45945739600006],[103.83573059800005,30.443753740000034],[103.82842903900007,30.43453719100006]]}},{"type":"Feature","properties":{"name":"汉江(汉水)","level":"river_l2"},"geometry":{"type":"LineString","coordinates":[[111.63868990000009,32.42875744400004],[111.63130449000005,32.43760017900007],[111.62688700400008,32.448140489000025],[111.64726560400004,32.43381202100005],[111.64369489200004,32.42328318700004],[111.63868990000009,32.42875744400004]]}},{"type":"Feature","properties":{"name":"汉江(汉水)","level":"river_l2"},"geometry":{"type":"LineString","coordinates":[[111.67168710900006,32.27202625600006],[111.66910082500004,32.30061819300005],[111.69031105000005,32.286278278000054],[111.69729192300008,32.245643001000076],[111.67168710900006,32.27202625600006]]}},{"type":"Feature","properties":{"name":"汉江(汉水)","level":"river_l2"},"geometry":{"type":"LineString","coordinates":[[112.00777012000003,32.07153051500006],[112.01657465500011,32.06622027900005],[112.02276227200002,32.06769658200005],[112.01486567600011,32.076009062000026],[112.00777012000003,32.07153051500006]]}},{"type":"Feature","properties":{"name":"汉江(汉水)","level":"river_l2"},"geometry":{"type":"LineString","coordinates":[[111.83721790000004,32.06245576400005],[111.83370066000003,32.06397406800005],[111.83280799300007,32.06322255600003],[111.83808765500004,32.05869436800003],[111.83721790000004,32.06245576400005]]}},{"type":"Feature","properties":{"name":"汉江(汉水)","level":"river_l2"},"geometry":{"type":"LineString","coordinates":[[112.21777491700004,32.061748548000025],[112.22051389400008,32.05225731500008],[112.21432628100001,32.05154778700006],[112.21174752000002,32.05983735700005],[112.21777491700004,32.061748548000025]]}},{"type":"Feature","properties":{"name":"汉江(汉水)","level":"river_l2"},"geometry":{"type":"LineString","coordinates":[[112.03585454300003,32.04356029200005],[112.02093111500005,32.057926887000065],[112.02627950300007,32.064667618000044],[112.0473447390001,32.04575757200007],[112.03585454300003,32.04356029200005]]}},{"type":"Feature","properties":{"name":"汉江(汉水)","level":"river_l2"},"geometry":{"type":"LineString","coordinates":[[112.21594366400006,32.034236218000046],[112.20269867200011,32.03432019600007],[112.21850716200004,32.025191317000065],[112.2114345110001,32.02373409200004],[112.17275253100001,32.04429220000003],[112.179123376,32.06757008400007],[112.19156730400005,32.07576422600005],[112.20213428900001,32.072689456000035],[112.21594366400006,32.034236218000046]]}},{"type":"Feature","properties":{"name":"汉江(汉水)","level":"river_l2"},"geometry":{"type":"LineString","coordinates":[[112.21540861800008,31.853201074000026],[112.21702613500008,31.860952741000062],[112.22410642000011,31.863300723000066],[112.22455655300007,31.860769601000072],[112.21540861800008,31.853201074000026]]}},{"type":"Feature","properties":{"name":"汉江(汉水)","level":"river_l2"},"geometry":{"type":"LineString","coordinates":[[112.20882420800001,31.841678496000043],[112.21089949000009,31.847126022000054],[112.21761354000012,31.846963867000056],[112.21260849500004,31.842271683000035],[112.20882420800001,31.841678496000043]]}},{"type":"Feature","properties":{"name":"汉江(汉水)","level":"river_l2"},"geometry":{"type":"LineString","coordinates":[[112.29223801800003,31.72162832300006],[112.303171227,31.719291715000054],[112.31335670200008,31.711019281000063],[112.29652581300002,31.71372976300006],[112.29223801800003,31.72162832300006]]}},{"type":"Feature","properties":{"name":"汉江(汉水)","level":"river_l2"},"geometry":{"type":"LineString","coordinates":[[112.44716328800007,31.451389195000047],[112.45882881700004,31.426423191000026],[112.45855403600001,31.40456629600004],[112.46306312400009,31.403301672000055],[112.47704060000001,31.41187156500007],[112.47687280200012,31.421730917000048],[112.44716328800007,31.451389195000047]]}},{"type":"Feature","properties":{"name":"额尔齐斯河","level":"river_l2"},"geometry":{"type":"LineString","coordinates":[[85.53566450400007,48.028985196000065],[85.58126713400009,48.01358881700003]]}},{"type":"Feature","properties":{"name":"额尔齐斯河","level":"river_l2"},"geometry":{"type":"LineString","coordinates":[[85.58126713400009,48.01358881700003],[85.59603819100005,48.01065146800005],[85.60453772500006,47.99763923000006],[85.64897280800005,48.01485170800004],[85.69470515900008,47.99654082500007]]}},{"type":"Feature","properties":{"name":"额尔齐斯河","level":"river_l2"},"geometry":{"type":"LineString","coordinates":[[85.53566450400007,48.028985196000065],[85.54547652500008,47.98722085800006],[85.56528311200003,47.992374701000074],[85.58126713400009,48.01358881700003]]}},{"type":"Feature","properties":{"name":"额尔齐斯河","level":"river_l2"},"geometry":{"type":"LineString","coordinates":[[85.69470515900008,47.99654082500007],[85.71081920100005,47.96769339700006],[85.72507907900007,47.96327972100005],[85.75025684000008,47.98664540600004],[85.76790425400003,47.98827437300008],[85.83216151500005,47.957748569000046],[85.85559974100005,47.976685273000044],[85.87736718000008,47.97772677200004],[85.87744366400005,47.947284714000034],[85.90052336500008,47.954990663000046],[85.90348355700007,47.97452623200007],[85.93337669600004,47.95882843600003],[85.97355452600004,47.95986998500007],[85.97880378900004,47.95153848900003]]}},{"type":"Feature","properties":{"name":"额尔齐斯河","level":"river_l2"},"geometry":{"type":"LineString","coordinates":[[85.97880378900004,47.95153848900003],[85.96945750300006,47.941909923000026],[86.01051287700005,47.920993518000046],[86.05210979600008,47.926849341000036],[86.08651970900007,47.909049604000074]]}},{"type":"Feature","properties":{"name":"额尔齐斯河","level":"river_l2"},"geometry":{"type":"LineString","coordinates":[[86.08651970900007,47.909049604000074],[86.09968091700006,47.904231554000035],[86.09672832300004,47.88950644000005],[86.14423073300009,47.873736208000025],[86.15885688300006,47.86104824100005],[86.18308104900007,47.866438611000035],[86.19920259000008,47.857668441000044],[86.23782399200007,47.854467932000034]]}},{"type":"Feature","properties":{"name":"额尔齐斯河","level":"river_l2"},"geometry":{"type":"LineString","coordinates":[[86.23782399200007,47.854467932000034],[86.26770943500009,47.84898615100008],[86.27449217000003,47.856013020000034],[86.26388684600005,47.87041384100007],[86.27495747700004,47.87364500100006],[86.29292541600006,47.86170474200003],[86.31154171700007,47.87723481900008],[86.36383557100004,47.85919860900003],[86.38616771600005,47.84093343100005],[86.39741381000005,47.84759027700005],[86.39021894600006,47.86253662300004],[86.39527737100008,47.87043326000003],[86.42523900100008,47.88436878200008],[86.43621818600008,47.86835811800006],[86.44612150000006,47.867660037000064],[86.47201643500006,47.895908656000074],[86.51631433800009,47.88793203500006],[86.53498421500007,47.87437048900006],[86.56438130200007,47.879100909000044],[86.57999931400008,47.865012913000044],[86.57790123200004,47.85123768500006],[86.61282984200005,47.85378224200008],[86.62400738600007,47.83959123500006],[86.67064755600006,47.83869869100005],[86.69596285900008,47.82753285100006],[86.72479558900005,47.78919423900004],[86.75953356900004,47.771096940000064],[86.79421831600007,47.72073029400008],[86.80875287100008,47.71390947700007]]}},{"type":"Feature","properties":{"name":"松花江","level":"river_l2"},"geometry":{"type":"LineString","coordinates":[[132.4747057400001,47.68030703100004],[132.5009059900001,47.68687579500005],[132.50168400000007,47.678220046000035],[132.51447134900002,47.683091381000054],[132.5170956820001,47.672684626000034],[132.50566640600005,47.66787049800007],[132.4747057400001,47.68030703100004]]}},{"type":"Feature","properties":{"name":"松花江","level":"river_l2"},"geometry":{"type":"LineString","coordinates":[[132.46141433100001,47.654614620000075],[132.46014824700012,47.67239151900003],[132.4734391070001,47.67545845700005],[132.48775205800007,47.667134444000055],[132.46141433100001,47.654614620000075]]}},{"type":"Feature","properties":{"name":"松花江","level":"river_l2"},"geometry":{"type":"LineString","coordinates":[[132.4469321800001,47.607277149000026],[132.43368693600007,47.597461861000056],[132.43353411700002,47.58808131300003],[132.4550501210001,47.608638936000034],[132.4469321800001,47.607277149000026]]}},{"type":"Feature","properties":{"name":"额尔齐斯河","level":"river_l2"},"geometry":{"type":"LineString","coordinates":[[86.80875287100008,47.71390947700007],[86.89469360600003,47.685516172000064],[86.89784471900003,47.67435790600007],[86.91501145400008,47.67763867100007],[86.92290822100006,47.66633926900005],[86.94462988900005,47.665809065000076],[86.95166462100008,47.63229229600006],[87.02924327600005,47.59564375100007],[87.04995020200005,47.594159845000036],[87.05909822400008,47.58447410300005],[87.13492949300007,47.58434458000005],[87.13385380200003,47.566479894000054],[87.14617568600005,47.572167782000065],[87.15758955200005,47.594778097000074],[87.19830147400006,47.59198194900006],[87.20882284200007,47.581159401000036],[87.24532321700008,47.57233968000003],[87.26068170600007,47.57874475600005],[87.25214404300004,47.59143274400003],[87.27027216300007,47.585752557000035],[87.28225065500004,47.602869568000074],[87.29281012600006,47.60073330800003],[87.29557974100004,47.59167699100004]]}},{"type":"Feature","properties":{"name":"松花江","level":"river_l2"},"geometry":{"type":"LineString","coordinates":[[132.33301973000005,47.51022653100006],[132.31476943100006,47.49916004800008],[132.31444880700008,47.49160296800005],[132.32813655300004,47.50087655300007],[132.33301973000005,47.51022653100006]]}},{"type":"Feature","properties":{"name":"松花江","level":"river_l2"},"geometry":{"type":"LineString","coordinates":[[132.28128930200012,47.44101931900008],[132.24774912100008,47.42401720200007],[132.23978377000003,47.422529524000026],[132.2470016960001,47.435644667000076],[132.29203224900004,47.460001558000044],[132.29352744200003,47.45115124600005],[132.28128930200012,47.44101931900008]]}},{"type":"Feature","properties":{"name":"松花江","level":"river_l2"},"geometry":{"type":"LineString","coordinates":[[132.19901076400004,47.40748446900005],[132.236899654,47.41737197000003],[132.24040924100007,47.415922314000056],[132.21014991100003,47.40385648900008],[132.19901076400004,47.40748446900005]]}},{"type":"Feature","properties":{"name":"松花江","level":"river_l2"},"geometry":{"type":"LineString","coordinates":[[132.12163100100008,47.39764699300008],[132.16280055800007,47.40474203800005],[132.1720171070001,47.40377298200008],[132.148410828,47.39289729600006],[132.12076110500004,47.39258478600004],[132.12163100100008,47.39764699300008]]}},{"type":"Feature","properties":{"name":"松花江","level":"river_l2"},"geometry":{"type":"LineString","coordinates":[[132.07554762000007,47.375681979000035],[132.0812547280001,47.382350157000076],[132.10327393300008,47.38836964300003],[132.10270923300004,47.38377283600005],[132.07554762000007,47.375681979000035]]}},{"type":"Feature","properties":{"name":"松花江","level":"river_l2"},"geometry":{"type":"LineString","coordinates":[[132.03620873500006,47.35019203100006],[132.04180912900006,47.36112895200006],[132.04792815000008,47.36415400800007],[132.0473632820001,47.35246170500005],[132.03620873500006,47.35019203100006]]}},{"type":"Feature","properties":{"name":"松花江","level":"river_l2"},"geometry":{"type":"LineString","coordinates":[[132.04792732900012,47.329393709000044],[132.03858898600004,47.342230554000025],[132.075257587,47.37110424300005],[132.1197081470001,47.38956349000006],[132.14308525500007,47.388544687000035],[132.05795315300008,47.35111497100007],[132.04792732900012,47.329393709000044]]}},{"type":"Feature","properties":{"name":"松花江","level":"river_l2"},"geometry":{"type":"LineString","coordinates":[[131.8303143500001,47.279788643000074],[131.8204416530001,47.280761519000066],[131.83599086700008,47.28341262500004],[131.8303143500001,47.279788643000074]]}},{"type":"Feature","properties":{"name":"松花江","level":"river_l2"},"geometry":{"type":"LineString","coordinates":[[131.80243558300003,47.27290707700007],[131.8003756590001,47.275958925000054],[131.8168098010001,47.274089504000074],[131.80243558300003,47.27290707700007]]}},{"type":"Feature","properties":{"name":"松花江","level":"river_l2"},"geometry":{"type":"LineString","coordinates":[[131.75159176300008,47.26952773000005],[131.76543219000007,47.28273817300004],[131.7829802560001,47.280853480000076],[131.7817289300001,47.27787414800008],[131.75159176300008,47.26952773000005]]}},{"type":"Feature","properties":{"name":"松花江","level":"river_l2"},"geometry":{"type":"LineString","coordinates":[[131.84857942200006,47.27036593100007],[131.8455429610001,47.275691401000074],[131.88053224100008,47.270380843000055],[131.87822804600012,47.26818736800004],[131.84857942200006,47.27036593100007]]}},{"type":"Feature","properties":{"name":"松花江","level":"river_l2"},"geometry":{"type":"LineString","coordinates":[[131.75450601400007,47.25834657000007],[131.7662100120001,47.26568227100006],[131.77663206400007,47.26572030600005],[131.7686360670001,47.258773673000064],[131.75450601400007,47.25834657000007]]}},{"type":"Feature","properties":{"name":"松花江","level":"river_l2"},"geometry":{"type":"LineString","coordinates":[[131.9365789420001,47.251951019000046],[131.922433575,47.24913967800006],[131.9161011230001,47.25454147900007],[131.94602455300003,47.25834449200005],[131.9365789420001,47.251951019000046]]}},{"type":"Feature","properties":{"name":"松花江","level":"river_l2"},"geometry":{"type":"LineString","coordinates":[[131.45455518500012,47.24944228800007],[131.45754621000003,47.258773215000076],[131.4645806950001,47.25797203500008],[131.4582326520001,47.249156140000025],[131.45455518500012,47.24944228800007]]}},{"type":"Feature","properties":{"name":"松花江","level":"river_l2"},"geometry":{"type":"LineString","coordinates":[[131.71641873900012,47.24777621900006],[131.71443514500004,47.25232346200005],[131.72877882800003,47.252765821000025],[131.71641873900012,47.24777621900006]]}},{"type":"Feature","properties":{"name":"松花江","level":"river_l2"},"geometry":{"type":"LineString","coordinates":[[131.69916066700011,47.25260973500008],[131.6874109260001,47.246742726000036],[131.73064068200006,47.26253927500005],[131.7263528740001,47.26402327200003],[131.69916066700011,47.25260973500008]]}},{"type":"Feature","properties":{"name":"松花江","level":"river_l2"},"geometry":{"type":"LineString","coordinates":[[131.46995169000002,47.247050253000054],[131.48418865700012,47.251719395000066],[131.49679267400006,47.24717966700007],[131.47690985500003,47.24520382400004],[131.46995169000002,47.247050253000054]]}},{"type":"Feature","properties":{"name":"松花江","level":"river_l2"},"geometry":{"type":"LineString","coordinates":[[131.94094291700003,47.24494703000005],[131.95209747400008,47.247689738000076],[131.98960468000007,47.24904739300007],[131.973933342,47.24416845600007],[131.94094291700003,47.24494703000005]]}},{"type":"Feature","properties":{"name":"松花江","level":"river_l2"},"geometry":{"type":"LineString","coordinates":[[131.61169460300005,47.24500781800003],[131.62214704000007,47.23925882700007],[131.59118619800006,47.244828744000074],[131.59465008900008,47.24680095000008],[131.61169460300005,47.24500781800003]]}},{"type":"Feature","properties":{"name":"松花江","level":"river_l2"},"geometry":{"type":"LineString","coordinates":[[131.67744645000005,47.238102351000066],[131.65661765100003,47.240048115000036],[131.66348443900006,47.24590754800005],[131.68538136600012,47.24318737100003],[131.67744645000005,47.238102351000066]]}},{"type":"Feature","properties":{"name":"松花江","level":"river_l2"},"geometry":{"type":"LineString","coordinates":[[131.53211757500003,47.23811154800006],[131.5137303880001,47.24598164300005],[131.5399456240001,47.24095347700006],[131.53211757500003,47.23811154800006]]}},{"type":"Feature","properties":{"name":"松花江","level":"river_l2"},"geometry":{"type":"LineString","coordinates":[[131.54954364500009,47.23951901500004],[131.5891868760001,47.22920341500003],[131.65557992000004,47.23562297800004],[131.60377479300007,47.23330796400006],[131.54954364500009,47.23951901500004]]}},{"type":"Feature","properties":{"name":"松花江","level":"river_l2"},"geometry":{"type":"LineString","coordinates":[[130.9889650350001,47.22523483600003],[130.9945957750001,47.22890459800004],[131.0022864240001,47.22878625700008],[130.9988682710001,47.22508213900005],[130.9889650350001,47.22523483600003]]}},{"type":"Feature","properties":{"name":"松花江","level":"river_l2"},"geometry":{"type":"LineString","coordinates":[[131.63124123600005,47.22622361600003],[131.63353019800002,47.22959967400004],[131.66475057900004,47.22974811300003],[131.65071191000004,47.22198899700004],[131.63124123600005,47.22622361600003]]}},{"type":"Feature","properties":{"name":"松花江","level":"river_l2"},"geometry":{"type":"LineString","coordinates":[[131.1853511480001,47.21781299000003],[131.19285869500004,47.218079945000056],[131.169924142,47.22103664700006],[131.17647033000003,47.220124844000054],[131.1853511480001,47.21781299000003]]}},{"type":"Feature","properties":{"name":"松花江","level":"river_l2"},"geometry":{"type":"LineString","coordinates":[[131.0193461020001,47.22263664500008],[131.0208718880001,47.216674123000075],[131.03767231200004,47.21715842200007],[131.03108044100009,47.22226648700007],[131.0193461020001,47.22263664500008]]}},{"type":"Feature","properties":{"name":"松花江","level":"river_l2"},"geometry":{"type":"LineString","coordinates":[[131.37493178400007,47.21703274600003],[131.37574037500008,47.21062008700005],[131.362998929,47.21103603500006],[131.36920956500012,47.21666277300005],[131.37493178400007,47.21703274600003]]}},{"type":"Feature","properties":{"name":"松花江","level":"river_l2"},"geometry":{"type":"LineString","coordinates":[[131.11436510600004,47.21307197200008],[131.10714734500004,47.20675476800005],[131.10046383100007,47.20798319900007],[131.1056062890001,47.212267146000045],[131.11975163800003,47.214143869000054],[131.11436510600004,47.21307197200008]]}},{"type":"Feature","properties":{"name":"松花江","level":"river_l2"},"geometry":{"type":"LineString","coordinates":[[131.41231687800007,47.216429609000045],[131.39983461000008,47.206908044000045],[131.377846072,47.20732409200008],[131.3801655430001,47.210284338000065],[131.41231687800007,47.216429609000045]]}},{"type":"Feature","properties":{"name":"松花江","level":"river_l2"},"geometry":{"type":"LineString","coordinates":[[131.13763577500004,47.22810197000007],[131.18510732200002,47.23179798800004],[131.29405754900006,47.202861693000045],[131.33684435400005,47.19982848200004],[131.35118805700006,47.201068133000035],[131.361824167,47.21963456900005],[131.47494190300006,47.26626526200005],[131.51019072000008,47.26632210400004],[131.57890265700007,47.25067312400006],[131.65261994500008,47.24913878600006],[131.70041206400003,47.258633264000025],[131.76553905700007,47.28498889400004],[131.8340530690001,47.288715194000076],[131.9759327050001,47.26139217800005],[131.99949314600008,47.26983403600008],[132.0270366190001,47.29414534500006],[132.02365037200002,47.34932621300004],[132.04797414400002,47.373298041000055],[132.12277573200004,47.40981995100003],[132.2268592260001,47.42334221500005],[132.2474139300001,47.44550206000008],[132.31176300000004,47.48395054400004],[132.29763311300007,47.49042438500004],[132.30878787000006,47.501426095000056],[132.37663122100003,47.536322976000065],[132.41194175200008,47.564784676000045],[132.4238143240001,47.60184896900006],[132.4485651430001,47.61660045800005],[132.45817887900012,47.63414072000006],[132.44157747400004,47.66018823700006],[132.44353103900005,47.67603482000004],[132.50003645200002,47.69666453600007],[132.510261183,47.73978290400004]]}},{"type":"Feature","properties":{"name":"松花江","level":"river_l2"},"geometry":{"type":"LineString","coordinates":[[130.86156509500006,47.197861302000035],[130.99471793400005,47.232650713000055],[131.01452440800006,47.23234150500008],[131.07423323600005,47.20887613800005],[131.11409050100008,47.21573469400005],[131.13763577500004,47.22810197000007]]}},{"type":"Feature","properties":{"name":"松花江","level":"river_l2"},"geometry":{"type":"LineString","coordinates":[[131.25404787600007,47.20389974200003],[131.26121955300005,47.19694531600004],[131.27969849900012,47.19782633300008],[131.27243519800004,47.201820489000056],[131.25404787600007,47.20389974200003]]}},{"type":"Feature","properties":{"name":"松花江","level":"river_l2"},"geometry":{"type":"LineString","coordinates":[[131.23489747400004,47.20083667600005],[131.22502491900002,47.208054351000044],[131.25626025400004,47.194801460000065],[131.25079745300002,47.19489307400005],[131.23489747400004,47.20083667600005]]}},{"type":"Feature","properties":{"name":"松花江","level":"river_l2"},"geometry":{"type":"LineString","coordinates":[[131.3144741110001,47.190482503000055],[131.33568461900006,47.198352174000036],[131.338858468,47.19528886900008],[131.32552182100005,47.19177941100003],[131.3144741110001,47.190482503000055]]}},{"type":"Feature","properties":{"name":"松花江","level":"river_l2"},"geometry":{"type":"LineString","coordinates":[[131.25796927700003,47.19433603900006],[131.2785997210001,47.19291290400008],[131.28593938100005,47.19166539100007],[131.2723890860001,47.187278536000065],[131.25796927700003,47.19433603900006]]}},{"type":"Feature","properties":{"name":"松花江","level":"river_l2"},"geometry":{"type":"LineString","coordinates":[[131.3406130180001,47.18399709200003],[131.37427525900011,47.20063681500005],[131.40062791600008,47.19938909800004],[131.45061802600003,47.23746391100008],[131.49276418500006,47.24489465600004],[131.63589516000002,47.22021146800006],[131.70706455800007,47.23596575200003],[131.790075494,47.267932734000055],[131.84740442700001,47.26889343800008],[131.88573549300008,47.26425806000003],[131.90696069400008,47.24799922600005],[131.937372137,47.23977803900004],[131.98478257400006,47.240902884000036],[132.04473695100012,47.278489284000045],[132.05064329000004,47.32174504000005],[132.06506393200004,47.350294716000064],[132.107500103,47.361578379000036],[132.13281565600005,47.38260518300007],[132.19363941300003,47.40313949100005],[132.22167061100004,47.40322692400008],[132.27901539200002,47.42904474200003],[132.34589824400007,47.49890030000006],[132.39956549600004,47.52220802800008],[132.47594039700004,47.62504989800004],[132.47777183300002,47.63861142800005],[132.46640403100002,47.65185266300006],[132.52716662000012,47.66647405000003],[132.52989848000004,47.68532667200003],[132.5179964780001,47.69329206900005],[132.53488962400002,47.74186931700007]]}},{"type":"Feature","properties":{"name":"额尔齐斯河","level":"river_l2"},"geometry":{"type":"LineString","coordinates":[[87.29557974100004,47.59167699100004],[87.30218708000007,47.58256346200005],[87.28647762500003,47.57638727300008],[87.31119775000008,47.57605925800004],[87.31347906200006,47.567857454000034],[87.30366736300005,47.55718745100006],[87.32159713700008,47.54623521700006],[87.32210077600007,47.53022070900005],[87.33436929600003,47.52719560500003],[87.33326314500005,47.49719987100008],[87.39510934300006,47.47427691100006],[87.40384536000005,47.464556833000074],[87.41628170800004,47.46655962900007],[87.42374358500007,47.45384493500006],[87.43902576600004,47.46251981300003],[87.48354486500006,47.46448834700004],[87.56995090300006,47.45323108100007],[87.58523320400008,47.43717464300005],[87.62934792100003,47.441142127000035],[87.65858484600005,47.43278779100007],[87.66593226600008,47.42211782600003],[87.68042100000008,47.42296855700005],[87.70614832100006,47.40541674100007],[87.73216549500006,47.40364673300007],[87.73408058800004,47.393827455000064],[87.77216788200008,47.39469349600006],[87.78638203200006,47.37745446800005],[87.79942110900004,47.382627358000036],[87.80469325500007,47.37284242000004],[87.82843680900004,47.366223802000036],[87.83135139000007,47.35595438000007],[87.85038737100007,47.36415623000005],[87.88410288000006,47.361966609000035],[87.94265307200004,47.334149248000074],[88.06980151300007,47.32496348600006],[88.08953188200007,47.31367554800005],[88.11244377700007,47.31248919400008],[88.12474284900009,47.30136527700006],[88.14386277400007,47.30586295900008],[88.15796248200007,47.28697593800007],[88.19826235700003,47.29275543400007],[88.22605729300005,47.27899170900008],[88.33101872600008,47.254260602000045],[88.50030582100004,47.24255714100008],[88.58118038000003,47.220236929000066],[88.61005102000007,47.22492155200007],[88.70599417800008,47.20051085800003],[88.72992850800006,47.18386695100003],[88.76417806900008,47.18692648000007],[88.76860333000008,47.173204670000075],[88.80089213400004,47.15931124400004],[88.82036303600006,47.16117671500007],[88.84525870700008,47.14336929600006],[88.87444979500003,47.14752747600005],[88.90200057700008,47.132916859000034]]}},{"type":"Feature","properties":{"name":"松花江","level":"river_l2"},"geometry":{"type":"LineString","coordinates":[[130.77925522700002,47.128463631000045],[130.78709858900004,47.13360969100006],[130.78680929400002,47.16138131800005],[130.77791308000008,47.15775355300008],[130.7715187660001,47.127067502000045],[130.77925522700002,47.128463631000045]]}},{"type":"Feature","properties":{"name":"松花江","level":"river_l2"},"geometry":{"type":"LineString","coordinates":[[130.70996160200002,47.06391059400005],[130.70468186100004,47.06180488900003],[130.70423921500003,47.056097978000025],[130.71031244900007,47.058783521000066],[130.70996160200002,47.06391059400005]]}},{"type":"Feature","properties":{"name":"松花江","level":"river_l2"},"geometry":{"type":"LineString","coordinates":[[130.65325769800006,47.037097077000055],[130.660948221,47.03132904300003],[130.67632952200006,47.03119536400004],[130.6686999850001,47.03468978600006],[130.65325769800006,47.037097077000055]]}},{"type":"Feature","properties":{"name":"松花江","level":"river_l2"},"geometry":{"type":"LineString","coordinates":[[130.619504053,47.026961551000056],[130.63473265900006,47.022265392000065],[130.65151809500003,47.034815854000044],[130.62977384900012,47.04184672900004],[130.60757143900003,47.03160808300004],[130.60850211700006,47.025595974000055],[130.619504053,47.026961551000056]]}},{"type":"Feature","properties":{"name":"松花江","level":"river_l2"},"geometry":{"type":"LineString","coordinates":[[130.54404633600006,46.99033660400005],[130.53853772200011,46.988898488000075],[130.550043683,47.011283519000074],[130.53634138500001,47.03321103900004],[130.53882890800003,47.04518561900005],[130.554256054,47.048008398000036],[130.59553192600004,47.03250849800003],[130.54404633600006,46.99033660400005]]}},{"type":"Feature","properties":{"name":"额尔齐斯河","level":"river_l2"},"geometry":{"type":"LineString","coordinates":[[88.90200057700008,47.132916859000034],[88.92385204100003,47.10685040200008],[88.95873487200004,47.107788904000074],[88.96478525200007,47.093376618000036],[88.99127546400007,47.09064145700006],[89.04121178000008,47.050597638000056],[89.08075632100008,47.05561797800004],[89.10083004500007,47.03592603900006],[89.12660309000006,47.02698420300004],[89.30503051500006,47.011359104000064],[89.37485729900004,46.988512410000055],[89.50968877200006,46.98367928300007],[89.55059138600006,46.99105716300005],[89.56292846300005,47.018462673000045],[89.58238409900008,47.02203335300004],[89.58717549900007,47.03116216600006],[89.57928637400005,47.04584911500007],[89.54452558700007,47.05378764900007],[89.55339883300007,47.07022561700006],[89.56754421500005,47.07611568300007],[89.59361480900003,47.06912320500004],[89.61720569900007,47.08044555500004],[89.62299658900008,47.088429931000064],[89.61921213300008,47.13040411800006],[89.66176277400007,47.13330724400004],[89.68349199900007,47.15309462100004],[89.68192025900004,47.16179998200005],[89.71851205800004,47.18699294700008],[89.69534820800004,47.240903598000045],[89.64995159300008,47.268846902000064],[89.65513972800005,47.28048203600008],[89.63978117100004,47.291094772000065],[89.68138569400008,47.307342050000045],[89.67132206000008,47.337600990000055],[89.65064560200005,47.35464927700008],[89.65334640700007,47.38323735700004],[89.64251219400006,47.40800680500007],[89.65068344900004,47.44296941500005],[89.63566811300007,47.48652290700005],[89.67127555200005,47.55222517800007],[89.72433973600005,47.60042519600006],[89.75925292800008,47.652146240000036],[89.75788713900005,47.67526008100003],[89.74229201000009,47.700063853000074],[89.74290994400008,47.72019071200003],[89.86557203800004,47.75301339500004],[89.92942474100005,47.75482933300003],[89.96808422500004,47.77145426700008],[89.99232360500008,47.796879911000076],[89.99790081000003,47.82268319100007],[89.98911892800004,47.86301700400003]]}},{"type":"Feature","properties":{"name":"松花江","level":"river_l2"},"geometry":{"type":"LineString","coordinates":[[130.533760077,46.92146460500004],[130.53119620600012,46.90707908300004],[130.52518406000002,46.90666714900004],[130.5279919510001,46.915338123000026],[130.533760077,46.92146460500004]]}},{"type":"Feature","properties":{"name":"松花江","level":"river_l2"},"geometry":{"type":"LineString","coordinates":[[130.4568523490001,46.86715433100005],[130.4615980760001,46.871922762000054],[130.46989904500003,46.86957276800007],[130.459492145,46.86484636000006],[130.4568523490001,46.86715433100005]]}},{"type":"Feature","properties":{"name":"松花江","level":"river_l2"},"geometry":{"type":"LineString","coordinates":[[130.41897865300007,46.85419590600003],[130.36500679800008,46.856149637000044],[130.35853682900006,46.85363194700005],[130.35841437700003,46.836522642000034],[130.3836529990001,46.82996095100003],[130.41897865300007,46.85419590600003]]}},{"type":"Feature","properties":{"name":"松花江","level":"river_l2"},"geometry":{"type":"LineString","coordinates":[[130.13309644000003,46.83056628700007],[130.14779115400006,46.833930775000056],[130.1517431840001,46.828883774000076],[130.14971365600002,46.82660255500008],[130.13309644000003,46.83056628700007]]}},{"type":"Feature","properties":{"name":"松花江","level":"river_l2"},"geometry":{"type":"LineString","coordinates":[[129.98459260800007,46.785465627000065],[129.97154590800005,46.78289078200004],[129.96855512900004,46.78427176500003],[129.97856528400007,46.78881888400008],[129.98459260800007,46.785465627000065]]}},{"type":"Feature","properties":{"name":"松花江","level":"river_l2"},"geometry":{"type":"LineString","coordinates":[[130.120353915,46.78191266200008],[130.11565396700007,46.77712897100008],[130.1186141820001,46.77368419100003],[130.12264270900005,46.77778504200006],[130.120353915,46.78191266200008]]}},{"type":"Feature","properties":{"name":"松花江","level":"river_l2"},"geometry":{"type":"LineString","coordinates":[[129.99895128000003,46.773338280000075],[129.9831121310001,46.77027898600005],[129.97217137200005,46.77534131800007],[129.98450093500003,46.780105856000034],[129.99895128000003,46.773338280000075]]}},{"type":"Feature","properties":{"name":"松花江","level":"river_l2"},"geometry":{"type":"LineString","coordinates":[[130.00775581900007,46.77157575900003],[130.0084425340001,46.77386080800005],[130.01677410900004,46.77543241300003],[130.0137373970001,46.76972552700005],[130.00775581900007,46.77157575900003]]}},{"type":"Feature","properties":{"name":"松花江","level":"river_l2"},"geometry":{"type":"LineString","coordinates":[[130.86156509500006,47.197861302000035],[130.79056342100012,47.177094372000056],[130.77467817500008,47.16005008700006],[130.77055753700006,47.13158421600008],[130.72799889300006,47.10288223300006],[130.68896438700006,47.04109459400007],[130.63552681400006,47.05228391700007],[130.5923733840001,47.037799636000045],[130.56635665500005,47.04937014800004],[130.53788297100004,47.05120154300005],[130.52762841700007,47.035561037000036],[130.54255155400006,47.01812731900003],[130.54438234200006,47.00384093500003],[130.52666621100002,46.996539625000025],[130.53302811800006,46.94317454800006],[130.49327648000008,46.88283271300003],[130.43266636600003,46.86248528800007],[130.3682266840001,46.86465657200006],[130.3572094220001,46.86026968500005],[130.348038179,46.84009720300003],[130.29147248800007,46.85265606000007],[130.23516525900004,46.822405407000076],[130.1426183850001,46.83896634300004],[130.1218047310001,46.83613598900007],[130.09632134100002,46.81457509200004],[130.0926127560001,46.787577903000056],[130.11188468500006,46.76565795400006],[130.095343436,46.754534215000035],[130.0531674350001,46.778125275000036],[129.9616733570001,46.79078367200003],[129.9572616580001,46.708998558000076],[129.91104070300003,46.67477278800004]]}},{"type":"Feature","properties":{"name":"松花江","level":"river_l2"},"geometry":{"type":"LineString","coordinates":[[129.91104070300003,46.67477278800004],[129.9138170870001,46.63797916400006],[129.89277397800004,46.60883442800008],[129.85235197200006,46.59481169400004],[129.8029722660001,46.55605398900008],[129.73854713900005,46.52560503700005],[129.71347603200002,46.516716845000076],[129.67004827900007,46.517655724000065],[129.6362334250001,46.499028474000056],[129.55857739900011,46.41448600500007],[129.55718782500003,46.36794946100008]]}},{"type":"Feature","properties":{"name":"松花江","level":"river_l2"},"geometry":{"type":"LineString","coordinates":[[129.57215652700006,46.339372757000035],[129.56362701400008,46.35816828700007],[129.56178169500004,46.40771854500008],[129.59243836400003,46.44889883400003],[129.66453952100005,46.50942347500006],[129.71668035800008,46.51144478000003],[129.75266191100002,46.52478471400008],[129.820398371,46.55896067700007],[129.8489795040001,46.586571794000065],[129.89925908500004,46.60578634800004],[129.92788596600008,46.631879180000055],[129.91972315600003,46.67246475400003],[129.94938752100006,46.69178633200005],[129.9705374980001,46.72317416000004],[129.97000427500006,46.76220703800004],[130.00488684100003,46.76046332200008],[130.04215012400005,46.77145333100003],[130.09633517100008,46.74927361700003],[130.12273391500003,46.76182017000008],[130.1295551510001,46.778280893000044],[130.1015243920001,46.79877038800004],[130.1117333100001,46.821205028000065],[130.12381871800005,46.82561097900003],[130.23281513900008,46.81341780000008],[130.26569892400005,46.819872073000056],[130.28132475400002,46.83698884700004],[130.30110082900012,46.842058490000056],[130.36627260700004,46.82414358700004],[130.38595704300008,46.82544803800005],[130.42480764800007,46.852807263000045],[130.48410528500006,46.86492239800003],[130.5406872630001,46.898804717000075],[130.55114038400006,46.92345192600004],[130.54120753300003,46.96409855100006],[130.5470827040001,46.98054402200006],[130.60064344700004,47.018183932000056],[130.64335400400012,47.01690553100008],[130.68089191900003,47.026186505000055],[130.70880146500008,47.044588727000075],[130.7505821740001,47.08606642900003],[130.74531792800008,47.09439415700007],[130.7532681880001,47.103293964000045],[130.80016040100008,47.12967651200006],[130.79570550800008,47.16501289800004],[130.80252655200002,47.17242495000005],[130.99863922800012,47.218329975000074],[131.08146579800007,47.195249655000055],[131.16926797300005,47.22006388400007],[131.26807067900006,47.18531396800006],[131.3406130180001,47.18399709200003]]}},{"type":"Feature","properties":{"name":"松花江","level":"river_l2"},"geometry":{"type":"LineString","coordinates":[[129.5373802680001,46.31696887800007],[129.55373857400002,46.33642792900008],[129.57215652700006,46.339372757000035]]}},{"type":"Feature","properties":{"name":"松花江","level":"river_l2"},"geometry":{"type":"LineString","coordinates":[[129.45931337000002,46.284902585000054],[129.47014756500005,46.29163175600007],[129.47559525200006,46.29837624100003],[129.46151088800002,46.29390545500007],[129.45931337000002,46.284902585000054]]}},{"type":"Feature","properties":{"name":"松花江","level":"river_l2"},"geometry":{"type":"LineString","coordinates":[[129.39700926700004,46.25324431300004],[129.38593095700003,46.24806394700005],[129.3857628940001,46.23793950900006],[129.39069167800005,46.24046866200007],[129.39700926700004,46.25324431300004]]}},{"type":"Feature","properties":{"name":"松花江","level":"river_l2"},"geometry":{"type":"LineString","coordinates":[[129.3462248940001,46.17400029600003],[129.35005511200006,46.18124834900004],[129.3502536200001,46.187863185000026],[129.3445618620001,46.18475419200007],[129.3462248940001,46.17400029600003]]}},{"type":"Feature","properties":{"name":"松花江","level":"river_l2"},"geometry":{"type":"LineString","coordinates":[[129.55718782500003,46.36794946100008],[129.56139897600008,46.349169233000055],[129.5319938870001,46.32298866300005],[129.452874242,46.29767455000007],[129.39327102800007,46.26627565600006],[129.35849394100012,46.204026346000035],[129.31413456200005,46.165798831000075]]}},{"type":"Feature","properties":{"name":"松花江","level":"river_l2"},"geometry":{"type":"LineString","coordinates":[[129.3202071930001,46.139682752000056],[129.33371209200004,46.162769695000065],[129.3329187500001,46.16940361400003],[129.31781166500002,46.147934156000076],[129.3202071930001,46.139682752000056]]}},{"type":"Feature","properties":{"name":"松花江","level":"river_l2"},"geometry":{"type":"LineString","coordinates":[[129.2806993810001,46.05917973900006],[129.2869099820001,46.06377267800008],[129.29151823200004,46.06195298000006],[129.2856433290001,46.057134965000046],[129.2806993810001,46.05917973900006]]}},{"type":"Feature","properties":{"name":"松花江","level":"river_l2"},"geometry":{"type":"LineString","coordinates":[[129.26322688300002,46.02621254100006],[129.2794020220001,46.04346665200006],[129.27940208400003,46.04647270300006],[129.25030223800002,46.022466551000036],[129.26322688300002,46.02621254100006]]}},{"type":"Feature","properties":{"name":"松花江","level":"river_l2"},"geometry":{"type":"LineString","coordinates":[[127.61879994100002,46.01026374700007],[127.65862654900002,46.010053553000034],[127.6649973420001,46.01313965300005],[127.61751068300009,46.01775599900003],[127.61879994100002,46.01026374700007]]}},{"type":"Feature","properties":{"name":"松花江","level":"river_l2"},"geometry":{"type":"LineString","coordinates":[[126.91228959900002,46.01551577500004],[126.89477918000011,45.99278362600006],[126.86066697800004,45.984151084000075],[126.85428073700007,45.97122283200008],[126.915493577,45.991566515000045],[126.92607632900001,46.015763606000064],[126.91228959900002,46.01551577500004]]}},{"type":"Feature","properties":{"name":"松花江","level":"river_l2"},"geometry":{"type":"LineString","coordinates":[[128.2957904120001,45.96950385400004],[128.3182216570001,45.97799916400004],[128.3364105490001,45.97226154900005],[128.33123760400008,45.96899995700005],[128.2957904120001,45.96950385400004]]}},{"type":"Feature","properties":{"name":"松花江","level":"river_l2"},"geometry":{"type":"LineString","coordinates":[[128.27297773700002,45.96351486300006],[128.2771588280001,45.96653994700006],[128.28341510100006,45.965925706000064],[128.28085149900005,45.96338126900008],[128.27297773700002,45.96351486300006]]}},{"type":"Feature","properties":{"name":"松花江","level":"river_l2"},"geometry":{"type":"LineString","coordinates":[[129.17510345200003,45.959069387000056],[129.17997128800005,45.96595121100006],[129.20575970200002,45.98137794500008],[129.19959480400007,45.97311899700003],[129.17510345200003,45.959069387000056]]}},{"type":"Feature","properties":{"name":"松花江","level":"river_l2"},"geometry":{"type":"LineString","coordinates":[[128.82438541600004,45.96511548400008],[128.8329915270001,45.96037362100003],[128.8500818220001,45.95820283900008],[128.83816450900008,45.96544342000004],[128.82438541600004,45.96511548400008]]}},{"type":"Feature","properties":{"name":"松花江","level":"river_l2"},"geometry":{"type":"LineString","coordinates":[[127.70024528700003,45.967819657000064],[127.7049068010001,45.95851534900004],[127.71255161800002,45.95544055800008],[127.70264860000009,45.966942233000054],[127.70024528700003,45.967819657000064]]}},{"type":"Feature","properties":{"name":"松花江","level":"river_l2"},"geometry":{"type":"LineString","coordinates":[[128.41165344500007,45.95296562900006],[128.4186878160001,45.94617905700005],[128.43582386100002,45.942470918000026],[128.4172383120001,45.95233613500005],[128.41165344500007,45.95296562900006]]}},{"type":"Feature","properties":{"name":"松花江","level":"river_l2"},"geometry":{"type":"LineString","coordinates":[[127.5341022880001,45.946569072000045],[127.51740849600003,45.93710856100006],[127.51657679100003,45.93320604300004],[127.5298829190001,45.93688337000003],[127.5341022880001,45.946569072000045]]}},{"type":"Feature","properties":{"name":"松花江","level":"river_l2"},"geometry":{"type":"LineString","coordinates":[[128.0162864890001,45.94369191000004],[127.97698590200002,45.922260822000055],[127.93939475200011,45.92110530400004],[127.89290010200011,45.93335121500007],[127.78980863200002,45.92988838000008]]}},{"type":"Feature","properties":{"name":"松花江","level":"river_l2"},"geometry":{"type":"LineString","coordinates":[[129.12691405700002,45.92249370600007],[129.1298286450001,45.92616731500004],[129.13803806500005,45.923916510000026],[129.1321632050001,45.92114703500005],[129.12691405700002,45.92249370600007]]}},{"type":"Feature","properties":{"name":"松花江","level":"river_l2"},"geometry":{"type":"LineString","coordinates":[[127.29592143400009,45.977600808000034],[127.25250148800001,45.98888917200003],[127.16341029600005,45.98283976400006],[127.1052350540001,46.014342819000035],[127.06162440000003,46.02755765100005],[126.99059273500006,46.032929539000065],[126.90298915000005,46.018544802000065],[126.89242928700003,45.99434389600003],[126.858744365,45.986806193000064],[126.83960867500002,45.95562430700005],[126.80662566700005,45.94743045400003],[126.78952716000003,45.92003281600006],[126.76013802200009,45.928429435000055],[126.74318489600012,45.92280659800008]]}},{"type":"Feature","properties":{"name":"松花江","level":"river_l2"},"geometry":{"type":"LineString","coordinates":[[128.8956451580001,45.92227855500005],[128.8805843570001,45.92523897800004],[128.87512187100003,45.940994095000065],[128.8956451580001,45.92227855500005]]}},{"type":"Feature","properties":{"name":"松花江","level":"river_l2"},"geometry":{"type":"LineString","coordinates":[[128.07024284200008,45.92842461500004],[128.07332512200003,45.92412150700005],[128.09984545700001,45.913271999000074],[128.08042075000003,45.92833677600004],[128.07024284200008,45.92842461500004]]}},{"type":"Feature","properties":{"name":"松花江","level":"river_l2"},"geometry":{"type":"LineString","coordinates":[[128.0162864890001,45.94369191000004],[128.0797952380001,45.93418103400006],[128.1027905740001,45.91751782700004],[128.1341023660001,45.90955225100004],[128.16175240300004,45.924818756000036],[128.23778945200002,45.93898613300007],[128.27169606200005,45.96854276300007],[128.3338929370001,45.98028406800006],[128.42021402900002,45.96062563500004],[128.53043055000012,45.91476320500004],[128.59062815400011,45.911336938000034],[128.64754512600007,45.913121699000044],[128.72462016600002,45.945741172000055],[128.75668027100005,45.96838542300003],[128.78567292000002,45.97374491100004],[128.84486336200007,45.96793059300006]]}},{"type":"Feature","properties":{"name":"松花江","level":"river_l2"},"geometry":{"type":"LineString","coordinates":[[127.29592143400009,45.977600808000034],[127.35016776900011,45.964214208000044],[127.36029199900008,45.950110847000076],[127.35711741800003,45.91626609300005],[127.36596763300008,45.90889965700006],[127.39764614400008,45.92592093300004],[127.42901901700009,45.91965294100004],[127.46863971400012,45.92400905000005],[127.5218032680001,45.94281925400003],[127.53922225300005,45.971601650000025],[127.55936464500007,45.981653419000054],[127.52239247400007,46.03068140400006],[127.54253488200004,46.04148087100003],[127.59876501500003,46.03326709900006],[127.62605590400005,46.02012490000004],[127.69079310500001,46.01423043500006],[127.70299260200011,46.00087093700006],[127.70362540100007,45.97760836600003],[127.71591638000007,45.96049511800004],[127.73225886400007,45.952445762000025],[127.77381005900008,45.96723528900003],[127.78473554100003,45.96060890100006],[127.77570919700008,45.93496981000004],[127.78980863200002,45.92988838000008]]}},{"type":"Feature","properties":{"name":"松花江","level":"river_l2"},"geometry":{"type":"LineString","coordinates":[[127.78458985300006,45.92381529100004],[127.76595860100008,45.93785388200007],[127.77730421700005,45.956763668000065],[127.72916876400006,45.94715086900004],[127.69230267400008,45.95868713500005],[127.69342498300011,45.996995206000065],[127.68452905300012,46.00739058400006],[127.63314337800011,45.997697704000075],[127.6190362970001,46.00200854800005],[127.60765333100005,46.02362323500006],[127.55138508000005,46.03334766300003],[127.53967352300003,46.028674661000025],[127.54100091400005,46.020434711000064],[127.56800897700009,45.980272384000045],[127.54256395400012,45.967897461000064],[127.53926729500006,45.93405652400003],[127.43679344000009,45.91150829800006],[127.39785201200004,45.919164944000045],[127.37362768600008,45.904520209000054],[127.34967086300003,45.91389718100004],[127.34518539200008,45.952121383000076],[127.3352136520001,45.96097559700007],[127.28090632300007,45.97660147600004],[127.15607812700011,45.97745335500008],[127.09781898200004,46.010196216000054],[127.04445010300003,46.02648585800006],[126.93926035100003,46.017709024000055],[126.93142436500011,45.998776312000075]]}},{"type":"Feature","properties":{"name":"松花江","level":"river_l2"},"geometry":{"type":"LineString","coordinates":[[128.62508335300004,45.90400458200003],[128.58640122500003,45.90530961800005],[128.5820524190001,45.909040521000065],[128.6314922910001,45.90703727300007],[128.62508335300004,45.90400458200003]]}},{"type":"Feature","properties":{"name":"松花江","level":"river_l2"},"geometry":{"type":"LineString","coordinates":[[129.07466599300005,45.89985728900007],[129.08325686500007,45.89621026900005],[129.0924276720001,45.896713730000045],[129.08321119900006,45.90170356100003],[129.07466599300005,45.89985728900007]]}},{"type":"Feature","properties":{"name":"松花江","level":"river_l2"},"geometry":{"type":"LineString","coordinates":[[128.51016627,45.91382496600005],[128.5808773010001,45.90123548100007],[128.62255020300006,45.89817942900004],[128.53828883500012,45.903841396000075],[128.51016627,45.91382496600005]]}},{"type":"Feature","properties":{"name":"松花江","level":"river_l2"},"geometry":{"type":"LineString","coordinates":[[127.78458985300006,45.92381529100004],[127.85134128000004,45.91860746700007],[127.89090863700005,45.92657235900003],[127.9718585600001,45.91019470300006],[127.98578266000004,45.91259406900008],[128.0110676800001,45.93612723900003],[128.0282648420001,45.93630636800003],[128.0976937050001,45.90320098500007],[128.1192396900001,45.90040453900008],[128.18110110100008,45.92423872100005],[128.242260213,45.92926220000004],[128.2794017660001,45.958093990000066],[128.339477546,45.96681400500006],[128.375000988,45.96406701300003],[128.5079230880001,45.91012846000007],[128.60050050100006,45.89262150300004],[128.62625810200007,45.89350246600003],[128.67328754400012,45.91774496600004],[128.70867384300004,45.92465701000003],[128.740779588,45.94054909000005],[128.74926402500012,45.955594520000034]]}},{"type":"Feature","properties":{"name":"松花江","level":"river_l2"},"geometry":{"type":"LineString","coordinates":[[128.84486336200007,45.96793059300006],[128.88589510200006,45.95151135200007],[128.9031071500001,45.93355880200005],[128.90538031900007,45.911040101000026],[128.89582761400004,45.889997840000035],[128.9087519850001,45.88027000900007],[128.9807144120001,45.87516511500007],[129.01173706800012,45.90674741600003],[129.03427512000007,45.915036721000035],[129.09874515400008,45.90459501400005],[129.2104749240001,45.98719926000007],[129.23417331000007,46.02623190500003],[129.30099448300007,46.07498037600004],[129.30653513800007,46.15004384500003],[129.31413456200005,46.165798831000075]]}},{"type":"Feature","properties":{"name":"松花江","level":"river_l2"},"geometry":{"type":"LineString","coordinates":[[128.74926402500012,45.955594520000034],[128.82447692100004,45.96261298400003],[128.85896248200004,45.94770064700003],[128.88391048900007,45.90648164500004],[128.88725183500003,45.88546977400006],[128.92167638700005,45.87204138900006],[128.9839492320001,45.86841291300004],[129.0257144630001,45.90376411500006],[129.09982836100005,45.89483678200003],[129.2158459110001,45.97443875100004],[129.24276402400005,46.01496294400005],[129.26537834200008,46.02170725900004],[129.3139342940001,46.07421347400003],[129.32919501700007,46.14626316600004],[129.3508023830001,46.160495912000044],[129.3562657020001,46.18526144100008],[129.3822526560001,46.20849322000004],[129.41161240300005,46.25572759100004],[129.49076298900002,46.30133636100004],[129.5373802680001,46.31696887800007]]}},{"type":"Feature","properties":{"name":"松花江","level":"river_l2"},"geometry":{"type":"LineString","coordinates":[[126.93142436500011,45.998776312000075],[126.9168058030001,45.987976788000026],[126.88147294200007,45.98351000500003],[126.85522674700007,45.96796118000003],[126.84826826900007,45.95429668000003],[126.81208843400009,45.94529030700005],[126.79095374200006,45.911800493000044],[126.7529736460001,45.920010268000055],[126.75191265400008,45.89520272000004],[126.71773186700011,45.89071685000005],[126.70117532400002,45.87683499500008],[126.70952131700005,45.83420467500008]]}},{"type":"Feature","properties":{"name":"松花江","level":"river_l2"},"geometry":{"type":"LineString","coordinates":[[125.9756784440001,45.673856853000075],[125.95938160300011,45.67554695200005],[125.95148486500011,45.67124775800005],[125.96962786800009,45.658357427000055],[125.9756784440001,45.673856853000075]]}},{"type":"Feature","properties":{"name":"松花江","level":"river_l2"},"geometry":{"type":"LineString","coordinates":[[125.88770681900007,45.560554652000064],[125.88845469800003,45.57014502100003],[125.90376733000005,45.56915685300004],[125.89721343600002,45.56644459800003],[125.88770681900007,45.560554652000064]]}},{"type":"Feature","properties":{"name":"松花江","level":"river_l2"},"geometry":{"type":"LineString","coordinates":[[125.85969021900007,45.52619130100004],[125.86241422800003,45.53897081400004],[125.88208362500006,45.55167387800003],[125.87999286200011,45.53820388300005],[125.85969021900007,45.52619130100004]]}},{"type":"Feature","properties":{"name":"松花江","level":"river_l2"},"geometry":{"type":"LineString","coordinates":[[125.68795468500002,45.50536792400004],[125.73557138100011,45.517776999000034],[125.77388712600009,45.50598896100007],[125.8192072380001,45.514716786000065],[125.82039720800003,45.50100642900003],[125.83206279900003,45.49547488200005],[125.84909997600005,45.50819322900003],[125.85588260400004,45.50245191300007],[125.86224605900009,45.521609718000036],[125.89142208800001,45.541118277000066],[125.89455058900012,45.560520257000064],[125.92374186200004,45.579105637000055],[125.929517884,45.600777392000055],[125.92519232300003,45.624329928000066],[125.98328429000003,45.62584387100003],[125.98671788900003,45.640443031000075],[125.97752464400003,45.66470897600004],[126.01716123500012,45.70284885900003],[126.04050794600005,45.70650321200003],[126.11560555500012,45.66573008200004],[126.13158963400008,45.66691633500005],[126.1507937780001,45.687714379000056],[126.28879840700006,45.689815063000026],[126.31834808400004,45.698073806000025],[126.33604097300008,45.68725109300004],[126.35528288600005,45.68773157900006],[126.37836306300005,45.71835266200003],[126.43753108300007,45.73482055300008],[126.47123175700006,45.768684105000034],[126.49858373300003,45.75731578800003],[126.51345433900008,45.78245128100008],[126.53413006800008,45.75364181900005],[126.56472473300005,45.747591284000066],[126.60977816900004,45.77540066300003],[126.69917507200012,45.809004290000075],[126.70952131700005,45.83420467500008]]}},{"type":"Feature","properties":{"name":"松花江","level":"river_l2"},"geometry":{"type":"LineString","coordinates":[[124.9363453950001,45.51131804600004],[124.94552368300003,45.50289491400008],[124.94492079600002,45.49467405100006],[124.93512445200008,45.49988895200005],[124.9363453950001,45.51131804600004]]}},{"type":"Feature","properties":{"name":"松花江","level":"river_l2"},"geometry":{"type":"LineString","coordinates":[[125.41514165600006,45.470461244000035],[125.42589192100002,45.47753376500003],[125.4567457920001,45.45969172800005],[125.41672044900008,45.440534221000064],[125.42780662700011,45.45925710000006],[125.41514165600006,45.470461244000035]]}},{"type":"Feature","properties":{"name":"松花江","level":"river_l2"},"geometry":{"type":"LineString","coordinates":[[125.43987701000003,45.47706442100008],[125.4463928020001,45.48231351100003],[125.47043347800002,45.46767214100004],[125.49222366600009,45.46695858100003],[125.48080954600005,45.455552468000064],[125.48434943500001,45.441388130000064],[125.45409791000009,45.43731039200003],[125.4642381430001,45.46310971100007],[125.43987701000003,45.47706442100008]]}},{"type":"Feature","properties":{"name":"松花江","level":"river_l2"},"geometry":{"type":"LineString","coordinates":[[124.82231197100009,45.45099961900007],[124.82948378100002,45.44897390400007],[124.84778704000007,45.43717841900008],[124.8273167540001,45.43685815600003],[124.82231197100009,45.45099961900007]]}},{"type":"Feature","properties":{"name":"松花江","level":"river_l2"},"geometry":{"type":"LineString","coordinates":[[124.64876829900004,45.436909307000064],[124.67895889900001,45.44704875100007],[124.7154055520001,45.443603679000034],[124.76267143900009,45.46441293500004],[124.78083705900008,45.43526779600006],[124.80191781100007,45.44108134800007],[124.81738331800011,45.45577196200003],[124.84838988100012,45.442892966000045],[124.86789883400002,45.44320560700004],[124.87528452400011,45.455344198000034],[124.86176520600009,45.47653164900004],[124.86815906200002,45.48957816800004],[124.89212399200005,45.505436032000034],[124.89128514700008,45.52873294900007],[124.90652167400003,45.53815915700005],[124.92510737300006,45.53457309300006],[124.96349122800007,45.49062258300006],[125.00354668800003,45.48709736600006],[125.03746052400004,45.49608470800007]]}},{"type":"Feature","properties":{"name":"松花江","level":"river_l2"},"geometry":{"type":"LineString","coordinates":[[125.22755114000006,45.41536974600007],[125.2531795330001,45.44280547300008],[125.2541411310001,45.457652619000044],[125.29253298000003,45.43460714500003],[125.31918334500006,45.43987131500006],[125.30683074900003,45.42661885200005],[125.28441482000005,45.42112575700003],[125.28573427900005,45.395086003000074],[125.27761636900004,45.395536220000054],[125.2606790640001,45.42111070800007],[125.22755114000006,45.41536974600007]]}},{"type":"Feature","properties":{"name":"松花江","level":"river_l2"},"geometry":{"type":"LineString","coordinates":[[125.03746052400004,45.49608470800007],[125.04389976800007,45.48721145400003],[125.03391985400003,45.466626947000066],[125.03962620700008,45.43260661700003],[125.07609556400007,45.41899513300007],[125.0713494470001,45.39134177700004],[125.08535729300002,45.38338400500004],[125.11578463600006,45.40629153900005],[125.19929846800005,45.40528751200003],[125.24571012800004,45.44256902200004],[125.25153188200011,45.46221894300004],[125.26876717500011,45.46086072500003],[125.29708033300005,45.440092769000046],[125.32341784300002,45.44306807000004],[125.31301066100002,45.42205249600005],[125.35038766200012,45.39304451800007],[125.39328951900006,45.42044575700004],[125.41901723300009,45.45538135400005],[125.4096178750001,45.474119675000054],[125.42882180700008,45.483698436000054],[125.4496583880001,45.48825310600006],[125.49581729700003,45.471295963000046],[125.56906962300002,45.48922099500004],[125.6089120040001,45.51654596100008],[125.63524168000004,45.50825619200003],[125.69514950500002,45.51014397300003],[125.72419567300005,45.521015856000076],[125.77490958700002,45.51101302700005],[125.81762801000002,45.52043516600003],[125.82737863700004,45.51879472000007],[125.82887373000005,45.50165868100004],[125.83439759200007,45.502547477000064],[125.88588358700008,45.57403994200007],[125.9146015560001,45.578010876000064],[125.9233226450001,45.60149462800007],[125.91595264500006,45.61318320300006],[125.91869954900005,45.62619160300005],[125.93344009400005,45.63250875700004],[125.97615064900003,45.62885380300003],[125.97895103700012,45.645970728000066],[125.94842517200004,45.65961650000003],[125.94664012700002,45.675157959000046],[125.9845517870001,45.67883507000005],[126.01262932100008,45.70723209100004],[126.0474585720001,45.70867757800005],[126.12170935200004,45.671143209000036],[126.146223727,45.69270416200004],[126.32239949900008,45.702685846000065],[126.34543312500011,45.69199278700006],[126.3558476610001,45.697512688000074],[126.37148894000006,45.72719921600003],[126.42465229100003,45.735263187000044],[126.45384353100008,45.75173898200006],[126.46998819900011,45.77241116400006],[126.4983320550001,45.762564937000036],[126.49867567100011,45.77759519400007],[126.51749051000002,45.78780339000008],[126.53931065300003,45.75751759500008],[126.57320904200003,45.75666658400007],[126.59940195600007,45.77917739800006],[126.66355979900004,45.798315589000026],[126.68882183300002,45.81722906700003],[126.70107526600009,45.83101559200003],[126.70258620300001,45.84532102800006],[126.69202719000009,45.86536783100007],[126.69640701000003,45.88724940700007],[126.71529814600001,45.89742326700008],[126.74424495400001,45.89879250600006],[126.74931878300004,45.90566288900004],[126.74318489600012,45.92280659800008]]}},{"type":"Feature","properties":{"name":"第二松花江","level":"river_l2"},"geometry":{"type":"LineString","coordinates":[[124.66870396500008,45.40609708900007],[124.67137422100006,45.39971492500007],[124.66640701100005,45.381182727000066],[124.65915137800005,45.38913662400006],[124.66870396500008,45.40609708900007]]}},{"type":"Feature","properties":{"name":"松花江","level":"river_l2"},"geometry":{"type":"LineString","coordinates":[[125.06681738200007,45.38744691800008],[125.07137988400007,45.386775475000036],[125.08146612900009,45.38017580300004],[125.06944948400007,45.38083205200007],[125.06681738200007,45.38744691800008]]}},{"type":"Feature","properties":{"name":"松花江","level":"river_l2"},"geometry":{"type":"LineString","coordinates":[[124.66393588800008,45.43102295600005],[124.66119693600001,45.43574950300007],[124.67217607400005,45.44198277100003],[124.71449751000011,45.43697358500003],[124.75847506000002,45.459594895000066],[124.76700485200001,45.45232764900004],[124.76917131100004,45.43223895600005],[124.81136327000002,45.44021149400004],[124.83159684400005,45.42957187300004],[124.88030450600002,45.437777055000026],[124.88501233500006,45.45766731900005],[124.87378190900006,45.47909508200007],[124.90058524100004,45.50524140300007],[124.90302711900006,45.52763800200006],[124.91406723400007,45.53042270000003],[124.9275180300001,45.51745230300003],[124.92993627600003,45.498046455000065],[124.9469272660001,45.48782648900004],[125.00520986900005,45.48275993800007],[125.03639989700002,45.489935279000065],[125.02385631200002,45.46271687800004],[125.03087494800002,45.42801369000006],[125.06699340300008,45.41782788800003],[125.0571047740001,45.38194226500008],[125.07207396900003,45.37489621900005],[125.1035462860001,45.38182359700005],[125.12426108200009,45.402652156000045],[125.18892203900009,45.39728036400004],[125.24834946300007,45.413790239000036],[125.26005326800009,45.41174540900005],[125.27047494500005,45.39005061900008],[125.28964053200002,45.38869238400008],[125.29645385000003,45.39235070500007],[125.29254023700003,45.41382036600004],[125.29936122200002,45.41953485700003],[125.31106499700002,45.41588018700003],[125.32504209800004,45.395325986000046],[125.35395821500003,45.38687597400008],[125.43297920300006,45.44212102700004],[125.44891754100001,45.44530623300005],[125.4524650730001,45.43182855600003],[125.48464685900001,45.43407517900005],[125.49416149100011,45.46147289900006],[125.54302196100002,45.481957872000066],[125.58404651600006,45.48621862300007],[125.60815656400007,45.510575825000046],[125.64099432700004,45.50341136000003],[125.68795468500002,45.50536792400004]]}},{"type":"Feature","properties":{"name":"第二松花江","level":"river_l2"},"geometry":{"type":"LineString","coordinates":[[124.66836778900006,45.37914179900008],[124.68170434000001,45.37739069500003],[124.6850155090001,45.372385664000035],[124.68211621600005,45.370314259000054],[124.66836778900006,45.37914179900008]]}},{"type":"Feature","properties":{"name":"第二松花江","level":"river_l2"},"geometry":{"type":"LineString","coordinates":[[124.71441113600008,45.29740193100008],[124.72419223400004,45.29288513700004],[124.72455075100004,45.288547719000064],[124.7177375330001,45.29056580200006],[124.71441113600008,45.29740193100008]]}},{"type":"Feature","properties":{"name":"第二松花江","level":"river_l2"},"geometry":{"type":"LineString","coordinates":[[124.72360417100003,45.25951337400005],[124.70525418600005,45.21694049700005],[124.71741552000003,45.20055969100008],[124.71455484800003,45.22567246700004],[124.72360417100003,45.25951337400005]]}},{"type":"Feature","properties":{"name":"第二松花江","level":"river_l2"},"geometry":{"type":"LineString","coordinates":[[124.72103187800008,45.19578354400005],[124.73305609400006,45.19173976400003],[124.74088397600008,45.185384259000045],[124.72629619100007,45.188504883000064],[124.72103187800008,45.19578354400005]]}},{"type":"Feature","properties":{"name":"第二松花江","level":"river_l2"},"geometry":{"type":"LineString","coordinates":[[124.80588785800012,45.15647904300005],[124.83021859900009,45.14928032600005],[124.83543717000009,45.14405020600003],[124.81700398900011,45.14327977900007],[124.80588785800012,45.15647904300005]]}},{"type":"Feature","properties":{"name":"第二松花江","level":"river_l2"},"geometry":{"type":"LineString","coordinates":[[124.85000217200002,45.14706757600004],[124.84613384600004,45.14090291200006],[124.85525874000007,45.13317407200003],[124.85715859100003,45.137522914000044],[124.85000217200002,45.14706757600004]]}},{"type":"Feature","properties":{"name":"第二松花江","level":"river_l2"},"geometry":{"type":"LineString","coordinates":[[124.86101922800003,45.14028097200003],[124.86622255600003,45.13596258600006],[124.86722198400003,45.132998487000066],[124.8610725200001,45.13365468400008],[124.86101922800003,45.14028097200003]]}},{"type":"Feature","properties":{"name":"第二松花江","level":"river_l2"},"geometry":{"type":"LineString","coordinates":[[124.87136499700011,45.14032665900004],[124.88271780000002,45.136031109000044],[124.89253685800008,45.12076805500004],[124.87242532000005,45.12913406100006],[124.87136499700011,45.14032665900004]]}},{"type":"Feature","properties":{"name":"第二松花江","level":"river_l2"},"geometry":{"type":"LineString","coordinates":[[124.9055375800001,45.11191000400004],[124.91298404800011,45.10942651100004],[124.91402913600007,45.09960723800003],[124.90658263600005,45.10026344600004],[124.9055375800001,45.11191000400004]]}},{"type":"Feature","properties":{"name":"第二松花江","level":"river_l2"},"geometry":{"type":"LineString","coordinates":[[124.91792782100003,45.096650743000055],[124.9276631240001,45.091206955000075],[124.9293567090001,45.080250868000064],[124.91665362200001,45.09367903400005],[124.91792782100003,45.096650743000055]]}},{"type":"Feature","properties":{"name":"第二松花江","level":"river_l2"},"geometry":{"type":"LineString","coordinates":[[124.94883483600006,45.06309559600004],[124.93329345200004,45.072041410000054],[124.93040941100003,45.06951604500006],[124.93691734000004,45.06154689600004],[124.94883483600006,45.06309559600004]]}},{"type":"Feature","properties":{"name":"第二松花江","level":"river_l2"},"geometry":{"type":"LineString","coordinates":[[125.01525770400008,45.02754119000008],[125.0171880260001,45.02914719900008],[125.03463690400008,45.02531318400003],[125.0314171760001,45.02370337100007],[125.01525770400008,45.02754119000008]]}},{"type":"Feature","properties":{"name":"第二松花江","level":"river_l2"},"geometry":{"type":"LineString","coordinates":[[125.03658241400001,45.02280303600003],[125.05502307900008,45.01531826000007],[125.06186654400005,44.997743471000035],[125.04278507400011,45.01003107100007],[125.03658241400001,45.02280303600003]]}},{"type":"Feature","properties":{"name":"第二松花江","level":"river_l2"},"geometry":{"type":"LineString","coordinates":[[125.06633009500001,45.01054586200007],[125.07312800800003,45.00599476000008],[125.0732116160001,44.98772192400003],[125.06347645700009,45.00140565400005],[125.06633009500001,45.01054586200007]]}},{"type":"Feature","properties":{"name":"第二松花江","level":"river_l2"},"geometry":{"type":"LineString","coordinates":[[125.0764997330001,44.97334014300003],[125.0881727960001,44.95851958900005],[125.11888922300011,44.93391775100008],[125.09471101700001,44.93752293800003],[125.07525590600005,44.96191486400005],[125.0764997330001,44.97334014300003]]}},{"type":"Feature","properties":{"name":"第二松花江","level":"river_l2"},"geometry":{"type":"LineString","coordinates":[[125.11247262100005,44.92864958500007],[125.14113708800005,44.92756593400003],[125.1531228770001,44.90771367200006],[125.11218256100005,44.92088649400006],[125.11247262100005,44.92864958500007]]}},{"type":"Feature","properties":{"name":"第二松花江","level":"river_l2"},"geometry":{"type":"LineString","coordinates":[[125.15603725800008,44.899950552000064],[125.16475782300006,44.89471277200005],[125.16510104200006,44.88809029600003],[125.15381691900006,44.89309539700008],[125.15603725800008,44.899950552000064]]}},{"type":"Feature","properties":{"name":"第二松花江","level":"river_l2"},"geometry":{"type":"LineString","coordinates":[[125.55497464000007,44.88849504400008],[125.54887099200005,44.89124556000007],[125.54240860800007,44.885775211000066],[125.54530785200006,44.88508470900007],[125.55497464000007,44.88849504400008]]}},{"type":"Feature","properties":{"name":"第二松花江","level":"river_l2"},"geometry":{"type":"LineString","coordinates":[[125.57461326800001,44.88777006000004],[125.58879678700009,44.89094002300004],[125.59199352500002,44.88682002400003],[125.58490555600008,44.88386744100006],[125.57461326800001,44.88777006000004]]}},{"type":"Feature","properties":{"name":"第二松花江","level":"river_l2"},"geometry":{"type":"LineString","coordinates":[[125.461900678,44.87538062600004],[125.43681468800003,44.886825212000076],[125.45295162500008,44.90348424900003],[125.48159308200002,44.89568656900008],[125.50706091300003,44.90479224200004],[125.51889405700001,44.88215900100005],[125.461900678,44.87538062600004]]}},{"type":"Feature","properties":{"name":"第二松花江","level":"river_l2"},"geometry":{"type":"LineString","coordinates":[[125.17446998600008,44.87485671400003],[125.18543361700006,44.86710496900008],[125.18737908700007,44.86230976300004],[125.1757897330001,44.86457966300003],[125.17446998600008,44.87485671400003]]}},{"type":"Feature","properties":{"name":"第二松花江","level":"river_l2"},"geometry":{"type":"LineString","coordinates":[[125.31931807700005,44.86036306300008],[125.35149247600009,44.87704103300007],[125.37338939800009,44.872012949000066],[125.35535273700009,44.85831038900005],[125.31931807700005,44.86036306300008]]}},{"type":"Feature","properties":{"name":"第二松花江","level":"river_l2"},"geometry":{"type":"LineString","coordinates":[[124.65116387300009,45.42967263300005],[124.66636175800011,45.411109741000075],[124.65368086100011,45.38476492400008],[124.69586462300003,45.36034228300008],[124.71655578000002,45.33852914400006],[124.69611550900004,45.30940341400003],[124.72539733200006,45.27096153800005],[124.7093824530001,45.253741724000065],[124.70011938500011,45.21325545600007],[124.72473962100003,45.181188132000045],[124.75286248500004,45.185449006000056],[124.77655235000009,45.17894458600006],[124.79872373400008,45.16169392100005],[124.81055691800009,45.14096425900004],[124.84031243200002,45.140189597000074],[124.84589716100004,45.13130490700007],[124.89583271600009,45.11278367500006],[124.92289442700007,45.08068199600007],[124.9317901500001,45.05673267800006],[124.96729842000002,45.05731221600007],[124.98293117800006,45.03794821400004],[124.9954667830001,45.045756976000064],[125.01109187500003,45.02432917400006],[125.02820503400005,45.01958342800003],[125.04802634600003,44.99405469200008],[125.06710023800008,44.984738813000035],[125.07012112400002,44.959164446000045],[125.1041256090001,44.91675514900004],[125.14604256100006,44.90610389300008],[125.17708666500005,44.85864384100006],[125.22246007100011,44.86166857100005],[125.28844068300009,44.841850167000075],[125.31931796600009,44.85396947800007],[125.3617920690001,44.85442687900007],[125.37820364800007,44.86972784900007],[125.40847032300007,44.86811774200004],[125.42715549700006,44.881579964000025],[125.47699949600008,44.86394375800006],[125.56205489400008,44.886652439000045],[125.59421360800002,44.87904928100005],[125.6401752700001,44.92644761300005],[125.6534127320001,44.93052550300007],[125.71236679100002,44.92988790900006],[125.72888433600008,44.896943254000064],[125.74589057900005,44.88683391500007],[125.75117749000003,44.86328518200003]]}},{"type":"Feature","properties":{"name":"第二松花江","level":"river_l2"},"geometry":{"type":"LineString","coordinates":[[125.92609990000005,44.75767122100007],[125.90415750500006,44.77971326100004],[125.89572720400008,44.803967757000066],[125.87205271700009,44.81641562100003],[125.87319740300006,44.83020225400003],[125.82337615200004,44.839247561000036],[125.80943661000003,44.82628503600006],[125.80108983900004,44.828146727000046],[125.79961760800006,44.84437103300007],[125.77940688600006,44.85221823100005],[125.77347909100001,44.87599585700008],[125.75230705600006,44.88497987100004],[125.72457412100005,44.926423973000055],[125.69982378600002,44.93495405900006],[125.64312808900002,44.935351301000026],[125.595579627,44.89709321600003],[125.54372866100005,44.89308433300005],[125.52759182300008,44.882147479000025],[125.51992436400008,44.89974516400008],[125.5057792130001,44.90913348200007],[125.48063949200002,44.902083977000075],[125.45070860900012,44.908741046000046],[125.40880631700009,44.88478836200005],[125.40364087300009,44.87382852200005],[125.34184868000011,44.879555063000055],[125.27717185300003,44.84869781100008],[125.2195380490001,44.86874884300005],[125.19252152600006,44.86665857600008],[125.1683283320001,44.88580902500007],[125.17215860300007,44.89746698400006],[125.15827288300011,44.90840791800008],[125.14788940100004,44.93328805700003],[125.12339076300009,44.93757990900008],[125.09171300800006,44.962410642000066],[125.08229826900003,44.97472486100003],[125.07731668200006,45.00669282900003],[125.06240865200004,45.02104419300008],[125.01490682500003,45.03233638100005],[125.0048054990001,45.049209278000035],[124.98245093700007,45.062389566000036],[124.94230408700002,45.07504357000005],[124.91909545100009,45.11379057600004],[124.89412387900006,45.12420135100007],[124.88395392200005,45.14311897400006],[124.85838709200004,45.145068554000034],[124.83755849600004,45.16073607100003],[124.8041942210001,45.164463409000064],[124.78168717400001,45.18399913600007],[124.72745609700007,45.20015905100007],[124.71846118000008,45.22363915100004],[124.7339581010001,45.28996673900008],[124.7168223970001,45.31454556800003],[124.72819866200007,45.34293130800006],[124.70228126100005,45.36746062200007],[124.69920675900005,45.380919221000056],[124.67870601800007,45.38422682100003],[124.67872172600005,45.40981260500007],[124.67159563700011,45.40863008300005],[124.66393588800008,45.43102295600005]]}},{"type":"Feature","properties":{"name":"第二松花江","level":"river_l2"},"geometry":{"type":"LineString","coordinates":[[125.9727857370001,44.769206722000035],[125.95342158500011,44.75889933800005],[125.92609990000005,44.75767122100007]]}},{"type":"Feature","properties":{"name":"第二松花江","level":"river_l2"},"geometry":{"type":"LineString","coordinates":[[125.75117749000003,44.86328518200003],[125.76732953400005,44.87121979700004],[125.77167041700011,44.850192648000075],[125.7934757050001,44.840968297000074],[125.79942645800008,44.82107412500005],[125.81357175800008,44.82033011500005],[125.82591674200012,44.83512375200007],[125.86121119100005,44.82560172700005],[125.8703434890001,44.80545956600008],[125.89015741800006,44.79462539100007],[125.89893106000011,44.770828667000046],[125.92609990000005,44.75767122100007]]}},{"type":"Feature","properties":{"name":"第二松花江","level":"river_l2"},"geometry":{"type":"LineString","coordinates":[[126.49913566700002,44.21600436800003],[126.49961654200001,44.22803238900008],[126.46674072600001,44.23924434600008],[126.46099581900012,44.250368319000074],[126.4728982470001,44.263430045000064],[126.4722575940001,44.27693058400007],[126.49056884900006,44.28714260600003],[126.49323938600003,44.296969475000026],[126.46765747200004,44.307612963000054],[126.47165583800006,44.33324448600007],[126.45437496200009,44.34483778100008],[126.45284159200003,44.35531320200005],[126.4783400020001,44.368706692000046],[126.48066772100003,44.407819689000064],[126.46762125700002,44.41801673400005],[126.43961284600005,44.41282124600008],[126.42043211500004,44.41985588700004],[126.44065085700004,44.43462656200006],[126.41947170500009,44.47229396700004],[126.42460665200008,44.48455464800003],[126.43894282600002,44.491669097000056],[126.43948471400006,44.50219790600005],[126.40936326700012,44.51797614000003],[126.40598381000007,44.54417994700003],[126.36583724000002,44.57096393300003],[126.33738644000005,44.57324543200008],[126.35430162600005,44.59170122200004],[126.33152747500003,44.60614421400004],[126.32438681500003,44.64352156700005],[126.26991201500005,44.68117019700003],[126.27995275600006,44.690447670000026],[126.27539799200008,44.69708925700007],[126.24205645600011,44.69095537900006],[126.22345569300012,44.704738374000044],[126.16790472700006,44.72052828000005],[126.15990909600009,44.73233130500006],[126.16274776800003,44.75795139300004],[126.14111036100007,44.76863299300004],[126.08540648000007,44.766348436000044],[126.06455500300001,44.78154673800003],[126.02555240200002,44.78195145500007],[125.9727857370001,44.769206722000035]]}},{"type":"Feature","properties":{"name":"第二松花江","level":"river_l2"},"geometry":{"type":"LineString","coordinates":[[126.40957008300006,44.127425800000026],[126.45527227500008,44.173622470000055],[126.47781792700005,44.181686729000035],[126.46942575100002,44.20476627000005],[126.49913566700002,44.21600436800003]]}},{"type":"Feature","properties":{"name":"第二松花江","level":"river_l2"},"geometry":{"type":"LineString","coordinates":[[126.49005959500005,43.95781961100005],[126.49374497100007,43.973650948000056],[126.47115410300012,43.99806960700005],[126.47978337200004,44.008258828000066],[126.47815122800012,44.04276359900007],[126.42251663800005,44.075178349000055],[126.42268480000007,44.093207035000034],[126.40435106100006,44.10626521800003],[126.40957008300006,44.127425800000026]]}},{"type":"Feature","properties":{"name":"第二松花江","level":"river_l2"},"geometry":{"type":"LineString","coordinates":[[126.53062382100006,43.815756547000035],[126.53735345000007,43.83388817400004],[126.59123383200006,43.83697004000004],[126.60012260400003,43.852877626000065],[126.58993758200006,43.882766580000066],[126.53756054100006,43.89773246200008],[126.51385582700004,43.92665258100004],[126.47515093900006,43.93504546100007],[126.47582255100008,43.947073481000075],[126.49005959500005,43.95781961100005]]}},{"type":"Feature","properties":{"name":"第二松花江","level":"river_l2"},"geometry":{"type":"LineString","coordinates":[[126.67932344300004,43.72560796300007],[126.66486595000003,43.762203353000075],[126.65429143300003,43.76955835900003],[126.5592955190001,43.79291334100003],[126.53062382100006,43.815756547000035]]}},{"type":"Feature","properties":{"name":"西辽河","level":"river_l2"},"geometry":{"type":"LineString","coordinates":[[123.26822745400011,43.64651832200008],[123.26025435800011,43.63717215100007],[123.20786176000001,43.63738620200007],[123.16598299700001,43.65195140800006],[123.09929309200004,43.69174020400004],[123.07055231900006,43.69227832000007],[123.06268630600005,43.700537404000045],[123.02569781500006,43.69467436900004],[122.97805872200001,43.711703974000045],[122.93663738100008,43.703307953000035],[122.9302817890001,43.69553727600004],[122.89016520400003,43.69307324300007],[122.87403601200003,43.68165189000007],[122.87621023200006,43.667006893000064],[122.90175401900001,43.65485276800007],[122.89194983100003,43.646628159000045],[122.89097304200004,43.63358921400004],[122.85401509300004,43.62923683300005]]}},{"type":"Feature","properties":{"name":"西辽河","level":"river_l2"},"geometry":{"type":"LineString","coordinates":[[122.65422609300003,43.646507976000066],[122.6615430280001,43.65505304900006],[122.6890707440001,43.657833812000035],[122.74940544800006,43.63515822000005],[122.81099936500004,43.63421166200004],[122.83966406900004,43.648631341000055],[122.85747905500011,43.63679772000006],[122.85401509300004,43.62923683300005]]}},{"type":"Feature","properties":{"name":"西辽河","level":"river_l2"},"geometry":{"type":"LineString","coordinates":[[122.85401509300004,43.62923683300005],[122.84167781100007,43.61699908500003],[122.80199626100011,43.624201725000034],[122.69637928000009,43.615169140000035],[122.67899933500007,43.63728743200005],[122.65422609300003,43.646507976000066]]}},{"type":"Feature","properties":{"name":"西辽河","level":"river_l2"},"geometry":{"type":"LineString","coordinates":[[123.26822745400011,43.64651832200008],[123.28616471700002,43.648223388000076],[123.29747160700003,43.634684607000054],[123.30951888800007,43.64197838800004],[123.30166815400003,43.651389538000046],[123.33390331100009,43.652217086000064],[123.3246789430001,43.64193630200003],[123.33918278600004,43.637774249000074],[123.35817301200007,43.64435842200004],[123.38750875800008,43.63510350400003],[123.39189571100007,43.63004887200003],[123.38239676800004,43.62573060700004],[123.38990413800002,43.61425184400008],[123.40124933600009,43.611238068000034],[123.39976941200007,43.62566943000007],[123.41711912000005,43.622632716000055],[123.44849168100006,43.59434579500004],[123.46645172700005,43.58923383000007],[123.50402004600005,43.59401727100004]]}},{"type":"Feature","properties":{"name":"第二松花江","level":"river_l2"},"geometry":{"type":"LineString","coordinates":[[127.26474999600009,43.65600950500004],[127.241128548,43.646018791000074],[127.23846538700002,43.621207437000066],[127.2181473930001,43.601477540000076],[127.22136697300004,43.594748226000036],[127.20526046200007,43.57130268700007],[127.21603304900009,43.54662091300003],[127.19554740000001,43.538156085000026],[127.19167894200007,43.52384303700006],[127.17516846100011,43.52367533600005],[127.15987090900012,43.51299788400007],[127.15594148000002,43.50244240200004],[127.14146051400007,43.50454448100004],[127.15010451900002,43.48435273200005],[127.13450969400003,43.490197127000044],[127.13790461500002,43.47520879600006],[127.12134077900009,43.478035703000046],[127.13186183500011,43.467632682000044],[127.10225105500001,43.45228605800003],[127.12496438400001,43.45103460300004],[127.11486259900005,43.440406695000036],[127.1193103820001,43.42392677200007],[127.11224523400006,43.41633922300008],[127.09571190300005,43.41841080200004],[127.09192733500004,43.40184321300006],[127.06404878400008,43.404536704000066],[127.05648050100001,43.42173002100003],[127.05579355600003,43.40519673700004],[127.03418646900002,43.403445944000055],[127.01236591800011,43.411457195000025],[127.00673564600004,43.433930160000045],[126.98449578400005,43.46071017100007],[126.95451910000008,43.46410560100003],[126.94801128200004,43.47829667100007],[126.93150842900002,43.47809463500005],[126.92558079300011,43.511825042000055],[126.94122978100006,43.55033137000004],[126.92989978000003,43.548691113000075],[126.93171580600006,43.55922754000005],[126.92241532100002,43.559864694000055],[126.92703164600005,43.58395885200008],[126.90408193600001,43.59343880600005],[126.92468956000005,43.59594875100004],[126.94052838100004,43.58112052800004],[126.93923916800009,43.592374164000034],[126.96002977400008,43.58736897500006],[126.94824234200007,43.60600431900008],[126.96785809000005,43.60699217200005],[126.97280987600004,43.61681520600007],[126.98428473700005,43.61244717100004],[127.00446544900001,43.635221271000034],[126.94071213200004,43.61868092700007],[126.97940236300008,43.64619282700005],[126.96170175000009,43.65123613600008],[126.93917133500008,43.64119963300004],[126.93688261800003,43.650931177000075],[126.9254230030001,43.654547699000034],[126.951364409,43.69692975700008],[126.91786991700008,43.66797582000004],[126.90749366800003,43.66934542200005],[126.90786723600002,43.65282738800005],[126.89761297200005,43.64894021100008],[126.87444214300001,43.66667536800003],[126.8423291250001,43.667762872000026],[126.82702396500008,43.65854648200008],[126.79069946300001,43.66331910800005],[126.78393999700006,43.68501005200005],[126.78997513700006,43.69185372800007],[126.79936714000007,43.68897347800004],[126.78777789800006,43.69708000700007],[126.8040215640001,43.710069213000054],[126.80066470100007,43.71978932300004],[126.83129028000008,43.738222102000066],[126.84895279800003,43.73620010500008],[126.85582735100002,43.752061930000025],[126.86918688200001,43.75674255500007],[126.85852090100002,43.76937341300004],[126.86560892900002,43.77622470800003],[126.84819037800003,43.76773696200007],[126.8475187140001,43.75270670400005],[126.83413630700011,43.748777594000046],[126.82359993800003,43.75614785800008],[126.83638764800003,43.78410632300006],[126.82276889000002,43.78993544100007],[126.81907583400005,43.771109497000054],[126.80567056300004,43.76867578300005],[126.81958667100002,43.75083771000004],[126.79605673500009,43.738504713000054],[126.77909625900008,43.747420024000064],[126.77840946300012,43.73976756600007],[126.79419496800006,43.730215196000074],[126.78321567100011,43.71354467200007],[126.76427917300009,43.725302018000036],[126.741535268,43.72348638300008],[126.74016978500003,43.736235416000056],[126.7292819920001,43.71655502400006],[126.70344809200003,43.71468600900005],[126.67932344300004,43.72560796300007]]}},{"type":"Feature","properties":{"name":"第二松花江","level":"river_l2"},"geometry":{"type":"LineString","coordinates":[[127.16721442300002,43.28921092600007],[127.12713604900011,43.287284819000035],[127.12268827700007,43.30451625500007],[127.10183677700002,43.31781097900006],[127.10633117700002,43.35091566600005],[127.15178155100011,43.39723059500005],[127.13831535000008,43.400843320000035],[127.1106578670001,43.39228318600004],[127.10517246900008,43.409499373000074],[127.1256352150001,43.41723557800003],[127.13157888700005,43.429316957000026],[127.14393124200001,43.430198061000056],[127.15852654900004,43.422091505000026],[127.1639357140001,43.40862525600005],[127.16515679700001,43.42893898900007],[127.19138710000004,43.41144413600006],[127.19587346700007,43.42065680800005],[127.17680719900011,43.428179741000065],[127.1731070080001,43.438197407000075],[127.13004544500006,43.435779221000075],[127.14699105200009,43.44996626300008],[127.13754581400008,43.46287940500008],[127.16548528300007,43.45319340700007],[127.15222526200012,43.46742268500003],[127.16629433000003,43.47127167800005],[127.15611650100004,43.47548329600005],[127.19677467000008,43.473964643000045],[127.20110834400009,43.47722624700003],[127.18962587900012,43.48302101300004],[127.21657398200011,43.50167508100003],[127.24283493700011,43.492053948000034],[127.2488396220001,43.50262848500006],[127.26321387500002,43.506519438000055],[127.26519003400006,43.51179527200003],[127.23331340000004,43.50472675900005],[127.22069425400002,43.51812440800006],[127.23697606400003,43.53105639000006],[127.24623182800008,43.59198609400005],[127.25814213100011,43.619894971000065],[127.27138733100003,43.63128580600005],[127.27410386200006,43.653842620000034],[127.26474999600009,43.65600950500004]]}},{"type":"Feature","properties":{"name":"第二松花江","level":"river_l2"},"geometry":{"type":"LineString","coordinates":[[127.01663433100009,43.163579870000035],[127.00027714800001,43.20544349900007],[126.98410268200007,43.223853811000026],[126.99213671100006,43.22679112600008],[127.00139185800003,43.252434047000065],[127.03925742000001,43.240935937000074],[127.06750999300004,43.24845081500007],[127.07554364400005,43.22893428800006],[127.12782192400005,43.240408700000046],[127.13227746000007,43.23111583700006],[127.13210231100004,43.25081540300005],[127.16842736600006,43.27945650200007],[127.16721442300002,43.28921092600007]]}},{"type":"Feature","properties":{"name":"第二松花江","level":"river_l2"},"geometry":{"type":"LineString","coordinates":[[126.95587910900008,43.125283757000034],[126.9564590760001,43.13230677700005],[127.01108763900004,43.16560175800004],[126.98527719000003,43.196845102000054],[126.96471617700001,43.24379006600003],[126.98179119800011,43.24098222900005],[126.98913883000012,43.259937844000035],[127.012859348,43.26346631100006],[127.0420271160001,43.249706109000044],[127.04835992200003,43.26336680700007],[127.10151500000006,43.23867702300004],[127.13593261200003,43.26487286100007],[127.1418992240001,43.28012051400003],[127.12622036200003,43.27931573500007],[127.11337234500002,43.293922674000044],[127.09306990200002,43.29095113600005],[127.101310108,43.304421078000075],[127.08103829600009,43.30809108600005],[127.09100273700005,43.318162037000036],[127.07981792500004,43.32982775800008],[127.09458148200008,43.34527751600007],[127.0720056890001,43.35851503300006],[127.10070825500009,43.35686678600007],[127.11788268900011,43.36755566700003],[127.13054057400007,43.388910734000035],[127.10057899000003,43.38275012200006],[127.08026916500012,43.394435000000044],[127.06683325200004,43.38451285800005],[127.0431204680001,43.387179608000054],[127.03832147600008,43.38913282300007],[127.06568139400008,43.39708259400004],[127.0180192680001,43.400119594000046],[126.98789801800001,43.42691112000006],[126.98232061500005,43.41761834700003],[126.98702796700002,43.41062579900006],[126.97086086500008,43.41322762900006],[126.96677853000006,43.384040724000045],[126.9594692710001,43.37860090200007],[126.95436505900011,43.378459801000076],[126.96421523100003,43.398865013000034],[126.95888990200001,43.407063040000025],[126.94055577800009,43.39707227500003],[126.91159385700007,43.401970722000044],[126.93520010000009,43.41536804500004],[126.96874755100009,43.41844627800003],[126.98377816200002,43.434834471000045],[126.9706708110001,43.45377119600005],[126.95926444500003,43.44800333900008],[126.93069950300003,43.467031758000076],[126.92485516800002,43.46391131400003],[126.92105586900004,43.478483837000056],[126.89674794100006,43.479277532000026],[126.91655454800002,43.487311297000076],[126.91374732300005,43.51518979200006],[126.87731587100006,43.51179495800005],[126.88265672600005,43.51925663500003],[126.91570822800009,43.520736475000035],[126.90781933100004,43.52787782900003],[126.9152812530001,43.537445250000076],[126.91120775200011,43.57926680500003],[126.90627909500006,43.58350126400006],[126.9074993690001,43.55627129800007],[126.89153030600005,43.53939482000004],[126.87764441500008,43.53952083300004],[126.90072420900003,43.552445126000066],[126.9006709460001,43.56091777100005],[126.88622794100002,43.55209811100008],[126.87789660500005,43.56380958400007],[126.89333898000007,43.566258539000046],[126.89708540100003,43.58283375900004],[126.88757905700004,43.59172611500003],[126.91300885200008,43.60932350200005],[126.92077617000007,43.631205055000066],[126.89688031100002,43.63616449400007],[126.90235814300001,43.62271350300006],[126.89105863400005,43.619562590000044],[126.88038504800011,43.633700289000046],[126.86121149600001,43.613924602000054],[126.86192128100004,43.62745564800008],[126.88134643000001,43.63671777800005],[126.86762096100006,43.64855900300006],[126.85743531100002,43.64166958800007],[126.85619183800009,43.650664868000035],[126.84372508700005,43.65275548400007],[126.84489994600006,43.64676244200007],[126.81200854000008,43.638065021000045],[126.8165173860001,43.62310338300006],[126.82591700600005,43.61947162100006],[126.81981323800005,43.614882486000056],[126.82317010200006,43.60516237600007],[126.79921323000008,43.61160195300005],[126.8041878790001,43.61993340500004],[126.79381925900009,43.62129537700008],[126.78700572100001,43.60392670900006],[126.77324211400003,43.616508003000035],[126.78225289300008,43.628650392000054],[126.76444552700002,43.63742074900006],[126.76478863000011,43.62390495300008],[126.74214387200004,43.61983477700005],[126.74754548600004,43.61089668100004],[126.74046510200003,43.60478926900004],[126.74693483600004,43.59435958100005],[126.74190683100005,43.58903036700008],[126.7332245980001,43.604686334000064],[126.72121533100005,43.589495956000064],[126.70764996700007,43.59455830100006],[126.7016453330001,43.58695929800007],[126.69837996000001,43.59292184000003],[126.72010213400006,43.63229788700005],[126.74885827700007,43.640209499000036],[126.7640490550001,43.653187271000036],[126.76270644800002,43.665188605000026],[126.74087818600003,43.66864118400008],[126.76545333900003,43.67875015200008],[126.76893289200007,43.705087416000026],[126.74705887800008,43.71004302100005],[126.73073897900008,43.700799937000056],[126.71412170400004,43.70207041000003],[126.7091013160001,43.69598968300005],[126.72415418700007,43.675168436000035],[126.71330453000007,43.65473271500008],[126.69387176300006,43.646195394000074],[126.69876252400002,43.656781386000034],[126.69237665200001,43.663449693000075],[126.70556079100004,43.673402356000054],[126.69824404200006,43.676301661000025],[126.70429442900002,43.682397637000065],[126.69780180600003,43.69282351100003],[126.6802536670001,43.69106886600008],[126.69118719900007,43.708502348000025],[126.67932344300004,43.72560796300007]]}},{"type":"Feature","properties":{"name":"第二松花江","level":"river_l2"},"geometry":{"type":"LineString","coordinates":[[127.01663433100009,43.163579870000035],[126.96599608600002,43.132169359000045],[126.99294366100003,43.119721465000055],[126.96871934500007,43.10139544000003]]}},{"type":"Feature","properties":{"name":"第二松花江","level":"river_l2"},"geometry":{"type":"LineString","coordinates":[[126.95587910900008,43.125283757000034],[126.98277332600003,43.11584191700007],[126.96871934500007,43.10139544000003]]}},{"type":"Feature","properties":{"name":"辽河","level":"river_l2"},"geometry":{"type":"LineString","coordinates":[[123.50402004600005,43.59401727100004],[123.5185464430001,43.568088027000044],[123.49828190200003,43.55042953000003],[123.52320765600007,43.53660071400003],[123.53340770000011,43.48735169400004],[123.56909102200007,43.46090346600005],[123.5767736460001,43.434615687000075],[123.60466728000006,43.41818134500005],[123.5973579680001,43.409182315000066],[123.61221253200006,43.38936817600006],[123.63053880200005,43.38459954000007],[123.62081082100008,43.37038952700004],[123.62669267800004,43.332447579000075],[123.61257788900002,43.33276813600003],[123.5751770390001,43.30245230400004],[123.5723306220001,43.26494149800004],[123.55590345500002,43.22543948100008],[123.55787889200008,43.183465331000036],[123.54699100900007,43.15575097000004],[123.55591738200008,43.13722246300006],[123.53722440100012,43.10945094200008],[123.53631615000006,43.08770283100006],[123.51250376100006,43.06416958400007],[123.51859965800008,43.053034162000074],[123.51375468100002,43.041685201000064],[123.52245994800012,43.03324300000003],[123.51851524800009,43.020730521000075],[123.54530989000011,42.98232299800003]]}},{"type":"Feature","properties":{"name":"西辽河","level":"river_l2"},"geometry":{"type":"LineString","coordinates":[[122.65422609300003,43.646507976000066],[122.62834633300008,43.640934773000026],[122.58181347200002,43.654294536000066],[122.5752061610001,43.65038061400003],[122.58066115500003,43.63803209500003],[122.46272207400011,43.61190934000007],[122.36256716500009,43.55370786900005],[122.33760309900003,43.557461819000025],[122.26264189200003,43.545800590000056],[122.20777687800012,43.51842226600007],[122.17850160500006,43.49028078400005],[122.12536877900004,43.48073659100004],[122.12858045500002,43.453735478000056],[122.10877391100007,43.45061131800003],[122.07977343100004,43.430919593000056],[122.006216128,43.42276795400005],[121.96306272100003,43.404529773000036],[121.89088631200002,43.391735520000054],[121.85837668500005,43.40509516700007],[121.77641917800008,43.397798101000035],[121.71732787100007,43.406027057000074],[121.71024771700002,43.41547253400006],[121.62777936000009,43.43174324600005],[121.61403116600002,43.458595665000075],[121.55825899900003,43.48486092500008],[121.48153561900006,43.49255975700004],[121.46306459300001,43.512938510000026],[121.42377994700007,43.53281005500003],[121.39658020500008,43.523509800000056],[121.37038788600012,43.53598055000003],[121.33400226900005,43.54005120800008],[121.29047526300008,43.53989131600008],[121.26042967700005,43.53097637600007],[121.18504151600007,43.54175372800006],[121.12784959500004,43.52345460500004],[121.07084863400007,43.52070456800004],[121.03889595100009,43.533694172000025],[120.99025684500009,43.51592523800008],[120.94030560800002,43.50979524100006],[120.88559311400002,43.47721351600006],[120.81018184800007,43.473086472000034],[120.7838135940001,43.45366556500005],[120.75936782200006,43.420984428000054],[120.72918488700009,43.41085256500003],[120.70198494200008,43.38680432100006],[120.69540015600012,43.35649585200008],[120.67401421200009,43.348774871000046],[120.64504404400009,43.31369426200007],[120.60333248800009,43.284553376000076],[120.60409529500009,43.273261587000036],[120.59124689400005,43.26497595400008],[120.5746906600001,43.26868786800003],[120.56249050800011,43.24076368300007],[120.52849271000002,43.226611055000035],[120.46804258300006,43.181493955000064],[120.45223370800011,43.15989472000007],[120.45906975600008,43.152932676000034],[120.45357626100008,43.14069486400007],[120.37635633200011,43.10343253900004],[120.33981749100008,43.06101232000003],[120.34378460100004,43.03911920100006],[120.32938739800011,43.03149353600003],[120.31799609300003,43.01088229800007],[120.26666358700004,42.98117307000007],[120.24656687700008,42.96013845200008],[120.14841169300007,42.95453904300007],[120.150181599,42.94198455000003],[120.1146428940001,42.94828302600007],[120.11171325500004,42.95851813400003],[120.09309683300012,42.94801996000007],[120.05060012100012,42.97016131700008],[119.99802450000004,42.97922945300007],[119.98887674200012,42.991368186000045],[119.99140991500008,43.00182451300003],[119.98333780500002,43.004273667000064],[119.9603648750001,42.99431722400004],[119.87813267000001,42.98577267500008],[119.86438395200003,42.975579648000064],[119.84918517200003,42.93237723500005],[119.85351857,42.91500082700003],[119.82605928500004,42.89460714300003],[119.83108688200002,42.86970795900004],[119.82369370000004,42.86386756400003],[119.80039288400008,42.86815937000006],[119.81414893500005,42.855826050000076],[119.81756680900003,42.84072707800004],[119.80294071600008,42.83280004300008],[119.76834803100007,42.835092978000034],[119.76214450300006,42.78566094400003],[119.71141489500008,42.76727400300007],[119.69575110400001,42.75397574700003]]}},{"type":"Feature","properties":{"name":"老哈河","level":"river_l2"},"geometry":{"type":"LineString","coordinates":[[119.76777347100005,42.65484023400006],[119.77415955100003,42.66145503900003],[119.76778904100001,42.67887724000008],[119.75055374600004,42.680769498000075],[119.75310219500011,42.69272885400005],[119.73691216700001,42.69534973000003],[119.71951691100003,42.71752142500003],[119.69830661200001,42.721748364000064],[119.69575110400001,42.75397574700003]]}},{"type":"Feature","properties":{"name":"老哈河","level":"river_l2"},"geometry":{"type":"LineString","coordinates":[[119.76777347100005,42.65484023400006],[119.74883686800001,42.664281978000076],[119.73943709700006,42.65848737400006],[119.70705703200008,42.662966168000025],[119.69023386200001,42.67460521700008],[119.66225683300001,42.736809417000075],[119.67210688900002,42.75311758500004],[119.68561140700001,42.759583563000035],[119.69575110400001,42.75397574700003]]}},{"type":"Feature","properties":{"name":"第二松花江","level":"river_l2"},"geometry":{"type":"LineString","coordinates":[[126.96871934500007,43.10139544000003],[126.96890994700004,43.093132608000076],[126.98965467300002,43.08211150000005],[126.97589803500011,43.054896926000026],[126.98881449200007,43.02649571400008],[127.02169039900002,43.02162775100004],[127.03964243700011,42.99553825500004],[127.08224565900002,42.964462612000034],[127.1594721250001,42.93825051300007],[127.17100785900004,42.92409373100003],[127.23185349900007,42.894654468000056],[127.22600895700009,42.87881933600005],[127.16847344900009,42.840656712000055],[127.18897413600007,42.83636107700005],[127.18220633700003,42.81600542900003],[127.18931625400012,42.76272422200003],[127.21958227200003,42.723954261000074],[127.24534719000007,42.70768014500004],[127.2397618230001,42.67756625900006],[127.21406459900004,42.634470828000076]]}},{"type":"Feature","properties":{"name":"辽河","level":"river_l2"},"geometry":{"type":"LineString","coordinates":[[123.54530989000011,42.98232299800003],[123.56149185000004,42.95171299200007],[123.59366573900002,42.93792608100006],[123.58098502400003,42.91837919900007],[123.59179595300009,42.902410401000054],[123.58571493600004,42.88816220800004],[123.6030111010001,42.87635910900008],[123.59194032200003,42.86253821300005],[123.59464855700003,42.843761794000045],[123.58663733600008,42.83546087500008],[123.59403777900002,42.81626097700007],[123.58022790000007,42.79783565200006],[123.60156774200004,42.78467826900004],[123.5933580190001,42.76744311300007],[123.58112785200001,42.77469512700003],[123.57174309100003,42.75217649600006],[123.55568259100005,42.74152573100008],[123.56795085300007,42.73060770300003],[123.56217506700011,42.71933885900006],[123.57998974300006,42.68691299900007],[123.57266512800004,42.674492101000055],[123.57960033500001,42.66674420600003],[123.6143457070001,42.673610550000035],[123.6150780050001,42.663760756000045],[123.62945211100009,42.65766079100007],[123.6236763060001,42.64502243700008],[123.64929636900001,42.63233805400006],[123.65163844500012,42.61768542600004]]}},{"type":"Feature","properties":{"name":"二道江","level":"river_l2"},"geometry":{"type":"LineString","coordinates":[[128.07001511600004,42.64747534800006],[128.0883869800001,42.63400135100005],[128.07828511800005,42.61819296400006],[128.08444956300002,42.601678692000064],[128.07024313700003,42.59562856900004],[128.0743476890001,42.58511879200006],[128.058096567,42.58131941200003],[128.06732811400002,42.56480892700006],[128.07749074800006,42.564839353000025],[128.1058580360001,42.589707694000026],[128.13532372300006,42.598794249000036],[128.16790197500006,42.58909294700004]]}},{"type":"Feature","properties":{"name":"二道江","level":"river_l2"},"geometry":{"type":"LineString","coordinates":[[127.21406459900004,42.634470828000076],[127.1982174960001,42.609510811000064],[127.20452699900011,42.59830290700006],[127.24828279200005,42.59798970500003],[127.27447548400005,42.61327151200004],[127.27418582900009,42.629800991000025],[127.30771039100011,42.633878700000025],[127.31590454100001,42.630948869000065],[127.32542592300001,42.608491127000036],[127.34287467700005,42.59887770600005],[127.34310333200006,42.584602767000035],[127.4013474520001,42.56632559700006],[127.45530395300011,42.56151085100004],[127.46331518900001,42.57059378900004],[127.45893615200009,42.59235337900003],[127.49130878800008,42.60538058900005],[127.47791141900007,42.618801133000034],[127.48075749800012,42.633102747000066],[127.55386463500008,42.64793017000005],[127.56993287500006,42.66532545800004],[127.58717587500007,42.67070415400008],[127.59604950700009,42.69481353200007],[127.64468103800004,42.71993347100005],[127.63929497300012,42.74619833300005],[127.64527678500008,42.75826063800008],[127.66570881200005,42.75462877500007],[127.68187618900004,42.76900656300006],[127.70629104600005,42.77591492300007],[127.7051391760001,42.787931514000036],[127.7193456440001,42.79627814100007],[127.70298019800009,42.799940485000036],[127.70188927700008,42.80669648400004],[127.72219186400002,42.81883495400007],[127.7834575500001,42.815412534000075],[127.82860908800001,42.78708351100005],[127.82571712700008,42.76678123800008],[127.86153025100009,42.75192231500006],[127.86371962200008,42.732394397000064],[127.84228048900002,42.73605297300003],[127.8352077180001,42.72850357300007],[127.87214972200002,42.69561213900005],[127.89154411900006,42.691938322000055],[127.87833715700003,42.68512141600007],[127.88554694800007,42.673879172000056],[127.92224529200007,42.67027386400008],[127.98048152600006,42.63742801300003],[127.9915904830001,42.65249632300004],[127.99277260800011,42.624697956000034],[128.01215168200008,42.61724749900003],[128.01714172000004,42.633796002000054],[128.04361644100004,42.63312435800003],[128.07001511600004,42.64747534800006]]}},{"type":"Feature","properties":{"name":"老哈河","level":"river_l2"},"geometry":{"type":"LineString","coordinates":[[119.59830246600006,42.51361017700003],[119.63615343800006,42.54584490900004],[119.66545940900005,42.59177861900008],[119.68988947600008,42.59273977600003],[119.74080228600008,42.61864567400005],[119.76777347100005,42.65484023400006]]}},{"type":"Feature","properties":{"name":"辽河","level":"river_l2"},"geometry":{"type":"LineString","coordinates":[[123.65163844500012,42.61768542600004],[123.68600195900001,42.59909186300007],[123.6781126730001,42.58117004200005],[123.70522817300002,42.57077833500006],[123.71623748700006,42.555709826000054],[123.747015282,42.55083046100003],[123.75156220000008,42.52816294200005],[123.77400071400007,42.515669323000054],[123.77662505900003,42.49917796400007],[123.79472232100011,42.48665767700004],[123.81136975200002,42.46014856600004]]}},{"type":"Feature","properties":{"name":"老哈河","level":"river_l2"},"geometry":{"type":"LineString","coordinates":[[119.56856907800011,42.45490072800004],[119.56192415500004,42.49259855400004],[119.59830246600006,42.51361017700003]]}},{"type":"Feature","properties":{"name":"辽河","level":"river_l2"},"geometry":{"type":"LineString","coordinates":[[123.81136975200002,42.46014856600004],[123.81029367400004,42.43951818900007],[123.79535502100009,42.448616584000035],[123.80673799100009,42.42024971300003],[123.799993287,42.41173515500003],[123.84216966800011,42.402983687000074],[123.86246473200003,42.42278228500004],[123.87269603900006,42.422366390000036]]}},{"type":"Feature","properties":{"name":"辽河","level":"river_l2"},"geometry":{"type":"LineString","coordinates":[[123.87269603900006,42.422366390000036],[123.87680058700005,42.409773735000044],[123.90346602300008,42.40529495700008],[123.90515186200003,42.384443300000044],[123.88297994000004,42.36647963100006],[123.87053556300009,42.333886164000035],[123.83929992700007,42.334214487000054]]}},{"type":"Feature","properties":{"name":"老哈河","level":"river_l2"},"geometry":{"type":"LineString","coordinates":[[119.38470857800007,42.30841396500006],[119.45543548500007,42.33254967100004],[119.4816664330001,42.35680394100007],[119.51236880500005,42.417767928000046],[119.55143265400011,42.43197775900006],[119.56856907800011,42.45490072800004]]}},{"type":"Feature","properties":{"name":"辽河","level":"river_l2"},"geometry":{"type":"LineString","coordinates":[[123.83929992700007,42.334214487000054],[123.79936604400007,42.301029947000075],[123.75226098900009,42.313638206000064],[123.75586946400006,42.29073417600006],[123.74447077900004,42.28792658200007],[123.71589044500001,42.30175924000008],[123.6859594020001,42.29723895300003],[123.65245792500002,42.30827540900003],[123.63951804500005,42.30453320300006],[123.63576390600008,42.279065692000074],[123.62359442200011,42.261800048000055]]}},{"type":"Feature","properties":{"name":"辽河","level":"river_l2"},"geometry":{"type":"LineString","coordinates":[[123.62359442200011,42.261800048000055],[123.5668833410001,42.25089401300005],[123.5883605030001,42.23682489500004],[123.56097768500001,42.227703949000045],[123.53680644600001,42.18444823200008],[123.50325132700004,42.17916882800006],[123.49508017300002,42.19056748700007],[123.49243256200009,42.18115260500008],[123.45978537300005,42.17632333800003],[123.44180976700011,42.15990843700007],[123.40323445100012,42.16098069800006],[123.40674396000009,42.15298486900008],[123.38705188000006,42.14984545200008],[123.38387775800004,42.13560486400007],[123.35188685100002,42.14031256700008],[123.34577560500009,42.145607545000075],[123.35080366800003,42.15588455100004],[123.33820722400003,42.159382813000036],[123.31739339600006,42.14254449200007],[123.29199471300001,42.16395711100006],[123.25959169200007,42.16066901700003],[123.25285481800006,42.16596399900004],[123.25420546700002,42.18060897000004],[123.23402487100009,42.16192046900005],[123.21955154700004,42.16587270600007],[123.1821815720001,42.157316423000054],[123.19289338600004,42.145597302000056],[123.16126059300007,42.11663947400007],[123.14275108000004,42.11189401900003],[123.1341678770001,42.11993566500007],[123.10088747600003,42.11843671200006],[123.08880962500007,42.10633629000006],[123.05212638600005,42.10277356200004]]}},{"type":"Feature","properties":{"name":"辽河","level":"river_l2"},"geometry":{"type":"LineString","coordinates":[[123.05212638600005,42.10277356200004],[123.03914828900008,42.094106458000056],[123.02978636900002,42.06688418400006],[122.98516079100011,42.06972655100003],[122.9761958680001,42.060815269000045]]}},{"type":"Feature","properties":{"name":"二道白河","level":"river_l2"},"geometry":{"type":"LineString","coordinates":[[128.16790197500006,42.58909294700004],[128.18218432000003,42.57258623100006],[128.18531199300003,42.54478403100006],[128.15796698600002,42.514677978000066],[128.124503225,42.49581797400003],[128.12560147600004,42.471025660000066],[128.104345146,42.45594218300005],[128.11556045400005,42.44319687600006],[128.10445148700012,42.42738849800003],[128.10657211900002,42.40334387200005],[128.0904579710001,42.377754424000045],[128.0795162500001,42.32512189800008],[128.08694615000002,42.24397366900007],[128.10627908700008,42.21471788700006],[128.12062185700006,42.16063932700007],[128.1096042910001,42.135061276000044],[128.079405962,42.11318755600007],[128.0554632630001,42.051495025000065],[128.05456259100004,42.02819430900007]]}},{"type":"Feature","properties":{"name":"二道白河","level":"river_l2"},"geometry":{"type":"LineString","coordinates":[[128.05456259100004,42.02819430900007],[128.03854007000007,42.00635097900005],[128.04769530300007,41.98834128300007],[128.06379383900003,41.992895995000026],[128.079831559,42.01097794400005],[128.05456259100004,42.02819430900007]]}},{"type":"Feature","properties":{"name":"辽河","level":"river_l2"},"geometry":{"type":"LineString","coordinates":[[122.9761958680001,42.060815269000045],[122.95152912500009,42.04666640100004],[122.98628193700006,42.040650206000066],[122.96839801800002,42.033356465000054],[122.93812311500005,41.99105066900006],[122.91749248700012,41.98032363600004],[122.91440240400004,41.97391862600006],[122.9241986830001,41.96337065300003],[122.89346656700002,41.96135286700007],[122.91982655400011,41.93750640500008],[122.90901509500009,41.91622758400007],[122.87153061200002,41.902761662000046],[122.87977033200002,41.88375249500007],[122.85273845900008,41.87301406700004]]}},{"type":"Feature","properties":{"name":"老哈河","level":"river_l2"},"geometry":{"type":"LineString","coordinates":[[119.38470857800007,42.30841396500006],[119.34295155900008,42.30096014800006],[119.32195457000012,42.27957837900004],[119.2780764690001,42.26838989300006],[119.22934526000006,42.20319160300005],[119.24196446700012,42.18793616100004],[119.26502112600008,42.18300347600007],[119.31326243900003,42.119002367000064],[119.35838393100005,42.11137628700004],[119.3747644660001,42.09002478000008],[119.37577851900005,42.03442035300003],[119.35226355900011,41.99656632500006],[119.31493144100011,41.96573542400006],[119.32813003000001,41.91214893800003],[119.31102406500008,41.883183333000034],[119.30680446400004,41.84870907800007]]}},{"type":"Feature","properties":{"name":"老哈河","level":"river_l2"},"geometry":{"type":"LineString","coordinates":[[119.30680446400004,41.84870907800007],[119.31098520300009,41.824591928000075],[119.2824880820001,41.78456731400007],[119.30786395000007,41.76380703800004],[119.29718225500005,41.74522906900006],[119.31173940500003,41.73143086400006],[119.29503030300009,41.712215865000076],[119.30613871100002,41.685714423000036],[119.30442943100002,41.66546551300007],[119.282707662,41.645594403000075],[119.27877808300002,41.61862765800004],[119.23987434000003,41.59306117700004],[119.19443216700006,41.58037348200003],[119.18484152100007,41.56252031500003],[119.1420466830001,41.53774352100004],[119.04721779900001,41.51008690700007],[119.0033165970001,41.479267486000026],[118.97416374200009,41.47298471600004],[118.94755899500001,41.450881981000066],[118.88822325100011,41.43529131500003],[118.84353623600009,41.40742836100003],[118.80153426200002,41.32919104100006],[118.78664759500009,41.21899701500007],[118.7434942970001,41.204600268000036],[118.6900260220001,41.21361116200006],[118.60916763700004,41.24248586400006],[118.58801106500005,41.27430519600006],[118.51542340700007,41.32253229200006],[118.4868048400001,41.334892410000066],[118.4219606470001,41.33114289000008]]}},{"type":"Feature","properties":{"name":"辽河","level":"river_l2"},"geometry":{"type":"LineString","coordinates":[[122.85273845900008,41.87301406700004],[122.85360785000012,41.84508216000006],[122.83703628300009,41.841893122000045],[122.82536277800011,41.827702190000025],[122.7793562490001,41.831154929000036],[122.78178981300005,41.81054740900004],[122.77290107300007,41.79314821500003],[122.78423088400007,41.78100946300003],[122.77227513100001,41.77025184400003],[122.76950511400003,41.73614000300006],[122.72784737500001,41.73293208300004],[122.72387221200006,41.72308232300003],[122.74071057100002,41.70843339500004],[122.7189812040001,41.691942220000044],[122.72663353000007,41.67889557500007],[122.70829176600012,41.66629546000007],[122.69175842900006,41.66903460700007],[122.67250112700003,41.657575121000036],[122.67894780600011,41.63216474700005],[122.70066148300009,41.617069453000056],[122.68630994900002,41.60011663000006],[122.69824991700011,41.57219226700005],[122.69214606500009,41.56027872000004],[122.66649523400008,41.55522431700007],[122.6234942850001,41.522211441000024],[122.63084138800002,41.506193076000045],[122.62535570700004,41.50710103800003],[122.62910109400002,41.45101213300006],[122.62150188200008,41.44230683600006],[122.63860724000006,41.42469381500007],[122.63224382300007,41.40087430600005],[122.63987331700002,41.391955266000025],[122.65723073400011,41.395403705000035],[122.634440659,41.36401577500004],[122.65273623000007,41.34594496900007],[122.62233950500001,41.32004276600003],[122.59983207500011,41.31474800600006],[122.60259388300005,41.306279148000044],[122.5761798750001,41.28471433200008],[122.5344993330001,41.28738881500004],[122.51657729500005,41.281628616000035],[122.50113469400003,41.26167355800004],[122.49231489400006,41.264172313000074],[122.47624678200009,41.25314387100008],[122.45921750900004,41.25493313700008],[122.45317474000001,41.246216383000046],[122.42002413800003,41.25138567500005],[122.41887190300008,41.239018130000034],[122.40422318700007,41.24973398900005],[122.36251917300001,41.208156888000076],[122.33887491900009,41.20188936300008],[122.34801512100012,41.196197625000025],[122.33805072200005,41.18677135000007],[122.27036074000011,41.18283880600006],[122.2617928190001,41.19310447400005],[122.22254618000011,41.20024987200003],[122.2001993240001,41.221895166000024],[122.20000078400005,41.20884476500004],[122.19087578000006,41.20994349400007],[122.18553485000007,41.19457373700004],[122.17001627700006,41.199304195000025],[122.14190858400002,41.184270310000045],[122.14357968200011,41.200536569000064],[122.13171565800008,41.20253179400004],[122.1339433500001,41.19064107100007],[122.05786067200006,41.17760267800003],[122.02287134800008,41.18424830400005],[122.02422925600001,41.17166329600008],[122.01120546900006,41.16882900200005],[121.99770883200006,41.18041843900005],[121.98801919100003,41.17806478500006],[121.99157435200004,41.15954012900005]]}},{"type":"Feature","properties":{"name":"双台子河","level":"river_l2"},"geometry":{"type":"LineString","coordinates":[[121.83751629900007,41.09071097400005],[121.89869070700001,41.103394707000064],[121.91343156800008,41.13807105700005],[121.93857871700004,41.13356560300008],[121.94548358700001,41.13890244500004],[121.9380600720001,41.14662363900004],[121.95131280500004,41.15385257200006],[121.99157435200004,41.15954012900005]]}},{"type":"Feature","properties":{"name":"双台子河","level":"river_l2"},"geometry":{"type":"LineString","coordinates":[[121.99157435200004,41.15954012900005],[121.94868050500008,41.14741322300006],[121.94479672900002,41.12399805900003],[121.91218785600006,41.13148292100004],[121.90970017600011,41.098454471000025],[121.88961122,41.08427885200007],[121.87581697400003,41.09171016800008],[121.85709383400001,41.08648404100006],[121.82437778300005,41.065750887000036],[121.83971318300007,41.05605357300004],[121.88158450300011,41.05601130300005],[121.8882296920001,41.04003490500003],[121.87469411900008,40.99018711800005]]}},{"type":"Feature","properties":{"name":"塔里木河(叶尔羌河)","level":"river_l2"},"geometry":{"type":"LineString","coordinates":[[83.98844175600004,41.077837904000035],[84.01165108200007,41.083518208000044],[84.02670418600007,41.11633314900007],[84.06298315500004,41.10769655300004],[84.06512700500008,41.122803161000036],[84.09003777400005,41.12207460800005],[84.11532224500007,41.15068185600006],[84.12442441600007,41.14795048800005],[84.12809433700005,41.13528155300003],[84.14307895000007,41.134236342000065],[84.14661133600003,41.16066527600003],[84.15606440900007,41.16997341200005],[84.16504449500007,41.16949658900006],[84.16672308000005,41.156762796000066],[84.17583288100008,41.154031427000064],[84.29229901200006,41.21013219300005],[84.30653594400007,41.204528295000046],[84.31608821100008,41.21232577100005],[84.31666812100008,41.20106448800004],[84.38802046000006,41.20762233200003],[84.39233886800008,41.20097696500005],[84.38572400700008,41.194022569000026],[84.40627831600005,41.181067572000075],[84.41312971900004,41.18351669200007],[84.41225985300008,41.20078628300007],[84.45074381200004,41.187579560000074],[84.49757443200008,41.20691690700005],[84.51256667600006,41.20582210300006],[84.54322264300004,41.18936133400007],[84.60517522300006,41.205299737000075],[84.61571944400004,41.19279867200004],[84.63985964500006,41.18741605900004],[84.71603390000007,41.19765137600007],[84.76287236200005,41.17402645900006],[84.82234536500005,41.179260527000054],[84.90613407200004,41.174518962000036],[84.96823185700003,41.14064753300005],[84.99508818300006,41.140517903000045],[85.01436069200008,41.13118695700007],[85.07939589200004,41.09582394800003],[85.09917965000005,41.07296191300003],[85.17456820800004,41.049798655000075],[85.20608621100007,41.05648608100006],[85.23128695000008,41.04649137500007],[85.26623846900003,41.014145788000064],[85.31654063100007,41.02269106800003],[85.37131395200004,40.98921253700007],[85.43564703800007,40.99347001800004]]}},{"type":"Feature","properties":{"name":"双台子河","level":"river_l2"},"geometry":{"type":"LineString","coordinates":[[121.84699860100011,40.98856603400003],[121.87539675400001,41.04563511400005],[121.81699217500011,41.05467278500004],[121.81480273700004,41.075047605000066],[121.83751629900007,41.09071097400005]]}},{"type":"Feature","properties":{"name":"塔里木河(叶尔羌河)","level":"river_l2"},"geometry":{"type":"LineString","coordinates":[[85.43564703800007,40.99347001800004],[85.51473596000005,40.97166101600004],[85.56593077900004,40.98311698700007],[85.66037779700008,41.04428752500007],[85.70039516800006,41.06286569500003],[85.72143773800008,41.056456886000035],[85.75363472700008,41.07577129300006],[85.77280042300004,41.065562939000074],[85.77972813000008,41.066428915000074],[85.77830132300005,41.08143633000003],[85.80115972100003,41.08104727700004],[85.80542473400004,41.07059473900006],[85.82130964000004,41.07084655500006],[85.81699884300008,41.08280212400007],[85.82291180500005,41.08440053900006],[85.86899488200004,41.07008371300003],[85.94018698800005,41.08167324600004],[85.94384153400006,41.09375090800006],[85.96865311300007,41.09486107500004],[85.97595473400008,41.08144063000003],[86.01742177800008,41.091046394000045],[86.04539969000007,41.08467193300004],[86.05124397300006,41.08926115000003],[86.03921201500003,41.09360236200007],[86.05985014800007,41.10290289100004],[86.06737306900004,41.07971274700003],[86.07801636700003,41.091126651000025],[86.10390374200006,41.08846779800007],[86.12139080300005,41.10523006600005],[86.12950877000009,41.097817931000066],[86.14238759300008,41.099488844000064],[86.14487476700003,41.12056179900003],[86.21086358600007,41.10260951200007],[86.22944188500009,41.07127098300003],[86.25021737800006,41.07452887000005],[86.27372423200006,41.08983389800005],[86.28202534600007,41.073399764000044],[86.30891983900005,41.069203548000075],[86.31262779100007,41.08202128100004],[86.34337522700008,41.08386771500005],[86.33618042900008,41.09580801900006],[86.34102522500007,41.10187737600006],[86.37110131800006,41.08793054100005],[86.36668366600009,41.11042640000005],[86.37658693000003,41.112036268000054],[86.38996178100007,41.08888428400007],[86.41372045900005,41.092893693000065],[86.42590504900005,41.07874463100006],[86.46863103000004,41.07767658600005],[86.50812962100008,41.09008621700008],[86.53005722000006,41.085790803000066],[86.54024284700006,41.07085588900003],[86.55120664600008,41.068704367000066]]}},{"type":"Feature","properties":{"name":"塔里木河(叶尔羌河)","level":"river_l2"},"geometry":{"type":"LineString","coordinates":[[83.72053506100008,41.00763717600006],[83.72589112700007,40.99609361200004],[83.74098255400008,40.99488055200004],[83.75250316400007,41.02165284300003],[83.77262258600007,41.008209554000075],[83.76265841500003,40.98278389200004],[83.82449664800004,40.97719158500007],[83.83980180600008,40.956740496000066],[83.86896212900007,40.98496627800006],[83.92587925700008,40.97736355500007],[83.95667235600007,40.99935596000006],[83.95715291600004,41.01994061400006],[83.96326428900005,41.01340206800006],[83.95400947900004,41.025040991000026],[83.94643329300004,41.016739966000046],[83.93858235200008,41.02537283200007],[83.97416695700008,41.02941281000005],[83.99610969300005,41.048608941000055],[83.99256185900003,41.05876010900005],[83.97721864400006,41.06160971800006],[83.98844175600004,41.077837904000035]]}},{"type":"Feature","properties":{"name":"塔里木河(叶尔羌河)","level":"river_l2"},"geometry":{"type":"LineString","coordinates":[[82.85955361300006,40.99002152800006],[82.87083035800003,40.96495452500005],[82.92709144800006,40.937270718000036],[82.97874409200006,40.93524522800004],[82.99151623200004,40.912200073000065],[83.01670911800005,40.94252398700007],[83.02857318500008,40.94556823400006],[83.07074998800005,40.913882655000066],[83.08253014800005,40.91349358400004],[83.07673919500007,40.92409489000005],[83.09728580500007,40.92380884600004],[83.12850618900006,40.93915206500003],[83.14568031300007,40.972539235000056],[83.15920761200005,40.98080594600003],[83.17996800600008,40.95282065200007],[83.19446431800003,40.95214929400004],[83.21411813400005,40.97496185000006],[83.22735575700005,40.937927830000035],[83.23979193100007,40.96199161800007],[83.25781315700004,40.95713925100006],[83.26126947900008,40.939698004000036],[83.29394708500007,40.962296973000036],[83.28089260500008,40.993616426000074],[83.31700371400007,40.98618531300008],[83.34163209700006,41.00111651200007],[83.35269515400006,40.985609391000025],[83.38142842400003,40.974615232000076],[83.40295145100004,41.00697242000007],[83.43560630100006,41.005740342000024],[83.45329188400007,40.98987846600005],[83.51973830400004,41.00496620000007],[83.55503312500008,40.982142370000076],[83.57033051700006,40.987357247000034],[83.56775157500005,41.01073813900007],[83.59960534500004,41.00352445300007],[83.60812774200008,40.98620529400006],[83.63006292300008,40.99060001000004],[83.64421581200008,41.00680913200006],[83.66495323600003,40.99314840200003],[83.67712240000003,41.013050243000066],[83.69898139400004,40.99707011900006],[83.70793083700005,41.01977964100007],[83.71928371300004,41.02413617600007],[83.73807564400005,40.99837108400004],[83.74378248000005,41.02342669800004],[83.75054995200009,41.02626874300006],[83.78296836600003,41.00960580200007],[83.77405706200005,40.988506124000025],[83.82529773100003,40.98266582300005],[83.83950420500008,40.965442051000025],[83.86391129600008,40.98759084400007],[83.93071640600004,40.985267832000034],[83.94982855600006,41.00247644500007],[83.92832811500006,41.02650961100005],[83.97217560400009,41.032888085000025],[83.98839614800005,41.04511837700005],[83.98361231700005,41.054605767000055],[83.96599553200008,41.045606605000046],[83.96396599500008,41.05594851800004],[83.98844175600004,41.077837904000035]]}},{"type":"Feature","properties":{"name":"塔里木河(叶尔羌河)","level":"river_l2"},"geometry":{"type":"LineString","coordinates":[[82.48462582100007,40.96846285400005],[82.50231126100005,40.97768709500008],[82.51643375200007,40.971613984000044],[82.53060974000005,40.950216829000055],[82.54058167600004,40.949667532000035],[82.56213525800007,40.97326213100007],[82.57328958600004,41.00724057600007],[82.59978735700008,40.99921433000003],[82.66080139300004,41.02652085900007],[82.69701940300007,41.00418915100005],[82.70799079600005,41.00819091100004],[82.70181826900006,41.03433370300007],[82.72029733800008,41.01858246200004],[82.74053114700007,41.01608002200004],[82.75379900700005,41.029202972000064],[82.76467896400004,41.01261245000006],[82.78686600500004,41.00207223600006],[82.79741797800006,40.969467190000046],[82.80868701400004,40.95835853500006],[82.82198547100006,40.95797709900006],[82.81894870900004,40.98706492600007],[82.85639498200004,40.98342573100007],[82.87195964700004,40.94686857100004],[82.90901682300006,40.94047127500005],[82.93823843200005,40.92203445000007],[82.94943110500003,40.922351115000026],[82.94265594400008,40.93021339200004],[82.97015315300007,40.92986252000003],[82.98172736500004,40.92010430300007],[82.97720306300005,40.90735523300003],[82.99914592400006,40.90226254800007],[83.00672977500005,40.90330782700005],[83.02507122300005,40.938293402000056],[83.06767525600003,40.91186843200006],[83.09032002000004,40.91086521300008],[83.09492067600007,40.913547031000064],[83.08574218100006,40.92122619000003],[83.10171101900005,40.91939895300004],[83.13575434500007,40.938820201000055],[83.15692638500008,40.97466411400006],[83.17680936600004,40.94760581200006],[83.19827153200004,40.947518141000046],[83.21139441800005,40.96333815100007],[83.21830687800008,40.96162914300004],[83.21511016000005,40.943604211000036],[83.22808823900004,40.931286268000065],[83.23533639300007,40.931175662000044],[83.23806004900007,40.95378216600005],[83.24939765800008,40.95910003100005],[83.25647049100007,40.92993592000005],[83.30114947300007,40.96012637500007],[83.29165804800004,40.98887085100006],[83.31688929200004,40.98206533100006],[83.33961028300007,40.993826426000055],[83.35786047100004,40.975916005000045],[83.38404540800008,40.97113995900003],[83.41760801300006,41.00123882400004],[83.46285946800003,40.98605606700005],[83.51715188600008,40.99975136200004],[83.53839288800003,40.98221098500005],[83.56338759700003,40.97832759800008],[83.58190466300005,40.98966142100005],[83.57963858500005,41.003886797000064],[83.59463847200004,40.99972489800007],[83.59301343000004,40.986712616000034],[83.60560997800007,40.98327552100005],[83.62591243600008,40.984046173000024],[83.64700066800003,40.999435135000056],[83.65558404100005,40.99355274200008],[83.64444481100008,40.98621303500005],[83.65093002900005,40.98105544800006],[83.66933267300004,40.98849054600004],[83.68057102600005,41.007492092000064],[83.69876779800006,40.99066888600004],[83.71636159200006,41.01847119100006],[83.72053506100008,41.00763717600006]]}},{"type":"Feature","properties":{"name":"塔里木河(叶尔羌河)","level":"river_l2"},"geometry":{"type":"LineString","coordinates":[[81.40346276900004,40.657579706000035],[81.40193675600005,40.67130152900006],[81.41577684300006,40.68206694000003],[81.45913604900005,40.68209761600008],[81.50732460900008,40.71458842700008],[81.53534062000006,40.715046304000055],[81.58357502900003,40.73652760600004],[81.64864824600005,40.72503385400006],[81.69147330100003,40.737786878000065],[81.73456549100007,40.734739008000076],[81.77549093400006,40.72047180900006],[81.78460823200004,40.738977427000066],[81.82697537500007,40.77386390700008],[81.83037047100004,40.78872255700003],[81.84764387300004,40.80331040600004],[81.88744769000004,40.80067070700005],[81.90356898300007,40.82097311900003],[81.92261251500008,40.82662671700007],[81.94083960400008,40.84417103800007],[81.95987553100008,40.845929727000055],[81.99055438100004,40.83116275100008],[82.03125828700007,40.86300882900008],[82.16812626100005,40.86962416500006],[82.19719495600003,40.90513622100008],[82.23364940900007,40.89553068600003],[82.25090762300005,40.89884961900003],[82.25769029900005,40.91047333300003],[82.25626335900006,40.94365062700007],[82.31303550800004,40.937776033000034],[82.32827945900004,40.94772889400008],[82.35182453200008,40.94458558000008],[82.37957341000003,40.96222148700008],[82.41546325900003,40.95462253100004],[82.44430311200006,40.98298183900005],[82.47871279900005,40.97766031200007],[82.49831324200005,40.99304927400004],[82.53928444900004,40.98193309100003],[82.56762836400003,41.01278345900005],[82.60292310000006,41.005588868000075],[82.65910757300009,41.03363163700004],[82.68695584200003,41.01664443400006],[82.69038904900003,41.03879697800005],[82.70237515200006,41.04828060700004],[82.71114923700003,41.04750241700003],[82.73246658800008,41.02188230300004],[82.76023076900003,41.03279271800005],[82.76956191700003,41.01484793800006],[82.79144377600005,41.00384994700005],[82.81148706800008,40.96221912000004],[82.81640815800006,40.96650697000007],[82.80659631400005,40.989723799000046],[82.82668511200006,40.995442248000074],[82.85955361300006,40.99002152800006]]}},{"type":"Feature","properties":{"name":"塔里木河(叶尔羌河)","level":"river_l2"},"geometry":{"type":"LineString","coordinates":[[86.55120664600008,41.068704367000066],[86.55504432400005,41.076253863000034],[86.56696182000007,41.07636451900004],[86.62204029500003,41.04755146600007],[86.66825315900007,41.01112405400005],[86.71879976800005,40.94540662300005],[86.76383764600007,40.91343870600008],[86.82568362300003,40.879319278000025],[86.87529156600004,40.86988157300004],[86.93755723400005,40.81893125000005],[86.97961946800007,40.808307124000066],[86.99984571300007,40.78799717700008],[87.00466760000006,40.80001380400006],[87.01356375500006,40.800811116000034],[87.03953514700004,40.772394732000066],[87.05432136900004,40.776976337000065],[87.07621849200007,40.75979834200007],[87.10390645900009,40.75691822700003],[87.11393186300006,40.74043450100004],[87.14169616300006,40.72702935400008],[87.19409654500004,40.71896497800003],[87.23173360900006,40.70181371800004],[87.31892532600006,40.64046047900007]]}},{"type":"Feature","properties":{"name":"塔里木河(叶尔羌河)","level":"river_l2"},"geometry":{"type":"LineString","coordinates":[[87.34359195200005,40.638263205000044],[87.31892532600006,40.64046047900007]]}},{"type":"Feature","properties":{"name":"塔里木河(叶尔羌河)","level":"river_l2"},"geometry":{"type":"LineString","coordinates":[[87.34359195200005,40.638263205000044],[87.35745504500005,40.626273318000074],[87.35949984000007,40.611254458000076],[87.43151603500007,40.59786465700006],[87.41959846100008,40.621134909000034],[87.42352770600007,40.626399340000034],[87.39978420600005,40.645892917000026],[87.39667118100004,40.68420112600006],[87.35138936800007,40.659320913000045],[87.37704784700009,40.65711982600004],[87.34359195200005,40.638263205000044]]}},{"type":"Feature","properties":{"name":"塔里木河(叶尔羌河)","level":"river_l2"},"geometry":{"type":"LineString","coordinates":[[87.31892532600006,40.64046047900007],[87.35666169300004,40.58885395000004],[87.41679849900004,40.58800718600003]]}},{"type":"Feature","properties":{"name":"塔里木河(叶尔羌河)","level":"river_l2"},"geometry":{"type":"LineString","coordinates":[[87.41679849900004,40.58800718600003],[87.43848960100007,40.575334465000026],[87.45620560400005,40.579866483000046],[87.49565850800008,40.565633544000036],[87.47589767300008,40.58740456500004],[87.44234247800006,40.601633700000036],[87.43837503800006,40.60989273300004],[87.45213886500005,40.62118075200004],[87.43732208100005,40.62942450400004],[87.45405384500003,40.63846561200006],[87.46887062700006,40.63096956000004],[87.49943494000007,40.63550923200006],[87.49156881400006,40.626487216000044],[87.50936883800006,40.60321316100004],[87.51528945200005,40.59870789400003],[87.52710009800006,40.60848524800008],[87.55375049900005,40.585958911000034],[87.54299285700006,40.542382436000025]]}},{"type":"Feature","properties":{"name":"塔里木河(叶尔羌河)","level":"river_l2"},"geometry":{"type":"LineString","coordinates":[[80.98291836500005,40.50883917200008],[80.99064712000006,40.51848301100006],[81.04339065300007,40.536328834000074],[81.08515526300005,40.53603906500007],[81.09873607300005,40.52602908600005],[81.15728582700007,40.53309431000008],[81.16574714900008,40.523744271000055],[81.20410117500006,40.545126356000026],[81.22338132900006,40.53374307000007],[81.32403908500004,40.53167582000003],[81.33152370500005,40.53946566500008],[81.33084447200008,40.57056771100008],[81.35787619600006,40.580902098000024],[81.33917580800005,40.605805032000035],[81.35117713700004,40.61908820200006],[81.40202101200003,40.61892435200008],[81.40346276900004,40.657579706000035]]}},{"type":"Feature","properties":{"name":"塔里木河(叶尔羌河)","level":"river_l2"},"geometry":{"type":"LineString","coordinates":[[80.98291836500005,40.50883917200008],[81.06267078400003,40.528634458000056],[81.07890665400004,40.52663937900007],[81.10304691900006,40.50980858100007],[81.14050068700004,40.52503357900008],[81.17244608100003,40.50569648600003],[81.19071899200003,40.51490166200006],[81.18797226800007,40.523813020000034],[81.19756268200007,40.52910036500003],[81.22850847100005,40.52918440500008],[81.25167209300008,40.52009382700004],[81.30001340100006,40.52705601100007],[81.33427047600009,40.52300482100003],[81.33839790300004,40.55548784200005],[81.36572718300005,40.56581841600007],[81.37952910100006,40.579788257000075],[81.36474271800006,40.60424105800007],[81.40384457600004,40.60588919400004],[81.42067547900007,40.61665461600006],[81.41850071100004,40.667887345000054],[81.46305770600003,40.67798146400003],[81.49256136200006,40.69971829000008],[81.59652258000006,40.72645658600004],[81.64198005700007,40.70720346400003],[81.70827390800008,40.71282671400007],[81.72547866700006,40.72331747000004],[81.77604796200006,40.70994678300008],[81.85750146800007,40.785667000000046],[81.92153690200007,40.79964083200008],[81.91952258600008,40.81474361000005],[81.92681646500006,40.82317815500005],[81.99105801500008,40.81835266100006],[82.02836678600005,40.84152006100004],[82.08255235000007,40.85796203000007],[82.13590644100003,40.84853203400007],[82.17250576000004,40.85496009600007],[82.20608357700007,40.88906832200007],[82.26586941100004,40.88640198400003],[82.27169840600004,40.89413841500004],[82.26810468100007,40.92207035500007],[82.32090180100005,40.914387533000024],[82.39358151200008,40.94678686100008],[82.43006646800006,40.93986312700008],[82.45012461500005,40.96760822200008],[82.48462582100007,40.96846285400005]]}},{"type":"Feature","properties":{"name":"塔里木河(叶尔羌河)","level":"river_l2"},"geometry":{"type":"LineString","coordinates":[[80.94053588500003,40.489242396000066],[80.98291836500005,40.50883917200008]]}},{"type":"Feature","properties":{"name":"塔里木河(叶尔羌河)","level":"river_l2"},"geometry":{"type":"LineString","coordinates":[[87.54299285700006,40.542382436000025],[87.54794455300004,40.52435370300003],[87.50161731600008,40.54761244400004],[87.51152067500004,40.52132468000008],[87.50069422000007,40.52131321500008],[87.49683373600004,40.48825797000006],[87.46732994900003,40.48221526900005],[87.46042510200004,40.489718966000055],[87.48198634700003,40.52204943400005],[87.45041483600005,40.54304602700006],[87.44748508100008,40.535530866000045],[87.45836500000007,40.51901662100005],[87.42588564500005,40.51596471700003],[87.44544789800005,40.555810336000036],[87.41679849900004,40.58800718600003]]}},{"type":"Feature","properties":{"name":"塔里木河(叶尔羌河)","level":"river_l2"},"geometry":{"type":"LineString","coordinates":[[80.86545282800006,40.465819252000074],[80.89181310200007,40.481940688000066],[80.91966127400008,40.479571804000045],[80.94053588500003,40.489242396000066]]}},{"type":"Feature","properties":{"name":"塔里木河(叶尔羌河)","level":"river_l2"},"geometry":{"type":"LineString","coordinates":[[80.65598903900008,40.44721749900003],[80.61915308300007,40.46156099700005],[80.63776934800006,40.466978082000026],[80.66983674100004,40.45930664600007],[80.66294715000004,40.464342153000075],[80.68363107700003,40.46501745200004],[80.71769722100004,40.48968025100004],[80.72751658200008,40.48587693500008],[80.72595269200008,40.45771990500003]]}},{"type":"Feature","properties":{"name":"塔里木河(叶尔羌河)","level":"river_l2"},"geometry":{"type":"LineString","coordinates":[[80.72595269200008,40.45771990500003],[80.75621189100008,40.44569577800007],[80.81075604400007,40.458601447000035],[80.82156740000005,40.43277149100004],[80.82926561800008,40.44527642800006],[80.84499036900007,40.432958505000045],[80.84698162200004,40.44542527200008],[80.87193814900007,40.44521936800004],[80.86545282800006,40.465819252000074]]}},{"type":"Feature","properties":{"name":"塔里木河(叶尔羌河)","level":"river_l2"},"geometry":{"type":"LineString","coordinates":[[81.03524276300004,40.44960318500006],[81.04564949100006,40.46362642100007],[81.00628058400008,40.46453038100003],[80.98418503400006,40.485603242000025],[81.00106934200005,40.496166482000035],[81.05077633800005,40.50517340600004],[81.07527510900007,40.50177069800003],[81.09857610700004,40.48597370600004],[81.10195627700006,40.44787914500006],[81.07555786700004,40.42950697900005],[81.04587097200005,40.42909868500004],[81.06319774000008,40.448817441000074],[81.03524276300004,40.44960318500006]]}},{"type":"Feature","properties":{"name":"塔里木河(叶尔羌河)","level":"river_l2"},"geometry":{"type":"LineString","coordinates":[[80.46351651900005,40.41793818000008],[80.53824114200006,40.41584414600004],[80.54873938500003,40.43545606300006],[80.56612731400008,40.43575749900003],[80.58904662100008,40.45169581400006],[80.61240854300007,40.45323326700003],[80.62805699700004,40.44115186200003],[80.65598903900008,40.44721749900003]]}},{"type":"Feature","properties":{"name":"塔里木河(叶尔羌河)","level":"river_l2"},"geometry":{"type":"LineString","coordinates":[[80.72595269200008,40.45771990500003],[80.75578494800004,40.39711050900007],[80.75108528700008,40.367683139000064],[80.70436139400005,40.372359903000074],[80.69955468900008,40.37792186100006],[80.70594826100006,40.38705069700006],[80.67629188700005,40.38654703000003],[80.67075272300008,40.39437115900006],[80.69551842100003,40.40752849200004],[80.67838215800003,40.42435550000005],[80.65728639200006,40.39919301200007],[80.62765284000005,40.40874133800003],[80.61709331800006,40.42581251800004],[80.63767049000006,40.41730559700005],[80.65584422200004,40.42499630000003],[80.64904616100006,40.433922901000074],[80.67244624100005,40.43399928700006],[80.65598903900008,40.44721749900003]]}},{"type":"Feature","properties":{"name":"塔里木河(叶尔羌河)","level":"river_l2"},"geometry":{"type":"LineString","coordinates":[[80.46351651900005,40.41793818000008],[80.47070375700008,40.39909692200007],[80.45005035200006,40.39803632700006],[80.46646943100006,40.38119024400004],[80.42764239000007,40.358308935000025],[80.43062569700004,40.34007802700006],[80.40177041200008,40.34319841900003],[80.39105854700006,40.32265569100008],[80.37782881500004,40.315319783000064],[80.38970825400008,40.29977452700007],[80.36311149100004,40.28029606500007],[80.36294384600006,40.249209276000045],[80.31850133100005,40.23669275000003],[80.30698830700004,40.22343628200008],[80.28019306600004,40.22016308100007],[80.30244115300007,40.20757814900003],[80.29720725400006,40.20335896200004],[80.25617508600004,40.20574305000008],[80.23014284000004,40.19790353800005],[80.20741428100007,40.181438781000054],[80.20287475300006,40.16625968200003],[80.18988909700005,40.17010494700003],[80.16817524300006,40.159137317000045],[80.16700802600008,40.14174183400007],[80.14203615700006,40.155158379000056],[80.11322692200008,40.11820431800004],[80.08897231500003,40.12019554600005],[80.06703721100007,40.10806058700007],[80.06315378200003,40.10020590200003],[80.07320209600005,40.086709187000054],[80.04085239000005,40.09788641700004],[80.01607140300007,40.09048179500007],[80.01071530000007,40.10567611400006],[79.99399120200007,40.09821430300008],[79.97048427300007,40.10408136800004],[79.97253679300007,40.08195936300007],[79.96257252800007,40.07738538000007],[79.94110270100003,40.08466774400006],[79.93706680600008,40.05828840000004],[79.91779438100008,40.05532804000006],[79.90554912700003,40.01092755800005],[79.91498705100008,40.00020419800006],[79.89054926000006,40.01332319100004],[79.87948636400006,40.003561078000075]]}},{"type":"Feature","properties":{"name":"塔里木河(叶尔羌河)","level":"river_l2"},"geometry":{"type":"LineString","coordinates":[[79.87948636400006,40.003561078000075],[79.85829894400007,39.99451610700004],[79.86805736000008,39.97685363200003],[79.85221830800003,39.96835419900003],[79.85139439200003,39.955998065000074],[79.81542826700007,39.96383351500003],[79.78649680300003,39.950706679000064],[79.75925899300006,39.95571539900004],[79.73872022800003,39.927012776000026],[79.73969690400008,39.91469098300007],[79.70547038600006,39.91521728600003],[79.67849216700006,39.893472829000075],[79.66013523400005,39.90022113200007],[79.63521694600007,39.88878808100003],[79.62731280200006,39.86669655400004],[79.60720869100004,39.87249115000003],[79.60391281100004,39.85505751000005],[79.58719628000006,39.85725858100005],[79.58397664900008,39.84668013300006],[79.55115408300009,39.83279413400004],[79.50582654900006,39.820022006000045],[79.48363186000006,39.83466692400003],[79.45235042800005,39.82832660100007],[79.44397314500003,39.82129970900007],[79.45169438600004,39.81299874100006],[79.41667463200008,39.778455602000065],[79.38220402600007,39.77065801300006],[79.37793158400007,39.749081498000066],[79.35916268600005,39.75097737500005],[79.34745886900004,39.74638812500007],[79.34514716000007,39.73650778900003],[79.33042200000006,39.73345589000007],[79.30940232900008,39.74009355100003],[79.29539437800008,39.73361978100007],[79.29370067200006,39.72329693100005]]}},{"type":"Feature","properties":{"name":"塔里木河(叶尔羌河)","level":"river_l2"},"geometry":{"type":"LineString","coordinates":[[88.29450765700005,39.481739781000044],[88.35782598700007,39.48270884900006],[88.38237045900007,39.504239623000046],[88.43387047700008,39.50859621200004],[88.44928225200005,39.539274860000035],[88.44366678500006,39.55895921900003],[88.44959496900003,39.57384076500006],[88.42768258300003,39.60085714200005],[88.42739262900005,39.610703140000055],[88.44962536800006,39.61642537800003],[88.44282726800003,39.65007953300005],[88.45498886900003,39.66312235500004],[88.43304600800008,39.67434545900005],[88.44375027800004,39.712344700000074],[88.41080541400004,39.74759721100003],[88.40873007900007,39.77346155200007],[88.38733655300007,39.78375766000005],[88.38644385800006,39.793145881000044],[88.40397674200005,39.79955859000006],[88.40041363600005,39.82244738400004],[88.41111034900007,39.83480735400008],[88.39476000300004,39.84785394200003],[88.41885429600006,39.88104655700005],[88.41766405200008,39.88836715600007],[88.40040581400007,39.889282679000075],[88.41291071500007,39.914231491000066],[88.40427393700008,39.92476032400003],[88.38313987400005,39.91514317800005],[88.37688348600005,39.94535256700004],[88.38372721700006,39.963205842000036],[88.36435554400003,39.97281147500007],[88.36166988500008,39.981966990000046],[88.37835583400005,40.00416152500003],[88.37987405300004,40.031166495000036],[88.39198987300006,40.045575015000054],[88.39262307900003,40.06412257300008],[88.38098025600004,40.063447333000056],[88.37369391400006,40.07711193400007],[88.38483307200005,40.115141692000066],[88.36978736300006,40.13767568900005],[88.38211684700008,40.14040329200003],[88.37701259700003,40.14829610400005],[88.36281383300008,40.15202313800006],[88.32402478800003,40.14318418000005],[88.30568318100006,40.13003453300007],[88.27070893500007,40.12797066500008],[88.25100161400007,40.11804452200005],[88.19723554600006,40.125262028000066],[88.18291457500004,40.17295462900006],[88.18496689200003,40.19101389400004],[88.17805438800008,40.208783219000054],[88.15225088000005,40.23400662900008],[88.14372081400006,40.27746481100007],[88.11386597900008,40.29885815400007],[88.09425779900005,40.30333287900004],[88.09771397700007,40.31885149000004],[88.08478171900003,40.32641621400006],[88.07117036800008,40.35185708800003],[88.05513285700005,40.35626696700007],[88.04141465300006,40.39352990500004],[87.95888486400008,40.39532652400004],[87.94024563900007,40.40214735100005],[87.92450571400008,40.396936305000054],[87.91572394900004,40.41348870400003],[87.89804606800004,40.41729202700003],[87.85277948400005,40.40087685900005],[87.83020335400005,40.41144381100003],[87.81649283200005,40.43100226300004],[87.78113704000003,40.44759275900003],[87.77820722300004,40.458865486000036],[87.76148306000005,40.458140642000046],[87.64246048500007,40.528866796000045],[87.60602897200005,40.52737132300007],[87.58336126400008,40.543896990000064],[87.54299285700006,40.542382436000025]]}},{"type":"Feature","properties":{"name":"塔里木河(叶尔羌河)","level":"river_l2"},"geometry":{"type":"LineString","coordinates":[[79.29370067200006,39.72329693100005],[79.28504872600007,39.715896187000055],[79.27390181000004,39.720225937000066],[79.26318991800008,39.705126922000034],[79.23209151300006,39.71129913600004],[79.20304558200007,39.70241435100007],[79.17087905200003,39.70534779600007],[79.16734659300005,39.697035337000045],[79.13421877000007,39.694216063000056],[79.07273174900007,39.67357011900003],[79.07430357100003,39.65668201600005],[78.98723469100008,39.59627814000004],[78.94643126300008,39.62226437100003],[78.92644944800008,39.597071362000065],[78.90110380300007,39.60055416500006],[78.82477708700003,39.590612478000025],[78.81464488600005,39.59858536200005],[78.75677429800004,39.58038090000008],[78.72113625300005,39.58859019200003],[78.70047537800008,39.56722342200004],[78.68376647700006,39.56974874600007],[78.66377697300004,39.55342895500007],[78.64825824900004,39.56238603400004],[78.59520186900005,39.556583498000066],[78.56690351600008,39.566093667000075],[78.55151483200007,39.52837669500008],[78.50894924900007,39.51436857400006],[78.48720470600006,39.52930341200005],[78.47701159600007,39.519632856000044],[78.48137586300004,39.50282869100005],[78.45346667900003,39.50454522900003],[78.45870067600003,39.49440170400004],[78.45382541200007,39.48510883600005],[78.42105618100004,39.483472145000064],[78.41492206100008,39.46979606900004],[78.37218100700005,39.45458628400007],[78.36752707600004,39.435233795000045],[78.33864132800005,39.43323090000007],[78.32812785000004,39.41301242600008],[78.30753546400007,39.41673939400005],[78.27147794000007,39.40489810400004],[78.26165877100004,39.383092677000036],[78.23165902200003,39.39155376700006],[78.21646091600007,39.37690106200006],[78.19281662500003,39.388066871000035],[78.15044934300005,39.38445407100005],[78.13703661000005,39.36412495500008],[78.12058707000006,39.37344443300003],[78.09975833600004,39.354019391000065],[78.08227114700003,39.366047371000036],[78.02886382300005,39.35906605400004],[78.00073333500006,39.367344040000035],[77.96931472800003,39.34179620000003]]}},{"type":"Feature","properties":{"name":"海河","level":"river_l2"},"geometry":{"type":"LineString","coordinates":[[117.16153234100011,39.16493113200005],[117.20463175900011,39.135972766000066],[117.24383995700009,39.09516948400005],[117.27528149200009,39.083732541000074]]}},{"type":"Feature","properties":{"name":"海河","level":"river_l2"},"geometry":{"type":"LineString","coordinates":[[117.27528149200009,39.083732541000074],[117.33856124600004,39.055338644000074],[117.37224595000009,39.05034106200003],[117.40329819100009,39.02033369800006],[117.43243567500008,39.01865882900006],[117.4590860300001,39.029740650000065],[117.46330509300003,39.01815509200003],[117.50289501700001,39.00294526700003],[117.55824783500009,38.99902332700003]]}},{"type":"Feature","properties":{"name":"海河","level":"river_l2"},"geometry":{"type":"LineString","coordinates":[[117.27528149200009,39.083732541000074],[117.3074021430001,39.08052410800008],[117.34256683500007,39.05951963600006],[117.37641178500007,39.057001670000034],[117.40702151500011,39.02768860100008],[117.43350389000011,39.025746713000046],[117.45998640700009,39.03819804600005],[117.47118652400002,39.02210717300005],[117.51139447100002,39.00934644300003],[117.57163027100012,39.00823597700003],[117.58222763800006,38.991214297000056],[117.60317881800006,39.01728448100005],[117.6326597530001,39.027671991000034],[117.67290580800011,39.01119946400007],[117.68296906800003,38.99077117500008]]}},{"type":"Feature","properties":{"name":"海河","level":"river_l2"},"geometry":{"type":"LineString","coordinates":[[117.55824783500009,38.99902332700003],[117.5669761370001,39.00125874400004],[117.58530988900009,38.979647820000025],[117.60201884600008,38.989817963000064],[117.60780229800002,39.01052845100003],[117.63129397700004,39.02013777900004],[117.64125816800004,39.011405653000054],[117.6683737950001,39.00894494700003],[117.67042597800003,38.990446993000035],[117.6879206320001,38.98505276800006]]}},{"type":"Feature","properties":{"name":"塔里木河(叶尔羌河)","level":"river_l2"},"geometry":{"type":"LineString","coordinates":[[77.96931472800003,39.34179620000003],[77.93842234900006,39.34552312000005],[77.94570898500007,39.29894065900004],[77.84306035100008,39.25371958900007],[77.81135168100008,39.24713129100007],[77.77775870400006,39.21218378000003],[77.74530992600006,39.21039449400007],[77.74426480500006,39.191869832000066],[77.72855553000005,39.175630168000055],[77.75214649500003,39.153073375000076],[77.74695078000008,39.14514238800007],[77.71856852400003,39.15243996800007],[77.69627464600006,39.16810342600007],[77.68972845100006,39.16522703900006],[77.68347246100006,39.12458034300005],[77.66718324700008,39.120242844000074],[77.64413399600005,39.14140723700007],[77.63230809600003,39.139057269000034],[77.64287532400004,39.112357548000034],[77.60820649100003,39.088595017000046],[77.61209014400004,39.06519506600006],[77.62561756300005,39.05218666700006],[77.62235981700007,39.038270271000044],[77.55808041000006,39.015365935000034],[77.57919971300004,38.94732911500006],[77.57376004200006,38.913529983000046],[77.59201800000005,38.876885118000075],[77.56211760100007,38.86425037400005],[77.54086172400008,38.83021083800003],[77.48392209000008,38.79778098500003],[77.48413585100008,38.779923918000065],[77.46184994500004,38.75000435900006],[77.46215523200004,38.73626345900004],[77.44194447300004,38.721191101000045],[77.41859813500008,38.67982714400006],[77.34300424000008,38.62582070900004],[77.34196701800005,38.57067017400004],[77.32712761700003,38.54177301300007],[77.36857228200006,38.46527887600007],[77.35347346300006,38.43776267100003],[77.36121780200006,38.40035479900007],[77.38763932400008,38.38057519100005],[77.39433061400007,38.36515199400003],[77.34817157800006,38.34168314900006],[77.34406708000006,38.30899412800005],[77.31029861500008,38.276434675000075],[77.20609354800007,38.236638232000075],[77.09844020800006,38.15443266300008],[77.00693880400007,38.068774774000076],[76.93020797300005,38.03420472400006],[76.88921427100007,38.00112642400006],[76.85878775400005,37.94611308400005],[76.80657847900005,37.917772710000065],[76.78739019500006,37.88954693300008],[76.70876703500005,37.88119597700006],[76.67300686100003,37.901624053000035],[76.60341699900005,37.91636410800004],[76.57458453700008,37.934282078000024],[76.54526406000008,37.91442591900005],[76.51524136200004,37.934380985000075],[76.53712282000004,37.97296776700006],[76.51958984600003,37.987734766000074],[76.47824500000007,37.97991805200007],[76.45991879100006,37.96194263900003],[76.43422992000006,37.95467151400004],[76.40725919600004,37.95768126200005],[76.34580241300006,37.98491862700007],[76.31308678300007,37.96177409500007],[76.27280238200007,37.96396359700003],[76.26587485500005,37.941929293000044],[76.27792227400005,37.90861472300003],[76.27260452800004,37.89575120000006],[76.21297141700006,37.89775750000007],[76.21596242400005,37.87169100300008],[76.20214536400005,37.84822230200007],[76.15860319300003,37.84050094400004],[76.16827761500008,37.83166210400003],[76.19981083600004,37.830346149000036],[76.21243795500004,37.81695627000005],[76.20182519700006,37.81159642800003]]}},{"type":"Feature","properties":{"name":"塔里木河(叶尔羌河)","level":"river_l2"},"geometry":{"type":"LineString","coordinates":[[76.20182519700006,37.81159642800003],[76.19933814300003,37.78479364800006],[76.18457495800004,37.76818013500008],[76.18813055000004,37.74303300500003],[76.17926511900004,37.71846185100003],[76.20859374300005,37.66860258500003],[76.20830410500008,37.63014560800008],[76.23155179400004,37.59739186400003],[76.22602807200008,37.58109120800003],[76.23657229000008,37.56950953100005],[76.22640989200005,37.535546339000064],[76.23320063200003,37.484332711000036],[76.22645627800006,37.453600668000036],[76.25091698200004,37.43298561600005],[76.23148455800003,37.40466446600004],[76.22831840900005,37.385407351000026]]}},{"type":"Feature","properties":{"name":"塔里木河(叶尔羌河)","level":"river_l2"},"geometry":{"type":"LineString","coordinates":[[76.22831840900005,37.385407351000026],[76.20134009800006,37.38356467700004],[76.18398294500008,37.35319117500006],[76.18119068500005,37.32890615900004],[76.13555046000005,37.309934955000074],[76.13943400500006,37.30035983000005],[76.11820855200006,37.281613814000025],[76.12074932700006,37.26630122700004],[76.09911181100006,37.256016430000045],[76.08096079000006,37.27826806000007],[76.04455227900007,37.27606293500003],[76.01979426500003,37.26390124200003],[75.99957560200005,37.28817852000003],[75.98308031700003,37.295552445000055],[75.97388662600008,37.296139880000055],[75.96247286600004,37.27655465500004],[75.95261524300008,37.297963253000034],[75.96007688900005,37.31384047600005],[75.95454538500007,37.31812828300008],[75.92372169600003,37.323499371000025],[75.90868379400007,37.31394323100005],[75.90770727000006,37.30500515500006],[75.96611274300005,37.20243315100004],[75.97889241800004,37.19318995700007],[76.02133597900007,37.19204571800003],[76.00098052300007,37.14352902300004],[75.99876820600008,37.10665517700005],[75.98702634700004,37.09050326700003],[75.99261140500005,37.06607332800007],[75.96553405900005,37.044485259000055],[75.96418376600008,37.024327861000074],[75.92913359200008,36.986397160000024],[75.91826924200006,36.95628690900003],[75.93848781100007,36.94415594800006],[75.94438546000003,36.94994683900006],[75.97172245100006,36.939036646000034],[75.98151914500005,36.902292558000056],[76.01151128700008,36.88499640600003],[76.04705833800006,36.79198798300007],[76.09938293800008,36.694329398000036],[76.19804196100006,36.62730003900003]]}},{"type":"Feature","properties":{"name":"卫河(大沙河)","level":"river_l2"},"geometry":{"type":"LineString","coordinates":[[115.27668906800011,36.48485641900004],[115.28907216000005,36.514409589000024],[115.32572510200009,36.551187861000074],[115.3343545780001,36.59987988700004],[115.35919672700004,36.616916643000025],[115.4132072750001,36.68322898200006],[115.44568664300004,36.69734356300006],[115.47674728300001,36.758589968000024],[115.49665302500011,36.76921788900006],[115.51765732100012,36.76613923800005],[115.53028439500008,36.77441728200006],[115.5830355710001,36.779650907000075],[115.65083255200011,36.81085940600008],[115.67333228300004,36.81170235800005],[115.68456313600007,36.819682854000064],[115.68064929500008,36.838093084000036],[115.68819500100005,36.84058029200003]]}},{"type":"Feature","properties":{"name":"卫河(大沙河)","level":"river_l2"},"geometry":{"type":"LineString","coordinates":[[115.28204499300011,36.47700553900006],[115.27668906800011,36.48485641900004]]}},{"type":"Feature","properties":{"name":"卫河(大沙河)","level":"river_l2"},"geometry":{"type":"LineString","coordinates":[[114.9106780190001,36.04873155800004],[114.9232821170001,36.046312914000055],[114.92386206100002,36.05871100300004],[114.93935024000007,36.06787406900003],[114.9572492960001,36.066603652000026],[114.95766134400003,36.07303539900005],[115.00632299600011,36.072646046000045],[114.99992183800009,36.08382343400007],[115.02342872700001,36.09172376200007],[115.02030828400007,36.10052070100005],[115.03779535600006,36.10127975800003],[115.04091596400008,36.11401735100003],[115.0524137330001,36.10695228800006],[115.07830105000005,36.113338129000056],[115.09073725000007,36.10493788200006],[115.08754058500006,36.12335574000008],[115.09883244500008,36.12819284600005],[115.09392664900008,36.133941771000025],[115.12201133700012,36.14590483400008],[115.11289402700004,36.15559828000005],[115.1368817990001,36.19167088300003],[115.13438697800007,36.19958660100008],[115.1663092770001,36.200704175000055],[115.1769679570001,36.21558946000005],[115.21632152500001,36.22044168200006],[115.23857721600007,36.23557105500004],[115.25185288300008,36.25422153200003],[115.24276643400003,36.307911036000064],[115.26725750700007,36.31076056400008],[115.26746355300008,36.316723092000075],[115.30198765500006,36.331425144000036],[115.29470154300009,36.35266597200007],[115.31556102200011,36.368405719000066],[115.30523817100004,36.370049950000066],[115.30477282400011,36.377591806000055],[115.28193737900006,36.37505126800005],[115.27985464900007,36.394666966000045],[115.2918179080001,36.39836344400004],[115.28707238700008,36.41077300300003],[115.3066501830001,36.43814788800006],[115.30239307300008,36.46523678500006],[115.28431847600007,36.45899968400005],[115.28933887700009,36.473869738000076],[115.28204499300011,36.47700553900006]]}},{"type":"Feature","properties":{"name":"卫河(大沙河)","level":"river_l2"},"geometry":{"type":"LineString","coordinates":[[114.7860707640001,35.98796245200003],[114.79900298400003,35.991998444000046],[114.83684622300007,36.04130070000008],[114.87460527100006,36.055369486000075],[114.87913735300003,36.067717963000064],[114.9106780190001,36.04873155800004]]}},{"type":"Feature","properties":{"name":"卫河(大沙河)","level":"river_l2"},"geometry":{"type":"LineString","coordinates":[[114.6967584460001,35.97481710000005],[114.75898550600004,35.96911367100006],[114.7860707640001,35.98796245200003]]}},{"type":"Feature","properties":{"name":"卫河(大沙河)","level":"river_l2"},"geometry":{"type":"LineString","coordinates":[[114.54859799100007,35.83284249900004],[114.55626583900005,35.845080333000055],[114.56426925700009,35.83922839400003],[114.602714934,35.84887201500004],[114.59019479000006,35.855128345000026],[114.59830509900007,35.85958017400003],[114.62877012900003,35.85903832400004],[114.64415159500004,35.88235810700007],[114.64995039500002,35.92227612200003],[114.6626384440001,35.923115315000075],[114.67009264500007,35.93282393900006],[114.66233339200005,35.94097619900003],[114.67662370000005,35.94732776700005],[114.6782337080001,35.968873737000024],[114.6967584460001,35.97481710000005]]}},{"type":"Feature","properties":{"name":"塔里木河(叶尔羌河)","level":"river_l2"},"geometry":{"type":"LineString","coordinates":[[76.19804196100006,36.62730003900003],[76.27914478100007,36.62480935000008],[76.35293879400007,36.57071203600003],[76.42773973100003,36.54266216700006],[76.44177846600007,36.507749198000056],[76.46218019900004,36.48706545400006],[76.46245503400007,36.46280715300003],[76.49370613800005,36.43349820000003],[76.59792673500004,36.423839601000054],[76.68184505900007,36.395454064000035],[76.74209598800007,36.415188286000046],[76.76550378600007,36.39469529300004],[76.79187936800008,36.39389048900006],[76.80459025300007,36.40171851200006],[76.82712063900004,36.38189691900004],[76.84829271600006,36.397076096000035],[76.91434226800004,36.400265561000026],[76.92956322400005,36.41884751200007],[76.94937727200005,36.42782382000007],[77.09710170500006,36.45306699300005],[77.17431349700007,36.44010083100005],[77.23359551300007,36.45408614100006],[77.28694941000003,36.454311447000066],[77.31787997300006,36.43896846100006],[77.36298632100005,36.42954991800008],[77.39532824200006,36.432262380000054],[77.41687434200009,36.42216470100004],[77.43420112200005,36.433811356000035],[77.45064297800008,36.42852030100005],[77.48321397200004,36.403289362000066],[77.48318354200006,36.38978878900008],[77.49815298800007,36.36824668500003],[77.49124846500007,36.325696390000076],[77.51646433400003,36.32701260400006],[77.52492567800005,36.31166189000004],[77.51749459100006,36.28742262700007],[77.53561493100005,36.28669407700005],[77.53613384900007,36.27067573900007],[77.55902276800003,36.259403107000026],[77.58042405200007,36.22639374400006],[77.61348323300007,36.21713918200004],[77.64644337600004,36.18522471400007],[77.66969835300006,36.199103051000066],[77.70406231300007,36.171972346000075],[77.75071739900005,36.17338020400007],[77.76558001800004,36.153180906000046],[77.75838543000003,36.131474670000046],[77.71289004300007,36.13052077900005],[77.69471640800003,36.11365929100003],[77.64804613600006,36.101016851000054],[77.64676458400004,36.066012251000075],[77.61893962700003,36.027433072000065],[77.59262520700008,36.00875189100003],[77.59901886600005,36.00203405700006],[77.59383089600004,35.975803478000046],[77.55147927500008,35.918371501000024],[77.56573927500006,35.878907466000044],[77.62880590300006,35.84125566600005],[77.70480492400003,35.77200212300005],[77.71510511300005,35.73861886000003],[77.68687589800004,35.681831643000066],[77.69140803700003,35.65813794500008]]}},{"type":"Feature","properties":{"name":"塔里木河(叶尔羌河)","level":"river_l2"},"geometry":{"type":"LineString","coordinates":[[77.69140803700003,35.65813794500008],[77.68624285800007,35.64702541400004],[77.69236193300003,35.627032077000024],[77.68289369000007,35.60985399800006],[77.62874643600003,35.591992883000046],[77.58821819100007,35.55042284800004],[77.54841464900005,35.52648863200005],[77.52708988600006,35.52569506400005],[77.50468922400006,35.54455533700008],[77.48456227800006,35.54882401200007],[77.43839556600005,35.53681101600006],[77.43426787400006,35.548144766000064],[77.41720039900008,35.55294371200006]]}},{"type":"Feature","properties":{"name":"卫河(大沙河)","level":"river_l2"},"geometry":{"type":"LineString","coordinates":[[114.28062843200007,35.50246322000004],[114.33328051600006,35.522944618000054],[114.35897699100008,35.51598630400008],[114.35932040000012,35.52653040400003],[114.3758690310001,35.527686208000034],[114.39324176800005,35.543738794000035],[114.41134708600009,35.579040848000034],[114.43047461900005,35.59305250800003],[114.45461461400009,35.58055892900006],[114.46291578300008,35.60174246100007],[114.49194631500006,35.58335118000008],[114.51912312400009,35.60249370500003],[114.5202524120001,35.61716922700003],[114.49334285400005,35.62757994000003],[114.50760273300011,35.64655467600005],[114.52444129500009,35.648378068000056],[114.53465753400008,35.67462001300004],[114.51780381900005,35.68745688900003],[114.52558616900001,35.70771724300005],[114.5198716210001,35.71176477100005],[114.50989203300003,35.70384529900008],[114.50893085100006,35.72422013900007],[114.49751701900004,35.73300185900007],[114.48827775200004,35.759217195000076],[114.4963346620001,35.764824909000026],[114.49360333800007,35.77532324600003],[114.51332598800002,35.79001393600004],[114.520787917,35.81324220400006],[114.54859799100007,35.83284249900004]]}},{"type":"Feature","properties":{"name":"卫河(大沙河)","level":"river_l2"},"geometry":{"type":"LineString","coordinates":[[113.71394562600005,35.33729275200005],[113.75644262100002,35.347035550000044]]}},{"type":"Feature","properties":{"name":"卫河(大沙河)","level":"river_l2"},"geometry":{"type":"LineString","coordinates":[[113.89669746600009,35.30748306900006],[113.96303748900004,35.38868836900008],[114.04070701900002,35.40308505200005],[114.05086980200008,35.42341406400004],[114.061192602,35.41465523800008],[114.06345866900006,35.42500477500005],[114.08498182200003,35.42834262200006],[114.11688912600005,35.46736022600004],[114.1353909390001,35.46857324500007],[114.12926443100002,35.478327712000066],[114.14524847000007,35.47927370600007],[114.16556634800008,35.51121491400005],[114.19541336000009,35.50802560100004],[114.2114279970001,35.52018710100003],[114.21650159100011,35.50652247100004],[114.22732805100009,35.51264517000004],[114.23366811500011,35.492812005000076],[114.24372395700004,35.495028354000056],[114.2610888700001,35.48406835700007],[114.28062843200007,35.50246322000004]]}},{"type":"Feature","properties":{"name":"卫河(大沙河)","level":"river_l2"},"geometry":{"type":"LineString","coordinates":[[113.89669746600009,35.30748306900006],[113.83625573200004,35.312423514000045],[113.81364164900003,35.32414268000008],[113.76767322900002,35.32125509100007],[113.75609157100007,35.334255977000055],[113.75644262100002,35.347035550000044]]}},{"type":"Feature","properties":{"name":"卫河(大沙河)","level":"river_l2"},"geometry":{"type":"LineString","coordinates":[[113.71394562600005,35.33729275200005],[113.62808949500004,35.31852434000007],[113.58604251800011,35.28992499000003],[113.57240843700004,35.294670661000055],[113.48871919100009,35.28705670700003],[113.449754643,35.26813548400003],[113.37864626700002,35.20758732500008],[113.33970460400008,35.18788025200007],[113.30659968900011,35.182368018000034],[113.27685934100009,35.163256011000044],[113.25021671900004,35.15988766400005],[113.2082844460001,35.16952021900005],[113.16762613600008,35.15204099400006],[113.11996395000006,35.15044280600006],[113.07543766700007,35.169093555000075]]}},{"type":"Feature","properties":{"name":"嘉陵江","level":"river_l2"},"geometry":{"type":"LineString","coordinates":[[106.45958795000007,33.885914125000056],[106.47785330200009,33.90000213500008],[106.64494973800004,33.96414754800003],[106.66465719300004,34.00378327800007],[106.66507691200007,34.02560775500007],[106.68515810100007,34.036632473000054],[106.69205539300003,34.06589579400003],[106.71933130000008,34.07455913000007],[106.76987785100005,34.16041871600004],[106.80755300800007,34.18923561500003],[106.86110530600007,34.197483060000025],[106.90451035100006,34.23747730800005],[106.92341651500004,34.23266678900006],[106.94892234700006,34.23980039200006],[106.98919899800006,34.22034097300008],[107.00981401200005,34.172583417000055]]}},{"type":"Feature","properties":{"name":"嘉陵江","level":"river_l2"},"geometry":{"type":"LineString","coordinates":[[106.21430295100004,33.748532357000045],[106.23051588600003,33.74987893800005],[106.24107520600006,33.73321204100006],[106.26633687300006,33.73747310500005],[106.30193678600006,33.77173374000006],[106.29852639900008,33.78457055600006],[106.31312190000006,33.797212768000065],[106.33018170400004,33.79401973200004],[106.36184463800004,33.80346127800004],[106.38648074100007,33.82351562100007],[106.39716217000006,33.81587073000003],[106.41620571500005,33.82318365100008],[106.42479678000007,33.85319467000005],[106.45291195100003,33.864158331000056],[106.45958795000007,33.885914125000056]]}},{"type":"Feature","properties":{"name":"嘉陵江","level":"river_l2"},"geometry":{"type":"LineString","coordinates":[[106.06186258800005,33.57151834700005],[106.08886380600006,33.57580229700005],[106.15414295900007,33.62264025500008],[106.21659910100004,33.65516508400003],[106.19848661600008,33.711048160000075],[106.20147750600006,33.73209822700005],[106.21588984900006,33.732708556000034],[106.21430295100004,33.748532357000045]]}},{"type":"Feature","properties":{"name":"嘉陵江","level":"river_l2"},"geometry":{"type":"LineString","coordinates":[[106.06186258800005,33.57151834700005],[106.05276805400007,33.562565032000066]]}},{"type":"Feature","properties":{"name":"淮河","level":"river_l2"},"geometry":{"type":"LineString","coordinates":[[118.93248260500002,33.57868645700006],[118.94568164000009,33.55741889400008]]}},{"type":"Feature","properties":{"name":"淮河","level":"river_l2"},"geometry":{"type":"LineString","coordinates":[[118.48085641500006,33.612167605000025],[118.46729852100009,33.599781035000035],[118.45368733700002,33.60233320800006],[118.46713060200011,33.591056596000044],[118.46568847300011,33.57387857500004],[118.48023032000003,33.55222189600005],[118.47001427900011,33.55120721600008],[118.46716834100005,33.53867181000004],[118.49696924500006,33.49900920700003],[118.48731775500005,33.49292084500007],[118.49235318100011,33.47895484700007],[118.51853022500006,33.464920068000026],[118.51455507800006,33.44866524100007]]}},{"type":"Feature","properties":{"name":"淮河","level":"river_l2"},"geometry":{"type":"LineString","coordinates":[[118.51455507800006,33.44866524100007],[118.51714910900012,33.444552876000046]]}},{"type":"Feature","properties":{"name":"嘉陵江","level":"river_l2"},"geometry":{"type":"LineString","coordinates":[[106.04320767700005,33.43843522800006],[106.04970054300009,33.45569337300003],[106.02117347500007,33.47023547300006],[106.02936771900005,33.48070708200004],[106.01699254700009,33.49661865200005],[106.03057329800004,33.50704446900005],[106.05276805400007,33.562565032000066]]}},{"type":"Feature","properties":{"name":"淮河","level":"river_l2"},"geometry":{"type":"LineString","coordinates":[[118.49907454700008,33.43896429800003],[118.4797029660001,33.435080941000024]]}},{"type":"Feature","properties":{"name":"淮河","level":"river_l2"},"geometry":{"type":"LineString","coordinates":[[118.21413181000003,33.42400039700004],[118.2142460550001,33.39803307500006],[118.19762871900002,33.38893868900004]]}},{"type":"Feature","properties":{"name":"淮河","level":"river_l2"},"geometry":{"type":"LineString","coordinates":[[118.4797029660001,33.435080941000024],[118.49144479200004,33.41878788100007],[118.4893389130001,33.40461592300005],[118.46808266800008,33.38078881900003],[118.43379513500008,33.36559848600007]]}},{"type":"Feature","properties":{"name":"扎曲","level":"river_l2"},"geometry":{"type":"LineString","coordinates":[[97.59728507700004,34.20326019600003],[97.61513835700003,34.174542348000045],[97.60014609800004,34.11894160800006],[97.61250604600008,34.08498985400007],[97.61221608800008,34.05262888100003],[97.60307579400006,34.04214962400005],[97.51066582600004,34.016369250000025],[97.43539960300006,33.97989215600006],[97.35586082100008,33.971991751000076],[97.28151013900003,33.91810770700005],[97.27780975900004,33.90080757800007],[97.26152814500006,33.892590503000065],[97.23425985300008,33.85129146300005],[97.20179582800006,33.85290514400003],[97.17920451900005,33.842437338000025],[97.15565949400008,33.815409474000035],[97.17868559300007,33.71146752300007],[97.19123630400009,33.69938603400004],[97.19920922700004,33.66699453700005],[97.19183135100008,33.62561918800003],[97.21691751400004,33.60295542800003],[97.22225060400007,33.587886953000066],[97.21759650800004,33.553275247000045],[97.24797761100007,33.51478005100006],[97.25150248300008,33.50197375500005],[97.24151529400007,33.47867294400004],[97.27729817600004,33.45219818900006],[97.35035930700008,33.358559986000046],[97.38169413700007,33.35088839700006],[97.41309764300007,33.353749479000044],[97.44012175800003,33.365960646000076],[97.53312678800006,33.36500306900007],[97.53691108800007,33.37467359200008],[97.57474636400008,33.38069332600003],[97.59711639600005,33.37452858900008],[97.61780029300007,33.38041481500005],[97.65536088500005,33.36811586400006],[97.69927695700005,33.36479313900003],[97.71203369700004,33.38427151500008],[97.73451055400005,33.38936807500005],[97.77974658900007,33.42364404800003]]}},{"type":"Feature","properties":{"name":"淮河","level":"river_l2"},"geometry":{"type":"LineString","coordinates":[[118.94568164000009,33.55741889400008],[118.9723162250001,33.514445066000064],[118.89780475500004,33.410965315000055],[118.88715350000007,33.36817861800006],[118.87248923900006,33.34599565800005],[118.87921871900005,33.36825495800008],[118.85842814900002,33.37894413200007],[118.83611152300011,33.37222258400004],[118.81993689000001,33.38686386200004],[118.80960654400008,33.40334383900006],[118.80729507100011,33.440889078000055],[118.74105496400011,33.44891959000006],[118.716762302,33.446157811000035],[118.69412514500004,33.42839242900004],[118.6724342340001,33.433107636000045],[118.65888421200009,33.451533178000034],[118.66345436900008,33.45503895100006],[118.64018426200005,33.47658123400004],[118.62087353400011,33.44902706500005],[118.61915706500008,33.47344940200003],[118.64058885000009,33.50460091200006],[118.60363872300002,33.506874734000064],[118.62586386100008,33.52191635400004],[118.61528937900005,33.53999854700004],[118.62771804600004,33.546434041000055],[118.62536831000011,33.569498313000054],[118.61625097100011,33.57350771400007],[118.57344877000003,33.553930414000035],[118.59668883600011,33.59329517100008],[118.56790237000007,33.59457328600007],[118.58565655300004,33.608176753000066],[118.58541249100006,33.618984072000046],[118.51194711700009,33.62323797400006],[118.48085641500006,33.612167605000025]]}},{"type":"Feature","properties":{"name":"淮河","level":"river_l2"},"geometry":{"type":"LineString","coordinates":[[118.51714910900012,33.444552876000046],[118.53372056500007,33.44047858300007],[118.52772362600001,33.430815736000056],[118.54141103800009,33.41952004900003],[118.54571399800011,33.402364885000054],[118.5738670400001,33.37974298800003],[118.60074607600006,33.37485608700007],[118.60932163500001,33.360756552000055],[118.66323232200011,33.35394303000004],[118.60324059700008,33.32880766400007],[118.57382856400011,33.33746741300007],[118.57115074500007,33.35939106300003],[118.5392057580001,33.37755348400003],[118.53351400600002,33.36833696700006],[118.51199851800004,33.36566291200006],[118.51590476100012,33.35127729300007],[118.50241570500009,33.360722802000055],[118.4849286330001,33.356522806000044],[118.47787893600002,33.36320636800008],[118.47882518900008,33.386839028000054],[118.49589265300006,33.393583496000076],[118.49907454700008,33.43896429800003]]}},{"type":"Feature","properties":{"name":"淮河","level":"river_l2"},"geometry":{"type":"LineString","coordinates":[[118.43379513500008,33.36559848600007],[118.43226146800009,33.35034693700004],[118.41003644600005,33.35003424400003],[118.41987082500009,33.32757648300003],[118.41505648300006,33.31901610600005],[118.38496518700003,33.29824088600003],[118.37526036200006,33.301334739000026],[118.36562408900011,33.28948984700003],[118.36647085200002,33.27360884400008],[118.40213156200002,33.26937804200003],[118.42129703,33.25859732300006],[118.41879435200008,33.236399035000034],[118.36656229700009,33.25913169000006],[118.35229489900007,33.25273435300005],[118.35702534500001,33.265204898000036],[118.34978492200003,33.27372719300007],[118.32648408400007,33.26786779100007],[118.30953086600005,33.23513692700004],[118.28199566400008,33.23745265700006],[118.25539896100008,33.24754675200006],[118.25591785400002,33.25809847700003],[118.23688982700003,33.28331820000005],[118.23750796500008,33.30167881400007],[118.22639937400004,33.31537780900004],[118.23017614500009,33.33110238000006],[118.20886707500006,33.38327747000005],[118.22234108200007,33.40097805400006],[118.21413181000003,33.42400039700004]]}},{"type":"Feature","properties":{"name":"扎曲","level":"river_l2"},"geometry":{"type":"LineString","coordinates":[[97.77974658900007,33.42364404800003],[97.80648838000008,33.40762185600005],[97.80725132900005,33.39557089200002],[97.84284346600003,33.370435128000054],[97.84716944400009,33.35685061100003],[97.89953908700005,33.31273237400006],[97.89649483900007,33.28415568600008],[97.90260614800007,33.271303610000075],[97.94951298300003,33.226460564000035],[97.97800958800008,33.214901688000054]]}},{"type":"Feature","properties":{"name":"雅砻江","level":"river_l2"},"geometry":{"type":"LineString","coordinates":[[97.97800958800008,33.214901688000054],[98.02082699700009,33.21599650300004]]}},{"type":"Feature","properties":{"name":"汉江(汉水)","level":"river_l2"},"geometry":{"type":"LineString","coordinates":[[107.78762594000005,33.19521376400007],[107.83238887300007,33.196449623000035],[107.84283400900006,33.24213946500004],[107.85868842700006,33.26210227100006],[107.87474875000004,33.26022152500008],[107.93941715500006,33.21914736200006],[107.95242556600004,33.201896791000024],[107.95698034100008,33.17844337900004]]}},{"type":"Feature","properties":{"name":"汉江(汉水)","level":"river_l2"},"geometry":{"type":"LineString","coordinates":[[107.95698034100008,33.17844337900004],[107.96209214700008,33.17078705800003],[107.98578214600008,33.18376875300004],[107.99546410100004,33.17901548100008]]}},{"type":"Feature","properties":{"name":"汉江(汉水)","level":"river_l2"},"geometry":{"type":"LineString","coordinates":[[107.40091890600007,33.14993704800003],[107.45105322600006,33.18433114900006],[107.47353771100006,33.18915299100007],[107.50470478400007,33.215623804000074],[107.52623555500008,33.217443400000036],[107.53283508900006,33.19848381800006],[107.54250941300006,33.193013364000024],[107.61877504100005,33.20119588400007],[107.63406466900005,33.174515118000045],[107.67125909700007,33.191780796000046],[107.70225053500008,33.18206440400007],[107.73901001400009,33.185016949000044],[107.76077721500008,33.166454060000035],[107.78762594000005,33.19521376400007]]}},{"type":"Feature","properties":{"name":"汉江(汉水)","level":"river_l2"},"geometry":{"type":"LineString","coordinates":[[106.72229542600007,33.13723952700008],[106.72779640200008,33.14393830300003]]}},{"type":"Feature","properties":{"name":"淮河","level":"river_l2"},"geometry":{"type":"LineString","coordinates":[[117.89274808400012,33.14170333100003],[117.88303543900008,33.119436413000074]]}},{"type":"Feature","properties":{"name":"汉江(汉水)","level":"river_l2"},"geometry":{"type":"LineString","coordinates":[[106.50662911300009,33.11823859800006],[106.65826015300007,33.152422616000024],[106.68051571500007,33.14835597500007],[106.69715582900005,33.13081165700004],[106.72229542600007,33.13723952700008]]}},{"type":"Feature","properties":{"name":"沮水","level":"river_l2"},"geometry":{"type":"LineString","coordinates":[[106.50662911300009,33.11823859800006],[106.49882407200005,33.13188416500003],[106.50636984900007,33.15512773100005],[106.49701605300004,33.18309406700007],[106.47121273300007,33.190182039000035],[106.45104776200009,33.21450908400004],[106.46116469200007,33.23095466600006],[106.43231728700005,33.271940974000074],[106.43195119200004,33.304317196000056],[106.44974363200004,33.351536761000034],[106.46696371400009,33.363377858000035],[106.45836522400003,33.38455765900005],[106.47804962000004,33.38357338600008],[106.48816654200004,33.39775297600005],[106.51509145600005,33.40043852100007],[106.51793733700003,33.40943763000007],[106.55219434100007,33.420302090000064],[106.58870980800003,33.455974197000046],[106.62215808900004,33.47059623800004],[106.62891039500005,33.49535046500006],[106.67220849600005,33.50756915300008],[106.67078183400008,33.52641046100007],[106.68552232400003,33.545785796000075],[106.68775026200007,33.56833889600006],[106.71994738500007,33.607043780000026],[106.72499067100006,33.63482696500006],[106.71373708100003,33.65681932600006],[106.67970903300005,33.66330840000006]]}},{"type":"Feature","properties":{"name":"汉江(汉水)","level":"river_l2"},"geometry":{"type":"LineString","coordinates":[[106.72779640200008,33.14393830300003],[106.74571073900006,33.145941024000024],[106.78101286700007,33.12435677700006],[106.85405889700007,33.156400904000066],[106.88853704100006,33.13856279500004],[106.90766438000009,33.11417471400006],[106.92985126500008,33.10780393300007]]}},{"type":"Feature","properties":{"name":"汉江(汉水)","level":"river_l2"},"geometry":{"type":"LineString","coordinates":[[106.92985126500008,33.10780393300007],[106.98010739800009,33.078395485000044],[106.99031572900009,33.056399310000074],[107.00526972700004,33.04636633900003],[107.04648491500006,33.05321379000003],[107.05770037600007,33.036462965000055]]}},{"type":"Feature","properties":{"name":"汉江(汉水)","level":"river_l2"},"geometry":{"type":"LineString","coordinates":[[107.05770037600007,33.036462965000055],[107.06999164600006,33.027978811000025],[107.08432006400005,33.029992985000035],[107.11188598200005,33.06264760600004],[107.15597756100004,33.07618620900007],[107.17553238500005,33.10821141100007],[107.23359372600004,33.107921317000034],[107.28388816700004,33.11828980000007],[107.31320873600004,33.111716812000054],[107.33042880800008,33.121181283000055],[107.34536768500004,33.144989415000055],[107.38269934200008,33.13749322000007],[107.40091890600007,33.14993704800003]]}},{"type":"Feature","properties":{"name":"汉江(汉水)","level":"river_l2"},"geometry":{"type":"LineString","coordinates":[[107.99546410100004,33.17901548100008],[107.97110272700007,33.17282794800008],[107.96084084500006,33.160277284000074],[107.93605990100008,33.167651371000034],[107.92426450100004,33.16266164800004],[107.94974734300007,33.149252543000046],[107.93564010600005,33.129255399000044],[107.95092974300007,33.10554636200004],[107.95876532600005,33.09933202700006],[107.97582514700008,33.10192985400005],[107.98421764900007,33.08591147800007],[108.03038426400008,33.04946854000008],[108.06918842100004,33.04000771300008],[108.07937401100008,33.05384015000004],[108.11901743200008,33.04588998100007],[108.12835603000008,33.035605248000024],[108.17793329400007,33.04822827100003],[108.19748026500008,33.02767024600007],[108.22387113600007,33.03890856800007]]}},{"type":"Feature","properties":{"name":"汉江(汉水)","level":"river_l2"},"geometry":{"type":"LineString","coordinates":[[108.22387113600007,33.03890856800007],[108.19667151600004,33.02539281300005],[108.17363780300008,33.04359711600006],[108.14186042900008,33.032957734000036],[108.09219935200008,33.04590913900006],[108.05716410100007,33.02762872000005],[108.04234745500008,33.04076694100007],[108.02713401300008,33.04109506100008],[107.97699239800005,33.08382861900003],[107.97210187700006,33.09750088100003],[107.94490989600007,33.08611378300003],[107.93897409800007,33.09529221300005],[107.90435858400008,33.10213988800007],[107.88545227400004,33.07096157500007],[107.84982963500005,33.074055488000056],[107.83296046100008,33.04959884800007],[107.80753854300008,33.036628602000064],[107.80979685200003,33.02377652900003]]}},{"type":"Feature","properties":{"name":"汉江(汉水)","level":"river_l2"},"geometry":{"type":"LineString","coordinates":[[107.95698034100008,33.17844337900004],[107.95124282500007,33.16728510400003],[107.92375336700007,33.173972535000075],[107.91538364200005,33.16438215000005],[107.93981357800004,33.146475398000064],[107.93032227100008,33.13013663400005],[107.94194968500005,33.10425317200003],[107.90094053900003,33.10674054800006],[107.88657385600004,33.077709955000046],[107.84457284700005,33.07718745600005],[107.80125173800008,33.03526673700003],[107.80979685200003,33.02377652900003]]}},{"type":"Feature","properties":{"name":"汉江(汉水)","level":"river_l2"},"geometry":{"type":"LineString","coordinates":[[111.21707369200004,33.07634425700007],[111.21264845100006,33.063545619000024],[111.26094374000007,33.04029804400005],[111.27349433500007,33.01999944500005]]}},{"type":"Feature","properties":{"name":"淮河入江水道","level":"river_l2"},"geometry":{"type":"LineString","coordinates":[[118.73030964600002,33.08286322400005],[118.80229485900009,33.07800278000008],[118.8663301580001,33.08977489100005],[118.876317244,33.08249239000003],[118.88442723000003,33.04678585100004],[118.96040272500011,33.042875268000046],[118.97962939600006,33.05406014500005],[119.02407923200008,33.029069169000024],[119.07309166900006,33.017204882000044],[119.10573110100006,33.01952028300008]]}},{"type":"Feature","properties":{"name":"汉江(汉水)","level":"river_l2"},"geometry":{"type":"LineString","coordinates":[[108.27340993500007,32.97998118000004],[108.28333626200003,33.02615550100006],[108.22387113600007,33.03890856800007]]}},{"type":"Feature","properties":{"name":"淮河","level":"river_l2"},"geometry":{"type":"LineString","coordinates":[[117.20779952800001,32.96381145600003],[117.20886762200007,32.95688759300003]]}},{"type":"Feature","properties":{"name":"淮河","level":"river_l2"},"geometry":{"type":"LineString","coordinates":[[117.53406418600002,32.97924063100004],[117.51301416600006,32.985107898000024],[117.49007953600005,32.977478423000036],[117.47188301000006,32.986702696000066],[117.42226758000004,32.96646545300007],[117.37101957000004,32.96738126900004],[117.34082915700003,32.95509014700008],[117.20779952800001,32.96381145600003]]}},{"type":"Feature","properties":{"name":"淮河","level":"river_l2"},"geometry":{"type":"LineString","coordinates":[[118.19762871900002,33.38893868900004],[118.21226200300009,33.35146204700004],[118.2224317890001,33.29000943200003],[118.213825455,33.270767643000056],[118.22778757700007,33.26501866900003],[118.2282147310001,33.25144943500004],[118.21950936700011,33.25242988400004],[118.21658707200004,33.231620184000064],[118.20168636200003,33.21787555100008],[118.22087485000009,33.22412408500003],[118.27816518100008,33.181756645000064],[118.29705606900006,33.18203120900006],[118.31001864600012,33.16757305900006],[118.34196368100004,33.15544564900006],[118.35092086200007,33.15972961700004],[118.35944304700001,33.14978439600003],[118.37950890500008,33.151844278000056],[118.3886719080001,33.13291139300003],[118.41574176300003,33.13839692500005],[118.42860522700005,33.133349879000036],[118.43967583500012,33.14146007700003],[118.43975226500004,33.158920401000046],[118.49605110300001,33.16357796300008],[118.49847718800004,33.14694925200007],[118.4783346590001,33.09574334500007],[118.4388206210001,33.049584519000064],[118.4303212850001,33.054253876000075],[118.41525278100005,33.047890876000054],[118.39257006800005,33.05856479900007],[118.39997824800002,33.03762915500005],[118.3940423900001,33.03347105800003],[118.37476249600002,33.04655210000004],[118.3694064120001,33.03249460300003],[118.35803832400006,33.03426854400004],[118.35867143000007,33.01425611700006],[118.35162168800002,33.01519078000007],[118.35983105500009,33.004566527000065],[118.38278864200004,33.02145832400004],[118.40151924800011,33.01391255600004],[118.40997271800006,32.99753177300005],[118.43362457700005,33.01163113400003],[118.40240392300007,32.96655184900004],[118.37841639100009,32.95636265600007],[118.32149960600009,32.95810632300004],[118.31889797500003,32.96623948400003],[118.25487048800005,32.979225394000025],[118.24315914200008,32.99064695800007],[118.24393769400001,33.034959634000074],[118.21793648300002,33.09579815200004],[118.21689954900012,33.18726935500007],[118.19543772300005,33.21810447200005],[118.13884909000001,33.23121241700005],[118.1177456160001,33.23052586700004],[118.09027123800001,33.205001208000056],[118.07214299100008,33.16240146800004],[118.10633161700002,33.21481659400007],[118.1367738140001,33.22783633300003],[118.16539237900008,33.22000058700007],[118.1466691920001,33.199942486000054],[118.14643251000007,33.178121849000036],[118.03571147000002,33.13738422400007],[118.01951382100003,33.13583550200008],[117.99673195900004,33.15172043800004],[117.98231965900004,33.153322729000024],[117.95602033400007,33.14014274500005],[117.90806079300012,33.15565014800006],[117.89274808400012,33.14170333100003]]}},{"type":"Feature","properties":{"name":"汉江(汉水)","level":"river_l2"},"geometry":{"type":"LineString","coordinates":[[111.21707369200004,33.07634425700007],[111.38514587900005,32.99675925500003],[111.39318754600004,33.00805103300007],[111.40033640200005,32.99225010300006],[111.42623121100007,32.97795976300006],[111.43158724400007,32.98698555900006],[111.46104497600004,32.95387679700008],[111.48693998800007,32.97719275400004],[111.47891374400007,32.996003564000034],[111.45927516900008,33.002031024000075],[111.45480432600004,33.021593335000034],[111.48606280900009,33.01857189300006],[111.44676298600007,33.07049910200004],[111.45660525300008,33.08404160400005],[111.45660535100006,33.10209705200003],[111.46822524300006,33.10209319200004],[111.47627456500004,33.11789406300005]]}},{"type":"Feature","properties":{"name":"淮河","level":"river_l2"},"geometry":{"type":"LineString","coordinates":[[117.17169593900007,32.91846514400004],[117.17383993700003,32.92975693300008],[117.20886762200007,32.95688759300003]]}},{"type":"Feature","properties":{"name":"淮河","level":"river_l2"},"geometry":{"type":"LineString","coordinates":[[117.20886762200007,32.95688759300003],[117.34824508600002,32.949386987000025],[117.38974258700011,32.964813814000024],[117.42595265200009,32.963150375000055],[117.47300451500007,32.98047312700004],[117.49511504500003,32.97389248700006],[117.51698916400005,32.98201407700003],[117.59717580900008,32.92187338400004],[117.62129299200001,32.92486024500005],[117.63103593000005,32.91677282400008]]}},{"type":"Feature","properties":{"name":"淮河","level":"river_l2"},"geometry":{"type":"LineString","coordinates":[[117.88303543900008,33.119436413000074],[117.89875971800006,33.075997237000024],[117.89235837400008,33.061031822000075],[117.87285701000008,33.04624577200008],[117.82041868200008,33.03314222000006],[117.79809448800006,33.034736922000036],[117.7683010400001,33.05285736400003],[117.75911497200002,33.04876795000007],[117.73186935600006,33.005473961000064],[117.71685435200004,33.01166164000006],[117.69773452700008,33.00487140100006],[117.66510976400002,32.923135728000034],[117.65248271600001,32.91454487100003],[117.62307834600006,32.928713180000045],[117.60202827300009,32.927248408000025],[117.53406418600002,32.97924063100004]]}},{"type":"Feature","properties":{"name":"嘉陵江","level":"river_l2"},"geometry":{"type":"LineString","coordinates":[[106.04320767700005,33.43843522800006],[106.05913824000004,33.42023476700007],[106.04885338500009,33.38418873300003],[106.06946097200006,33.38476471300004],[106.08245406200007,33.34776491700006],[106.12355475900006,33.34062731400007],[106.14930463900004,33.323826858000075],[106.13797449300006,33.278766451000024],[106.04837963800009,33.19524542200003],[106.07325212500007,33.18223688200004],[106.05420852900005,33.15981734200005],[106.06099113900007,33.12889454200007],[106.04745616700006,33.11847253900004],[106.06775848900008,33.09797174100004],[106.06849851400005,33.08516926400006],[106.08454357900007,33.08277352600004],[106.09592689500005,33.065358926000044],[106.07843966200005,33.02185115800006],[106.05950290400006,33.00545519000008],[106.06555312700004,32.98959704300006],[106.05632120000007,32.96332834300006],[105.99375833600004,32.95105247500004],[105.91307503300004,32.90801409100004]]}},{"type":"Feature","properties":{"name":"淮河","level":"river_l2"},"geometry":{"type":"LineString","coordinates":[[117.17897448400004,32.905601610000076],[117.17169593900007,32.91846514400004]]}},{"type":"Feature","properties":{"name":"淮河入江水道","level":"river_l2"},"geometry":{"type":"LineString","coordinates":[[119.10573110100006,33.01952028300008],[119.14280302300006,32.982581406000065],[119.15932062000002,32.92097235400007],[119.15778668000007,32.87055219900003]]}},{"type":"Feature","properties":{"name":"雅砻江","level":"river_l2"},"geometry":{"type":"LineString","coordinates":[[98.02082699700009,33.21599650300004],[98.03713911900007,33.217327856000054],[98.10742311100006,33.18648893200003],[98.14940125400005,33.180766693000066],[98.17066497900004,33.16697997700004],[98.18978475500006,33.13063251800003],[98.22362209200008,33.12120992600006],[98.26135049200008,33.07710695500003],[98.31109556700005,33.05843345200003],[98.32335634300006,33.04397915200008],[98.32569861100006,33.02437869200003],[98.35020490300008,32.99546627800004],[98.34632140600007,32.977448966000054],[98.35838379900008,32.95245436500005],[98.35781153800008,32.920093390000034],[98.38939811100005,32.89033026900006],[98.42047352600008,32.88239163600008],[98.45532561400006,32.885687596000025],[98.52802056300004,32.862852119000024],[98.54116637600004,32.85137336400004]]}},{"type":"Feature","properties":{"name":"淮河","level":"river_l2"},"geometry":{"type":"LineString","coordinates":[[117.63103593000005,32.91677282400008],[117.65233772800002,32.91110392500008],[117.66958068100007,32.91932853800006],[117.70302944200012,33.001270205000026],[117.73852996900007,33.001830795000046],[117.75875632000009,33.04050891600008],[117.77049069000009,33.04681852900006],[117.78244626000003,33.04531162200004],[117.80479320800009,33.025577559000055],[117.87591644200006,33.04132848200004],[117.89531097300005,33.05359295200003],[117.90334509900003,33.074936699000034],[117.89076411400004,33.10495921800003],[117.89190111300002,33.13019027900003],[117.9135998480001,33.15111432500004],[117.95505135000008,33.13672469200003],[117.98254849500006,33.14642557500002],[118.01872793300004,33.130574902000035],[118.14904176700009,33.169538543000044],[118.21448075800004,33.15978375700007],[118.21086393600001,33.10775376300006],[118.23117334500012,33.03079775900005],[118.23103582100009,33.00530347200004],[118.25722034500006,32.97133256700005],[118.30135751700004,32.96454199300007],[118.25304686000004,32.95861024200008],[118.23104328500006,32.98324631700007],[118.21081755400007,33.02757436400003],[118.16930503700007,33.04435206200003],[118.15643390000002,33.043631134000066],[118.14664504500001,33.032926866000025],[118.10774179100008,33.041785031000074],[118.09911251400001,33.01495942500003],[118.08678320700005,33.031439413000044],[118.07667390100005,33.01959070800007],[118.07001333200003,33.02899803200006],[118.07008951000012,33.013143736000075],[118.08434160800005,33.01429191400007],[118.08585207400006,32.98828262100005],[118.06741894200002,32.98520417800006],[118.07561308700008,32.97942471700003],[118.06345902500004,32.964428815000076],[118.05946117500002,32.97236742800004],[118.04802423400008,32.94907433900005],[118.0203899490001,32.96512333600003],[118.04475868200007,32.93769481700008],[118.02029052900002,32.933426189000045],[118.02270901700001,32.92071145800003],[118.00837302000002,32.92301185600007],[118.0134084880001,32.91411953800008],[117.98383605800007,32.899440355000024],[117.98827640800005,32.88919378700007],[117.97481771200012,32.87771131900007],[117.97902920500007,32.87156947300008],[117.96975902200006,32.841539440000076],[117.98182151600008,32.855169646000036],[117.99027502400008,32.84341621200008]]}},{"type":"Feature","properties":{"name":"雅砻江","level":"river_l2"},"geometry":{"type":"LineString","coordinates":[[98.54116637600004,32.85137336400004],[98.55805834100005,32.84887083800004],[98.57823102300006,32.83201702000002],[98.59162862900007,32.833325485000046],[98.60444640400004,32.84969860800004],[98.60756694500009,32.871484947000056]]}},{"type":"Feature","properties":{"name":"汉江(汉水)","level":"river_l2"},"geometry":{"type":"LineString","coordinates":[[109.38354029200008,32.827610597000046],[109.39854013200005,32.833882079000034],[109.39702959500005,32.860196580000036],[109.40671159400006,32.86562500900004],[109.43893140500006,32.860135401000036],[109.46811471100006,32.87114481700007],[109.50824645200004,32.87103405100004],[109.53347007700006,32.900022636000074],[109.55009486900008,32.87394460200005],[109.56757432200004,32.877889046000064],[109.57891966700004,32.90222743600003],[109.59569721400004,32.91000575700008],[109.63076283600009,32.89773723700006],[109.68747380400004,32.91586878900006],[109.70132164700004,32.93713625500004]]}},{"type":"Feature","properties":{"name":"淮河","level":"river_l2"},"geometry":{"type":"LineString","coordinates":[[117.99027502400008,32.84341621200008],[118.00795262000008,32.81873438300005],[118.00950917800003,32.83499304000003],[117.99680591600008,32.83746509500003],[117.99418906800008,32.851560783000025],[118.00908220300005,32.87313719700006],[118.02270866600009,32.87339271600007],[118.00786162400004,32.89430932600004],[118.05055688300001,32.89822689700003],[118.06178783400003,32.92290094400005],[118.07016511900008,32.92102020500005],[118.0687995510001,32.938526316000036],[118.11913975100003,32.953655533000074],[118.1171408670001,32.96313912900007],[118.12771552400011,32.96761764400003],[118.11938436900004,33.01659205100003],[118.12636547500006,33.01980788700007],[118.13434600200003,33.01541319900008],[118.14596594700004,33.02445039100007],[118.17165468000007,33.00797796100005],[118.18023782400007,32.987473383000065],[118.17059399900006,32.98572625700007],[118.19075122200002,32.962314742000046],[118.22775475500009,32.96015155500004],[118.23326324900006,32.950088091000055],[118.21372373700001,32.93512274700004],[118.20409517200005,32.93337943700004],[118.20527781600003,32.94092128400007],[118.19673261000003,32.933394735000036],[118.18462450600009,32.94253123800007],[118.17110479200005,32.93356272200003],[118.19953259900001,32.92365554400004],[118.18255664700007,32.910666251000066],[118.17031119100011,32.917048471000044],[118.16962437600012,32.89685294000003],[118.15842416500004,32.90204875300003],[118.15210676600009,32.88962399300004],[118.18146548800007,32.893701855000074],[118.14616318900005,32.87351032200007],[118.15553222300002,32.858499047000066],[118.17655181300006,32.86492305300004],[118.1751554220001,32.841534541000044],[118.18707301200004,32.86273330400007],[118.19613698500007,32.86426680400007],[118.18866771700004,32.87876307200003],[118.20028757900002,32.87676405700006],[118.20678824400011,32.909857385000066],[118.22416845800001,32.90858315000003],[118.21524175700006,32.899004243000036],[118.21904879600004,32.88164689700005],[118.22789151800009,32.88410739400007],[118.22699871800012,32.865758226000025],[118.25900494100006,32.873864499000035],[118.24555402900012,32.883050601000036],[118.2537177800001,32.894029543000045],[118.23581871500005,32.89004317600006],[118.24331867400008,32.898748502000046],[118.23565855300001,32.89808858300006],[118.23973288400009,32.914949963000026],[118.2476295140001,32.914453998000056],[118.23372847200005,32.925722982000025],[118.25279491800006,32.936564532000034],[118.25907403500003,32.93106737700003],[118.25471741000001,32.914442515000076],[118.27328789800004,32.920702498000026],[118.2872881400001,32.91149350400008],[118.27450877800004,32.93995958600004],[118.30038077800009,32.944590611000024],[118.30294442400009,32.95805683000003],[118.35542064700007,32.93809753200003],[118.39170705600009,32.94394923600004],[118.39804734400002,32.95613366300006],[118.41307002200006,32.956297619000054],[118.4224774600001,32.97526473700003],[118.42414063300009,32.96486559300007],[118.43716438600006,32.968771874000026],[118.43498224000007,32.95805230700006],[118.4533925180001,32.965895430000046],[118.45545261300003,32.979609614000026],[118.44012474300007,32.97854536800003],[118.47869257500008,33.00704169100004],[118.46210563700004,32.98166956800003],[118.47531244600009,32.97844217900007],[118.49093060500002,33.027511824000044],[118.51967155000011,33.060482956000044],[118.5321535170001,33.053372108000076],[118.53319101400007,33.036560294000026],[118.54435315100011,33.04121047000007],[118.53852420500004,33.049923497000066],[118.54416250200006,33.05316604400008],[118.53202383500002,33.056130207000024],[118.52902552500007,33.07209514700003],[118.53968423300012,33.093076471000074],[118.550876732,33.07727933700005],[118.56116920500006,33.09643337500006],[118.54706209400001,33.09832559100005],[118.55658394500006,33.11314602400006],[118.5517239400001,33.11952439000004],[118.5352516700001,33.12356816400006],[118.55031265900004,33.14485083300008],[118.56303884900001,33.14760504700007],[118.59366441400005,33.19450780400007],[118.61487459600005,33.18155264000006],[118.60117942600004,33.17608229600006],[118.60253737400001,33.160407289000034],[118.61972689200002,33.164828545000034],[118.6441722940001,33.18713734200003],[118.66089637800007,33.18789258100003],[118.6718675080001,33.157843369000034],[118.66155985500006,33.149263947000065],[118.66314664700008,33.127836226000056],[118.64916151000011,33.11686876300007],[118.65744722600004,33.11334384500003],[118.65528781800003,33.08309252000004],[118.67103513600011,33.060905578000074],[118.68303648200003,33.05953218600007],[118.68885044900003,33.08735728000005],[118.71002240600001,33.064502719000075],[118.72373279900012,33.06536478800007],[118.73030964600002,33.08286322400005]]}},{"type":"Feature","properties":{"name":"汉江(汉水)","level":"river_l2"},"geometry":{"type":"LineString","coordinates":[[109.70132164700004,32.93713625500004],[109.72184529600008,32.93742610900006],[109.73925595000009,32.91434269000007],[109.77340601400005,32.90126925000004],[109.79163305100008,32.88119952000005],[109.84573468400004,32.897713604000046],[109.86237494300008,32.91448341000006],[109.88274594300009,32.90351578700006],[109.90987682400004,32.90229495600005],[109.93423045800006,32.886795335000045],[110.01647757600006,32.87498442400005],[110.04176200200004,32.85571196200004],[110.10367614700004,32.83082017000004],[110.12266614900005,32.81221532100005]]}},{"type":"Feature","properties":{"name":"汉江(汉水)","level":"river_l2"},"geometry":{"type":"LineString","coordinates":[[110.64505763300008,32.78885923300004],[110.63528415000007,32.79727471800004]]}},{"type":"Feature","properties":{"name":"汉江(汉水)","level":"river_l2"},"geometry":{"type":"LineString","coordinates":[[110.12266614900005,32.81221532100005],[110.22787842000008,32.80803011100005],[110.26914686500004,32.78736518900007],[110.30729496200007,32.79900782400006],[110.31330718000004,32.816368959000044],[110.39566138200007,32.859231761000046],[110.40741091000007,32.845788362000064],[110.39700400600009,32.82237315500004],[110.46457950500007,32.83496556700004],[110.48228010900004,32.818283380000025],[110.51389715200008,32.80825797000006],[110.54668166500005,32.82580593300003],[110.56721291800005,32.82180794800007],[110.58984999600005,32.828258693000066],[110.59482447800008,32.82389072800004],[110.58697351900008,32.80577808500004],[110.61628652200005,32.81575749500007],[110.61645428500009,32.79845356000004],[110.63528415000007,32.79727471800004]]}},{"type":"Feature","properties":{"name":"汉江(汉水)","level":"river_l2"},"geometry":{"type":"LineString","coordinates":[[108.30375203200003,32.784304674000055],[108.27968834900008,32.80852492200006],[108.28453332000004,32.847035325000036],[108.25563240200006,32.85682419500006],[108.24549258300004,32.84150398500003],[108.23049275200009,32.83734589900007],[108.22310731800007,32.84392645400004],[108.24328788600008,32.90091189100008],[108.22464884300007,32.922251946000074],[108.23448351400003,32.94584646100003],[108.27340993500007,32.97998118000004]]}},{"type":"Feature","properties":{"name":"淮河","level":"river_l2"},"geometry":{"type":"LineString","coordinates":[[117.09234708700001,32.77538012400004],[117.11709799500011,32.844126464000055],[117.13804898100011,32.85899643800008],[117.16515692100006,32.85533790900007],[117.19453855400002,32.861948804000065],[117.19976494700006,32.87835240600003],[117.17897448400004,32.905601610000076]]}},{"type":"Feature","properties":{"name":"汉江(汉水)","level":"river_l2"},"geometry":{"type":"LineString","coordinates":[[109.34250796900005,32.766711255000075],[109.34803189100006,32.78486968900006],[109.38354029200008,32.827610597000046]]}},{"type":"Feature","properties":{"name":"雅砻江","level":"river_l2"},"geometry":{"type":"LineString","coordinates":[[98.60756694500009,32.871484947000056],[98.64338799900008,32.87847744800007],[98.67440237400007,32.868970930000046],[98.75516940600005,32.811241437000035],[98.77422057600006,32.82598944800003],[98.79710940500007,32.81357224200008],[98.81758729100005,32.81248118900004],[98.82263807900006,32.79959859400003],[98.81438282100004,32.78919944800003],[98.83382307100004,32.78210008100007],[98.86217466000005,32.73720744900004],[98.87666331400004,32.74749977400006],[98.89621038500007,32.74566102000006],[98.90355008700004,32.754564763000076],[98.92139575900006,32.75576259400003]]}},{"type":"Feature","properties":{"name":"汉江(汉水)","level":"river_l2"},"geometry":{"type":"LineString","coordinates":[[109.34250796900005,32.766711255000075],[109.28391248900004,32.74838514800007],[109.14043786800005,32.78489708600006],[109.12542277600005,32.78009430100008],[109.11078146800008,32.76100508600007],[109.10009223500003,32.728438166000046],[109.06141003600004,32.71038284100007]]}},{"type":"Feature","properties":{"name":"汉江(汉水)","level":"river_l2"},"geometry":{"type":"LineString","coordinates":[[110.64505763300008,32.78885923300004],[110.69674820900008,32.786173424000026],[110.70370648000005,32.799723570000026],[110.68381614600008,32.80982523400007],[110.68235895300006,32.821933415000046],[110.71531126500008,32.82929585900007],[110.73569767000004,32.84760301100005],[110.77938473000006,32.83364831000006],[110.78070461000004,32.82566011400007],[110.75757164300006,32.82608364200007],[110.73642226800007,32.80593394400006],[110.75207042600005,32.77370263900008],[110.74978161100006,32.78675307900005],[110.76102005400008,32.792719386000044],[110.84706688600005,32.816515792000075],[110.87850083600006,32.810518810000076],[110.85655039500006,32.79861671400005],[110.86181480700009,32.79529018900007],[110.85086623600006,32.77903536500003],[110.86371453000004,32.785940106000055],[110.86930710400009,32.799795440000025],[110.91496272500007,32.809881603000065],[110.94948659700009,32.79064725200004],[110.97915055600004,32.79970347700004],[110.98443022300006,32.79568647200006],[110.97730412700008,32.78753427100003],[110.93990377200004,32.783357204000026],[110.94627440900007,32.767102316000035],[110.97323734000008,32.747833660000026],[110.95667346000005,32.74727676100002],[110.93667613800005,32.72374714700004],[110.92158479000005,32.72637560000004],[110.93815626000008,32.71942878800007],[110.93823243900005,32.69698631700004],[110.92448384500005,32.68876928900005],[110.92541461800005,32.68125031400007]]}},{"type":"Feature","properties":{"name":"淮河","level":"river_l2"},"geometry":{"type":"LineString","coordinates":[[116.68981647600003,32.692219555000065],[116.69970452200005,32.704411599000025],[116.73067299900003,32.69479815500006],[116.73099357500007,32.713849253000035],[116.7549582050001,32.72226457800008],[116.79511273900005,32.71541681600007],[116.8983866750001,32.66973409800005],[116.96890714300002,32.68165498700006],[117.01585199500005,32.67159131500006],[117.04794988800006,32.69585326500004],[117.07683556300003,32.69768040800005],[117.08791382900006,32.71026536900007],[117.09049272300001,32.722838928000044],[117.07713339800011,32.737400078000064],[117.09234708700001,32.77538012400004]]}},{"type":"Feature","properties":{"name":"汉江(汉水)","level":"river_l2"},"geometry":{"type":"LineString","coordinates":[[108.99227795900003,32.668378294000036],[109.01099352800009,32.69885467800003],[109.06141003600004,32.71038284100007]]}},{"type":"Feature","properties":{"name":"汉江(汉水)","level":"river_l2"},"geometry":{"type":"LineString","coordinates":[[111.51306199000004,32.64900159300004],[111.50102250500004,32.655170171000066],[111.49480449300006,32.67699466600004],[111.46011267400007,32.677010058000064],[111.47612726200003,32.68527666800003],[111.45298671800003,32.69506553400004],[111.50547831600005,32.67773851100003],[111.50460095200009,32.685261300000036],[111.46723889100008,32.70785268900005],[111.47612740700004,32.712361749000024],[111.46279103600006,32.746221965000075],[111.48415386100004,32.73267171300006],[111.49659760400004,32.705582771000024],[111.50106098000003,32.71611160200007],[111.51614467800005,32.70989723400004],[111.50819469400005,32.722123699000065],[111.51442046100004,32.72362670600006],[111.51532087500004,32.74619506000005],[111.47615820400006,32.76427736200003],[111.53225868600003,32.76198063700008],[111.52425531500006,32.77778538500007],[111.50644783400008,32.781562105000035],[111.51802959200006,32.78456430800003],[111.53138136300004,32.77703002700002],[111.54209346000005,32.80109374400007],[111.54031579000008,32.80636199000003],[111.52605603200004,32.80186058100003],[111.53499040600008,32.821415211000044],[111.51984566200008,32.825943437000035],[111.53290004700006,32.84974010900004],[111.55196648000003,32.85826611300007],[111.52612509300008,32.87484151900003],[111.53148112100007,32.88311198500003],[111.51989942400007,32.89139777500003],[111.53327412800007,32.89213779500005],[111.51989947300007,32.90042740700005],[111.50206138700008,32.88840322600004],[111.49761343300008,32.90796553800004],[111.46996375400005,32.91098696600005],[111.48333851600006,32.92226727800005],[111.46193755100006,32.93732437600005],[111.43427262900008,32.94334805200003],[111.40662288100009,32.93356701100004],[111.41285633500007,32.94560649500005],[111.40303706400005,32.95162247300004],[111.38429870800007,32.944095944000026],[111.38696916000004,32.96064835100003],[111.35482566300004,32.96740448500003],[111.33337895500006,32.98920996500004],[111.31194738100004,32.98768794100005],[111.29583379200005,33.01400249400007],[111.27349433500007,33.01999944500005]]}},{"type":"Feature","properties":{"name":"淮河","level":"river_l2"},"geometry":{"type":"LineString","coordinates":[[116.73764594600004,32.62185918900008],[116.74195678100011,32.63783935500004],[116.7229745300001,32.66557302800004],[116.6942110110001,32.67582734700005],[116.68981647600003,32.692219555000065]]}},{"type":"Feature","properties":{"name":"嘉陵江","level":"river_l2"},"geometry":{"type":"LineString","coordinates":[[105.91307503300004,32.90801409100004],[105.89156711400005,32.896127224000054],[105.91693540800009,32.85077679400007],[105.92722761700009,32.81306363600004],[105.90989298900007,32.771795154000074],[105.92209264800005,32.746865393000064],[105.91668322900006,32.740128466000044],[105.89267284200008,32.74030782400007],[105.88346378700004,32.70875943600004],[105.89757090000006,32.69811991700004],[105.90009624700008,32.683047628000054],[105.88302111000007,32.66435514300008],[105.88281503400003,32.64328217800005],[105.86118497400008,32.611821562000046]]}},{"type":"Feature","properties":{"name":"汉江(汉水)","level":"river_l2"},"geometry":{"type":"LineString","coordinates":[[108.84711663800005,32.58334303700008],[108.84217272600006,32.59979629000003],[108.88478410100004,32.60220329100002],[108.89902871500004,32.63185187900007],[108.94833132600007,32.649426506000054],[108.97586659000007,32.65073870800006],[108.99227795900003,32.668378294000036]]}},{"type":"Feature","properties":{"name":"汉江(汉水)","level":"river_l2"},"geometry":{"type":"LineString","coordinates":[[110.63528415000007,32.79727471800004],[110.69378796700005,32.79515729000008],[110.69717553600009,32.799582446000045],[110.67872718600006,32.80742192800005],[110.67231838500004,32.82102171500003],[110.75236844400007,32.86330466800007],[110.76031843600003,32.85202427400003],[110.80778973400004,32.82920777800007],[110.80545500800008,32.81633283600007],[110.81231401400004,32.81418889300005],[110.82553624700006,32.838038975000075],[110.83547001100004,32.841010668000024],[110.87466324800005,32.830596118000074],[110.88181232500006,32.85639177100006],[110.88971649600006,32.83683326000005],[110.88793104700005,32.813688874000036],[110.92404198700007,32.81556180700005],[110.94601516500006,32.79813571700004],[110.95461374900009,32.80151178400007],[110.96640926900005,32.829626817000076],[110.96723315000008,32.80748571400005],[110.98669630000006,32.81176203200005],[110.99320446200005,32.832270374000075],[111.00736503500008,32.83654289700007],[111.00243618600007,32.81298652400005],[111.02030474000009,32.81584755800003],[111.02270050000004,32.82780313200004],[111.02704932300009,32.81781215400002],[111.03258845200008,32.82433162700005],[111.03356495800006,32.80831709200004],[111.05617147400005,32.806688088000044],[111.06452590900005,32.80959112000005],[111.07066785800004,32.83148042000005],[111.07066002900007,32.793675750000034],[111.00779976200005,32.80575745800007],[110.97772372600008,32.781815884000025],[110.95465941900005,32.780900418000044],[110.95102769300007,32.77441908600008],[110.98739025500004,32.74673494500007],[111.03146648300009,32.744838825000045],[111.03969102600007,32.711791180000034],[111.06753911500005,32.71644131700003],[111.07410830400005,32.73511473900004],[111.08231774900008,32.73274953300006],[111.07951775400005,32.74620815800006],[111.08871138500007,32.73767823000003],[111.11854315700003,32.739604593000024],[111.13917356200005,32.72991110800007],[111.16012448300006,32.73390131000008],[111.15539406500005,32.72218989100003],[111.14123352300004,32.723532754000075],[111.14050100900005,32.71000929000007],[111.17462825800004,32.71360651900005],[111.18332612300009,32.73506092200006],[111.18774353500004,32.710405852000065],[111.17653549000005,32.68134856100005],[111.18540099700004,32.663186264000046],[111.20072890600005,32.66872911100006],[111.18987971800004,32.690061514000035],[111.20413936600005,32.67359678300005],[111.20783211800006,32.67801430800006],[111.20915961800006,32.66819119200005],[111.22386954600006,32.67715591700005],[111.22742487900007,32.665078247000054],[111.25093160300008,32.64740037400003],[111.26426057900005,32.657475211000076],[111.25804238500007,32.64523354100004],[111.28190785800007,32.65755144000008],[111.27639160900009,32.649212308000074],[111.28844636400004,32.644836686000076],[111.24906991000006,32.63431561600004],[111.24690304400008,32.623283222000055],[111.28683639200005,32.62122308000005],[111.28349470400008,32.63628010800005],[111.29078855600005,32.62655997000007],[111.29899805800005,32.63516994300005],[111.29867750300008,32.61409698800003],[111.31469198300005,32.602004011000076],[111.31469210500006,32.625133144000074],[111.32768520900004,32.60336584600003],[111.33826753300008,32.61476442800006],[111.34060978400004,32.60747433600005],[111.34707970000005,32.609416045000046],[111.35459494100007,32.624423440000044],[111.36041630200003,32.61902547600005],[111.37042641400006,32.63201101800007],[111.36610798900006,32.619117010000025],[111.38272525500008,32.61618336500004],[111.35825705800005,32.60662356900008],[111.36951826300009,32.58894574200008],[111.39201034700005,32.59000235700006],[111.40369120300005,32.57668103000003],[111.40522484000007,32.59296259100006],[111.41922512500008,32.584943828000064],[111.42175057100008,32.59368352600006],[111.44625684300007,32.58949478200003],[111.44856101600004,32.595484009000074],[111.41828690800008,32.627291928000034],[111.44895016300006,32.602587165000045],[111.46237067600003,32.609209607000025],[111.46434665800007,32.593210328000055],[111.47018333800008,32.59902787600004],[111.47267051300008,32.58464225500006],[111.48522119500007,32.580941851000034],[111.48922681700009,32.59588822300003],[111.48071220700007,32.60148075200004],[111.49352992800004,32.59824193800006],[111.49332398100006,32.60808793800004],[111.50637822700008,32.60622626500003],[111.50746169900009,32.61906687800007],[111.48738833900006,32.64394708100008],[111.50600453600003,32.63621822500005],[111.51306199000004,32.64900159300004]]}},{"type":"Feature","properties":{"name":"淮河","level":"river_l2"},"geometry":{"type":"LineString","coordinates":[[115.92011872800003,32.57126750900005],[115.93239477500003,32.57430021500005],[115.96271502800005,32.60737818400003],[115.99225682500003,32.60510060800004]]}},{"type":"Feature","properties":{"name":"汉江(汉水)","level":"river_l2"},"geometry":{"type":"LineString","coordinates":[[111.47627456500004,33.11789406300005],[111.47715951300006,33.10209315800006],[111.46106862600004,33.09382273400007],[111.46196111000006,33.06071789600003],[111.49947567800007,33.02232560400006],[111.48159178900005,33.00578470100004],[111.51460486100007,32.96212800200004],[111.52889517100004,32.972649165000064],[111.52441648200005,32.95233537300004],[111.53957649000006,32.94856247700005],[111.50299252200006,32.94783780600005],[111.50742511100009,32.90871320100007],[111.52972646300009,32.91095240200008],[111.56180116900003,32.88157831800004],[111.53594445400006,32.885366515000044],[111.53593674200005,32.87031712900006],[111.55374417800004,32.85826229200006],[111.53233539700005,32.83872296900006],[111.55281318300007,32.824405945000024],[111.56084721100007,32.83417943200004],[111.56350224500005,32.82138839700008],[111.58845107000008,32.82361232900007],[111.59026697300004,32.83414498500008],[111.59737772600005,32.82661072800005],[111.61166807200004,32.84389171600003],[111.61700874800005,32.834858249000035],[111.63304619600007,32.83783754600006],[111.60896712200008,32.83110451700003],[111.60538116600009,32.82358937500004],[111.62675162000005,32.81001241900003],[111.64281201000006,32.82277286300007],[111.64098841600008,32.80095984400003],[111.65793381200007,32.808452045000024],[111.64809916400009,32.792670256000065],[111.66324394400004,32.79489804000008],[111.64297199700007,32.77942910500008],[111.67568010800005,32.777571171000034],[111.63824159000006,32.77011719700005],[111.63556357400006,32.76560811300004],[111.66673815700005,32.76780531700007],[111.63997338000007,32.746038172000056],[111.67472629700006,32.757257364000054],[111.67113269500004,32.746732345000055],[111.68627746700008,32.74745328400007],[111.67289509300008,32.73920573800007],[111.67821288400006,32.730916157000024],[111.64884654700006,32.733987185000046],[111.65417197500005,32.727204450000045],[111.62745304600008,32.71822451400004],[111.62118141200006,32.70017671900007],[111.63187815200007,32.70617735900004],[111.63861506000006,32.69974939400004],[111.63899659100008,32.709175764000065],[111.66126745600008,32.71741183100005],[111.65677351600004,32.69860869900003],[111.66656230000007,32.69858958700007],[111.65852824800004,32.68431082200004],[111.66830941900008,32.687301587000036],[111.67362720500006,32.67826430500003],[111.68165358300007,32.68426495500006],[111.68693318100009,32.66770488800006],[111.70431341300008,32.665911864000066],[111.70648016900009,32.65637485600007],[111.69668373100006,32.651884874000075],[111.63000103800005,32.663299014000074],[111.61309379900007,32.65730602800005],[111.60509037500009,32.66333725800007],[111.58996080500009,32.65207602600003],[111.56239506800006,32.65737489000003],[111.55703902800008,32.64684987700008],[111.54728084200008,32.66190693000004],[111.54193245200008,32.65513949500007],[111.54815052900005,32.64535450900007],[111.52414017100006,32.64763203700005],[111.51396219400004,32.63222028400003],[111.52156877100003,32.60600113400005],[111.51007854200009,32.598039690000064],[111.52565809600009,32.57904192600006],[111.50784294700009,32.57556671200007],[111.52612345400007,32.57011910700004],[111.50742329000008,32.57006577100003],[111.50975790700005,32.56208520100006],[111.49630688400003,32.556839902000036]]}},{"type":"Feature","properties":{"name":"淮河","level":"river_l2"},"geometry":{"type":"LineString","coordinates":[[116.08488736900006,32.54085896300006],[116.03264759300009,32.55511130000008],[116.01724368900011,32.59369424100004],[115.99225682500003,32.60510060800004]]}},{"type":"Feature","properties":{"name":"汉江(汉水)","level":"river_l2"},"geometry":{"type":"LineString","coordinates":[[110.92541461800005,32.68125031400007],[110.93967433400007,32.67754609000008],[110.94525931600003,32.69872965500008],[110.95023381100009,32.69714649400004],[110.94714393300006,32.71868868300004],[110.95908437100007,32.738620970000056],[111.01383445500005,32.74358382100007],[111.02569083300006,32.73762887400005],[111.02532446800006,32.71014323900005],[111.03435791000004,32.70779328900005],[111.03890506400006,32.690249006000045],[111.04510036800008,32.70227323300003],[111.06535699500006,32.70632447500003],[111.07282629800005,32.69066469200004],[111.08867308300006,32.708365306000076],[111.08694107200006,32.691156748000026],[111.09003872500006,32.69739775000005],[111.10673216900005,32.671602008000036],[111.11783325300007,32.672723518000055],[111.10045295700007,32.66278221400006],[111.12074772200003,32.66499090700006],[111.12502788800003,32.656827219000036],[111.14948851200006,32.676969272000065],[111.13564829400008,32.655644591000055],[111.14364409700005,32.65098287500007],[111.14059983900006,32.642224105000025],[111.11085203700009,32.64877804300005],[111.11519323000005,32.638554363000026],[111.09522647200004,32.62352412400003],[111.12228875500006,32.63684912000008],[111.12993361300005,32.635388023000075],[111.12092300300009,32.626751349000074],[111.14287338500009,32.62761341200007],[111.15111328400008,32.61310569600005],[111.14755020900009,32.60388152200005],[111.11555169400003,32.614055714000074],[111.14957965800005,32.59888031100007],[111.15411923300007,32.59094551000004],[111.14234677100006,32.59485572400007],[111.14034015300007,32.58886268100002],[111.14554342400004,32.565828897000074],[111.13931766200005,32.56526051600002],[111.13698309200004,32.58238897700005],[111.13293934100005,32.57086829600007],[111.12578284700004,32.58562015500007],[111.11513187600008,32.57786470600007],[111.10989040900006,32.59173915400004],[111.10651803800005,32.57541563600006],[111.09357058200004,32.57265758400007],[111.07403895200008,32.60389324100004],[111.08230168400007,32.57862778900005],[111.05903142800008,32.586890733000075],[111.06544789100008,32.57991343900005],[111.05669668700006,32.571124172000054],[111.06273169800005,32.569785155000034],[111.04553443000009,32.54358135500007],[111.01690044800006,32.53020677200004],[110.98401687600006,32.53627624100005]]}},{"type":"Feature","properties":{"name":"汉江(汉水)","level":"river_l2"},"geometry":{"type":"LineString","coordinates":[[108.52998405700004,32.52348600600004],[108.50522607700009,32.54622230000007],[108.49463628400008,32.570049581000035],[108.44106131300003,32.60260907800006],[108.44519660100008,32.61174169900005],[108.47065664900003,32.62139688000008],[108.47975886000006,32.64118804000003],[108.45497787400006,32.63757168700005],[108.44611237600009,32.66219244200005],[108.41818805000008,32.672038531000055],[108.39866398400005,32.695636953000076],[108.40339441800006,32.713066764000075],[108.42762603400007,32.70764967000002],[108.44112290700008,32.72905829200005],[108.40017479200009,32.728795200000036],[108.35911235600008,32.756364897000026],[108.32434422800009,32.75698300400006],[108.30375203200003,32.784304674000055]]}},{"type":"Feature","properties":{"name":"淮河","level":"river_l2"},"geometry":{"type":"LineString","coordinates":[[116.5191868710001,32.51146764900005],[116.56217990300001,32.546521615000074],[116.609422386,32.54717371300006],[116.67124520100003,32.572297666000054],[116.70069567100006,32.60359030600006],[116.73764594600004,32.62185918900008]]}},{"type":"Feature","properties":{"name":"汉江(汉水)","level":"river_l2"},"geometry":{"type":"LineString","coordinates":[[108.62446896800009,32.48657750600006],[108.63805738600007,32.50570487600004],[108.69056433700007,32.50238964600004],[108.70081096000007,32.51541715900004],[108.73159647300008,32.525137174000065],[108.76844767900008,32.56884704700008],[108.75393633400006,32.60690736400005],[108.76731103200007,32.60569802900005],[108.78186840800004,32.62407769300006],[108.79756242700006,32.604854860000046],[108.82037500300004,32.615131861000066],[108.82320543200007,32.58057356900002],[108.84711663800005,32.58334303700008]]}},{"type":"Feature","properties":{"name":"汉江(汉水)","level":"river_l2"},"geometry":{"type":"LineString","coordinates":[[108.52998405700004,32.52348600600004],[108.56364590400005,32.526545370000065],[108.60252629800004,32.50563250700003],[108.61472595400005,32.485597133000056],[108.62446896800009,32.48657750600006]]}},{"type":"Feature","properties":{"name":"淮河","level":"river_l2"},"geometry":{"type":"LineString","coordinates":[[116.50540748300011,32.46281378500004],[116.51808042400012,32.48874671900006],[116.5191868710001,32.51146764900005]]}},{"type":"Feature","properties":{"name":"淮河","level":"river_l2"},"geometry":{"type":"LineString","coordinates":[[116.46763318400008,32.44034862500007],[116.48013810500004,32.441485374000024],[116.49008727900002,32.467475543000035],[116.50540748300011,32.46281378500004]]}},{"type":"Feature","properties":{"name":"淮河","level":"river_l2"},"geometry":{"type":"LineString","coordinates":[[116.24506263100011,32.458172443000024],[116.24170579700001,32.486245557000075],[116.25933787400004,32.49696505400004],[116.2673796580001,32.52461085600004],[116.31535457200005,32.52330214700004],[116.35371581600009,32.46681243300003],[116.40001207600005,32.44483515700006],[116.43275074200005,32.45294907300007],[116.46763318400008,32.44034862500007]]}},{"type":"Feature","properties":{"name":"汉江(汉水)","level":"river_l2"},"geometry":{"type":"LineString","coordinates":[[111.48740312800004,32.55578705100004],[111.46748225800008,32.56166191900007],[111.46617002000005,32.57171773700003],[111.43607122700007,32.57216036900007],[111.43498012700007,32.559777532000055],[111.44918642700009,32.55473431200005],[111.43076855400005,32.553986681000026],[111.42983007900006,32.54755874700004],[111.41895796200004,32.56112421700004],[111.41306026100006,32.55805332600005],[111.42305492300005,32.53508437600004],[111.41269387000006,32.52598993200007],[111.41701992200007,32.53842616400004],[111.40340878300009,32.55309030700005],[111.38147366100009,32.55227402300005],[111.38454830700005,32.536068741000065],[111.37215783200008,32.53706826500007],[111.37101344500007,32.54729574900006],[111.36176636900007,32.54851652000008],[111.37430948900004,32.55742403100004],[111.37173834000004,32.56287920500006],[111.34553819000007,32.54710129100005],[111.35576956900007,32.56170049200006],[111.34819336600009,32.56088796800003],[111.36096538300006,32.571630397000035],[111.32902783900005,32.56904026900003],[111.33448293600009,32.555619781000075],[111.32226794300004,32.556790971000055],[111.31545477300006,32.56973079900007],[111.32360300600004,32.53437138500004],[111.31411183700004,32.54589211800004],[111.31071663400007,32.54056666900004],[111.29910448600003,32.561895261000075],[111.28273119300007,32.53184614200006],[111.28285318300004,32.515820166000026],[111.27157666200009,32.52272499700007],[111.27007354300008,32.506210732000056],[111.25929295600008,32.51518318300003],[111.25494402400005,32.50434535200003],[111.27366698400004,32.48657975700007],[111.25333411600008,32.49264155100008],[111.24600201000004,32.48220810000004],[111.26066604600004,32.46940939000007],[111.24420128700007,32.456072910000046],[111.25968174600007,32.45405100800008],[111.26861595700007,32.44298805400007],[111.24597126600008,32.438929192000046],[111.25188416200007,32.429643946000056],[111.23908938500006,32.44338871900004],[111.25673665400006,32.44163765900004],[111.25683587700007,32.44896589000007],[111.23549591400007,32.45752256700007],[111.24769571000007,32.46827262800008],[111.23924974600004,32.47018387500003],[111.23371073700008,32.486347204000026],[111.22222048400005,32.47371644400005],[111.21990877600007,32.485645333000036],[111.24582656900009,32.489761405000024],[111.24714655400004,32.50192298300004],[111.23842592800008,32.50451708000003],[111.24911509500004,32.52142042000003],[111.25923193300008,32.51770095100005],[111.27997691600007,32.533860367000045],[111.28124351000008,32.548997489000044],[111.26053678400007,32.55367832700006],[111.28519567200004,32.553872789000025],[111.28758386900006,32.57864227700003],[111.30137814600005,32.569032744000026],[111.30132481000004,32.582540951000055],[111.31452398800008,32.574751079000066],[111.31970454400005,32.58491368700004],[111.30794740300007,32.60051626500007],[111.27913808500006,32.614680726000074],[111.25657722900007,32.59368415100005],[111.26631273100008,32.61743506100004],[111.22698210900006,32.61698124800006],[111.24212700500004,32.641289097000026],[111.22954586300006,32.65618593900007],[111.19318315800007,32.65599915100006],[111.19502947600006,32.64710303000004],[111.18395890400006,32.64461582200005],[111.18136475700004,32.62922311300002],[111.19040582200006,32.62572109200005],[111.17532969600006,32.62110142600005],[111.18923076800007,32.60761224000004],[111.18340172100005,32.602237209000066],[111.18464520000003,32.574324311000055],[111.19082519500006,32.57695268500004],[111.17949516000004,32.563696297000035],[111.18297421300008,32.55460180000006],[111.17436805600005,32.56200254500004],[111.16535744900006,32.55382364700006],[111.16464781800005,32.53892685500006],[111.14919023900006,32.539560169000026],[111.14317043600005,32.531209594000075],[111.15903981900004,32.49325227200006],[111.14497856000008,32.51337921100003],[111.14635183100006,32.50218276700008],[111.11536039000003,32.50596335000006],[111.13400715700004,32.50768375500007],[111.13354953000004,32.53652746200004],[111.11571912800008,32.53413564900006],[111.11498677800006,32.55175621400008],[111.09765993800005,32.550978059000045],[111.09564579800008,32.565596381000034],[111.07407693200008,32.57160477200006],[111.06632522900009,32.56710333700005],[111.07660220800005,32.54783474200008],[111.07071971100004,32.534212112000034],[111.06257903000005,32.55512869200004],[111.04990613500007,32.53221323400004],[111.04445095000005,32.528959230000055],[111.03673746400005,32.53791641000004],[111.02736060500007,32.52376735000007],[110.98401687600006,32.53627624100005]]}},{"type":"Feature","properties":{"name":"淮河","level":"river_l2"},"geometry":{"type":"LineString","coordinates":[[116.08488736900006,32.54085896300006],[116.11632847500005,32.46997223400007],[116.13701990000004,32.46251420400006],[116.14329892300009,32.44197911600003],[116.1630748440001,32.441879836000055],[116.17166567700008,32.42750182100008],[116.1864749240001,32.45641410400003],[116.19904846000009,32.44977629500005],[116.20839482800011,32.465920475000075],[116.21830564700008,32.46138844700005],[116.23094793900009,32.46806046700004],[116.24506263100011,32.458172443000024]]}},{"type":"Feature","properties":{"name":"淮河","level":"river_l2"},"geometry":{"type":"LineString","coordinates":[[115.59373873200002,32.426901832000055],[115.62387555200007,32.411272462000056],[115.64550558400003,32.42899209800004],[115.6490761230001,32.411516490000054],[115.65530951400001,32.41260749300005],[115.67095042800008,32.448279598000056],[115.66579294500002,32.46760920600008],[115.69026111400001,32.473815767000076],[115.6801672470001,32.488136567000026],[115.685981061,32.49704027900003],[115.72017681900002,32.480201598000065],[115.74726951900004,32.47856873600006],[115.75931684200009,32.50645866900004],[115.77276014200004,32.498066049000045],[115.77447660200005,32.46774983900008],[115.81394475400009,32.50250246400003],[115.82807478100005,32.50368879900003],[115.82992130000002,32.527081132000035],[115.85677758000008,32.54025350300003],[115.89018023300002,32.57973650400004],[115.90460019000011,32.58159424200005],[115.92011872800003,32.57126750900005]]}},{"type":"Feature","properties":{"name":"淮河","level":"river_l2"},"geometry":{"type":"LineString","coordinates":[[115.54552714500005,32.40502419000006],[115.55910785300011,32.408129372000076],[115.57802938600003,32.42703160900004],[115.59373873200002,32.426901832000055]]}},{"type":"Feature","properties":{"name":"嘉陵江","level":"river_l2"},"geometry":{"type":"LineString","coordinates":[[105.86118497400008,32.611821562000046],[105.87082112400009,32.598202694000065],[105.84751257900007,32.57503164700006],[105.84284317100008,32.550979332000054],[105.83039926800006,32.54880492700005],[105.84430793800004,32.51785158800004],[105.84216387600009,32.47797546900006],[105.81613152400007,32.444283204000044],[105.81236240900006,32.41947174100005],[105.80699114200007,32.413482516000045],[105.76622613200004,32.41374584000005],[105.78826039700004,32.399302944000056],[105.77486275600006,32.38659587200004],[105.76245700900006,32.38667220000008],[105.74398577500006,32.40183608500007],[105.72141720200005,32.34928724300005]]}},{"type":"Feature","properties":{"name":"淮河","level":"river_l2"},"geometry":{"type":"LineString","coordinates":[[115.23490280700003,32.34140623900004],[115.23827518200005,32.355849051000064],[115.30029623400003,32.36009463500005],[115.35922740100011,32.38062942200003],[115.3672843920001,32.401236926000024],[115.34788238400006,32.41145686100003],[115.34850806300005,32.41948700900008],[115.37898840800005,32.43352532500006],[115.387159569,32.41166649200005],[115.39849713300009,32.40814919600007],[115.39976376400011,32.42627329700008],[115.41238322700008,32.442257244000075],[115.46731630300008,32.43476090900003],[115.50177145200007,32.41522898000005],[115.54552714500005,32.40502419000006]]}},{"type":"Feature","properties":{"name":"淮河","level":"river_l2"},"geometry":{"type":"LineString","coordinates":[[115.11582787600003,32.380535175000034],[115.13384124900006,32.362552132000076],[115.17955779700003,32.359358936000035],[115.19670899900007,32.33724065500007],[115.23490280700003,32.34140623900004]]}},{"type":"Feature","properties":{"name":"岷江","level":"river_l2"},"geometry":{"type":"LineString","coordinates":[[103.71457757500008,32.32850879500006],[103.73290395500004,32.34676640200007],[103.72390104100003,32.35645601900006],[103.72989795500007,32.370067222000046],[103.71343335300008,32.40526643900006],[103.65930905900007,32.46639113100008],[103.63291072400006,32.50974641600004],[103.61133438600007,32.58175848700006],[103.58307442700004,32.62583858700003],[103.60221719700007,32.650905615000056],[103.59896708400004,32.686245952000036],[103.61268521700003,32.717267897000056],[103.60951901700008,32.74809150800007],[103.61615686500005,32.77752650900004],[103.64318105600006,32.81246241400004],[103.64512673900003,32.85765255900003],[103.68019254900008,32.894175405000055],[103.68089451100008,32.906977880000056],[103.70447010800007,32.938098988000036],[103.69124812900009,32.98613500700003],[103.71124544900005,33.020975555000064],[103.70926941500005,33.03300363100004],[103.66263725900006,33.047545755000044],[103.64575291000006,33.04283832400006]]}},{"type":"Feature","properties":{"name":"雅砻江","level":"river_l2"},"geometry":{"type":"LineString","coordinates":[[98.92139575900006,32.75576259400003],[98.93718141800008,32.74569912800007],[98.97451312100009,32.74278076600007],[99.00242990000004,32.755075849000036],[99.05492922900004,32.71798065000007],[99.06281819500003,32.67868435400004],[99.07941259000006,32.66632819000006],[99.11109068300004,32.61905511600003],[99.08790428000003,32.616483963000064],[99.09638075900006,32.60051518800003],[99.07568160100004,32.59111934900005],[99.08390628900008,32.565369419000035],[99.07210326200004,32.55580190400008],[99.07703197100005,32.53990561400008],[99.06511449300007,32.525825188000056],[99.08078570300006,32.513484283000025],[99.06984482100006,32.50239847600005],[99.06991344300008,32.470781387000045],[99.08534812200008,32.44941084300007],[99.08314314100005,32.43289274700004],[99.00874673000004,32.40340820800003],[99.00510735000006,32.36433318100006],[98.95878032100006,32.35537988400006],[98.93786751900006,32.33392163600007],[98.95688812000009,32.31401597400003],[98.94941870700006,32.298340954000025]]}},{"type":"Feature","properties":{"name":"淮河","level":"river_l2"},"geometry":{"type":"LineString","coordinates":[[114.72257499500006,32.32510412100004],[114.70437821000007,32.29528392100008]]}},{"type":"Feature","properties":{"name":"淮河","level":"river_l2"},"geometry":{"type":"LineString","coordinates":[[115.11582787600003,32.380535175000034],[115.10550500000011,32.376445758000045],[115.1037271570001,32.35349975300005],[115.08554576900008,32.34577105400007],[115.0813035440001,32.31939174100006],[115.06903503800004,32.302457907000075],[115.05629357900011,32.298376130000065],[115.03361844900007,32.30534205600003],[115.019747757,32.29299743100006]]}},{"type":"Feature","properties":{"name":"淮河","level":"river_l2"},"geometry":{"type":"LineString","coordinates":[[114.49422088100005,32.302166757000066],[114.47773322100011,32.28746078000006],[114.46772324000005,32.29663160100006],[114.44014213600008,32.28121993600007],[114.42337232500006,32.28991393700005],[114.4104019450001,32.28071651400006],[114.39740118400005,32.293778443000065],[114.36385380900003,32.29119215700007],[114.3575900620001,32.31665596800008],[114.33754716800001,32.32808900900005],[114.33530430400003,32.36710296700005],[114.30524371400008,32.37391633100003],[114.28333908700006,32.36743508400008],[114.2759766260001,32.384628415000066],[114.24861690500006,32.38982810700003],[114.237691487,32.418030964000025],[114.20766131200003,32.40806684100005],[114.19703338400006,32.42570651800003],[114.17156578800007,32.428369359000044],[114.14920363300007,32.46271790800006],[114.12834428800011,32.46080297000003],[114.10462369400011,32.43454199800004]]}},{"type":"Feature","properties":{"name":"汉江(汉水)","level":"river_l2"},"geometry":{"type":"LineString","coordinates":[[111.48740312800004,32.55578705100004],[111.49533002200008,32.505618585000036],[111.51129878000006,32.50437108400007],[111.52898409700003,32.48386646600005],[111.60234259900005,32.45472111300006],[111.65575723100005,32.41070956000004],[111.65881660600007,32.392627395000034],[111.62566584600006,32.36893761400006],[111.61575487800008,32.34807069500005],[111.61935595200003,32.329309495000075],[111.66002159300007,32.300362636000045],[111.66187547500004,32.27914852600003]]}},{"type":"Feature","properties":{"name":"淮河","level":"river_l2"},"geometry":{"type":"LineString","coordinates":[[114.70437821000007,32.29528392100008],[114.67431744700002,32.273730443000034],[114.6689157080001,32.27671745400005],[114.6768125430001,32.30861676600006],[114.65732649600011,32.30128099600006],[114.6313782840001,32.31139032900006],[114.6035072630001,32.297393956000064],[114.59566409800004,32.30794954000004],[114.5615750290001,32.30633603200005],[114.53992971600007,32.284755811000025],[114.49422088100005,32.302166757000066]]}},{"type":"Feature","properties":{"name":"淮河","level":"river_l2"},"geometry":{"type":"LineString","coordinates":[[115.019747757,32.29299743100006],[115.00655625000002,32.30451818300003],[114.97897525600001,32.30667366900008],[114.9601299310001,32.27322178600008],[114.92446156900007,32.27676589600003],[114.88346789600007,32.30441192700005],[114.82154607500001,32.307979044000035],[114.80015262200004,32.29975443400008],[114.76229459900003,32.30899023300003],[114.74152695300006,32.32967416500003],[114.72257499500006,32.32510412100004]]}},{"type":"Feature","properties":{"name":"汉江(汉水)","level":"river_l2"},"geometry":{"type":"LineString","coordinates":[[111.66187547500004,32.27914852600003],[111.66457626500005,32.262260395000055]]}},{"type":"Feature","properties":{"name":"淮河","level":"river_l2"},"geometry":{"type":"LineString","coordinates":[[113.34372366800005,32.48047926300006],[113.3989844780001,32.41111834800006],[113.40897909000012,32.38236234900006],[113.42822851500011,32.371512978000055],[113.44526523600007,32.34038032900003],[113.46292012300012,32.337824339000065],[113.46799374700004,32.32720391600003],[113.48154398600002,32.33825914700003],[113.49012721800011,32.32607464200004],[113.51402312800008,32.32491102700004],[113.55965588800007,32.34292431600005],[113.57470908900007,32.34190188600007],[113.60065742800009,32.351972845000034],[113.59039570200002,32.367205382000066],[113.62038000200005,32.36064380000005],[113.62543094600005,32.385382752000055],[113.65013578000003,32.415782781000075],[113.65980246400011,32.411842052000054],[113.6609393330001,32.42160030400004],[113.73091802500005,32.41727783600004],[113.74014229400007,32.43064485300005],[113.75584395700002,32.42055845700003],[113.77566573000001,32.43146488200006],[113.80363576000002,32.41586986300007],[113.80750404100002,32.42782924100004],[113.83598536700003,32.431025920000025],[113.83375742400005,32.414515479000045],[113.84823084200002,32.42476196700005],[113.86969275800004,32.39874494400004],[113.8671214100001,32.37020262800007],[113.8859282300001,32.344990540000026],[113.88521089400001,32.31941612900005],[113.91768241500006,32.30821573900005],[113.90015707200007,32.283747693000066],[113.90970166200009,32.27677801400006],[113.94068547300003,32.27613699400007],[113.94625495200012,32.25419806000008],[113.95924810400004,32.24414219300007],[113.97805511600006,32.25127197200004],[114.00414831500007,32.24450059000003],[114.02971521900008,32.262525405000076],[114.03100470100003,32.275613975000056],[114.0576626730001,32.29914735500006],[114.059745625,32.31086259400007],[114.08434350700009,32.318316604000074],[114.0615006050001,32.33933243200005],[114.06928288300003,32.35313815500007],[114.08332901300003,32.35847881300003],[114.08860886500008,32.38604452800007],[114.10264738500007,32.394597246000046],[114.10227366200002,32.41570834500004],[114.11662496300005,32.41875249200007],[114.10462369400011,32.43454199800004]]}},{"type":"Feature","properties":{"name":"雅砻江","level":"river_l2"},"geometry":{"type":"LineString","coordinates":[[98.94941870700006,32.298340954000025],[98.96772213400004,32.285969529000056],[98.98561358900008,32.29317567500004],[99.01990868900003,32.282768858000054],[99.06799048200008,32.257789477000074],[99.07530729400008,32.266685591000055],[99.16188818700005,32.291371095000045],[99.17939814000005,32.28350113800008],[99.20600260500004,32.284477700000025],[99.21979692700006,32.27065665400005],[99.23573519000007,32.27033619400004],[99.25374872500004,32.28126177100006],[99.30412701300008,32.24560475200008],[99.31108516800003,32.210081296000055],[99.34306084000008,32.18306482500003],[99.33544645800004,32.16440663100008],[99.35149154100009,32.16858382300006],[99.35841159300008,32.16316679500005],[99.35607690200004,32.14364644900007],[99.36468309400004,32.135185206000074],[99.39955040200005,32.11787740600005],[99.41401612000004,32.09874615200005],[99.45298055900008,32.10090910300005]]}},{"type":"Feature","properties":{"name":"汉江(汉水)","level":"river_l2"},"geometry":{"type":"LineString","coordinates":[[112.16938798500007,32.064621282000076],[112.18451755800004,32.07731306200003],[112.20662052800003,32.07867867400006]]}},{"type":"Feature","properties":{"name":"汉江(汉水)","level":"river_l2"},"geometry":{"type":"LineString","coordinates":[[112.16938798500007,32.064621282000076],[112.15772220400004,32.042880783000044],[112.13024792800002,32.029502387000036],[112.06058972700009,32.04493733900006],[112.01665866100006,32.08126585000008],[111.96112288300009,32.10183546700006],[111.86634770500007,32.057839744000034],[111.81872381100004,32.07605941200006],[111.79426366300004,32.14458476000004],[111.75368194800006,32.17328747100004],[111.70686679000005,32.191461358000026],[111.70070212900004,32.202757005000024],[111.71419165400005,32.274940601000026],[111.70978177400008,32.280968002000066],[111.68240687600007,32.30434901600006],[111.63107503300006,32.330778148000036],[111.63203652300007,32.36086547300005],[111.67023053100007,32.39916210400003],[111.65790126900004,32.433041391000074],[111.63400546600008,32.45565180300002],[111.53730803500008,32.49113744300007],[111.50716361500008,32.51974855900005],[111.49630688400003,32.556839902000036]]}},{"type":"Feature","properties":{"name":"那曲","level":"river_l2"},"geometry":{"type":"LineString","coordinates":[[91.50676066500006,31.92941418600003],[91.52690277700003,31.99910112300006],[91.52433158100007,32.01558107300008],[91.54719749200007,32.05743711300005],[91.53249521600009,32.06771418300008],[91.51911283600003,32.10596902300006],[91.49623160900006,32.12128925700006],[91.48300185900007,32.120728471000064],[91.41827989000006,32.07630122300003],[91.41538068700004,32.02631966600006],[91.43307378400004,32.003182896000055],[91.43050263800006,31.969996011000035],[91.44250403800004,31.95217707200004],[91.45428417100004,31.941880926000067],[91.50676066500006,31.92941418600003]]}},{"type":"Feature","properties":{"name":"那曲","level":"river_l2"},"geometry":{"type":"LineString","coordinates":[[91.54903634900006,31.934039665000057],[91.55149307800008,31.940866258000028],[91.52321773000006,31.941045534000068],[91.51325347600005,31.91917144300004]]}},{"type":"Feature","properties":{"name":"那曲","level":"river_l2"},"geometry":{"type":"LineString","coordinates":[[91.50676066500006,31.92941418600003],[91.51325347600005,31.91917144300004]]}},{"type":"Feature","properties":{"name":"那曲","level":"river_l2"},"geometry":{"type":"LineString","coordinates":[[91.53441808500008,31.856181422000077],[91.55383542000004,31.88820099000003],[91.56436428400008,31.89067108200004],[91.55018083100003,31.89264332600004],[91.54011735800003,31.905241707000073],[91.54903634900006,31.934039665000057]]}},{"type":"Feature","properties":{"name":"那曲","level":"river_l2"},"geometry":{"type":"LineString","coordinates":[[91.51325347600005,31.91917144300004],[91.54051411200004,31.890943824000033],[91.54448152600008,31.875211577000073],[91.53156460200006,31.863650806000066],[91.53441808500008,31.856181422000077]]}},{"type":"Feature","properties":{"name":"那曲","level":"river_l2"},"geometry":{"type":"LineString","coordinates":[[91.96440783600008,31.85067503600004],[91.92755678000003,31.878654690000076],[91.92089611000006,31.898869330000025],[91.88430447000007,31.914792297000076],[91.87339411200008,31.92739830900007],[91.82818101700008,31.934116149000033],[91.80484964600004,31.948751628000025],[91.74474354900008,31.94989793700006],[91.72276260600006,31.97960379700004],[91.70168198800008,31.974684594000053],[91.68276819400006,31.95474460300005],[91.61387281600008,31.92102550800007],[91.59894929500007,31.917718063000052],[91.54903634900006,31.934039665000057]]}},{"type":"Feature","properties":{"name":"岷江","level":"river_l2"},"geometry":{"type":"LineString","coordinates":[[103.69892786500009,31.84093127600005],[103.69470118200007,31.884526849000054],[103.67292637900005,31.92264249400006],[103.67513156400008,32.00393402700007],[103.68556131000008,32.02789859600006],[103.66504532400006,32.04197144400007],[103.71653005100006,32.080916659000025],[103.73731336100008,32.16843963200006],[103.76342197000008,32.19581078700003],[103.76011847500007,32.24018076200008],[103.72484693200005,32.293244739000045],[103.71457757500008,32.32850879500006]]}},{"type":"Feature","properties":{"name":"雅砻江","level":"river_l2"},"geometry":{"type":"LineString","coordinates":[[99.45298055900008,32.10090910300005],[99.47644923000007,32.08759541400008],[99.47081092900004,32.076429491000056],[99.47547259100008,32.05524969800007],[99.46702658400005,32.03887657100006],[99.51110278500005,31.988999877000026],[99.52961984700005,31.983334873000047],[99.54971621300007,31.960623420000047],[99.55181432400008,31.93911746300006],[99.58591103100008,31.917064047000054],[99.60286403300006,31.91884363400004],[99.61491880100004,31.905310606000057],[99.65334151900004,31.897181217000025],[99.66158909200004,31.87267872600006],[99.66064296100006,31.834254120000026],[99.64686385400006,31.816856725000036]]}},{"type":"Feature","properties":{"name":"雅砻江","level":"river_l2"},"geometry":{"type":"LineString","coordinates":[[99.64686385400006,31.816856725000036],[99.74649887000004,31.756334756000058],[99.75604347100005,31.727790479000078],[99.77806249600008,31.70497030000007],[99.78060311200005,31.67608842100003]]}},{"type":"Feature","properties":{"name":"嘉陵江","level":"river_l2"},"geometry":{"type":"LineString","coordinates":[[105.95699399500006,31.578961750000076],[105.95809276700004,31.610569291000047],[105.92220315500003,31.630303353000045],[105.92762025400003,31.652854542000057],[105.91800698100008,31.662683404000063],[105.95063123200003,31.675325577000024],[105.94719795500004,31.688885300000038],[105.92004422600007,31.703311042000053],[105.92447705500007,31.71081474700003],[105.94561871100007,31.71372729500007],[105.95362221500005,31.726483974000075],[105.95015076900006,31.734025846000065],[105.93167185100003,31.732606786000076],[105.92204331100004,31.74017537800006],[105.94164390100008,31.776206135000052],[105.92939078500007,31.786797964000073],[105.89244059600009,31.789220457000056],[105.87667786800006,31.80208019400004],[105.86715621400003,31.830714123000064],[105.88134734200008,31.84645777600008],[105.87701376300004,31.857762953000076],[105.86557698300004,31.859315606000052],[105.83725579900005,31.83760563800007],[105.80922470700006,31.864801433000025],[105.83305963500004,31.87298793900004],[105.85175992200004,31.906022171000075],[105.79621635200004,31.90247073000006],[105.81838808500004,31.92797262600004],[105.80793560100005,31.95133640800003],[105.79385898900006,31.95665237000003],[105.79110463300009,31.93709960900003],[105.75945706700008,31.953009320000035],[105.73644609900003,31.934272977000035],[105.73749910900005,31.97038579900004],[105.75085865200003,31.99818232100006],[105.72172878600009,31.993757224000035],[105.70853721900005,32.00207161800006],[105.70636282000004,32.013729658000045],[105.72238505800004,32.03019049000005],[105.69601717000006,32.04313799400006],[105.70946826800008,32.070905905000075],[105.68918877300007,32.07327494800006],[105.68748739800009,32.08156451700006],[105.70966672300005,32.09573645200004],[105.69567407800008,32.113124355000025],[105.72493368400006,32.12800964000007],[105.68183409500006,32.15082989300004],[105.70315890700005,32.16576097600006],[105.70064882800006,32.18383932900008],[105.73079346200007,32.19645480400004],[105.73795007300004,32.20694930700006],[105.73536366400003,32.21524269300005],[105.71590815300004,32.21385033900003],[105.71693057800007,32.23040276300003],[105.70289977700008,32.245536118000075],[105.71364996000005,32.26353432700006],[105.70134343800004,32.27489483900007],[105.70230479800006,32.28316914200008],[105.72711630900005,32.288292359000025],[105.73515032000006,32.29727619700003],[105.72726896700004,32.307106962000034],[105.69188283600005,32.30806456600004],[105.68314698400008,32.323163575000024],[105.71327633200008,32.32750855900008],[105.72141720200005,32.34928724300005]]}},{"type":"Feature","properties":{"name":"嘉陵江","level":"river_l2"},"geometry":{"type":"LineString","coordinates":[[106.01262924000008,31.61932603200006],[105.99414268100008,31.614153207000072],[105.98330850400004,31.57582400900003],[105.96836208800005,31.572135133000074],[105.95699399500006,31.578961750000076]]}},{"type":"Feature","properties":{"name":"嘉陵江","level":"river_l2"},"geometry":{"type":"LineString","coordinates":[[106.05070073000007,31.544611127000053],[106.02483657300007,31.60722163400004],[106.01262924000008,31.61932603200006]]}},{"type":"Feature","properties":{"name":"岷江","level":"river_l2"},"geometry":{"type":"LineString","coordinates":[[103.67759461300005,31.529088363000028],[103.68342368600008,31.547977347000028],[103.72524163900005,31.569553787000075],[103.80232379500006,31.642702473000043],[103.80993057100005,31.66235632100006],[103.83367391700006,31.661869885000044],[103.85492252400007,31.71252469800004],[103.82343525600004,31.76034713000007],[103.73658750500005,31.79848579700007],[103.72918684600006,31.82097407400005],[103.69892786500009,31.84093127600005]]}},{"type":"Feature","properties":{"name":"汉江(汉水)","level":"river_l2"},"geometry":{"type":"LineString","coordinates":[[111.66457626500005,32.262260395000055],[111.68314666000003,32.25018648200006],[111.69546072600008,32.228346704000046],[111.69626166700004,32.196748712000044],[111.76952852100004,32.151428606000025],[111.79943636300004,32.112223791000076],[111.77648656100007,32.121322177000025],[111.77823371200009,32.11605011700004],[111.82043276700006,32.06175772000006],[111.84158960700006,32.05191164000007],[111.88044717700006,32.051018827000064],[111.96107706900005,32.095064197000056],[112.0419887170001,32.03826151100003],[112.13725187200009,32.02344445700004],[112.16475667400005,32.03832206900006],[112.2157757110001,32.01543307000003],[112.20358348200011,31.992782743000078],[112.16091863700001,31.974103742000068],[112.1540518920001,31.955024046000062],[112.16768580900009,31.92056490500005],[112.2243889240001,31.902244107000058],[112.22428959900003,31.876127987000075],[112.1979825310001,31.83964715700006],[112.158827255,31.811263290000056],[112.23953279600005,31.73576236200006],[112.32359555500011,31.69701320300004],[112.37363809100009,31.69162078800008],[112.38432700100009,31.66110043900005],[112.38667663300009,31.607647453000027],[112.43903836600009,31.564814674000047],[112.45006303000002,31.54390380500007],[112.42164245300012,31.485972364000077]]}},{"type":"Feature","properties":{"name":"岷江","level":"river_l2"},"geometry":{"type":"LineString","coordinates":[[103.58354428700005,31.484245544000032],[103.60456386900006,31.48677280900006],[103.61577179800008,31.49820956600007],[103.63597500400004,31.497711693000042],[103.67759461300005,31.529088363000028]]}},{"type":"Feature","properties":{"name":"怒江","level":"river_l2"},"geometry":{"type":"LineString","coordinates":[[93.94132468300006,31.52362123200004],[93.88510970100003,31.503894872000046],[93.81294119000006,31.519484055000078],[93.79019732100005,31.493049368000072],[93.74710526800004,31.495149409000078],[93.74717393800006,31.482346927000037],[93.70413529500007,31.474644830000045],[93.65747258000005,31.48724130100004],[93.62322325100007,31.481812828000045],[93.58620436500007,31.495939037000028],[93.55453384200007,31.498033357000054],[93.53327010400005,31.519758659000047],[93.51047282500008,31.510595495000075],[93.47519349000004,31.52394539100004],[93.45503605700009,31.515541373000076],[93.41793324300005,31.534891955000035],[93.39592943900004,31.53625764800006],[93.38459946800003,31.52488762300004],[93.37133156800007,31.53308372500004],[93.31768013200008,31.53271558000006],[93.30554905500009,31.513803687000063],[93.27284089800008,31.53088636800004],[93.18588620700007,31.519670818000066],[93.16102891900005,31.540553045000024],[93.14000933900007,31.532093710000026],[93.07933865900009,31.53081763800003],[93.03754362300003,31.567342461000067],[93.01557796900005,31.564879997000048],[93.00430140800006,31.55197260400007],[92.98412871400006,31.547263222000026],[92.89764704300006,31.56673966900007]]}},{"type":"Feature","properties":{"name":"怒江","level":"river_l2"},"geometry":{"type":"LineString","coordinates":[[93.94132468300006,31.52362123200004],[93.98171584900007,31.546302154000045],[93.99315263900007,31.54481819700004],[94.01254711800004,31.529042079000078],[94.04597245200006,31.525336002000074],[94.05920220400009,31.508789292000074],[94.08029808200007,31.511833508000052],[94.14187669000006,31.491571186000044],[94.15332874200004,31.473508091000042],[94.16827515300008,31.47125926600006],[94.19024080700007,31.482568254000057],[94.23331759900003,31.488609000000054],[94.24825637800006,31.51496738800006],[94.26672767000008,31.517982992000043]]}},{"type":"Feature","properties":{"name":"雅砻江","level":"river_l2"},"geometry":{"type":"LineString","coordinates":[[99.78060311200005,31.67608842100003],[99.81007624800009,31.640316976000065],[99.83108057500004,31.643826570000044],[99.84595829200003,31.626619882000057],[99.87739231500007,31.640002176000053],[99.90408830300004,31.62393991500005],[99.94332740300007,31.627317877000053],[99.98278774200008,31.618091728000024],[99.99321738600008,31.59591817100005],[100.03319655400009,31.596967194000058],[100.04616686700007,31.580233544000066],[100.08600867800004,31.566389574000027],[100.10444166700006,31.47399882800005],[100.14310849600008,31.447802526000032],[100.17472554300008,31.409604861000048],[100.20710558200005,31.390385842000057],[100.21843551200004,31.36496397800005]]}},{"type":"Feature","properties":{"name":"那曲","level":"river_l2"},"geometry":{"type":"LineString","coordinates":[[91.53441808500008,31.856181422000077],[91.53307528700003,31.84109196600008],[91.55123378500008,31.822632145000057],[91.54574811700007,31.79766806600003],[91.55562087300007,31.759462815000063],[91.56739337600004,31.748401801000057],[91.67194964200007,31.69548482400006],[91.69015391800008,31.673990326000023],[91.71839111700007,31.671524074000047],[91.74507951200007,31.661483528000076],[91.75315928100008,31.650830695000025],[91.73526785600006,31.631924516000026],[91.72994241600009,31.599439552000035],[91.73642759800003,31.586757242000033],[91.77737574500009,31.56869608100004],[91.80854275600007,31.51880800600003],[91.81819424600008,31.48433744700003],[91.80256117700009,31.476518997000028],[91.79364981600008,31.446225635000076],[91.82800599300003,31.40768660300006],[91.82929541200008,31.39113989300006],[91.88827231900007,31.386176870000043],[91.91904251500006,31.422121876000062],[91.94605896400003,31.431632198000045],[92.01940244200006,31.414053627000044],[92.03066374400004,31.42101946500003],[92.05517008700008,31.38602628500007],[92.02845883200007,31.362986762000048],[92.04268043500008,31.35568905100007],[92.04485489000007,31.336895422000055],[92.07886009300006,31.30807841400008],[92.07816580500008,31.299783123000054],[92.10120724200004,31.28961287000004],[92.10493050000008,31.27988130800003],[92.14870158100007,31.28434846700003],[92.15936015300008,31.278490842000053],[92.26158930900004,31.29964779900007],[92.27072193700008,31.325393914000074],[92.30792390600004,31.353058891000046],[92.32841702300004,31.382732352000062],[92.32450301800009,31.403011847000073],[92.33313207200007,31.455858327000044],[92.35135157800005,31.468170615000076],[92.37173790900005,31.459421373000055],[92.37996264300006,31.442970036000077],[92.39736578200007,31.452249555000037],[92.41146530700007,31.45018766100003],[92.41299885100005,31.462259608000068],[92.45360365500005,31.453025896000042],[92.47599655100004,31.478178815000035],[92.48941704800006,31.465553729000078],[92.50083857800007,31.46570632600003],[92.51634956900006,31.483231542000055],[92.54883645700005,31.485911457000043],[92.55127792600007,31.49723761000007],[92.57754667800003,31.503596900000048],[92.58738888500005,31.49393019200005],[92.60053470600008,31.496354506000046],[92.63891927500003,31.514900192000027],[92.65490332000007,31.50530406000007],[92.67496156500005,31.516086612000038],[92.69003005400003,31.508733585000073],[92.69326499900006,31.526092850000055],[92.71789338900004,31.526378971000042],[92.72997868700008,31.54082754500007],[92.83245201700004,31.53915670400005],[92.89764704300006,31.56673966900007]]}},{"type":"Feature","properties":{"name":"怒江","level":"river_l2"},"geometry":{"type":"LineString","coordinates":[[94.26672767000008,31.517982992000043],[94.27551698500008,31.50819229900003],[94.27990401600005,31.47279855000005],[94.28869333100005,31.466019645000074],[94.30539455300004,31.469782950000024],[94.31857852400003,31.46224489900004],[94.33352493400008,31.476546599000073],[94.36251746400006,31.459961742000075],[94.38274356600004,31.468226516000072],[94.39067836200007,31.483279732000028],[94.40473973800005,31.48401980400007],[94.41526860500005,31.471207787000026],[94.43986647700007,31.462139999000044],[94.45309622300005,31.486219041000027],[94.47246018000004,31.495227701000033],[94.48738370300003,31.486165636000067],[94.48733792600007,31.465079308000043],[94.54358343100006,31.464222886000073],[94.56641123200006,31.45588754000005],[94.59357265400007,31.430973058000063],[94.59875316100005,31.40610816700007],[94.55911732500005,31.37080787900004],[94.55986502900004,31.327879892000055],[94.51416365200004,31.306887026000027],[94.49837035400003,31.307669060000023],[94.49922487100008,31.297876458000076],[94.48427083200005,31.28208507800008],[94.48687253000008,31.268527265000046]]}},{"type":"Feature","properties":{"name":"汉江(汉水)","level":"river_l2"},"geometry":{"type":"LineString","coordinates":[[112.20662052800003,32.07867867400006],[112.22408456900007,32.055995805000066],[112.22461079200002,32.01537581300005],[112.2082756640001,31.988315594000028],[112.16745717900005,31.968679071000054],[112.16421447000005,31.944931953000037],[112.17453721100003,31.92406495700004],[112.21991803300011,31.91289123100006],[112.23824422200005,31.890677579000055],[112.22319839900001,31.844993501000033],[112.17664243200011,31.821145460000025],[112.16923402300006,31.809180369000046],[112.22453316600001,31.76774761100006],[112.24061624100011,31.74352547600006],[112.30549065000002,31.72381796600007],[112.3174614400001,31.713207053000076],[112.33883197900002,31.717023677000043],[112.37343214100008,31.70079347500007],[112.38675333200001,31.68303552900005],[112.39493212800005,31.657161616000053],[112.39314654000009,31.608397036000042],[112.40739864200009,31.60917710600006],[112.4134488200001,31.591146431000027],[112.42197115500005,31.603988921000052],[112.42492369400009,31.582139643000062],[112.4472173580001,31.575602896000078],[112.45482393100008,31.549278839000067],[112.42950091600005,31.48095777900005],[112.48293069100009,31.419050996000067],[112.47754411100004,31.403835687000026],[112.43027855500009,31.371383368000068],[112.39710501100001,31.36490787400004],[112.39317570000003,31.352402975000075],[112.4144468180001,31.312202530000036],[112.44542295400004,31.303144167000028],[112.46671708200006,31.285853503000055],[112.50065328200003,31.234986828000046],[112.5754232910001,31.218537119000075]]}},{"type":"Feature","properties":{"name":"嘉陵江","level":"river_l2"},"geometry":{"type":"LineString","coordinates":[[106.28459263100007,31.15019813400005],[106.26545761000006,31.160124298000028],[106.26227617300003,31.191760461000058],[106.23170435600008,31.197999648000064],[106.22222079800008,31.21086318500005],[106.22489118200008,31.216865769000037],[106.25991871700006,31.21887798800003],[106.27066128600006,31.242138717000046],[106.29178771100004,31.254031309000027],[106.27735264200004,31.29704324000005],[106.26693063200008,31.306904531000043],[106.22232796900005,31.31398682500003],[106.20946455000006,31.342679892000035],[106.20073629100006,31.346500439000067],[106.16721934100008,31.322633215000053],[106.15210500200004,31.29788663100004],[106.12318877900009,31.29505421400006],[106.11186647200009,31.304154453000024],[106.11109592300005,31.31620541500007],[106.14368204500005,31.335576898000056],[106.12178507300007,31.336463895000065],[106.10787634400003,31.35009612600004],[106.07725111600007,31.355541834000064],[106.06249551400003,31.372937369000056],[106.02227989600004,31.38670699900007],[106.01973164300006,31.39725874800007],[106.03904982900008,31.40242203500003],[106.04087333100006,31.409941005000064],[106.02879575100008,31.436350911000034],[106.03606687600006,31.467922196000075],[106.00998898900008,31.50117780000005],[106.05070073000007,31.544611127000053]]}},{"type":"Feature","properties":{"name":"岷江","level":"river_l2"},"geometry":{"type":"LineString","coordinates":[[103.58354428700005,31.484245544000032],[103.54470184300004,31.447604440000077],[103.52040899300005,31.383296449000056],[103.49535329900004,31.362633619000064],[103.47848413700007,31.32702056000005],[103.47312803700004,31.284035372000062],[103.49575735300004,31.24369188000003],[103.50030444700008,31.185783163000053],[103.48434308200007,31.101245255000038],[103.49118673500004,31.060680535000074]]}},{"type":"Feature","properties":{"name":"怒江","level":"river_l2"},"geometry":{"type":"LineString","coordinates":[[94.48687253000008,31.268527265000046],[94.49123666900005,31.26023388200008],[94.50702996600006,31.26246554200003],[94.51663564900008,31.24512725900007],[94.53948633600004,31.26315602300008],[94.57800061900008,31.238216744000056],[94.59905834900007,31.241932363000046],[94.60945751100007,31.20801303500008],[94.62433525400007,31.200440650000075],[94.60671085100006,31.174879556000064],[94.63034738900006,31.168037706000064],[94.63540582200005,31.116055281000058],[94.65822599100005,31.128041395000025],[94.66871670800003,31.124243758000034],[94.66688560100005,31.10466427700004],[94.68427348600005,31.075990304000072],[94.71051935000008,31.071383928000046],[94.73069967400005,31.080354439000075],[94.73674232600007,31.063761949000025],[94.74991103600007,31.070493171000066],[94.75773901700006,31.06067386500007]]}},{"type":"Feature","properties":{"name":"怒江","level":"river_l2"},"geometry":{"type":"LineString","coordinates":[[95.26648154600008,31.16175277600007],[95.14905418800004,31.160326053000063],[95.12637135400007,31.171772375000046],[95.09217543300008,31.173155245000032],[95.07899146200003,31.165292935000025],[95.01410161200005,31.159648938000032],[94.96666068300004,31.142585324000038],[94.96413528300008,31.156908005000048],[94.92383567200005,31.157115915000077],[94.92546077800006,31.13902993000005],[94.90522704700004,31.126324727000053],[94.88510013100006,31.129433793000032],[94.85172820700006,31.11527515000006],[94.83073914500005,31.12063685800007],[94.83149447600005,31.09954480700003],[94.81571643800004,31.09659977900003],[94.81471695800008,31.074760027000025],[94.78237503400004,31.083928909000065],[94.76394189200005,31.074960306000037],[94.75773901700006,31.06067386500007]]}},{"type":"Feature","properties":{"name":"岷江","level":"river_l2"},"geometry":{"type":"LineString","coordinates":[[103.60657680200006,31.007250180000028],[103.62208777300003,30.998012604000053]]}},{"type":"Feature","properties":{"name":"岷江","level":"river_l2"},"geometry":{"type":"LineString","coordinates":[[103.49118673500004,31.060680535000074],[103.48965315400005,31.049367740000037],[103.47671331300006,31.040153108000027],[103.47125804800004,31.003937287000042],[103.47663690300004,30.99648124400005],[103.50942901900004,31.01801383600008],[103.54172515900007,31.019953600000065],[103.55278050600003,31.036666230000037],[103.56494211400008,31.04058973100007],[103.60657680200006,31.007250180000028]]}},{"type":"Feature","properties":{"name":"岷江","level":"river_l2"},"geometry":{"type":"LineString","coordinates":[[103.62208777300003,30.998012604000053],[103.62704698200008,30.984170582000047]]}},{"type":"Feature","properties":{"name":"怒江","level":"river_l2"},"geometry":{"type":"LineString","coordinates":[[95.75809551700007,30.932666082000026],[95.81489799300005,30.98625452500005],[95.83066077100005,30.987574443000028],[95.84530962000008,30.97384114600004],[95.85329019600005,30.980526587000043]]}},{"type":"Feature","properties":{"name":"怒江","level":"river_l2"},"geometry":{"type":"LineString","coordinates":[[95.26648154600008,31.16175277600007],[95.27245553000006,31.145890821000023],[95.30063931900008,31.15998460900005],[95.31624950200006,31.144797873000073],[95.34595157900009,31.137029021000046],[95.38458030600003,31.144238994000034],[95.38872318100005,31.12386794100007],[95.40535573500006,31.122973367000043],[95.39554405000007,31.107239210000046],[95.41753259300003,31.115336127000035],[95.44454904600008,31.103802063000046],[95.48305567900007,31.031896819000053],[95.48939587400008,30.979109469000036],[95.57784594500004,30.921765320000077],[95.59717175200007,30.928353482000034],[95.60584661900003,30.923745197000073],[95.62796486800005,30.94235380600003],[95.67165965200007,30.941142596000077],[95.69032931800007,30.962036273000024],[95.71228734200008,30.968578657000023],[95.75809551700007,30.932666082000026]]}},{"type":"Feature","properties":{"name":"嘉陵江","level":"river_l2"},"geometry":{"type":"LineString","coordinates":[[106.28459263100007,31.15019813400005],[106.29058946100008,31.13810901000005],[106.30894629600004,31.137971630000038],[106.30791624400007,31.12217263000008],[106.34118134700009,31.126437493000026],[106.37147842600007,31.099850152000045],[106.34862007600009,31.086481236000054],[106.34761292600007,31.074443630000076],[106.37295848300005,31.074994804000028],[106.39810560800004,31.05747907500006],[106.39970014900007,31.043913634000035],[106.38993420200006,31.029690169000048],[106.33486368600006,31.02635808100007],[106.32335819000008,31.012140342000066],[106.33113273300006,31.004552681000064],[106.36606107400007,31.00428364800007],[106.37551411000004,30.99065524300005],[106.36751060600005,30.977166123000075],[106.34122658400008,30.96984367700003],[106.31024289000004,31.010732714000028],[106.29377824200009,31.02365349100006],[106.28067820700005,31.023750802000052],[106.26481620500005,31.00955977800004],[106.27830518800005,30.962033030000043],[106.27037800100004,30.954561760000047],[106.22162485600006,30.967700062000063],[106.19972785900006,30.960320382000077],[106.18618514000008,30.91147187300004],[106.17470252900006,30.895737750000023],[106.17439723000007,30.861858492000067],[106.15083699900003,30.86050048100003],[106.13414337900008,30.848567821000074],[106.12251573500004,30.811737841000024],[106.10327383900005,30.803572305000046],[106.08735075200008,30.774303273000044]]}},{"type":"Feature","properties":{"name":"雅砻江","level":"river_l2"},"geometry":{"type":"LineString","coordinates":[[100.21843551200004,31.36496397800005],[100.22791148000005,31.35926846500007],[100.22350154000009,31.344482292000066],[100.23603697400006,31.33414415900006],[100.23692198100008,31.31764322600003],[100.27458929100004,31.269673934000025],[100.28350826500008,31.244982607000054],[100.27925092700008,31.23614562000006],[100.30518389600007,31.189791912000032],[100.30355112600006,31.170138046000034],[100.31896287300003,31.13042020100005],[100.31244705400007,31.052256793000026],[100.32318187300007,31.026606041000036],[100.32187714900004,30.99068585300006],[100.31362189500004,30.981248040000025],[100.32386080800006,30.966828070000076],[100.29229702400005,30.91531300200006],[100.25105132000004,30.89697147800007],[100.19888002900007,30.887550884000063],[100.16973487800004,30.86343182400003],[100.15126353800008,30.829926427000032],[100.17067315400004,30.76082505200003],[100.19004468500003,30.730192156000044],[100.19797939800009,30.680103775000077],[100.22173033300004,30.654866913000035]]}},{"type":"Feature","properties":{"name":"汉江(汉水)","level":"river_l2"},"geometry":{"type":"LineString","coordinates":[[113.946459591,30.69211976300005],[113.94329320400004,30.673432981000076],[113.92415802900007,30.64777281100004],[113.9381277540001,30.635090452000043],[113.93279463600004,30.629785996000066],[113.89836227,30.632223794000026],[113.89225850700007,30.616852085000062],[113.86314400100002,30.624586711000063],[113.86327383200012,30.647979061000058],[113.85614782100004,30.65420675000007],[113.83706611500008,30.639771627000073]]}},{"type":"Feature","properties":{"name":"汉江(汉水)","level":"river_l2"},"geometry":{"type":"LineString","coordinates":[[113.946459591,30.69211976300005],[113.96291660700001,30.68702693700004],[113.96777647500005,30.653305997000075],[113.98857457300005,30.619329400000026],[114.01428628500003,30.612838413000077]]}},{"type":"Feature","properties":{"name":"汉江(汉水)","level":"river_l2"},"geometry":{"type":"LineString","coordinates":[[114.01428628500003,30.612838413000077],[114.03765577800004,30.618840903000034],[114.04009718200007,30.60671936700004],[114.0210383860001,30.595893045000025],[114.04708579300006,30.58843119000005],[114.06560291000005,30.603142887000047],[114.1224281320001,30.59827878200008],[114.13309425200009,30.58777850200005],[114.13623769900005,30.597172433000026],[114.16540570900008,30.607088882000028],[114.17448483400005,30.58971815600006],[114.18830200700006,30.58448800800005],[114.20369092600004,30.587955597000075],[114.22256648500002,30.575864511000077],[114.26080598400006,30.567469885000037],[114.2910421040001,30.571641242000055]]}},{"type":"Feature","properties":{"name":"汉江(汉水)","level":"river_l2"},"geometry":{"type":"LineString","coordinates":[[114.2871586120001,30.56681935200004],[114.25258125900007,30.564250229000038],[114.20158512900002,30.582916255000043],[114.18752375700001,30.578990885000053],[114.16838877600003,30.588100706000034],[114.16622204400005,30.601370495000026],[114.14314248000005,30.596277834000034],[114.13655804400003,30.57954996600006],[114.11713316800001,30.594143562000056],[114.06879968800001,30.598803540000063],[114.04710864900005,30.582482010000035],[114.01332486400008,30.596324150000044],[114.03262785200002,30.61516155000004],[114.01428628500003,30.612838413000077]]}},{"type":"Feature","properties":{"name":"汉江(汉水)","level":"river_l2"},"geometry":{"type":"LineString","coordinates":[[112.5754232910001,31.218537119000075],[112.5690600260001,31.185012681000046],[112.55066498800011,31.17198711800006],[112.5498332090001,31.14312625200006],[112.5607281990001,31.127701066000043],[112.58893474800004,31.11111802100004],[112.59559527700003,31.08961778200006],[112.58209078900006,31.07187520000008],[112.56860926500008,31.068344655000033],[112.52467814800002,31.09245436200007],[112.51021241700005,31.091237497000066],[112.51221879800005,31.052212085000065],[112.53610684000012,31.006409595000036],[112.54038690100003,30.97855581600004],[112.57571175200007,30.940001403000053],[112.55964354600007,30.88885644100003],[112.60048466500007,30.862982402000057],[112.66517597400002,30.848579374000053],[112.678176699,30.82666329700004],[112.67149313100003,30.819283592000033],[112.62454818700007,30.817151301000024],[112.6275999720001,30.806521349000036],[112.64836004400001,30.79287763600007],[112.64911526000003,30.77084525600003],[112.62266331500007,30.747735300000045],[112.59335769100005,30.684114085000033],[112.59466990900012,30.66986389400006],[112.6224491590001,30.645710380000025],[112.68567575700001,30.665039728000067],[112.71106704900001,30.661800865000032],[112.71508008300009,30.63554739500006],[112.68111300500004,30.616559360000053],[112.68900931700011,30.55373910900005],[112.73314669800004,30.581834941000068],[112.77086747500005,30.588550750000024],[112.7972276480001,30.570132794000074],[112.807382415,30.525812408000036],[112.85239690300011,30.496745365000038],[112.86790026300002,30.499270702000047],[112.87873435600011,30.511102262000065],[112.8684498990001,30.557957583000075],[112.88818778600012,30.579614125000035],[112.93214949000003,30.57004643500005],[112.95306201500011,30.530204583000057],[112.9946739070001,30.540864879000026],[113.04959163000001,30.51509759700008],[113.07051961700006,30.514220111000043]]}},{"type":"Feature","properties":{"name":"汉江(汉水)","level":"river_l2"},"geometry":{"type":"LineString","coordinates":[[112.42164245300012,31.485972364000077],[112.42602178000004,31.473940468000023],[112.43866399900003,31.46788251600003],[112.4529920650001,31.406315403000065],[112.43292610000003,31.385295933000066],[112.3835548510001,31.367549676000067],[112.39055096800007,31.324278372000038],[112.4070384480001,31.30712315200003],[112.46285648700007,31.282746363000058],[112.48652322600003,31.228715351000062],[112.5537552190001,31.217976428000043],[112.56805303700003,31.207506653000053],[112.54691885300008,31.171857430000045],[112.54300469400005,31.138954795000075],[112.59025459300005,31.09664085000003],[112.58907958500004,31.087273613000036],[112.57984007800007,31.07583306400005],[112.56360429200004,31.076962308000077],[112.52347276300009,31.110137872000053],[112.5113035280001,31.10610758300004],[112.50191137000002,31.083434355000065],[112.50284205000003,31.05842070800003],[112.5274928980001,30.98302871900006],[112.56573218200003,30.929957073000026],[112.54910708600005,30.892350839000073],[112.58675136400007,30.859228692000045],[112.66095677300007,30.84250813600005],[112.67143215700003,30.83143754500003],[112.6634057770001,30.823638218000042],[112.63902921900001,30.826838930000065],[112.61822325700007,30.81893093000008],[112.64377461000004,30.78429053900004],[112.61501846600004,30.749778155000058],[112.58279829900005,30.67913008900007],[112.58497266800009,30.666232242000035],[112.61584952500004,30.639930984000046],[112.660154637,30.644432277000078],[112.68659892000005,30.661575886000037],[112.70526089500004,30.656233187000055],[112.70998353900006,30.641195227000026],[112.67246105400011,30.619552104000036],[112.68146362700008,30.550740706000056],[112.69427369900006,30.545563972000025],[112.7168192690001,30.565334087000053],[112.76276482200001,30.585115554000026],[112.79355778100012,30.56450788500007],[112.80013428500001,30.523729555000045],[112.84758258800002,30.489321783000037]]}},{"type":"Feature","properties":{"name":"汉江(汉水)","level":"river_l2"},"geometry":{"type":"LineString","coordinates":[[113.07051961700006,30.514220111000043],[113.04721879500005,30.50943835100003],[113.00254761200006,30.532825157000048],[112.95541189300002,30.522796232000076],[112.92937226600009,30.560499909000043],[112.894596621,30.57392051100004],[112.87456880700006,30.55204271200006],[112.8848381030001,30.52399244700007],[112.8823507730001,30.508473851000076],[112.86427614800004,30.48860072100007],[112.84758258800002,30.489321783000037]]}},{"type":"Feature","properties":{"name":"怒江","level":"river_l2"},"geometry":{"type":"LineString","coordinates":[[95.85329019600005,30.980526587000043],[95.86112580600008,30.97817475900007],[95.86511608500007,30.954770936000045],[95.89925096700006,30.95661538400003],[95.90518680000008,30.945243452000057],[95.96453754500004,30.93922367500005],[95.98792992900007,30.92686751900004],[96.04961533600004,30.924294415000077],[96.10870666500006,30.89748395500004],[96.17046073800003,30.896936511000035],[96.20334435500007,30.878757052000026],[96.22869755400006,30.881766923000043],[96.26732627100006,30.871259033000058],[96.29496070500005,30.83391400000005],[96.31424835900003,30.828077343000075],[96.31595738300007,30.809957024000028],[96.34347739300006,30.815194740000038],[96.34901647800007,30.79036417900005],[96.37377455500007,30.768852491000075],[96.39891410400008,30.730155111000045],[96.39462625000004,30.70641749500004],[96.41222774700003,30.675635835000037],[96.41796518300004,30.61576248500006],[96.43407889700006,30.56851613300006],[96.47770498300008,30.51869096100006],[96.49791580000004,30.478000347000034],[96.51652441500005,30.469397956000023],[96.52077410200008,30.459010243000023]]}},{"type":"Feature","properties":{"name":"岷江","level":"river_l2"},"geometry":{"type":"LineString","coordinates":[[103.60657680200006,31.007250180000028],[103.60477608500008,30.958287188000043],[103.62111097900004,30.920848680000063],[103.63363098000008,30.850229024000043],[103.62955658700008,30.78090452500004],[103.64171042100008,30.730606324000064],[103.63606444000004,30.703427772000055],[103.65840370100005,30.614851818000034],[103.74566333300004,30.54061176600004],[103.78594745800007,30.462766817000045],[103.82842903900007,30.43453719100006]]}},{"type":"Feature","properties":{"name":"岷江","level":"river_l2"},"geometry":{"type":"LineString","coordinates":[[103.85661271500004,30.39857689400003],[103.87361912700004,30.405012433000024],[103.86814111800004,30.423779367000066],[103.88935914900009,30.458650439000053],[103.89797315900006,30.527269190000027],[103.94117204700007,30.54579760200005],[103.95997909200008,30.56858147400004],[103.96570900000006,30.595748582000056],[103.95373065400008,30.64683072400004],[103.89314404400005,30.686855759000025],[103.85559876200006,30.693979978000073],[103.79305152100005,30.801706323000076],[103.72791003500004,30.843108508000057],[103.66298227300007,30.921375040000044],[103.62704698200008,30.984170582000047]]}},{"type":"Feature","properties":{"name":"岷江","level":"river_l2"},"geometry":{"type":"LineString","coordinates":[[103.82842903900007,30.43453719100006],[103.83534140200004,30.41136797100006],[103.85661271500004,30.39857689400003]]}},{"type":"Feature","properties":{"name":"汉江(汉水)","level":"river_l2"},"geometry":{"type":"LineString","coordinates":[[113.83706611500008,30.639771627000073],[113.84537464100003,30.62019785700005],[113.867256225,30.601036029000056],[113.85822269500011,30.585544165000044],[113.82753634900007,30.567181753000057],[113.81444397900009,30.571103421000032],[113.82208128600007,30.58550235000007],[113.84176565300004,30.58592380500005],[113.83460157600007,30.60706163900005],[113.8197925610001,30.613800543000025],[113.78936565000004,30.600693016000037],[113.75516991400002,30.62372882300008],[113.7288934930001,30.608620416000065],[113.70858351700008,30.61164563500006],[113.68153645000007,30.58600838500007],[113.64494481500003,30.57148177600004],[113.64647057900004,30.542756329000042],[113.61467015200003,30.49479679700005],[113.57336345800002,30.486154535000026],[113.54364599300004,30.45301358200004],[113.53987684600008,30.429747134000024],[113.51207453500001,30.419700970000065],[113.48921604100008,30.37919933300003],[113.46842546300002,30.393903562000048],[113.45495150800002,30.37807982700008],[113.4383877250001,30.39240255800007],[113.35169277900002,30.42742658000003],[113.241048363,30.432893628000045],[113.20643282600008,30.42414833600003],[113.179386023,30.44818168200004],[113.1542540370001,30.431780049000054],[113.11745668000003,30.46986715500003],[113.11876143600011,30.487941672000034],[113.06810083500011,30.476228528000036],[113.07051961700006,30.514220111000043]]}},{"type":"Feature","properties":{"name":"岷江","level":"river_l2"},"geometry":{"type":"LineString","coordinates":[[103.85661271500004,30.39857689400003],[103.86878185200004,30.36568563900005]]}},{"type":"Feature","properties":{"name":"岷江","level":"river_l2"},"geometry":{"type":"LineString","coordinates":[[103.86878185200004,30.36568563900005],[103.86767547500006,30.334160109000038],[103.90175671800006,30.253196570000057],[103.90473219300009,30.226117185000078]]}},{"type":"Feature","properties":{"name":"岷江","level":"river_l2"},"geometry":{"type":"LineString","coordinates":[[103.90473219300009,30.226117185000078],[103.89964322600008,30.218529552000064]]}},{"type":"Feature","properties":{"name":"雅砻江","level":"river_l2"},"geometry":{"type":"LineString","coordinates":[[101.00731228200004,30.21201298400007],[101.01694082700004,30.20029580100004]]}},{"type":"Feature","properties":{"name":"雅砻江","level":"river_l2"},"geometry":{"type":"LineString","coordinates":[[100.22173033300004,30.654866913000035],[100.30188690400007,30.588323289000073],[100.33486197300005,30.525533489000054],[100.42175557400009,30.51280910400004],[100.42792025900008,30.488621334000072],[100.45113712300008,30.466558388000067],[100.45953728900008,30.446208308000053],[100.49638830200007,30.446725167000068],[100.52577754100008,30.43709847300005],[100.56143834300008,30.441977562000034],[100.59368103700007,30.421732358000042],[100.61090107900009,30.43047586600005],[100.61650115700007,30.39781541700006],[100.65355047900005,30.363466878000054],[100.69069139100009,30.34903161300008],[100.72908348400006,30.291948750000074],[100.73275329600006,30.27467912900005],[100.75603883400004,30.25874275600006],[100.76483572000006,30.22851042600007],[100.81499273500003,30.210039081000048],[100.81957046300005,30.188617045000058],[100.84619780600008,30.194108420000077],[100.85704709700008,30.18695183400007],[100.86312792200005,30.20214046600006],[100.88332346000004,30.182135609000056],[100.89100649100004,30.190408001000037],[100.90541881400009,30.18658745600004],[100.91509318000004,30.19893024000004],[100.93917984100005,30.19187091300006],[100.95948988400005,30.20575486300004],[101.00731228200004,30.21201298400007]]}},{"type":"Feature","properties":{"name":"怒江","level":"river_l2"},"geometry":{"type":"LineString","coordinates":[[96.52077410200008,30.459010243000023],[96.53111983700006,30.427662088000034],[96.58485519700008,30.456387539000048],[96.63978839800006,30.468804703000046],[96.68407828100004,30.45942789600008],[96.70168741200007,30.44395122800006],[96.68164438700006,30.37794559100007],[96.69888728900008,30.349189591000027],[96.70386940600008,30.317707919000043],[96.72799419900008,30.26040573800003],[96.76735536000007,30.267823606000036],[96.82035825000008,30.252034108000032],[96.87052293800008,30.25781351300003],[96.91312666200008,30.230530014000067],[96.91638448900005,30.206178211000065],[96.94374427200006,30.210374482000077],[96.96490116800004,30.192257968000035],[97.02983677300006,30.188937148000036],[97.07247103900005,30.199855095000032],[97.12268909400007,30.147813513000074],[97.16952725600004,30.132941474000063],[97.18815874700005,30.112101190000033]]}},{"type":"Feature","properties":{"name":"嘉陵江","level":"river_l2"},"geometry":{"type":"LineString","coordinates":[[106.08735075200008,30.774303273000044],[106.09066193300004,30.753953202000048],[106.07486096500008,30.73823434800005],[106.10785897900007,30.727499412000043],[106.11728911700004,30.710878295000043],[106.11622089000008,30.686036305000073],[106.10661520200006,30.682328341000073],[106.07721077700006,30.705844763000073],[106.05516872900006,30.671332300000074],[106.06812375800007,30.658459218000075],[106.10218237100008,30.67331969600008],[106.11256623800006,30.664976697000043],[106.11660981400007,30.630313486000034],[106.10954475400007,30.616805288000023],[106.06511753200004,30.609532477000073],[106.07343364600007,30.562047704000065],[106.10646220900009,30.561103458000048],[106.08712870500005,30.536368328000037],[106.09821443300007,30.509193555000024],[106.10691982100008,30.511402304000057],[106.12716890300004,30.543658316000062],[106.15066046500004,30.545018235000043],[106.16444711800006,30.53137646700003],[106.13991022800008,30.508188252000025],[106.14050523500003,30.477311240000063],[106.13099113100009,30.481889026000033],[106.12764178400005,30.496968948000074],[106.11724263800005,30.499292189000073],[106.09802362100004,30.487359534000063],[106.09443002700004,30.47231968400007],[106.10476047900005,30.46171641600006],[106.13163956400007,30.456282163000026],[106.14272530400007,30.432872601000042],[106.16281410100004,30.44629684100005],[106.14819582800004,30.462202696000077],[106.17339642200005,30.463549259000047],[106.18455086100005,30.44992084900008],[106.18410055200007,30.400978843000075],[106.19798643200005,30.400133830000073],[106.20868323900004,30.430183002000035],[106.21911291500004,30.43161924900005],[106.22727641400007,30.37734412800006],[106.24980662900003,30.37417397100006],[106.24879184200006,30.359120763000078],[106.27824973700007,30.355145666000055],[106.24948607900006,30.341795836000074],[106.25281253900005,30.327465523000058],[106.27268763700005,30.319791998000028],[106.27258842000003,30.31000130800004],[106.25685613100006,30.297313315000054],[106.26608785400003,30.26712485300004],[106.25565817100005,30.263435965000042],[106.23239555400005,30.278660899000045],[106.23302109700006,30.253052129000025],[106.21635034000008,30.232082201000026],[106.22057710200005,30.220004526000025],[106.20469980000007,30.19149463900004],[106.20631722900004,30.177175774000034],[106.23922371900005,30.17770213600005],[106.24435842400004,30.17164230900005],[106.21206985100008,30.14626060100005],[106.21195536500005,30.133460032000073],[106.22229346300009,30.128117376000034],[106.26491250600009,30.14890222100007],[106.27008537100005,30.14660569700004],[106.26379850200004,30.124058323000042],[106.29942880200008,30.137352821000036],[106.27492242700004,30.11193103900007],[106.27220624600005,30.099145735000036],[106.32133321500004,30.08146018900004],[106.30719546100005,30.05219687500005],[106.32346935600003,30.036258590000045]]}},{"type":"Feature","properties":{"name":"嘉陵江","level":"river_l2"},"geometry":{"type":"LineString","coordinates":[[106.27457106700007,29.98993175000004],[106.28084267300005,30.011727608000058],[106.31469527400009,30.025029741000026],[106.32346935600003,30.036258590000045]]}},{"type":"Feature","properties":{"name":"岷江","level":"river_l2"},"geometry":{"type":"LineString","coordinates":[[103.89964322600008,30.218529552000064],[103.88697801400008,30.19429604100003],[103.88909897200006,30.166453696000076],[103.87471710000005,30.142199207000033],[103.87866151800006,30.108352359000037],[103.89518722900004,30.101752718000057],[103.89968103700005,30.089751338000042],[103.89034236400005,30.07684778500004],[103.85684071700007,30.059912033000046],[103.85114133800005,30.03574717400005],[103.82974025200008,30.02044604100007],[103.83555389900005,29.97682947900006],[103.81637294400008,29.928413943000066],[103.81745631100006,29.914116059000037],[103.85589418900008,29.882916617000035],[103.86155527200003,29.849840355000026],[103.84818812200007,29.818814588000066],[103.84781418200004,29.784162824000077],[103.82323914300008,29.75376079800003],[103.80610302800005,29.746033948000047]]}},{"type":"Feature","properties":{"name":"岷江","level":"river_l2"},"geometry":{"type":"LineString","coordinates":[[103.80610302800005,29.746033948000047],[103.81013914000005,29.765661102000024],[103.83300514300004,29.79454293200007],[103.83414968800008,29.835223991000078],[103.80509639500008,29.932049472000074],[103.81431300800006,29.950984229000028],[103.82112642000004,30.01808851000004],[103.84503003300006,30.03944754500003],[103.85500963100009,30.06742338400005],[103.88756522100005,30.089619752000033],[103.87349626800005,30.10603487700007],[103.86692727100007,30.14211338900003],[103.88085145200006,30.198747928000046],[103.89964322600008,30.218529552000064]]}},{"type":"Feature","properties":{"name":"雅砻江","level":"river_l2"},"geometry":{"type":"LineString","coordinates":[[101.01694082700004,30.20029580100004],[101.01914572100009,30.165872918000048],[100.99952992700008,30.126551857000038],[101.01111927400007,30.110657462000063],[101.03757111400006,30.104200871000046],[101.01056991400009,30.095094972000027],[101.00767064900003,30.087614146000078],[101.01647515500008,30.05324084600005],[101.01874863900008,29.97551803400006],[101.03377891300005,29.945548916000064],[101.06672351900005,29.922642883000037],[101.07684793500005,29.881809211000075],[101.09692138300005,29.853755118000038],[101.09064975600006,29.803989106000074],[101.09911857000009,29.776030398000046],[101.08871935600007,29.743104842000037]]}},{"type":"Feature","properties":{"name":"岷江","level":"river_l2"},"geometry":{"type":"LineString","coordinates":[[103.80610302800005,29.746033948000047],[103.78547256100006,29.741275021000035],[103.74729405300008,29.757396452000023],[103.73876413800008,29.751269895000064],[103.73900061600006,29.735455628000068],[103.76528454100009,29.708654678000073],[103.75346623900003,29.691945863000058],[103.78341248000004,29.706608001000063],[103.79632177600007,29.707510177000074],[103.80249410400006,29.69854347100005],[103.75064318300008,29.651240011000027],[103.74753024900008,29.62936021400003],[103.75651786200007,29.604613568000048],[103.77049526700006,29.591221675000043]]}},{"type":"Feature","properties":{"name":"嘉陵江","level":"river_l2"},"geometry":{"type":"LineString","coordinates":[[106.27457106700007,29.98993175000004],[106.28916646900007,29.980036116000065],[106.29712420300007,29.99729807800003],[106.30579907100008,29.999491568000053],[106.35663508100004,29.984791100000052],[106.33901822200005,29.954051466000067],[106.38365895500004,29.928089717000034],[106.40313722200005,29.893289134000042],[106.39855938500006,29.870732218000057],[106.45417906300008,29.828088311000045],[106.48304935900006,29.78942521600004],[106.51475030800003,29.771817916000032],[106.53073422200004,29.739287148000074],[106.53144373600009,29.72723046300007],[106.50947799700003,29.694293514000037],[106.46907927100006,29.70293986400003],[106.45428543000008,29.69101673600005],[106.46508884100007,29.657785965000073],[106.45365963100005,29.63830379700005],[106.45473522900005,29.58406874700006],[106.48976266400007,29.56041497800004],[106.57857129500007,29.573142845000064]]}},{"type":"Feature","properties":{"name":"岷江","level":"river_l2"},"geometry":{"type":"LineString","coordinates":[[103.76223231400007,29.555391152000027],[103.77049526700006,29.591221675000043]]}},{"type":"Feature","properties":{"name":"岷江","level":"river_l2"},"geometry":{"type":"LineString","coordinates":[[103.77080788400008,29.512898043000064],[103.76401752200007,29.50754588700005],[103.76552058800007,29.52111895400003],[103.76900731200004,29.518900639000037],[103.77080788400008,29.512898043000064]]}},{"type":"Feature","properties":{"name":"岷江","level":"river_l2"},"geometry":{"type":"LineString","coordinates":[[103.78140536200004,29.49494555900003],[103.78132144900007,29.500217617000033],[103.77879604000009,29.496421893000047],[103.78140536200004,29.49494555900003]]}},{"type":"Feature","properties":{"name":"岷江","level":"river_l2"},"geometry":{"type":"LineString","coordinates":[[103.78954608300006,29.467927200000076],[103.78446475300007,29.46259602200007],[103.77912405900008,29.47458405100008],[103.78425115800007,29.476150018000055],[103.78954608300006,29.467927200000076]]}},{"type":"Feature","properties":{"name":"雅砻江","level":"river_l2"},"geometry":{"type":"LineString","coordinates":[[101.08871935600007,29.743104842000037],[101.07655007700004,29.712059987000032],[101.09386156200009,29.659339376000048],[101.08266886900009,29.625978934000045],[101.13025461300003,29.560711393000076],[101.12422718600004,29.539804369000024],[101.13036134300006,29.513285753000048],[101.15784309300005,29.460492647000024],[101.14853490200005,29.421125793000044]]}},{"type":"Feature","properties":{"name":"岷江","level":"river_l2"},"geometry":{"type":"LineString","coordinates":[[103.85795273600007,29.31205039500003],[103.86661995400004,29.306873691000078],[103.85262730300008,29.32479375500003],[103.85795273600007,29.31205039500003]]}},{"type":"Feature","properties":{"name":"岷江","level":"river_l2"},"geometry":{"type":"LineString","coordinates":[[103.85995927300007,29.29249189500007],[103.87420380600008,29.316750201000048],[103.82628233000008,29.346597314000064],[103.80569774100007,29.381012600000076],[103.80152442700006,29.41308365900005],[103.78661622800007,29.43324682900004],[103.79554295700007,29.469502702000057],[103.77056377800005,29.529461919000028],[103.77049526700006,29.591221675000043]]}},{"type":"Feature","properties":{"name":"岷江","level":"river_l2"},"geometry":{"type":"LineString","coordinates":[[103.85995927300007,29.29249189500007],[103.84275460400005,29.32905872400005],[103.81734806400004,29.347327866000057],[103.80118100600004,29.377682286000038],[103.79465778200006,29.41300546800005],[103.77978772500006,29.430908368000075],[103.78459443300005,29.45356066000005],[103.77408087000003,29.46699260200006],[103.77630114400006,29.49036589700006],[103.75977545000006,29.50297385300007],[103.75691439400003,29.521771302000047],[103.76366665600005,29.545947604000048]]}},{"type":"Feature","properties":{"name":"岷江","level":"river_l2"},"geometry":{"type":"LineString","coordinates":[[103.85995927300007,29.29249189500007],[103.84991866500008,29.273549509000077],[103.85354269400005,29.26003365400004],[103.91641059800008,29.243399084000032],[103.97190060300005,29.198792483000034],[103.97231252200004,29.167165857000043],[103.98725884500004,29.137946343000067]]}},{"type":"Feature","properties":{"name":"怒江","level":"river_l2"},"geometry":{"type":"LineString","coordinates":[[97.18815874700005,30.112101190000033],[97.28160617100008,30.069012927000074],[97.33208360100008,29.982058256000073],[97.34623648100006,29.923506728000064],[97.37447364700006,29.900327962000063],[97.38465152500004,29.873717791000047],[97.41830572700007,29.87123814800003],[97.41026408100004,29.82035820400006],[97.42979586200005,29.798083552000037],[97.44655806800006,29.741283017000057],[97.43540354800007,29.699652067000045],[97.45736153400009,29.664477653000063],[97.47180438200007,29.663865368000074],[97.47483332800005,29.652556380000078],[97.50202524900004,29.647934728000052],[97.49384629600007,29.63188585200004],[97.52177062800007,29.588063273000046],[97.56626648100007,29.560274306000053],[97.57645195200007,29.49148956700003],[97.64798713600004,29.46544585500004],[97.66219347800006,29.480855747000078],[97.68702022000008,29.477634129000023],[97.70074586900006,29.45799741600007],[97.76078321600005,29.41342902100007],[97.80706440100005,29.395125561000043],[97.83727764900004,29.39629859300004],[97.85912117500004,29.349824727000055],[97.89020419400003,29.346606919000067],[97.90012266500008,29.32500176900004],[97.89684954800003,29.30791526400003],[97.91355075100006,29.29916409200007],[97.91436710200009,29.279662813000073],[97.94217701000008,29.26690608900003],[97.94100203000005,29.24334204400003],[97.95923677700006,29.227434299000038],[97.95839751300008,29.21921148900003],[97.93712616000005,29.210923842000057],[97.93981940100008,29.19938405700003],[97.97273349600005,29.164011263000077],[97.99747626700008,29.114214700000048],[98.03719597700007,29.086633638000023],[98.04085051100009,29.033817672000055],[98.08515563500004,29.030367151000064],[98.09492913400004,29.00049913500004],[98.08625424600007,28.973049717000038],[98.12758376800008,28.90987080900004],[98.14526155900006,28.901514468000073],[98.14945017100007,28.856928941000035]]}},{"type":"Feature","properties":{"name":"岷江","level":"river_l2"},"geometry":{"type":"LineString","coordinates":[[103.98725884500004,29.137946343000067],[104.00126673900007,29.113989351000043],[104.04669340500004,29.113684079000052],[104.08484895900006,29.074889363000068],[104.13113013400005,29.072302836000063],[104.17437463600004,29.034282516000076],[104.24218651700005,29.017535396000028],[104.27663412700008,28.996727484000075],[104.29235103100007,28.96522099300006],[104.27239946500003,28.906324287000075],[104.31910775500006,28.849455016000036],[104.36371800000006,28.83020924500005]]}},{"type":"Feature","properties":{"name":"岷江","level":"river_l2"},"geometry":{"type":"LineString","coordinates":[[104.36371800000006,28.83020924500005],[104.42469370200007,28.794494936000035],[104.48206064500005,28.776046433000033],[104.51611923000007,28.78906247200007],[104.53471264400008,28.815531446000023],[104.54664535400008,28.81936911400004],[104.57492826400005,28.80748213000004],[104.58786802100008,28.787977015000024],[104.63664403600006,28.772427778000065]]}},{"type":"Feature","properties":{"name":"怒江","level":"river_l2"},"geometry":{"type":"LineString","coordinates":[[98.14945017100007,28.856928941000035],[98.17226268000007,28.84061300700006],[98.17757285800008,28.81088232700006],[98.25732512700006,28.803010420000078],[98.27692555200008,28.766619081000044],[98.30834425600005,28.751136674000065],[98.35788324800006,28.708460423000076],[98.36823658600008,28.670300928000074],[98.36135462000004,28.606834036000066],[98.36883925600006,28.59924638500007]]}},{"type":"Feature","properties":{"name":"雅砻江","level":"river_l2"},"geometry":{"type":"LineString","coordinates":[[101.14853490200005,29.421125793000044],[101.07256682300005,29.37310896200006],[101.07001087000003,29.35302020900008],[101.03483077600004,29.366146995000065],[101.01132395000008,29.36176000200004],[101.01032446100004,29.35560100300006],[101.02137972500009,29.334447901000033],[101.04471107500007,29.341818071000034],[101.05237882000006,29.336334281000063],[101.04463471000008,29.302643852000074],[101.05463706300009,29.26708414500007],[101.04297896600008,29.233735146000072],[101.05755149700008,29.223704100000077],[101.06380768400004,29.17152520600007],[101.09361652900009,29.15601989700008],[101.11757344900008,29.131057696000028],[101.12301333100004,29.115092735000076],[101.11725292700004,29.08570540200003],[101.15941402100003,29.022867897000026],[101.14845024000005,29.00187886200007],[101.15656043700005,28.959034790000032],[101.18775786400005,28.940944948000038],[101.18379041700007,28.911050243000034],[101.19132844100005,28.89616868400003],[101.17349797400004,28.85086982000007],[101.17198724100007,28.809679478000078],[101.17806799100003,28.783385934000023],[101.20558792300005,28.751656267000044],[101.20184937500005,28.727941544000032],[101.21113455200003,28.69719993500007],[101.19997999800006,28.655834124000023],[101.23538119600005,28.557206139000073],[101.22318904000008,28.52984828900003],[101.26779917900006,28.436206239000057],[101.27136979500006,28.413651207000044],[101.29303018800005,28.381847158000028],[101.32372407700007,28.376111559000037],[101.35956791300003,28.34913321700003],[101.36554187000007,28.33566313700004],[101.36008665500003,28.30834342600008],[101.36982200100005,28.29132366600004]]}},{"type":"Feature","properties":{"name":"雅砻江","level":"river_l2"},"geometry":{"type":"LineString","coordinates":[[101.54261686800004,28.057521730000076],[101.57936116500008,28.12780181000005],[101.63958937800004,28.194329997000068],[101.64959204600007,28.337177220000058],[101.65958685600003,28.35288466000003],[101.68466538400008,28.362824096000054],[101.72842886900008,28.403293379000047],[101.72999299600008,28.43485324900007],[101.74499283000006,28.45153536400005],[101.75624656800005,28.49033380900005],[101.75056259400009,28.53451306000005]]}},{"type":"Feature","properties":{"name":"雅砻江","level":"river_l2"},"geometry":{"type":"LineString","coordinates":[[101.36982200100005,28.29132366600004],[101.38423428400006,28.26820212000007],[101.38392902700008,28.226294592000045],[101.36835693400008,28.185314083000037],[101.38205201300008,28.15053259000007],[101.45774523600005,28.104884544000072],[101.48164106700006,28.053739436000058],[101.54261686800004,28.057521730000076]]}},{"type":"Feature","properties":{"name":"怒江","level":"river_l2"},"geometry":{"type":"LineString","coordinates":[[98.36883925600006,28.59924638500007],[98.37857462400007,28.589524349000044],[98.37101366600007,28.57099012900005],[98.37283711200007,28.540683415000046],[98.39419996800007,28.498941811000066],[98.46336232100003,28.47479977000006],[98.45417623800006,28.43708090000007],[98.46504079000005,28.429830856000024],[98.45136089100004,28.414262651000058],[98.45504598000008,28.403365660000077],[98.46962615100006,28.398049719000028],[98.45402359000008,28.379801615000076],[98.46694811100008,28.34864991300003],[98.45239079400005,28.318453842000054],[98.46966422400004,28.321749819000047],[98.47379181600007,28.297319810000033],[98.49465877700004,28.287885783000036],[98.47735481100005,28.26603269000003],[98.47756079100009,28.24701016800003],[98.49064553800008,28.219976548000034],[98.46960306800008,28.201463319000027],[98.48564810400006,28.177077171000064],[98.48237497100007,28.143741506000026],[98.51467867600007,28.100452990000065],[98.58079681100008,28.078409092000072],[98.58464974900005,28.066129234000073],[98.60012258100005,28.058930686000053],[98.59404939500007,28.03898689400006],[98.63939975000005,28.022693829000048],[98.63392930500004,28.00479095700007],[98.64545000600003,28.002280806000044]]}},{"type":"Feature","properties":{"name":"伊洛瓦底江(独龙江、恩梅开江)","level":"river_l2"},"geometry":{"type":"LineString","coordinates":[[97.77914712300009,28.748743253000043],[97.75033008000008,28.725093393000066],[97.75707460100006,28.662610710000024],[97.81756971800007,28.624973812000064],[97.85594659400005,28.573994651000078],[97.86417126100008,28.515630048000048],[97.89466676200004,28.475385750000044],[97.90827031300006,28.432825877000028],[97.93270030000008,28.41980784200007],[97.98351347200008,28.417444536000062],[98.03370100200004,28.398824442000034],[98.07239071000004,28.37273687700008],[98.08436150600005,28.31024274500004],[98.10304638600007,28.284143749000066],[98.15022021200008,28.256886939000026],[98.16110764700005,28.24291902500005],[98.20748037600003,28.22983421400005],[98.21342381900007,28.20831108400006],[98.23936446500005,28.195747007000023],[98.25948370400005,28.16270506500007],[98.29210026100009,28.157848795000064],[98.30216368900005,28.134254224000074],[98.33110275300004,28.104905006000024],[98.32743289200005,28.081793017000052],[98.34314221400007,28.045140365000066],[98.31907843200008,28.036717295000074],[98.31543910200008,28.028027174000044],[98.32644860000005,28.00490182200008],[98.32483107900003,27.956043717000057],[98.34073111600009,27.892702695000025],[98.31858993700007,27.821573777000026],[98.34778074100007,27.753958256000033],[98.34845974700005,27.722798934000025],[98.31413412500007,27.68804990700005],[98.30974708700006,27.671209456000042],[98.28543154000005,27.672685803000036],[98.27950335200006,27.68904750300004],[98.25230377800005,27.650329166000063]]}},{"type":"Feature","properties":{"name":"雅砻江","level":"river_l2"},"geometry":{"type":"LineString","coordinates":[[101.75056259400009,28.53451306000005],[101.81257611700005,28.585572211000056],[101.86764665700008,28.61324280900004],[101.90394831000003,28.60992387600004],[101.92792054100005,28.616420451000067],[101.93965485100006,28.604785282000023],[101.93468791000004,28.569212245000074],[101.87179690100004,28.474712020000027],[101.86883646300004,28.394393238000077],[101.88753651100006,28.334407329000044],[101.88603344800003,28.317734732000076],[101.87623698300007,28.289207643000054],[101.86116849200005,28.27689920100005],[101.85936782800007,28.235035547000052],[101.81111048000008,28.179650388000027],[101.81217857000007,28.150060861000043],[101.79315031100003,28.13536244900007],[101.79016706300007,28.095375680000075],[101.76813270000008,28.058324429000038],[101.77970673800007,28.019449654000027],[101.85904697100005,28.010772769000027],[101.85849761700007,27.998618805000035],[101.82785708700004,27.975449638000043],[101.83385390600006,27.948509485000045],[101.86824050900003,27.93745031900005],[101.87390165500005,27.926555231000066],[101.86538698500004,27.90863711000003],[101.84243710700008,27.89172039500005],[101.84137657300005,27.881201075000035],[101.84583987800005,27.874000627000044],[101.88901578600007,27.86457609200005],[101.89183109000004,27.85374395200006],[101.87580125900007,27.83461464100003],[101.87942530300006,27.825369459000058],[101.90338225100004,27.821861712000043],[101.93651743400005,27.720969640000078],[101.95401209200008,27.709345908000046],[102.00010252600003,27.710288097000046],[102.01144006900006,27.684801376000053],[101.99856872400005,27.573208846000057],[101.96837817200009,27.454816452000046],[101.96985056300008,27.387384069000063],[101.93590633100007,27.314099828000053],[101.90812691500008,27.295233754000037],[101.88546694500008,27.266161166000074],[101.87802035300007,27.209240487000045],[101.86287554300009,27.18114447800008],[101.87644095500008,27.169612307000023],[101.87673083200008,27.14186342200003],[101.83272326600007,27.129988000000026],[101.81395441000006,27.10976002800004],[101.80380694600007,27.055641326000057],[101.77624113700006,27.022528866000073],[101.76546045900005,26.993181594000077],[101.69928122600004,26.953307446000053],[101.70065454300004,26.946629630000075]]}},{"type":"Feature","properties":{"name":"雅砻江","level":"river_l2"},"geometry":{"type":"LineString","coordinates":[[101.70065454300004,26.946629630000075],[101.70279834700005,26.879401337000047],[101.71981994300006,26.85313448100004],[101.73003596000007,26.841455444000076],[101.76927498600008,26.833053285000062],[101.80302830400007,26.810086211000055],[101.81396150100005,26.797466825000072],[101.82014143100008,26.769586322000066],[101.83390522700006,26.76699223600008],[101.86064692000008,26.732237428000076]]}},{"type":"Feature","properties":{"name":"雅砻江","level":"river_l2"},"geometry":{"type":"LineString","coordinates":[[101.86064692000008,26.732237428000076],[101.84783677000007,26.70316863900007],[101.82061429700008,26.670512047000045],[101.81955373100004,26.640035580000074],[101.80421818400004,26.611243368000032]]}},{"type":"Feature","properties":{"name":"礼社江","level":"river_l2"},"geometry":{"type":"LineString","coordinates":[[100.09702482900008,25.518784657000026],[100.11323772800006,25.517705051000064],[100.14406132700003,25.53069633700005],[100.15338469200003,25.52578476700006],[100.13569925900003,25.50922281100003],[100.16083113900004,25.491304650000075],[100.16862855800008,25.465537546000064],[100.19747602100006,25.42234439500004],[100.19086115100004,25.41645052900003],[100.20663149200004,25.382563607000066],[100.22308088400007,25.36220207200006],[100.22994752700004,25.36511657500006],[100.25041006000004,25.322234339000033],[100.25922224200008,25.31846721100004],[100.27014013000007,25.262383854000063],[100.27696862100004,25.262538346000042],[100.31883215000005,25.196011931000044],[100.33206944300008,25.147005034000074],[100.35578221000009,25.12494208800007],[100.38190594400004,25.114312109000025],[100.48180027100005,25.103914755000062],[100.49437382500008,25.083803094000075],[100.53727503500005,25.064673712000058],[100.56342168200007,25.07327606800004],[100.59352043200005,25.060032943000067],[100.61299112900008,25.029495414000053],[100.67696530300003,25.02013000000005],[100.72817512800003,24.988213384000062],[100.78635084700005,25.010302944000045],[100.80537146400007,25.03043555200003],[100.81378690800005,25.028255382000054],[100.84473251600008,24.994994070000075],[100.84967645000006,24.960521586000027],[100.88225482000007,24.948552601000074],[100.87706666300005,24.926848278000023],[100.89728508400003,24.915525916000036],[100.91220087800008,24.862549713000078],[100.93483024400007,24.84590951200005],[100.94793020900005,24.80488318500005],[100.96550117000004,24.801619600000038],[100.96133539900006,24.79435049500006],[100.97484739300006,24.776245419000077],[100.99414264000006,24.771116393000057],[101.01973990100004,24.740655152000045],[101.03453368700008,24.73719892300005],[101.05327195300003,24.71693656900004],[101.07609207500008,24.712883313000077],[101.07908285800005,24.698385146000078],[101.10696901800009,24.683463508000045],[101.12437969500007,24.63546943600005],[101.13841050500008,24.62054972100003],[101.15694279200005,24.616328618000068],[101.17308699100005,24.59403106900004],[101.18664478500006,24.592875168000035],[101.18540112700003,24.569278698000062],[101.21472164900007,24.552705247000063],[101.21962745500008,24.534502903000032],[101.25273990500006,24.531611243000043],[101.27075334800008,24.504682519000028],[101.27879494300004,24.504304844000046],[101.30988558200005,24.524368770000024],[101.31310530300004,24.546092169000076],[101.32973782900007,24.547616163000043],[101.32982172700008,24.52812442100003],[101.33984701700007,24.52724891200006],[101.37726251300006,24.491227579000054],[101.40897864300007,24.415637197000024]]}},{"type":"Feature","properties":{"name":"怒江","level":"river_l2"},"geometry":{"type":"LineString","coordinates":[[98.64545000600003,28.002280806000044],[98.65771074900005,27.971171068000046],[98.65023369900007,27.934058750000077],[98.67377102600005,27.93085048100005],[98.66447814100007,27.904963227000053],[98.68621484700009,27.868302940000035],[98.68727529800003,27.80507065100005],[98.67103181500005,27.750312963000056],[98.73480759000006,27.665053943000032],[98.73042817400005,27.642373028000065],[98.74538981400008,27.629303496000034],[98.76267086800004,27.630207591000044],[98.77736545300007,27.598573314000078],[98.80236764800009,27.581593600000076],[98.83147454300007,27.539169137000044],[98.82552342700006,27.51534378200006],[98.83475519000007,27.45941683500007],[98.81465116400005,27.44019023800007],[98.85550759700004,27.348470864000035],[98.85214292500007,27.332891206000056],[98.86961469500005,27.310864511000034],[98.86393061400008,27.286119788000065],[98.87008769200008,27.273736928000062],[98.89219064000008,27.26132544400008],[98.89499831800003,27.246422908000056],[98.88720079800004,27.18271758900005],[98.87664904200005,27.16898430300006],[98.88172267600004,27.118092901000068],[98.87220854600008,27.103665319000072],[98.87548159100004,27.050025352000034],[98.86417450400006,27.03468603300007],[98.87234577900006,27.005790791000038],[98.85869636300004,26.95056960100004],[98.86918704700008,26.930152760000055],[98.86607413600007,26.89783564700008],[98.87477186900009,26.88429689900005],[98.86425063600007,26.873310271000037],[98.87807546100004,26.85884833600005],[98.89032856900008,26.82490228900008],[98.88339324500004,26.809784225000044],[98.89906429000007,26.653871250000066],[98.91177515600003,26.602268380000055],[98.90407686700007,26.582564922000074],[98.90448879600007,26.513328129000058],[98.89860636800006,26.508065611000063],[98.90240588800003,26.48627926000006],[98.89650819100007,26.47207293300005],[98.90313067100004,26.456703081000057],[98.89340291200006,26.43998089400003],[98.89869780400005,26.388387567000052],[98.88919891000006,26.348282536000056],[98.86186201200007,26.312328026000046],[98.88044769400005,26.284787030000075],[98.87329111600008,26.27218864400004],[98.86682113000006,26.186218217000032],[98.85864981100008,26.17040967400004],[98.88256858400007,26.142859137000073],[98.86191523200006,26.120191585000043],[98.87104783600006,26.09060014000005],[98.85117270800004,26.073662424000076],[98.86159473300006,26.063101130000064],[98.85063097200003,26.03835259500005],[98.85391167600005,26.012209737000035],[98.84524443300006,25.995712622000042],[98.84265794900006,25.94458661500005],[98.82864997900003,25.920528561000026],[98.84490864700007,25.908813284000075],[98.84234507400004,25.880154568000023],[98.85908438500007,25.84596818400007],[98.86817119300008,25.796427219000066],[98.86484466000007,25.768230094000046],[98.87976047800004,25.715011653000033],[98.87491566600005,25.69873960800004],[98.89439399000008,25.650556705000042],[98.87509871500004,25.633849784000063],[98.87406871100006,25.625365660000057],[98.88774857200008,25.61250594300003],[98.87019281500005,25.56346283000005],[98.89220418100007,25.530640235000078],[98.89318074100004,25.49991198500004],[98.89081550300006,25.43479708900003],[98.87100138000005,25.380026049000037],[98.88764912600004,25.336207284000068],[98.88408608500004,25.31649237700003],[98.84079569900007,25.277575682000077],[98.85292675200009,25.265406447000032],[98.85314798200005,25.23514169500004],[98.84504533200004,25.218642672000044],[98.86171599800008,25.208531520000065],[98.85056912600004,25.17988616100007],[98.85484168600004,25.162452502000065],[98.84876850900008,25.14549379300007],[98.86213555600006,25.132635984000046],[98.84367952800005,25.104000168000027],[98.84617438000004,25.074647153000058],[98.86527882900003,25.00010395100003],[98.89248595400005,24.971401341000046],[98.88487921400008,24.93954391500006],[98.90352594700005,24.931715921000034],[98.89639222000005,24.874636915000053],[98.91699209700005,24.83103940600006],[98.95342338600005,24.780756439000072],[98.95311054200005,24.74774121400003],[98.98757342900007,24.735514739000052],[99.01367425700005,24.703352102000053],[99.04433760100005,24.689288801000032],[99.05533182700003,24.66151510900005],[99.05099056100005,24.636079903000052],[99.06849282600007,24.59911824900007],[99.04756481500004,24.575563755000076],[99.02495059100005,24.474749934000045],[98.97812006600009,24.419385712000064],[98.98990015700008,24.41018820900007],[99.02430201800007,24.412852824000026],[99.08533873800008,24.340699564000033],[99.10614464700006,24.33490486000005],[99.10773155200008,24.28033980300006],[99.11675736700005,24.28030927700007],[99.14420869500003,24.31621038000003],[99.17612332000004,24.333518123000033],[99.18865874800008,24.33186821000004]]}},{"type":"Feature","properties":{"name":"元江","level":"river_l2"},"geometry":{"type":"LineString","coordinates":[[101.40897864300007,24.415637197000024],[101.41279342800004,24.40639010700005],[101.42367324000008,24.410307898000042],[101.44864488800005,24.39308021200003],[101.45461879700008,24.347104186000024],[101.47017546700005,24.291997414000036],[101.47986505000006,24.287450155000045],[101.49040144600008,24.233356220000076]]}},{"type":"Feature","properties":{"name":"怒江","level":"river_l2"},"geometry":{"type":"LineString","coordinates":[[99.18865874800008,24.33186821000004],[99.15992564400005,24.292541414000027],[99.10310035200007,24.243217944000037],[99.06296865800005,24.234627035000074],[99.03365574500003,24.237917327000048],[99.03086329900003,24.22256655500007],[98.95010397400006,24.190205630000037],[98.92002809500008,24.185910183000033],[98.86086814700008,24.133807627000067],[98.71434170900005,24.123338001000036]]}},{"type":"Feature","properties":{"name":"怒江","level":"river_l2"},"geometry":{"type":"LineString","coordinates":[[98.71434170900005,24.123338001000036],[98.70407988800008,24.110045322000076],[98.65364824200003,24.105425629000024],[98.60320132300006,24.084144777000063],[98.54626166900005,24.127912069000047],[98.45630107900007,24.12840614600003]]}},{"type":"Feature","properties":{"name":"元江","level":"river_l2"},"geometry":{"type":"LineString","coordinates":[[101.49040144600008,24.233356220000076],[101.50706441600005,24.184185282000044],[101.52795424300007,24.177118332000077],[101.52913681100006,24.16310846300007],[101.53839151200003,24.162919619000036],[101.53238700400004,24.15226487800004],[101.55390245000007,24.140364571000077],[101.58791511500004,24.085328350000054],[101.58647307900009,24.056240471000024],[101.62090539900004,24.02044802900008],[101.62980910800007,23.999859521000076],[101.64592280200009,23.989742641000078],[101.65269784900005,23.96555677400005],[101.68326961200006,23.943850502000032],[101.68526854000004,23.925779772000055],[101.70191628900005,23.90437679400003],[101.72649122000007,23.904575133000037],[101.71297155200006,23.88835460300004],[101.71751114100005,23.873982323000064],[101.76580644200004,23.842842018000056],[101.78153100400004,23.817694810000035],[101.79924691100007,23.806773004000036],[101.80722741200003,23.76827780600007],[101.81929742200003,23.760487961000024],[101.82933030800007,23.737717384000064],[101.84792362300004,23.729774938000048],[101.85070839900004,23.711679412000024],[101.87094207700005,23.703695002000075],[101.87310886700004,23.693126085000074],[101.88792554700007,23.69653459400007],[101.93172699600007,23.653427253000075],[101.95352473800006,23.643892123000057],[101.97725278300004,23.644826721000072],[101.99051298700005,23.621968398000035],[102.01497344700005,23.604906656000026],[102.01649170200005,23.581985404000022],[102.03537495600006,23.584627132000037],[102.08082440400005,23.547583420000024],[102.11741593200009,23.538141734000078],[102.13766482300008,23.500630740000076],[102.17083826800007,23.475739102000034],[102.24176295900008,23.455619734000038],[102.28550338300005,23.42400067500006],[102.32524593500005,23.416630422000026]]}},{"type":"Feature","properties":{"name":"元江","level":"river_l2"},"geometry":{"type":"LineString","coordinates":[[102.32524593500005,23.416630422000026],[102.37609714700005,23.389003545000037],[102.45098924000007,23.37895906800003],[102.46502007800007,23.38652380600007],[102.47553363600008,23.37062368900007],[102.52546932600006,23.36267738600003],[102.54049197100005,23.34500528700005],[102.66682273000004,23.294325447000062],[102.69781413300007,23.286279984000032],[102.76905167700005,23.29509017600003],[102.83072927900008,23.267245838000065],[102.85774558700007,23.212524347000056],[102.89254417000006,23.212755095000034],[102.90047892700005,23.199317437000047],[102.92905176200009,23.20014902500003],[102.95596894000005,23.180296748000046],[103.00685831800007,23.16831628500006],[103.02484123800008,23.14650511900004],[103.05973899300005,23.139358035000043],[103.10345651800009,23.107748509000032],[103.20710452600008,23.086225239000044],[103.39496788900004,23.00170226800003],[103.41388161400005,22.978248827000073],[103.55121415400004,22.886376708000057],[103.56017125500006,22.86166630400004],[103.59231471200007,22.848644424000042],[103.66253737000005,22.775802551000027],[103.72774742000007,22.72446664100005],[103.74312100700007,22.69888073000004],[103.79498692400006,22.66393705100006],[103.82584855700009,22.62193411000004],[103.87632586300003,22.573409732000073],[103.90441037100004,22.558459474000074],[103.92520096400006,22.53059993200003],[103.96874301000008,22.50560908800003]]}}]}