{"type":"FeatureCollection","features":[{"type":"Feature","properties":{"name":"阿克苏地区","adcode":"652900","level":"city","parent_adcode":"650000"},"geometry":{"type":"Polygon","coordinates":[[[83.41169236541037,39.48265297015848],[84.00105059470923,40.00035887016577],[84.08465708495658,41.11771572500078],[84.02375545015394,41.19120960503932],[84.01240345995177,41.44419132027326],[83.8980319251333,41.59656304534832],[83.91517315981355,41.745752580517205],[83.98239037001963,41.798876819809436],[83.97730557978872,41.98461315537287],[83.87602029500067,42.18528487030056],[83.8748065546788,42.260013420582936],[83.97381428480145,42.29861763509581],[83.94110313969821,42.53297927497363],[83.47016547006046,42.46548029008335],[83.32763316543827,42.563794214831205],[83.08005079990454,42.54978853031645],[82.96488851459333,42.6295800748606],[82.84081711521776,42.56522356491564],[82.7995043801231,42.64655320556602],[82.59474366458852,42.54387319459232],[82.36706703981207,42.54369482035975],[82.33587122987342,42.48976761958005],[82.13422253464233,42.488086935064075],[82.12999020458432,42.43643156476497],[81.85753756001043,42.37513688036279],[81.19414888456345,42.34285548978909],[81.14929395465236,42.25972836966855],[80.97044525504452,42.3636074647128],[80.27851925465995,42.317603804671876],[80.28184343043,42.23083452019699],[80.13578302516652,42.1513633195616],[80.18870419484279,42.0824443249457],[80.15505666033664,42.03664950457102],[79.90222703035323,42.03812477044187],[79.77004416520612,41.89245607029147],[79.32174569960443,41.80930818482494],[78.70334552497604,41.54960662014946],[78.64576256479057,41.46784834012885],[78.3958816795959,41.40891229056979],[78.73151911011888,41.163631979932006],[78.87493213520992,40.98422932492343],[78.8636114396163,40.89427208049216],[78.56184071467732,40.76347960050322],[78.60563400480555,40.695826024851215],[78.5240027351382,40.55329504493045],[78.15927600997992,40.390655715089224],[78.02448240483915,40.111472010125226],[78.37384800528127,40.007106934937156],[78.90188104967075,40.2574306400121],[79.31707810037409,40.24417423555258],[79.83957575461744,40.13102101500789],[79.8610475702892,39.936210529892094],[79.80168125538569,39.898440129908124],[79.76214816980223,39.62251586031874],[80.15997082489372,39.46356484534141],[83.41169236541037,39.48265297015848]],[[81.88133083974651,40.94036876550615],[81.74049842016603,40.732705329787166],[81.97583963039466,40.46801129478547],[81.20775814971887,40.3967420703903],[80.91008098494956,40.43556789044584],[80.73068935023338,40.355693459885345],[80.6104493154836,40.40432357557262],[80.63502193961091,40.48362447968606],[80.69204336490941,40.48110691485232],[80.65324727464207,40.507675600448636],[80.74719310048124,40.44652988514616],[80.82643320502842,40.47737366536239],[80.5912820746081,40.60156247033177],[80.72371235044466,40.700810879718404],[81.13794524517698,40.698135540522856],[81.38270269537315,40.82410954471976],[81.88133083974651,40.94036876550615]]]}},{"type":"Feature","properties":{"name":"阿拉尔市","adcode":"659002","level":"city","parent_adcode":"650000"},"geometry":{"type":"Polygon","coordinates":[[[81.74049842016603,40.732705329787166],[81.88133083974651,40.94036876550615],[81.38270269537315,40.82410954471976],[81.13794524517698,40.698135540522856],[80.72371235044466,40.700810879718404],[80.5912820746081,40.60156247033177],[80.82643320502842,40.47737366536239],[80.74719310048124,40.44652988514616],[80.65324727464207,40.507675600448636],[80.69204336490941,40.48110691485232],[80.63502193961091,40.48362447968606],[80.6104493154836,40.40432357557262],[80.73068935023338,40.355693459885345],[80.91008098494956,40.43556789044584],[81.20775814971887,40.3967420703903],[81.97583963039466,40.46801129478547],[81.74049842016603,40.732705329787166]]]}},{"type":"Feature","properties":{"name":"阿拉善盟","adcode":"152900","level":"city","parent_adcode":"150000"},"geometry":{"type":"Polygon","coordinates":[[[99.50531852043338,42.5674851053534],[97.17172008991037,42.79453242503149],[97.84645337032686,41.65509064981376],[97.61575689046822,41.4633304348518],[97.97152747511308,41.09666136473038],[98.33231865548163,40.91781326047368],[98.34340005047204,40.56728529977693],[98.627350024684,40.677057205225935],[98.56946218982824,40.74595843013748],[98.66783509481394,40.771913310451055],[98.80181214971111,40.606134959960514],[98.79000875020375,40.70451188491563],[98.98392756470554,40.78180184018282],[99.10054338466966,40.67517039969425],[99.173246194956,40.85706069999145],[99.56456907460324,40.84574631494053],[99.6716340854448,40.93179891528786],[100.05537212522347,40.90664501975192],[100.23571317961967,40.71571918049591],[100.24101813467928,40.61762886048365],[100.1680300396547,40.54022789470167],[100.16794693959969,40.276594965285426],[99.9882428354386,40.18737563527742],[99.87190519017247,40.025236510156844],[99.44086068027627,39.88346534045314],[99.81355964985795,39.86456996553153],[100.26235961970082,39.67670440498449],[100.32359847958628,39.508266504695484],[100.49777723003518,39.48027536051961],[100.49681460471032,39.39983890044499],[100.82975448997792,39.40407667050198],[100.82875839548376,39.02761571988975],[100.95782874480079,39.00570508002551],[100.9615425248677,38.94372101491308],[101.22660951501723,39.0211622100681],[101.19649219545863,38.948137945210135],[101.23782872481593,38.858796005231625],[101.33217877972703,38.84652451489444],[101.3070285696129,38.786430965017075],[101.60371745499663,38.64813682525431],[101.7733285199954,38.65882390979573],[102.07145386010762,38.89054478491403],[101.82853124991738,39.092839980280985],[102.45407012513624,39.254968874713825],[103.01005465000213,39.098543440227616],[103.35795228526973,39.33367755547488],[103.84781604527439,39.46069023976281],[104.08739779996858,39.419292329877294],[104.04430106983858,39.296640405130745],[104.20006181000457,39.085202770191756],[104.16922289961724,38.939123964799194],[104.0320632051529,38.89186229530884],[103.8594194598403,38.646256074858],[103.4118416551683,38.40452035483054],[103.55009604489675,38.15951593011613],[103.34779759488322,38.05689760544021],[103.39749591000833,37.86143672972139],[103.67168570033482,37.784988185556415],[104.1794727751485,37.40694535984056],[104.43011029505413,37.514637820479095],[105.02144336541903,37.579261724948765],[105.76822141498639,37.794389479690835],[105.84063093476993,38.004305525579696],[105.76104822989191,38.12136037478166],[105.86229777472266,38.295082050196584],[105.81726555965804,38.3605882552439],[105.89290548020392,38.787064149790865],[105.98894053997407,38.85472933029433],[105.96587110476781,38.89801203033102],[106.14539941485128,39.15496197531496],[106.283306695048,39.14288845543791],[106.27706922036833,39.27345617056585],[106.50377606031697,39.269428455159186],[106.59828659025408,39.37461144486247],[106.7457884702618,39.387783310351665],[106.6012872052404,39.53644993471687],[106.79159702508281,39.68536493024749],[106.71655786515345,40.02248146045116],[106.86168745501215,40.18385306546662],[106.73536738000064,40.19530550994136],[106.70092809045906,40.26128585555779],[106.80876572505832,40.36882127028548],[106.32360460996483,40.34533450558297],[106.20581257479068,40.511977600086254],[106.49073493466955,40.48398272012645],[106.4749054853001,40.55393942986086],[106.28227351970736,40.594395495056176],[106.17795772017274,40.703408400577416],[105.69265153544018,40.810298989706666],[105.3909059501496,40.983233595554054],[105.21314168993712,41.3885378951079],[105.2243650851807,41.749403510563695],[105.00428824520645,41.578484355568605],[104.91835353518758,41.65130271524828],[104.51804500017676,41.658949459949724],[104.52523124522594,41.87465996548508],[103.85824024539119,41.79974751013958],[103.41761606982584,41.880189090054614],[102.70978872017338,42.154286395001236],[102.07468083535235,42.22864257019853],[101.80147927494863,42.50594305522793],[100.84825881539211,42.67251516983936],[100.32077227462094,42.689599204939384],[100.26750339466605,42.63591651993153],[99.50531852043338,42.5674851053534]]]}},{"type":"Feature","properties":{"name":"阿勒泰地区","adcode":"654300","level":"city","parent_adcode":"650000"},"geometry":{"type":"Polygon","coordinates":[[[90.67027070512898,45.48713861555473],[90.71406056973956,45.726144470490965],[91.02227468532851,46.02357321553154],[90.89608849508801,46.310612695519524],[91.07303432007785,46.56121594046334],[91.01467888991891,46.5845987102623],[91.05290504023549,46.714989974807565],[90.91689049480055,46.94095171025327],[90.7617343247793,46.99205707497407],[90.49102378032325,47.312750180576415],[90.52216126473064,47.381676045113466],[90.34723255973489,47.63165156506773],[90.39172869971975,47.64522351015694],[90.13029315040865,47.72628387040436],[90.06738556519173,47.88186968523786],[89.76274694541524,47.830222825223245],[89.5614675046217,48.03713293034053],[89.06246564517346,47.98787816534508],[88.93755976487131,48.10941228045243],[88.63907590013275,48.18054659035289],[88.57206076039586,48.28289196539197],[88.60588963959526,48.335552999871084],[88.51246120991698,48.410400339803914],[87.98190731996692,48.56832439015852],[88.09699567021408,48.714779180514824],[87.73788741007598,48.87790087522524],[87.90769016017282,48.97912645492204],[87.81915757046556,49.17268376984015],[87.4963194549789,49.142289334984866],[87.43283544030339,49.07640206020699],[87.13834891007417,49.15453018541979],[86.88692725958543,49.131808439807685],[86.73283752003556,48.99231467008599],[86.82004046029908,48.84798137054389],[86.75063326511315,48.78350450972539],[86.77217363970175,48.71980571536153],[86.58873187037955,48.54224605541117],[86.2242954652636,48.43194642508752],[85.78745399020954,48.4174764053119],[85.5655282403361,48.15309975994603],[85.52653477046334,48.024151900090146],[85.61295289036366,47.509156724902994],[85.70005286994405,47.38268227496707],[85.68776685465667,47.23909608002015],[85.53710071992236,47.05555620005862],[85.95221952511105,47.07708059009718],[86.07883466498788,47.02485858485585],[87.03748862959662,47.117529020048266],[87.02672009525622,46.965149460079544],[87.20049804035233,46.8485809948171],[87.19849522497469,46.71479665024526],[87.03390433032064,46.498695130276076],[87.33288742491476,46.00064548020481],[87.3330611703368,45.0004369249242],[90.23500637024785,45.00069990018028],[90.2819738903828,45.16326474996828],[90.49407773499951,45.42008170500674],[90.67027070512898,45.48713861555473]],[[87.77583681471731,47.39010729991202],[88.22066637035675,47.243838564897885],[88.42651188501554,47.236494309864554],[88.13567398526624,47.114548010282476],[87.75970917983483,47.20201565969501],[87.84424209499673,47.25054792015044],[87.52456293543116,47.34134256021105],[87.77583681471731,47.39010729991202]]]}},{"type":"Feature","properties":{"name":"阿里地区","adcode":"542500","level":"city","parent_adcode":"540000"},"geometry":{"type":"Polygon","coordinates":[[[86.19144833547239,31.006756925092077],[86.13843549969863,31.214120794838834],[85.97351677517906,31.21636208973871],[85.61041267520483,31.360200225260257],[85.55974357520591,31.49521327487281],[85.47443481041824,31.505951525442583],[85.44658996975136,31.57904061523226],[85.34812326997297,31.560740630175985],[85.27686337514473,31.649000024731436],[85.12143476989877,31.678142400051797],[85.16000197461148,31.95132513494707],[85.04931366989001,32.09674090976523],[85.1740341603483,32.241010170383106],[85.25699668474925,32.49340580013762],[86.07505786043197,32.81371965533788],[86.06683581492098,32.985492015144416],[86.17316344463734,33.155208319708265],[86.02128505975776,33.16246412551902],[86.01838790547754,33.21743438518877],[86.32643908459613,33.42530571988311],[86.17245560534195,33.68766614547627],[86.2715280497797,33.89812494031378],[86.12847327502169,34.21189001511215],[86.16265573527403,34.4019190153503],[85.94108463035144,34.52847913020776],[86.05440187015023,34.655271049819135],[86.04049412000768,34.744823139776145],[86.2316823598531,35.15353540493504],[86.1757409852583,35.32297212556318],[86.29351810967307,35.37599979025816],[86.24970460008728,35.483792564875046],[86.31444529501442,35.63713373033744],[86.06813305010024,35.85952599992498],[85.94684741497628,35.77911202020363],[85.68767480994455,35.751143869893724],[85.56972991970008,35.640207585211954],[85.28125949962629,35.78796116477599],[85.03523767008244,35.75100943024108],[84.44638993015121,35.55184725974328],[84.45144992967056,35.474616045494145],[84.17222749000672,35.35846336469257],[84.00389644986132,35.422120380151455],[83.61435606518035,35.33629390533952],[83.11576154465962,35.40070379544386],[82.98185591481865,35.50557203052483],[82.96504500022661,35.67218721007174],[82.79420414020893,35.69079247539247],[82.73159605531379,35.63810864489807],[82.4624614648248,35.715375510071794],[82.33382839466475,35.654256445278804],[82.31063828482905,35.54298075016152],[82.03115630531931,35.454753259955055],[82.01056808524902,35.3113374046975],[81.68044074964092,35.23553048994023],[81.5127314647853,35.235272389908914],[81.44058419990097,35.33351734025308],[81.21421171979512,35.32433328005686],[81.08849976005592,35.41084226026214],[80.96601972543004,35.31115019552516],[80.6873838550809,35.337986739696305],[80.6521806652056,35.39862185501465],[80.42956045974745,35.44996427023494],[80.27526279963854,35.329260515360545],[80.35831783010383,35.20268363534154],[80.25553808971114,35.204259025433714],[80.02808011980176,35.03956302521351],[80.03483671014612,34.904853135264034],[79.92379631994424,34.852571184812405],[79.81964213038009,34.49348713532311],[79.04988942965349,34.42887109002885],[78.92052956968394,34.1573862050094],[78.65542787020013,34.08121966035907],[78.73823311486643,33.997272274895636],[78.77554306466078,33.744287980406],[78.68302961962132,33.65520095955668],[78.83766246515069,33.430251625112476],[79.15342877971449,33.183058120136195],[79.3056926598884,32.60086467986116],[79.12961254478319,32.47070815995369],[79.09867955541722,32.36934312508521],[78.96757124971344,32.330082015172934],[78.78006972483797,32.478560385353546],[78.73319434474325,32.70556096546625],[78.39412114967138,32.53352593527376],[78.50928706014975,32.300338755129474],[78.42767155020192,32.21420226512248],[78.4514661600353,32.14210460054693],[78.76699028537342,31.945542455519956],[78.65410865469073,31.8252369051591],[78.8438944647578,31.609718305055765],[78.72282748989682,31.502581995063053],[78.79097525020768,31.442238859935514],[78.77803098514192,31.32041046057435],[78.87244799547864,31.30936975990653],[79.09097769486476,31.000420544772396],[79.31807345472623,30.963681665376612],[79.40106905529274,31.074659725366075],[79.59887364520262,30.931773095052336],[79.67385046502699,30.982336639824098],[79.8927608753142,30.85479753018194],[80.09493416038327,30.577255540311],[80.6117388146946,30.473131985252962],[81.00799466012552,30.265403165223972],[81.14496414977577,30.015241865120004],[81.25346756957276,30.015812934619305],[81.2593686348547,30.153250605031474],[81.39566415997308,30.205979460084052],[81.4181262749077,30.421463449778457],[81.55270858972966,30.37139958991918],[81.62428277513004,30.44659055540984],[81.99205664529802,30.3250490199963],[82.08277359472567,30.35613073024905],[82.14662345540819,30.202285689932694],[82.31923709501598,30.43771156503675],[82.42075067000746,30.357511150019604],[82.46468383978743,30.428392174859027],[82.63034481526108,30.362793155279917],[82.63571423012769,30.728936124702443],[82.70810767003303,30.799057565054625],[82.94764491997711,30.6483516497089],[82.94921686476653,30.538072069770237],[83.06849537046503,30.50793234000554],[83.18222581007313,30.70869231979475],[83.14274338959581,30.80772647469712],[83.03662654028267,30.81020847494119],[82.79878749994322,31.022295850273338],[82.82101698994217,31.155500884857986],[82.96818013040877,31.171220425382387],[82.99078755510163,31.261537640549705],[82.96489452026594,31.472285749987407],[82.82675994541523,31.56340185990797],[82.98430653501862,31.578803749993142],[82.91567274510118,31.616139990568172],[82.95467116484247,31.650467409843145],[83.05045505026044,31.60929134471985],[83.16738879495699,31.692133305107973],[83.26492230512036,31.652825845036773],[83.30420223964171,31.731628899753957],[83.39558017008886,31.606834754820113],[83.76183202492808,31.567250194740723],[84.21280639000298,31.676683505439485],[84.39359253506751,31.619118305065797],[84.37754091538102,31.809344764949003],[84.46071800992826,31.701142845565926],[84.666271434679,31.651414199905446],[84.51838433007282,31.486923594947996],[84.37959053507518,31.49551516469313],[84.20489560524805,31.369413490040586],[84.6065143697424,31.25851343994333],[84.61282585502926,31.07252367992396],[84.77542086987728,30.929001809885676],[84.54946243494345,30.745427730505412],[84.45113795485281,30.446277875523606],[84.57446044469384,30.409354129689405],[84.70753644994727,30.25391552038502],[84.73211019462985,29.999503734709663],[84.86366110977247,29.984725174627158],[85.16558806493731,29.695764044874807],[85.39375782486377,29.720552169946757],[85.4292644397022,29.863452245125075],[85.58924520000602,29.783930790373745],[85.54292028504318,29.873728780159126],[85.69514430006944,29.903145245456756],[85.66532917969795,29.972553595372176],[85.80048823514397,30.05508560981309],[85.77238469459803,30.14804082972057],[85.84648311510375,30.118735015208813],[85.76167944465072,30.265668590233304],[85.86643127508336,30.36617165010165],[85.90893642037958,30.335364644962453],[85.93269297540053,30.346628079822096],[85.86766611529902,30.596440735251804],[85.7084474351011,30.640727434823305],[85.84756727031333,30.686243510329803],[85.7908277402081,30.73606254055386],[85.82776360980279,30.821817875394686],[85.76980568538414,31.0118537797282],[85.91841749966795,31.08391901475079],[86.09632561543486,31.062141470052836],[86.12107291038654,30.96970051486693],[86.19144833547239,31.006756925092077]]]}},{"type":"Feature","properties":{"name":"安康市","adcode":"610900","level":"city","parent_adcode":"610000"},"geometry":{"type":"Polygon","coordinates":[[[108.93378608505986,33.76308661525513],[108.6458323551791,33.84266223527396],[108.58143849998686,33.765655195031286],[108.34168887514153,33.79512277509605],[108.05067223513561,33.71068167531911],[108.05714225471132,33.509212570204],[108.16186995003824,33.443416295125985],[108.01599239493316,33.26082454521662],[108.1050548400089,33.209829260212246],[108.13890491532965,33.004022285100405],[108.06413713482095,32.881121230160716],[108.23405173000339,32.72181897506567],[108.26614787012818,32.621247185409345],[108.17279314978407,32.61317355501558],[108.28027122463737,32.502786665272424],[108.09814723460727,32.38070004986747],[108.17516560540844,32.22270285495284],[108.23763330972952,32.27634238509307],[108.3058208101823,32.23450648468656],[108.46794888982947,32.27348752053268],[108.66924224043709,32.10490670538019],[109.16180850995482,31.87799030990493],[109.27053209997649,31.802057644744536],[109.27613933965887,31.719319990425277],[109.57960248976315,31.728486619961586],[109.63593492465714,31.812112960045113],[109.57871620518875,31.896154390312915],[109.61806903515793,32.10023265531282],[109.603582334757,32.20470973476648],[109.48626353993046,32.290087984772754],[109.49652900970608,32.39313123551818],[109.63341828522573,32.53669658507937],[109.62185674039631,32.59960235546441],[110.02407912535142,32.5442998403654],[110.08634424479112,32.621343650289305],[110.1551589845995,32.59468538052596],[110.2012248300619,32.637721615060514],[110.15842325023289,32.76369577484019],[109.98516277504211,32.888140445025556],[109.78423002469594,32.8848742053803],[109.7966404450006,33.06891436020959],[109.68194832525506,33.1176826702191],[109.12633174001786,33.15915347015658],[109.05808758497415,33.211161300054016],[108.94440385975037,33.128009130217265],[108.66681719965408,33.31713420028319],[108.57446540955107,33.29838044969807],[108.63793919983425,33.54860391993503],[108.73472064474203,33.52878009032895],[108.82344618489356,33.61764152523625],[108.78694682463629,33.653559329899224],[108.92541648508279,33.68253688466956],[108.93378608505986,33.76308661525513]]]}},{"type":"Feature","properties":{"name":"安庆市","adcode":"340800","level":"city","parent_adcode":"340000"},"geometry":{"type":"Polygon","coordinates":[[[117.02839293528575,31.26003477538461],[116.69937181525711,31.045052875389956],[116.6090253046741,31.077678340283228],[116.52707290509056,31.022180549992413],[116.54320971485652,31.18655392022731],[116.4486185049401,31.126453889835204],[116.34800050991566,31.173806520354674],[116.20300940486015,31.059904234692738],[116.09259043989698,31.09752031011425],[116.04388943514937,31.050386480151985],[116.06871811964561,30.95779933477155],[115.8642897854453,30.87142945990172],[115.8639795948825,30.776566105241614],[115.77293079472042,30.748890839840442],[115.80458333974934,30.610941594579003],[115.917553839638,30.519846775208578],[115.89923084542727,30.311612600041485],[116.06054078482941,30.21225762009317],[116.13286450029648,29.826706674773277],[116.25800186519393,29.78373715554534],[116.53470492519216,29.90323820477937],[116.5953432897611,30.066333845230815],[116.73890335490591,30.057667034606027],[116.89610473524544,30.226035925417648],[116.88848847486327,30.4352176595674],[117.22642348525574,30.494734924776992],[117.20136746024014,30.701549049748905],[117.09489006012825,30.767949494773404],[117.07395293458035,30.970802640329623],[117.15253639463901,31.07353370042],[117.02839293528575,31.26003477538461]],[[116.93680703032021,30.66548951013283],[116.9418330048893,30.629447425458352],[116.91032661498139,30.651601005482064],[116.93680703032021,30.66548951013283]]]}},{"type":"Feature","properties":{"name":"安顺市","adcode":"520400","level":"city","parent_adcode":"520000"},"geometry":{"type":"Polygon","coordinates":[[[106.4822328600585,26.265166750445246],[106.55996274478491,26.37689692964966],[106.4442467351987,26.470177439737085],[106.37881862997585,26.404411714628964],[106.31002908467457,26.542226360158452],[106.19820149989937,26.536782664888108],[106.1449350247317,26.62871054515557],[106.08505579498899,26.47356391963922],[105.97107056485476,26.441506650011945],[105.96801453004656,26.52419557996211],[105.90551764542306,26.526614150122953],[105.50186266473025,26.34832533514617],[105.50672801498598,26.227531069803092],[105.71890620475762,26.172224005033854],[105.60328852524532,26.16545762466967],[105.58778757034014,26.067426005206016],[105.50657942540022,26.029908404649234],[105.26684815481855,26.01787936973716],[105.25234538533135,25.954589239901566],[105.52831869495185,25.696182539792403],[105.6851257801307,25.661638820075552],[105.78377570508479,25.463756599787303],[105.93862145521604,25.437079070143],[105.97215744501011,25.615498095260932],[106.04252306029105,25.55924679000742],[106.07316025544151,25.60331736000819],[106.12531458490025,25.453336784764872],[106.1585694547166,25.484942039843304],[106.22188512529834,25.399950580155178],[106.41498174001538,25.363833525297025],[106.3924251252194,25.4921641552516],[106.48530893535911,25.646792354883303],[106.32008965471385,25.674021530469304],[106.30445093985907,25.731233284688415],[106.23131743974812,25.701416010440596],[106.31134681540328,25.992790284743876],[106.22144431000697,26.038923615332635],[106.29265893026547,26.107864744962058],[106.25096313973717,26.134474464824734],[106.29641834013432,26.204465054718526],[106.23352190021558,26.227580160196283],[106.4822328600585,26.265166750445246]],[[106.20844569980926,26.0309939052446],[106.22121727525712,26.028517465508685],[106.20879572044618,26.023416730297924],[106.20844569980926,26.0309939052446]]]}},{"type":"Feature","properties":{"name":"安阳市","adcode":"410500","level":"city","parent_adcode":"410000"},"geometry":{"type":"MultiPolygon","coordinates":[[[[114.97851398543219,36.0252838899396],[114.90687771983096,36.14059020527378],[114.57647518987812,36.117134830508064],[114.33910242014065,36.25565270540807],[114.05607256479709,36.273589689912285],[114.02414073530679,36.35351988023831],[113.90417908479697,36.314431969859584],[113.74354320525481,36.366508105065066],[113.64613647521821,36.171423529972],[113.70681284963337,36.13237122555165],[113.62943378504121,35.86427206500383],[113.79835048978339,35.74289177983184],[113.77991427992015,35.674857190207206],[113.96089216494147,35.687435965397526],[114.07492923469647,35.78220430488483],[114.01620126037994,35.798094579900976],[114.00112891966398,35.85896288492927],[114.07939773481769,35.90830691483228],[114.0236250649449,35.9703170099221],[114.16965185534889,36.05193831510121],[114.17299797008036,35.98518223047563],[114.30390653006236,35.95908947509923],[114.22343391544291,35.852912489919504],[114.25434900020628,35.763877420206825],[114.48837845480193,35.841472730382236],[114.72491086024809,35.779677850252654],[114.66865251959814,35.65229700510275],[114.4938215448285,35.60959389474249],[114.38639350465655,35.51041412521175],[114.43283488991824,35.336565735320505],[114.38496432544332,35.22288826488159],[114.48202476972745,35.20780468533803],[114.69475913532585,35.34199464483703],[114.97834368980955,35.411063850516314],[114.95532438011617,35.575880414749406],[114.86424973973374,35.60489308984427],[114.975627554668,35.90876163544118],[114.97851398543219,36.0252838899396]]],[[[114.87564509974163,35.605013099874725],[114.87705400014204,35.606085900244125],[114.87640819967874,35.60624219971777],[114.87564509974163,35.605013099874725]]]]}},{"type":"Feature","properties":{"name":"鞍山市","adcode":"210300","level":"city","parent_adcode":"210000"},"geometry":{"type":"Polygon","coordinates":[[[122.58548842495088,41.17299951531544],[122.54886419023023,41.24046730542187],[122.64863736482255,41.34845837515394],[122.59616891476367,41.53021988533948],[122.36065099494749,41.553177100442895],[122.18866438964994,41.45730820480986],[122.27607354985446,41.33848209497273],[122.20992382502459,41.213744074929195],[122.32933723532517,41.18781684517131],[122.48377785526384,41.25088967991485],[122.36208012469808,41.17293689012541],[122.4149438798562,41.011287105015924],[122.31488798988892,40.90844763974684],[122.49664827969445,40.93254703521757],[122.51283023003111,40.7648773304245],[122.64650588973507,40.73999619476865],[122.64620245038282,40.58322075493396],[123.00211036510132,40.48032786543871],[122.87565116047278,40.30480405026674],[122.89532070508653,40.17765755495225],[123.07083955959808,40.04143151055581],[123.46988940527194,40.03103773000731],[123.75851691982007,40.400653749870685],[123.7301129301677,40.64359457492975],[123.57171052502076,40.687611209889496],[123.53675989535293,40.82354934982271],[123.09538565462435,40.73288925553476],[123.05487815000663,40.918602105302966],[123.22980739009904,41.04759144548888],[123.11316443489079,41.18205670994928],[122.90167748023157,41.19095581995521],[122.81975624485483,41.080103135351465],[122.58548842495088,41.17299951531544]]]}},{"type":"Feature","properties":{"name":"澳门特别行政区","adcode":"820000","level":"city","parent_adcode":"820000"},"geometry":{"type":"MultiPolygon","coordinates":[[[[113.59820175490711,22.13527489552007],[113.53947609004956,22.1624783900657],[113.55466495502367,22.10984400519675],[113.59820175490711,22.13527489552007]]],[[[113.5586491648271,22.18717269516378],[113.53308333482812,22.21230555555701],[113.53169777543201,22.17934711038089],[113.5586491648271,22.18717269516378]]],[[[113.56513130006954,22.19082629979397],[113.56864139988079,22.20732250023326],[113.56254800019008,22.21062699973629],[113.56513130006954,22.19082629979397]]],[[[113.5809557447119,22.204051905171355],[113.57199270010312,22.197048899687047],[113.58096699972737,22.19857310036832],[113.5809557447119,22.204051905171355]]]]}},{"type":"Feature","properties":{"name":"巴彦淖尔市","adcode":"150800","level":"city","parent_adcode":"150000"},"geometry":{"type":"Polygon","coordinates":[[[109.38009935030482,42.44697010468661],[109.01803309045482,42.457441299776235],[108.83833045039006,42.393700915365],[108.2415080900264,42.45905876554963],[107.56798689967576,42.41466144037321],[107.46120838046244,42.462090989907324],[107.26716614030516,42.36669806496377],[106.78146566041198,42.29343632962298],[105.22436508518058,41.74940351056364],[105.21333054037223,41.38779022483908],[105.39090595014954,40.983233595554054],[105.69265153544006,40.810298989706666],[106.17795772017269,40.7034084005773],[106.28227351970725,40.59439549505612],[106.47490548529998,40.55393942986086],[106.49073493466955,40.483982720126505],[106.20581257479057,40.511977600086254],[106.32360460996483,40.345334505583025],[106.80876572505821,40.36882127028542],[106.70092809045906,40.261285855557844],[106.73536738000064,40.19530550994136],[106.89254986018796,40.170616205073884],[107.00132177977639,40.24613493477949],[107.16592237991398,40.38747208536847],[107.15941032512649,40.57297201974296],[107.23919323977623,40.55691269016859],[107.28770886996841,40.654665484724376],[107.3868655997677,40.64358313015737],[107.8512621854016,40.87304133528943],[108.08222673967236,40.83066138011867],[108.16889205982079,40.87977418982706],[108.20621534476243,40.819726265254985],[108.44974503960196,40.79287691024126],[108.82101197462299,40.54128566470172],[109.04645943005869,40.549599039963766],[109.40337404047966,40.45625537498563],[109.40446857476496,40.70119610521613],[109.78653656001427,40.7586885900065],[109.88155391008496,40.92230038015845],[109.67366790475006,41.0603059148861],[109.71177316010329,41.13694058543973],[109.61426536515455,41.272354985394315],[109.68995527991228,41.334671205211976],[109.62101944459175,41.430682655080545],[109.67614291006731,41.50245985973481],[109.45481831471352,41.52547034977687],[109.24850400505585,41.877193819739034],[109.338533949782,41.91258392021177],[109.50407383963608,42.15919253041102],[109.4699780101771,42.37554416533101],[109.38009935030482,42.44697010468661]]]}},{"type":"Feature","properties":{"name":"巴音郭楞蒙古自治州","adcode":"652800","level":"city","parent_adcode":"650000"},"geometry":{"type":"Polygon","coordinates":[[[85.42550252971824,43.47707193502197],[85.05308220517992,43.561166009803685],[84.89858252046724,43.41797630526247],[84.65527292480573,43.487373775179776],[84.67385375015056,43.3711678751975],[84.52976181965244,43.29141309044189],[84.65137584491958,43.17413742979875],[84.42321040983268,43.16144602531392],[84.41261171965527,43.100269295092005],[84.27716585961696,43.17340310546905],[83.7539517397812,43.1466070649642],[83.3578835450898,43.026649189808495],[82.82244873042481,42.98121701475361],[82.4677237398588,42.83844107479604],[82.66597344471893,42.586517759986805],[82.81857301483296,42.647051260007856],[82.85341874038278,42.56667713554157],[82.9648885145935,42.62958007486071],[83.0800507999046,42.549788530316675],[83.32763316543844,42.563794214831375],[83.47016547006064,42.46548029008346],[83.70667226011693,42.53892268033758],[83.9443715952732,42.530814780377966],[83.97381428480156,42.29861763509592],[83.87480655467891,42.26001342058305],[83.87602029500084,42.18528487030068],[83.97730557978889,41.98461315537298],[83.98239037001974,41.79887681980955],[83.91517315981366,41.74575258051732],[83.89803192513347,41.596563045348375],[84.012403459952,41.444191320273376],[84.02375545015406,41.19120960503943],[84.08465708495663,41.11771572500095],[84.0010505947094,40.00035887016588],[83.41169236541049,39.482652970158654],[83.38421718477554,39.00567976051269],[83.38346426516387,38.38801310532074],[83.81655049510948,38.04812430968923],[83.98716900044923,37.61300704543896],[83.97015764495944,37.40440759983102],[83.78843076496798,37.250211210579096],[83.8518731347375,37.12118415012861],[83.82583234488698,36.81588683990594],[84.30071958514088,36.61195389006008],[84.36040359994627,36.31224663527428],[84.84750928042916,36.09716318023669],[84.91795711532882,35.7702115854965],[84.98400262042469,35.72590443534165],[85.28125949962646,35.78796116477611],[85.56972991970014,35.64020758521207],[85.68767480994461,35.75114386989378],[86.0538974853809,35.84356666506983],[86.19755160971914,36.033272265502774],[86.18379342043016,36.13087764049084],[86.27620704971571,36.17250180991084],[86.76483643985006,36.2982064248867],[87.1412931501589,36.29312455475451],[87.42211197458818,36.4262589053244],[87.56239892027412,36.34001061519791],[88.47161169492398,36.48163159002604],[88.5844902346368,36.46103890032526],[88.76324591466732,36.29300732003196],[88.92438186043466,36.363488165446654],[89.76138721005185,36.07313862544737],[89.9456915551213,36.07010673024155],[90.00314848521452,36.28049181484562],[90.23570404540556,36.161380110004245],[90.68328689527414,36.12808381021989],[90.8400836499406,36.01835786552323],[90.97606924979624,36.10656655540231],[91.11042574485236,36.096261300518734],[91.02493104972842,36.32418622001825],[91.0336894302232,36.53128609557706],[90.73926375531823,36.58578634526384],[90.72096408502466,36.79798041976068],[90.85465622030841,36.91626290470953],[91.30538864976648,37.013021675010464],[91.27845744475536,37.15845790041186],[91.1884468147689,37.20533612056573],[91.0731233547591,37.47616481525415],[90.9356840502789,37.48174194473506],[90.77525352013402,37.649951280527375],[90.51920573006055,37.72884976500484],[90.52927732488888,38.3197730197092],[90.2789579851231,38.237922085236335],[90.13563158542945,38.340299014787945],[90.17719552545339,38.39680541543771],[90.11331965547782,38.41246183524561],[90.11103665541754,38.48200957018571],[90.42303166477967,38.49133006473079],[90.6097495204242,38.596238985141156],[90.62121188532035,38.66625230989632],[91.11455622039352,38.70745721537827],[92.41672612990709,39.0096420097712],[92.35285059537892,39.06805453518882],[92.33851887514612,39.2374232751643],[92.63882495520767,39.51382324025059],[92.79531504015716,40.15316676013816],[92.90580101540468,40.31007980973561],[92.92734340987062,40.57200803554264],[93.75927812008933,40.66397164497556],[93.80611419531408,40.875999450114705],[92.03241512036163,41.27160159993406],[91.44478596989677,41.19624346486421],[91.08591586012915,41.24996775520793],[90.39591119474602,41.232367975102136],[90.10733877986104,41.252664070190804],[89.8590367354571,41.37509043507572],[89.34117073993792,41.404076390413366],[89.19279875955533,41.358739899626755],[88.7337085651983,41.473586504913385],[88.40063802012872,41.45881315999958],[88.30516103015754,41.50790435989853],[88.33707120037576,41.76975898518913],[88.136394924986,42.00244613508124],[87.99361183991459,42.06744472499429],[87.89419519525222,42.24735211460853],[88.11771831464864,42.368586689823985],[88.19978679962128,42.50030727466117],[87.90799168037188,42.65956857013356],[87.83742390468962,42.76666649526271],[87.51563385461878,42.78524409024277],[87.54116677482693,42.843948805393325],[87.48098356973617,42.867553450531545],[87.53208517978743,42.922434435401044],[87.26188550960882,43.032027429722405],[86.50970123502412,43.12577442984622],[86.16116077514977,43.303366860192625],[86.08622479533824,43.431666065136994],[85.98712433522013,43.4018777805353],[85.59471607009078,43.52816507525813],[85.42550252971824,43.47707193502197]],[[85.51127041459813,41.91256059539535],[85.7897824420063,41.82732656516907],[85.73452439028847,41.75634908534221],[85.7801727200951,41.65500504514688],[85.70265798467841,41.68056222996313],[85.70136987042332,41.743582039779426],[85.68079777519745,41.67460052969085],[85.68665891507698,41.743241905389766],[85.60467172522004,41.69851042002017],[85.61277267971553,41.74253265955474],[85.3539814996467,41.75037999983721],[85.36858182489152,41.82922358520045],[85.51127041459813,41.91256059539535]],[[88.8069751928088,39.30883479980548],[89.07468016491373,39.32065810090029],[89.07011960320818,39.23385017970372],[88.93740725758215,39.192468625871584],[89.07011960320818,39.18655697532438],[88.85638127795028,38.95766201465409],[88.80545500557372,38.95994370433931],[88.8069751928088,39.30883479980548]],[[86.63490168306777,42.23039692807822],[86.77252238642455,42.278230293990475],[86.79532519495143,42.2051125109038],[86.67631242517854,42.233022300039465],[86.55546984465792,42.13638735469294],[86.37164901252339,42.15252993498194],[86.41679857340642,42.24742748324326],[86.47897423132287,42.19194093863149],[86.63490168306777,42.23039692807822]],[[84.08331792328443,37.786065408499496],[84.33247661112063,37.874636453543474],[84.38127462136816,37.80172609679181],[84.11691406118064,37.743854149327376],[84.08331792328443,37.786065408499496]],[[85.21600943217294,38.17830860798023],[85.40770504252168,38.219690161812366],[85.32850328757183,38.15269145560802],[85.3836860842066,38.10467225905603],[85.25386209432736,38.10010887968599],[85.31254132160313,38.12904485341829],[85.21600943217294,38.17830860798023]],[[86.52352247310046,41.974936530611444],[86.44718305464374,42.109630051975046],[86.56073351319344,41.93637811950248],[86.5078645445787,41.93407354261706],[86.52352247310046,41.974936530611444]],[[86.48795009179855,42.25755491204603],[86.4961591028682,42.34902992577992],[86.65224238537809,42.324817245220004],[86.60272422805014,42.23878282872869],[86.48795009179855,42.25755491204603]],[[85.8743755586853,41.77781691611801],[85.89668056655518,41.82229460021574],[86.0969315876228,41.796825519282436],[85.93950673025154,41.75655453906097],[85.8743755586853,41.77781691611801]],[[87.00390208669324,42.15475062828176],[87.07884731738466,42.20494780135118],[87.12369284082075,42.166988782046474],[87.00390208669324,42.15475062828176]],[[86.55641146378298,41.8901547636076],[86.61433059744121,41.92894348825229],[86.57009314889922,41.87833146251262],[86.55641146378298,41.8901547636076]],[[86.51382984549576,41.88869823673798],[86.46970784497717,41.930651008089455],[86.51391043055844,41.92487294010181],[86.51382984549576,41.88869823673798]],[[85.5094055685513,38.085692749403734],[85.55835559752217,38.098242042671075],[85.56838883327407,38.06360184472646],[85.5094055685513,38.085692749403734]],[[85.40972686969957,41.947521263295755],[85.43322689490554,41.93041386830555],[85.40504316720865,41.93922590505173],[85.40972686969957,41.947521263295755]],[[86.46940380753,42.009058162718645],[86.49114248499222,41.997338574791286],[86.46879573263595,41.99723486162384],[86.46940380753,42.009058162718645]]]}},{"type":"Feature","properties":{"name":"巴中市","adcode":"511900","level":"city","parent_adcode":"510000"},"geometry":{"type":"Polygon","coordinates":[[[107.71118637535102,32.32987549485824],[107.64259596513176,32.415359010509974],[107.45202853538865,32.4197640104008],[107.42981971990423,32.540908380017754],[107.23785106547433,32.41200648990764],[107.06524700994163,32.53367559055613],[107.06173406017882,32.71070632054034],[106.7276466651615,32.7408787001919],[106.63585863037156,32.689490880000164],[106.64697551980447,32.50258796995888],[106.68273664008393,32.34975310032536],[106.77222255972339,32.29912708504696],[106.55948411030352,32.22974901530489],[106.55146504537561,32.081613605183804],[106.39952794016239,31.89828716492076],[106.42060058544871,31.754168410343937],[106.36107692516003,31.699124364897557],[106.56958071977448,31.517477295241008],[106.64327480508825,31.593200695355847],[106.81479054964421,31.54552010996514],[106.97747122491717,31.248314650400857],[107.06874287528353,31.37614826013413],[107.1257928603523,31.33981132463299],[107.17095747540725,31.43099046983434],[107.51893904979738,31.642354835207527],[107.4821164597069,31.7255111904891],[107.57190109995588,31.82361971008163],[107.49130381501908,31.867577604922587],[107.54684670990781,31.898963675433322],[107.50990453966284,31.92810594553299],[107.75963542513483,32.07551817032737],[107.62153334458822,32.155379094869375],[107.71118637535102,32.32987549485824]]]}},{"type":"Feature","properties":{"name":"白城市","adcode":"220800","level":"city","parent_adcode":"220000"},"geometry":{"type":"Polygon","coordinates":[[[124.3677244547199,45.454942354805894],[124.35479060470266,45.54079006980595],[124.27590852026208,45.53958453040178],[124.22695485008637,45.63100690984106],[124.14416674020299,45.61797246975374],[123.99427564480527,45.7678307246083],[124.06239380033367,45.86296681486664],[123.95716656488514,45.955233410393646],[124.03121082461996,46.03379719958116],[123.96281523003893,46.27570122503158],[123.90048585493832,46.25636486484672],[123.89368557462967,46.30215216958703],[123.56339579537973,46.22189216998771],[123.21679431520556,46.268639484824405],[123.10566492539601,46.127992000030815],[122.78711503463126,46.07131862495464],[122.82120327021482,45.8962669754406],[122.7360880701084,45.7031229997267],[122.53616043985244,45.772076665006125],[122.43989548009245,45.914828250423454],[122.35600387507884,45.91535236991598],[122.36703583973224,45.85400211010932],[122.25295147013435,45.792878025300695],[121.99750225982154,45.980537560160315],[121.80703241461435,46.024076665006135],[121.75303395964954,45.9917088001211],[121.81122054029572,45.873744060040394],[121.63896505479352,45.75296992512199],[121.75084135044801,45.68876499500857],[121.93940013001202,45.71161160968808],[121.99660540461582,45.50587412968741],[122.1640943951403,45.435177935313504],[122.1412694046594,45.29342231488795],[122.2360406300711,45.24574955539771],[122.10380554039341,45.13987715530652],[122.03898218517975,44.89743899551331],[122.09388920002664,44.78026848989896],[122.16326278484973,44.76819523981851],[122.09288317971505,44.74270233044825],[122.15551479986823,44.726219220540656],[122.10748201478327,44.61336134005387],[122.28043842469356,44.47579215008773],[122.26029527011065,44.265211200336694],[122.31370095493514,44.23078397969698],[122.66997057518199,44.283835655391215],[123.28350371512443,44.63388870030332],[123.51747468500878,44.705149460279415],[123.41317785037756,44.853556780421115],[123.4861399100289,44.95752249456751],[123.91201142958391,45.20624921502929],[124.06284035509839,45.23386441021444],[124.08196144006843,45.32481906035139],[124.3677244547199,45.454942354805894]]]}},{"type":"Feature","properties":{"name":"白沙黎族自治县","adcode":"469025","level":"city","parent_adcode":"460000"},"geometry":{"type":"Polygon","coordinates":[[[109.68205355492768,19.181811524981924],[109.53683350496232,19.31364620500841],[109.46410199461144,19.302559940189155],[109.47756533037574,19.402745524986017],[109.42235302986848,19.355129210544703],[109.2126418747228,19.38616835498567],[109.1301094447951,19.484696830094663],[109.04599737997518,19.484236059746422],[109.03412201491909,19.34625252513399],[109.13739367547782,19.279531624684807],[109.11301985548198,19.19792635981372],[109.17298930521235,19.08491960015948],[109.27230340018184,19.064664095071976],[109.2792716351779,18.96301574048408],[109.3616653096064,18.937870980261607],[109.46589260955636,19.034863055385756],[109.60776261025632,19.057219380370157],[109.68205355492768,19.181811524981924]]]}},{"type":"Feature","properties":{"name":"白山市","adcode":"220600","level":"city","parent_adcode":"220000"},"geometry":{"type":"Polygon","coordinates":[[[127.24770904483671,42.708247369720425],[127.18861298969773,42.84142247037079],[126.81620881518472,42.77503424983081],[126.80443991007382,42.7022741698172],[126.61794059508259,42.57558553554401],[126.62340496037064,42.468362004802714],[126.50517767041333,42.408714470096754],[126.56954145497434,42.202881465007636],[126.11448812482718,41.95053294533932],[126.3155132004739,41.79851773040912],[126.2957347002963,41.66849799019019],[126.41799258978631,41.65674824513559],[126.3939995499394,41.51364807529842],[126.56935206044932,41.53011911000897],[126.61055413036888,41.66273304989045],[126.735223405336,41.71551577523297],[126.69509139015565,41.74547045509752],[126.79355375969828,41.69177745486576],[126.92692949010404,41.810228020406896],[127.17840359984632,41.59291065480289],[127.09772341000746,41.54318078966185],[127.25724438022417,41.47664862003796],[127.5398896800649,41.474881384768196],[127.6499698650174,41.40349410996521],[127.86499873030732,41.40130592992489],[127.93237679505307,41.45653458460356],[128.1075772400976,41.360625914654406],[128.20197386999814,41.40893923965422],[128.31041408544172,41.601410525175595],[128.1609559047913,41.71271268014624],[128.09948135957723,41.94599647985376],[127.80259278962569,42.301722784579],[128.03717576524957,42.476379795391324],[127.9594227598526,42.65352127508686],[127.72094902477772,42.819696685253916],[127.45381495999254,42.5593889703249],[127.31514284506636,42.63800279509303],[127.20189455538957,42.59990163974902],[127.24770904483671,42.708247369720425]]]}},{"type":"Feature","properties":{"name":"白银市","adcode":"620400","level":"city","parent_adcode":"620000"},"geometry":{"type":"Polygon","coordinates":[[[103.86723977009939,37.606605375237905],[103.75607267981036,37.53771837040654],[103.74450069025471,37.24319051003408],[103.55581727544694,37.02590334995966],[103.60875274973966,36.83788176962804],[103.6984414898829,36.78410715502122],[103.79816449489556,36.79085507500179],[103.76733246971776,36.85331506493833],[103.9009100754397,36.803808934934466],[103.94052278969502,36.74296717969162],[103.89640709531125,36.67238833965018],[104.03965720461633,36.573046110289795],[104.01395494476498,36.494858885229405],[104.12736524461042,36.25090827979335],[104.18330442036279,36.34321332043845],[104.50211334015859,36.43196567477611],[104.50916462035099,36.20290948998104],[104.57487332484413,36.16825793525555],[104.49626725043333,36.020656385184054],[104.67794209025533,36.033957379829246],[104.63660132958773,36.0035668750113],[104.97681237479134,35.71416808478932],[104.93694304978197,35.49654645515483],[105.09593500999279,35.41245851554811],[105.41419679484625,35.49245088500038],[105.52612496969164,35.61628961987009],[105.4254354848598,35.820282170485825],[105.37438262525802,35.79686637488334],[105.32914971478755,35.997569510324695],[105.51091500482369,36.14789391976865],[105.36292554477814,36.48910143538296],[105.24536656981138,36.54757021519333],[105.19888928541224,36.6923484651096],[105.32893423542669,36.8058140202009],[105.17511209005096,36.89213491979075],[105.16155731032165,36.994631880057284],[104.95134551518345,37.039634670203895],[104.85516251963463,37.21198238028268],[104.62352979516396,37.20514587977857],[104.61806967017918,37.296110954856715],[104.71491592473018,37.337273450109706],[104.6757494747585,37.40842720964804],[104.1794727751485,37.40694535984056],[103.86723977009939,37.606605375237905]]]}},{"type":"Feature","properties":{"name":"百色市","adcode":"451000","level":"city","parent_adcode":"450000"},"geometry":{"type":"Polygon","coordinates":[[[107.74206859978614,23.44543380022975],[107.70397636481744,23.633566450431374],[107.82940380514157,23.718093205237267],[107.74883883464457,23.79857178505989],[107.60166763535312,23.785108715494857],[107.51450910990758,23.895698110079763],[107.4243057354214,23.83493219556442],[107.27750519530855,23.99872250024322],[107.19265188497656,23.973163920578543],[107.05430633996565,24.06413113514384],[107.01337239482024,24.02694585476746],[106.88736337012347,24.118466969874817],[106.89847936023438,24.38228056049951],[106.79753722975943,24.459433000432682],[106.7629314154525,24.61207925525349],[106.68261730004843,24.603041850201294],[106.8170095602431,24.683654429908074],[106.65831053979963,24.797772954858033],[106.78028234505422,24.789076394659958],[106.84798659030895,24.854185520245608],[106.71817301517257,25.005794874733738],[106.74063501499398,25.101578494851708],[106.149087254873,24.963553130072967],[106.18417423974944,24.791513534921762],[106.01954906473759,24.635579929770017],[105.9350694748764,24.729747700196242],[105.79770872527752,24.705324810491675],[105.49632167990165,24.81084977999342],[105.43840741487037,24.92568866999619],[105.2636343753262,24.933046225103283],[105.20829678037217,24.99856622035486],[105.13078298025039,24.965602944920022],[105.0693855653916,24.912746299801938],[105.0600154696383,24.88981153987072],[105.03359846999348,24.873235955375094],[105.03096945037987,24.79092724529619],[104.73879505015151,24.622726540297663],[104.52760939985399,24.734765425284195],[104.44688744459995,24.64563408044853],[104.69707137974046,24.320206395009166],[104.75323811994332,24.460250330388476],[105.10547597513619,24.416376139946976],[105.1945263998735,24.338094680325298],[105.15596902025413,24.283043495161223],[105.24175453544353,24.207574130142063],[105.17923489527425,24.135492674947045],[105.25609119475291,24.063748909784408],[105.31459502474064,24.12037626025625],[105.49155253462186,24.02081398028099],[105.52525362015848,24.13087989029475],[105.59637189964349,24.141437650527223],[105.64794066972621,24.032556490289835],[105.88840585004999,24.042253500398772],[105.91844178546012,24.123830655160646],[106.04554897500526,24.090820565516708],[106.19689626525047,23.87622313468995],[106.1331668750513,23.802006220410817],[106.13883495476938,23.57588333005168],[105.99563680469487,23.449022320024085],[105.83654934547599,23.528670654726966],[105.62626580512284,23.40475518520367],[105.69767385516434,23.33167020531579],[105.52751121527041,23.23792743470341],[105.56294638526754,23.076451059568797],[105.7239049298687,23.06504174478073],[105.8759080201391,22.918670540113396],[106.0791153403008,23.00057632513733],[106.20571673044282,22.978590605372176],[106.31396119495327,22.863013784758436],[106.52149300499826,22.95066541477712],[106.65537023514827,22.86849976974861],[106.79708271959191,23.023233055161427],[106.76574983498693,23.17904167523318],[106.89919674043728,23.22305688476746],[106.93641387030391,23.308712340002558],[107.07248465484298,23.2755862602977],[107.29636310986967,23.354743740531262],[107.3796285151439,23.247774254778108],[107.55936444541288,23.206929345213155],[107.57869059019862,23.299172915397776],[107.82604202511942,23.337522305210257],[107.88294617522587,23.444114795161738],[107.74206859978614,23.44543380022975]],[[105.09549540968544,24.931922669695496],[105.0855788750651,24.91748338515015],[105.07825783513107,24.917677855448744],[105.09549540968544,24.931922669695496]]]}},{"type":"Feature","properties":{"name":"蚌埠市","adcode":"340300","level":"city","parent_adcode":"340000"},"geometry":{"type":"Polygon","coordinates":[[[117.97311779535005,33.335962494773355],[117.73071646009657,33.27599504513529],[117.47019857990063,33.34975550491265],[117.38022282472366,33.46213945976831],[117.23781179997468,33.50185658531319],[117.1971153549897,33.42526879461923],[117.15516119463348,33.45831843015151],[117.12013477010362,33.3825997847523],[117.05475307529423,33.392762954846546],[117.08983529016655,33.28639347967538],[116.79796486528642,33.300591020159516],[116.81919704490781,33.17535561027324],[116.74306241000227,33.056747089606574],[116.81368064034939,33.00107591002529],[116.74913832507366,33.003894270204455],[116.72551844991654,32.931654500155105],[117.04437310473509,32.717770505104795],[117.18794389969128,32.736485205327995],[117.25101776955444,32.809599629919035],[117.46609495991459,32.84206010518977],[117.52430047488701,32.98233444957526],[117.642368000283,32.9118243546103],[117.76942605536817,33.05010779513867],[118.02129359961998,33.007827240234974],[117.99482871467353,33.05815567974088],[118.07241937985054,33.116822764559004],[117.93582365024133,33.230082339828186],[117.97311779535005,33.335962494773355]]]}},{"type":"Feature","properties":{"name":"包头市","adcode":"150200","level":"city","parent_adcode":"150000"},"geometry":{"type":"Polygon","coordinates":[[[111.4187067453201,41.31678069497315],[111.38068495514665,41.37912183500475],[111.43437867033941,41.51898265492565],[111.3679148950564,41.62937190538918],[111.05283813477217,41.79802953523489],[110.77819301499568,42.17460209531049],[110.7238510450897,42.440931925168286],[110.39043730523753,42.71137547979458],[109.90137845015539,42.63485929042395],[109.38009935030482,42.44697010468661],[109.4699780101771,42.37554416533101],[109.50407383963608,42.15919253041102],[109.338533949782,41.91258392021177],[109.24850400505585,41.877193819739034],[109.45481831471352,41.52547034977687],[109.67614291006731,41.50245985973481],[109.62101944459175,41.430682655080545],[109.68995527991228,41.334671205211976],[109.61426536515455,41.272354985394315],[109.71177316010329,41.13694058543973],[109.67366790475006,41.0603059148861],[109.88155391008496,40.92230038015845],[109.78653656001427,40.7586885900065],[109.40446857476496,40.70119610521613],[109.42808992031365,40.50824623017945],[109.56785641034514,40.55372734004476],[109.70351445013182,40.47716459546973],[109.90761353533645,40.530522635111595],[110.14636163018514,40.50077028022429],[110.18829147017527,40.550781015331665],[110.23663934982619,40.473705579848684],[110.30733429504176,40.489111555553905],[110.602111979884,40.3106784452541],[110.97066829980224,40.25251813470419],[111.12075520998502,40.38158535527998],[110.83741140491247,40.53401019971102],[110.87263442034231,40.58540780003],[110.79616911011641,40.611290284918766],[110.77947835034564,40.78992482537046],[110.700992070128,40.810839180084145],[110.73876383977944,40.91775781996745],[110.62336783505759,40.94064384473768],[110.64153780512567,41.156917049782066],[110.51212492472558,41.29089632960199],[110.71586302026225,41.38300568496442],[111.22973255001722,41.23715603042649],[111.4187067453201,41.31678069497315]]]}},{"type":"Feature","properties":{"name":"宝鸡市","adcode":"610300","level":"city","parent_adcode":"610000"},"geometry":{"type":"Polygon","coordinates":[[[107.81544688006954,34.974228720179326],[107.63484321464273,34.919313540387634],[107.56889918994574,34.968822014924115],[107.49362631959906,34.907654335479265],[107.29141292027009,34.94462468508118],[107.18945223023627,34.88126426513378],[106.98453355507957,35.07158344511993],[106.53965161033364,35.08673178484406],[106.47881186957216,34.981022480403226],[106.5712014096174,34.77158668507752],[106.45285400980475,34.71264314956176],[106.45829503498794,34.638959630382715],[106.30680624541196,34.58240414473556],[106.32928799524484,34.518804724558436],[106.48179602516649,34.526003200387436],[106.71419098982238,34.37258046012022],[106.67458994966648,34.255558060256305],[106.50528655982691,34.28409285540101],[106.58107933993966,34.15061816989265],[106.49680211462595,34.11264289535342],[106.40376997480456,33.907709904788305],[106.49074146015033,33.857196275088086],[106.47683926512008,33.716972424937524],[106.57643052035229,33.58812821014885],[106.70190687480249,33.677365985252095],[106.6712042899461,33.70416331538473],[106.7965582295787,33.67846725456019],[106.85616923022587,33.87930911042713],[107.01184298526562,33.78972568988871],[107.05841810960811,33.878359484802445],[107.18191690973765,33.754240229802804],[107.33719863500903,33.8160784545571],[107.30153869475504,33.70702520544893],[107.40565184016037,33.6459451100788],[107.67531617540124,33.70793867023349],[107.71205901541128,33.9298517549546],[107.80572526001282,33.99666425045484],[107.94375213025666,33.984486654735406],[108.0328597150039,34.21592672014208],[107.94142861483874,34.30630699487199],[108.04852411539565,34.325227459979374],[107.97650488519236,34.57962020520836],[108.03085519990759,34.6267195398749],[107.99075815036838,34.788497515248196],[107.9444940151867,34.86143205024899],[107.8502494453557,34.84554178512536],[107.81544688006954,34.974228720179326]]]}},{"type":"Feature","properties":{"name":"保定市","adcode":"130600","level":"city","parent_adcode":"130000"},"geometry":{"type":"Polygon","coordinates":[[[116.24013057976254,39.516425049976135],[116.17851257019902,39.589653034659875],[115.90444721456731,39.59971788457278],[115.82264485517601,39.50598617022564],[115.66125312962834,39.61448861965414],[115.50854612020737,39.590624244913045],[115.48624514040102,39.737242299992204],[115.41835507992312,39.773152285049946],[115.56323007530784,39.81275730470588],[115.41970131466405,39.94904032025465],[115.33644514003129,39.78941549992544],[115.16317740461363,39.67168626530895],[115.04534553037195,39.70733840034694],[114.8494895204251,39.583682629849534],[114.57100724978477,39.58304946486095],[114.42792104012392,39.314568105034084],[114.46437420040911,39.19331623495634],[114.37682536020225,39.1726382499553],[114.34272038463814,39.07561402047071],[114.11572700539705,39.04857819013142],[114.00603080487781,39.12216636048919],[113.76988177502392,38.99077875053894],[113.76622965517447,38.88962875975949],[113.849636594853,38.81827491005913],[113.83141843461317,38.74788067025679],[113.98517260473193,38.67463958514878],[114.47486212468732,38.691576365257106],[114.67053284011854,38.47060872970917],[114.79407434455538,38.49627899977605],[114.90539855539907,38.40151218014307],[114.93684661977579,38.340937265442506],[114.88037026997199,38.26483985977177],[115.0629449399571,38.299666370406726],[115.20103384003971,38.234624405292095],[115.24687902964354,38.288563950166235],[115.29748735525732,38.23496634012457],[115.48900640981799,38.36187536495618],[115.51628442038975,38.314725074702494],[115.69174255987127,38.349374185070644],[115.74037955537221,38.48279883499828],[115.93492349042685,38.52987680537035],[115.93822766977121,38.73473460002185],[116.03930441526666,38.81747015532346],[116.03552946511275,38.89419810535833],[116.33022258040785,38.98278520027685],[116.3126843301178,39.08200187978298],[116.17227620528274,39.214454990305626],[116.19062423482069,39.354051375370716],[116.11198957455929,39.365933475449594],[116.1450559500721,39.46970011476856],[116.24013057976254,39.516425049976135]]]}},{"type":"Feature","properties":{"name":"保山市","adcode":"530500","level":"city","parent_adcode":"530000"},"geometry":{"type":"Polygon","coordinates":[[[98.88733273541749,25.63767617011922],[98.8719864054483,25.553695294802083],[98.76738303509904,25.556756784897743],[98.71750042460496,25.85726422496407],[98.63205104991607,25.801839945257314],[98.53187573987356,25.84562202533624],[98.39862592534621,25.601965220318732],[98.31082381536686,25.550568860164788],[98.17091150476222,25.626473669724135],[98.08691653526995,25.340462454778503],[98.19206357457438,25.247628899654046],[98.17929076525667,25.143131419979113],[98.26943751482952,25.08929573960677],[98.238749439635,24.928293305391776],[98.52993760463681,24.901902225107676],[98.55143192494342,24.80394671976535],[98.42114839468275,24.771249149928394],[98.41578220478499,24.641477199912913],[98.48448561481933,24.543944584574945],[98.69294690477591,24.563301700213344],[98.70583099530427,24.125962464795975],[99.09342654479929,24.240155900574393],[99.26525727510324,24.447769240458115],[99.34695389490639,24.371429440516295],[99.35385876546974,24.244702764920703],[99.4603012503025,24.243855955188224],[99.68245599005195,24.45661301517856],[99.64322108998135,24.580617805367467],[99.80726252494566,24.706181000153094],[99.76705375532663,24.786876839994193],[99.84440513968553,24.950286434671284],[100.0455585350984,25.054454339795996],[99.92771453529764,25.207700560232695],[99.71898092972617,25.055044879617526],[99.50124926534136,25.127120650197924],[99.28440768966323,25.368251229910356],[99.28343905956501,25.426326680432],[99.34431838038898,25.41566907476806],[99.32751484473437,25.51910964509409],[99.2337610853059,25.548016870182437],[99.08394232957488,25.47313239994037],[99.00760993465082,25.635977859790444],[98.88733273541749,25.63767617011922]]]}},{"type":"Feature","properties":{"name":"保亭黎族苗族自治县","adcode":"469029","level":"city","parent_adcode":"460000"},"geometry":{"type":"Polygon","coordinates":[[[109.76934259988116,18.8104377046364],[109.68397789996015,18.833269504783857],[109.69846874983301,18.723363040072286],[109.40135098496006,18.62716860964366],[109.41892066475691,18.56449611530354],[109.53234747525585,18.531628440500185],[109.53626997987573,18.398195135497133],[109.67354701967929,18.395823230257918],[109.75779019486168,18.526573659746646],[109.82941777481051,18.519796580148125],[109.76934259988116,18.8104377046364]]]}},{"type":"Feature","properties":{"name":"北海市","adcode":"450500","level":"city","parent_adcode":"450000"},"geometry":{"type":"MultiPolygon","coordinates":[[[[109.7005638698268,21.89706108969756],[109.26376112497599,21.914288789695945],[109.18550175000581,21.84383131046667],[109.09423055469642,21.880717194842703],[108.96629294016714,21.83498420016076],[108.85067951984405,21.684301740033334],[108.96521946530612,21.596953280469563],[109.0868627347275,21.666331770195086],[109.07074052995154,21.65321647476054],[109.07136424036747,21.6403785203525],[109.06572902007827,21.624862224811864],[109.04622991497865,21.604471110053737],[109.0665185699761,21.59489060981383],[109.07366077522465,21.633195170220972],[109.09067053981363,21.63722957028847],[109.0975859450354,21.65210548557974],[109.12439892517034,21.665130720206605],[109.07588954976296,21.5997884246961],[109.16732098987183,21.528192620493087],[109.1232768347582,21.490584065202484],[109.10167516507687,21.48359271043529],[109.08662750535512,21.48130091050865],[109.07373652961724,21.488066924848738],[109.0427136053487,21.449514715431803],[109.15597416987208,21.402500784883387],[109.24200238510207,21.48095713026737],[109.25216201006879,21.430609840072123],[109.32831372040192,21.480349510521535],[109.55049608462667,21.477747844687315],[109.58634349035987,21.579646504882362],[109.48477281021707,21.659654429908073],[109.59894452017352,21.773007569743584],[109.58122569500989,21.628595555240736],[109.63599689963729,21.560069139878976],[109.64282180518222,21.59680667029164],[109.67110478026149,21.611477835134053],[109.68204941534827,21.6135512104201],[109.65140548517508,21.51932927022966],[109.75187207033986,21.459110575192938],[109.76158302983305,21.669224509703383],[109.683662210043,21.691400485544023],[109.7005638698268,21.89706108969756]]],[[[109.12368035966091,21.018711015201234],[109.11034007543418,21.068038850112885],[109.0861844246715,21.01570527497853],[109.12368035966091,21.018711015201234]]],[[[109.03319894537509,21.61473529020151],[109.06031452489549,21.620380115250157],[109.06694646470766,21.63386339527949],[109.03319894537509,21.61473529020151]]],[[[109.52918874506457,21.45036407474231],[109.50803246462658,21.473729709758345],[109.53584395033812,21.451079495322517],[109.52918874506457,21.45036407474231]]],[[[109.2184559099124,20.910052324755043],[109.20450475489059,20.910169990252882],[109.21237323463714,20.90231914980899],[109.2184559099124,20.910052324755043]]],[[[109.08517417035176,21.482628250493406],[109.10770883539448,21.488578159754297],[109.0846294752701,21.48334423494856],[109.08517417035176,21.482628250493406]]],[[[108.8505296046576,21.711832960123047],[108.85775048529672,21.716841524716642],[108.85540628547176,21.724962269693037],[108.8505296046576,21.711832960123047]]],[[[109.0673518449118,21.649833455449652],[109.06908052534601,21.651636519709655],[109.07169513512247,21.655083860331956],[109.0673518449118,21.649833455449652]]]]}},{"type":"Feature","properties":{"name":"北京市","adcode":"110000","level":"city","parent_adcode":"110000"},"geometry":{"type":"Polygon","coordinates":[[[117.38335014519316,40.226472314945454],[117.2175962400745,40.37007141516375],[117.25558526974442,40.43903890482164],[117.201562230013,40.49849683995723],[117.50823920997163,40.65928417522457],[116.9628005302203,40.706161550015565],[116.70728705525346,40.908709405414754],[116.68377944966198,41.042570560183265],[116.62553131491836,41.05896424960048],[116.59588798484265,40.97424680974251],[116.44922990993246,40.978055429614415],[116.46794782523205,40.89434815504336],[116.32809765508273,40.91977434011375],[116.45542270539363,40.768117024780906],[116.24150188040755,40.79027902965356],[116.1153246051465,40.62756812007274],[115.97731206020353,40.57746488519632],[115.90178683019815,40.616094435409934],[115.74664875543579,40.53495153538512],[115.76454054540989,40.44130946995614],[115.96181469539192,40.2624129201202],[115.84584816975735,40.14694449479265],[115.77141372476365,40.176621995508754],[115.44827674477597,40.028602720239405],[115.41970131466405,39.94904032025465],[115.56323007530784,39.81275730470588],[115.41832555967687,39.77297884539746],[115.48624514040102,39.737242299992204],[115.50887966526443,39.590480244567686],[115.66125312962834,39.61448861965414],[115.82264485517601,39.50598617022564],[115.90444721456731,39.59971788457278],[116.19799827989675,39.58757929514843],[116.25293497956568,39.498931120075156],[116.42863772025464,39.44207842467961],[116.39648289037314,39.52553165965844],[116.56016502999216,39.61873732007132],[116.77896932477461,39.59228170533646],[116.90065224980151,39.676610905169184],[116.93963277483272,39.78488970039939],[116.78003711502095,39.88515021491054],[116.77343652467596,40.03333950971063],[117.19792282477863,40.068527775336634],[117.34798488489457,40.13771869526164],[117.38335014519316,40.226472314945454]]]}},{"type":"Feature","properties":{"name":"北屯市","adcode":"659005","level":"city","parent_adcode":"650000"},"geometry":{"type":"Polygon","coordinates":[[[87.77583681471731,47.39010729991202],[87.52456293543116,47.34134256021105],[87.84424209499673,47.25054792015044],[87.75970917983483,47.20201565969501],[88.13567398526624,47.114548010282476],[88.42651188501554,47.236494309864554],[88.22066637035675,47.243838564897885],[87.77583681471731,47.39010729991202]]]}},{"type":"Feature","properties":{"name":"本溪市","adcode":"210500","level":"city","parent_adcode":"210000"},"geometry":{"type":"Polygon","coordinates":[[[125.51429821978707,40.9105219800054],[125.78561385959199,41.16483666048356],[125.73134928983791,41.17755933979174],[125.74369498503563,41.24337988487383],[125.6408446451643,41.26274328497465],[125.4563242397719,41.56595689479491],[125.2161461554208,41.47773521960477],[124.95605593972994,41.51758915001932],[124.84890699965842,41.42255515529621],[124.86626009482757,41.32493566544866],[124.65183193979226,41.24201122463836],[124.4892363997401,41.33265401956743],[124.42151549544383,41.303427929955035],[124.28842946994416,41.539804369576075],[124.11976203479014,41.50392316462239],[123.87548405544487,41.5624379402588],[123.80232809026916,41.50124724986074],[123.58572873529295,41.49201220529909],[123.65571770011184,41.44206929526183],[123.66708369455694,41.2640043799982],[123.59126318474819,41.232783380049],[123.68396904513543,41.057818265100934],[123.58388725019654,40.85614649956136],[123.68927687532755,40.81390998535761],[124.1282799401672,40.84897980487415],[124.14701986997113,40.95460385988031],[124.08261208967622,41.03356489490403],[124.22555092023879,41.03945769541639],[124.25750994522787,41.098366490121464],[124.50478254467873,41.04752580037547],[124.73130825037549,41.15607749488055],[125.26891456535498,41.09860695534678],[125.34756078999851,40.9981894003206],[125.44663104009044,41.02802319511443],[125.45632645480214,40.962252195482506],[125.52375317466931,40.98340942470526],[125.51429821978707,40.9105219800054]]]}},{"type":"Feature","properties":{"name":"毕节市","adcode":"520500","level":"city","parent_adcode":"520000"},"geometry":{"type":"Polygon","coordinates":[[[106.0002260999546,27.750120409729163],[105.63411642972949,27.662549265436326],[105.50683159979855,27.77183681491715],[105.34981372971993,27.751728515358764],[105.18861375042428,27.3758571000252],[105.06801929465479,27.422921040074016],[104.86857364975418,27.29450996036644],[104.82149945473611,27.355369245194538],[104.53988858029379,27.32868621529667],[104.51472181456018,27.403046534569967],[104.36008836468636,27.471748990423634],[104.17110082524295,27.266734884607274],[103.93075998968186,27.44798699540354],[103.86196421028012,27.292799000173773],[103.59955848493621,27.0655843202602],[103.61161908964931,27.00818891998273],[103.70312806031177,27.052616779840548],[103.77592237481781,26.9471844450062],[103.70085626490476,26.817244960286757],[103.76927294499046,26.73098098958104],[103.7621607995813,26.58935984028443],[103.86328712470112,26.515901360259647],[104.04859033957257,26.509083144771353],[104.12487439503735,26.6471064150291],[104.34626889469382,26.623088284996413],[104.41848864043845,26.715117074593365],[104.47059727984066,26.591128109774502],[104.66612690962921,26.517108870078346],[104.81046131533748,26.873137855127936],[104.90403766010996,26.828530465408676],[104.99860125544365,26.923061325419894],[104.98916003500767,26.82619765999408],[105.05871352470945,26.803453815341356],[105.142680240201,26.578814729915905],[105.49658085462278,26.444978550219957],[105.5314570204252,26.362289560015256],[105.90551764542306,26.526614150122953],[105.96801453004656,26.52419557996211],[105.97107056485476,26.441506650011945],[106.11833743492474,26.48909952991943],[106.12025174981846,26.662160834954648],[106.17071753468656,26.681121755164895],[106.12393380540084,26.831195160228503],[106.3530007002222,26.894250014826355],[106.44674936499126,27.01257146470141],[106.40991825472372,27.152977729738495],[106.71007857986262,27.31016868963337],[106.72261205979879,27.409033430248655],[106.59876979958665,27.534543154942696],[106.51037490507787,27.47409581536965],[106.33028810521193,27.475827305285975],[106.33265418464299,27.580774449581213],[106.28009295512584,27.616826215457536],[106.14527375977627,27.564929969842296],[106.104359265168,27.65761534007595],[106.00011570007956,27.67133645031697],[106.0002260999546,27.750120409729163]],[[104.5944998854614,26.789559910261687],[104.69103842977978,26.857209984852943],[104.7019844750036,26.803725444773534],[104.61828398491804,26.724404955224543],[104.5944998854614,26.789559910261687]]]}},{"type":"Feature","properties":{"name":"滨州市","adcode":"371600","level":"city","parent_adcode":"370000"},"geometry":{"type":"Polygon","coordinates":[[[118.23121635535063,38.12778435536376],[117.84644800457181,38.262397689601755],[117.70268975492831,38.07713681031561],[117.55128684521185,38.054979400079276],[117.52355198533587,37.920142735399],[117.60064238463838,37.844916705341745],[117.51559261470743,37.75873160517949],[117.55058412485755,37.71296886991746],[117.46883225970112,37.65057213019969],[117.35886641994944,37.650452899881486],[117.34245569467464,37.70659220986266],[117.25871735032547,37.53828105013042],[117.40284583017103,37.372436145311895],[117.45337518002066,37.109645400414934],[117.3092826802515,37.02877759041354],[117.39771007985632,36.95102326031525],[117.54507135985546,36.9784101401159],[117.59075357521738,36.830250815222996],[117.74570980526335,36.74872868008458],[117.7194387350097,36.68972686490292],[117.84646627519851,36.75030827540661],[117.82415531471611,36.858100585074],[117.95604775460026,36.92246287496175],[117.83985578511647,37.06606477027299],[117.56890107022832,37.088907960334154],[117.54515099032596,37.146318560053544],[117.64717760516237,37.27129285987763],[117.9846846947429,37.26170909959535],[117.96769427457116,37.215886775254546],[118.07606083463986,37.184632139761504],[118.03984151517386,37.09745633024551],[118.12294608479408,37.09072537507603],[118.19958415478493,36.96173993974645],[118.3184716046809,37.03275967511894],[118.38153951473691,37.1769867098688],[118.30940991973205,37.35193925499266],[118.15441065532752,37.36159560045667],[118.10876885010236,37.438779334998344],[118.15951716508516,37.64370516516129],[118.27862154494835,37.66114978523444],[118.35734673996012,37.79823714542795],[118.23238800470267,37.87270165026098],[118.23121635535063,38.12778435536376]]]}},{"type":"Feature","properties":{"name":"亳州市","adcode":"341600","level":"city","parent_adcode":"340000"},"geometry":{"type":"Polygon","coordinates":[[[116.38878602465536,33.78534692502063],[116.15053515957004,33.70958448533577],[115.97997403996999,33.902793824675314],[115.98007069011032,33.9924154304278],[115.72858859978408,34.081038144794604],[115.59885913014477,34.03524135040806],[115.5404425352948,33.89334337989311],[115.6293191147854,33.86844979042553],[115.5571019797726,33.77120498512204],[115.65793034960598,33.52768976037419],[115.893054260246,33.40158686534164],[115.920685850072,33.230948885182954],[115.8302250653345,33.2648477100538],[115.83190198978502,33.13405517970284],[116.28661465044581,32.85893091463004],[116.38828173521392,32.8959780348585],[116.37588014535254,33.00731253484565],[116.72551844991654,32.931654500155105],[116.74913832507366,33.003894270204455],[116.81368064034939,33.00107591002529],[116.74283426458965,33.0622241596173],[116.81919704490781,33.17535561027324],[116.79637832989602,33.42571809501413],[116.53003728998897,33.47028380475382],[116.54925434970858,33.59443167528167],[116.38878602465536,33.78534692502063]]]}},{"type":"Feature","properties":{"name":"博尔塔拉蒙古自治州","adcode":"652700","level":"city","parent_adcode":"650000"},"geometry":{"type":"Polygon","coordinates":[[[82.58453000025935,45.222828924715145],[82.47928301479936,45.17856134023373],[82.29087402991263,45.24429019493658],[81.92407515524428,45.232212180247984],[81.77681223499673,45.385657614907075],[80.89623317462139,45.12961949974016],[80.7230166546949,45.17824136504703],[80.37513588980954,45.04350672485555],[80.10499276540384,45.05370896509669],[79.88615814997871,44.90388465515275],[80.0014003202686,44.79415959988569],[80.26041911515011,44.842742195396056],[80.63382569020348,44.73052638498473],[80.6896313247259,44.67306296988022],[80.65835328977255,44.62785829542406],[80.88720559466253,44.52947721470173],[82.35710635477449,44.2641953954012],[82.70064463524176,44.07016417553632],[83.09171586479539,44.09836560998497],[83.42695212484074,44.00535789035439],[83.46844111536524,44.04510749491499],[83.41793665964917,44.246052305169826],[83.51048494532404,44.46088026551189],[83.78999698017657,44.465844520508256],[83.74246948008249,44.553402690281985],[83.79513715515566,44.758278074773386],[83.46704528301348,44.97690854499342],[82.99977414036437,45.049689015335844],[82.58453000025935,45.222828924715145]],[[82.61558155534453,44.923366889870124],[82.56596979546975,44.8509123005623],[82.65091654985895,44.88589037484098],[82.64520584497382,44.79059296509331],[82.69374685043687,44.839490889892716],[82.71828114006263,44.82122542980977],[82.56011481504675,44.705608834879854],[82.08728172527145,44.881131454852834],[82.61558155534453,44.923366889870124]],[[82.13030832986561,45.03553867487],[82.19645734513045,44.917041515453604],[81.93757198985548,45.0079369254488],[82.05035843989015,45.0407734900046],[82.13030832986561,45.03553867487]],[[82.18588093475739,44.75585633540163],[82.23341893533564,44.68100313548638],[82.12311610522414,44.679461055383456],[82.18588093475739,44.75585633540163]],[[82.10121056541533,44.84808692027519],[82.11829660960092,44.805190345058406],[82.08478321976986,44.83257028029425],[82.10121056541533,44.84808692027519]]]}},{"type":"Feature","properties":{"name":"沧州市","adcode":"130900","level":"city","parent_adcode":"130000"},"geometry":{"type":"Polygon","coordinates":[[[116.20296005456294,38.92101071497257],[116.03552946511275,38.89419810535833],[116.03930441526666,38.81747015532346],[115.93822766977121,38.73473460002185],[115.93492349042685,38.52987680537035],[115.74037955537221,38.48279883499828],[115.69927885973163,38.3669240051388],[115.83822892542457,38.3434983502687],[115.8950859051904,38.15805829005808],[116.04318069473334,38.14624789022798],[116.0833965501107,37.91117142961781],[116.33185904525874,38.01802675543047],[116.55758043958565,38.019316955213355],[116.46689464537167,37.77587790484148],[116.32205202018463,37.60581255990178],[116.41699776983126,37.47910611995155],[116.78888591515295,37.84623674463012],[117.42841032467686,37.850925610128854],[117.55801728956635,38.0625703103716],[117.70268975492831,38.07713681031561],[117.8634987251861,38.32809008488954],[118.0153148149268,38.39353652459101],[117.76147924467148,38.32760897457456],[117.58665605982935,38.612906795112565],[117.24700525538833,38.55549352980262],[117.2234996903585,38.642070235253186],[117.09185533025936,38.586008859621245],[117.03927883025392,38.70492493044122],[116.8715828652571,38.68009479983522],[116.86136596516724,38.74578453492842],[116.76042705516454,38.741170285280475],[116.77217136471677,38.64454494469351],[116.66264009536417,38.59216314970962],[116.61479299959728,38.47349122504005],[116.46315921502583,38.492485195335576],[116.35430778008003,38.656378594696434],[116.43056140518479,38.75330637009296],[116.26607300986154,38.81584503002415],[116.20296005456294,38.92101071497257]]]}},{"type":"Feature","properties":{"name":"昌都市","adcode":"540300","level":"city","parent_adcode":"540000"},"geometry":{"type":"Polygon","coordinates":[[[97.73044629965705,32.529841060316755],[97.34118956025009,32.559786684907635],[97.38844095498615,32.50360275056653],[97.34098095980352,32.441292469871655],[97.42665629545172,32.32470544530014],[97.29244067020085,32.291869315116855],[97.30205172041065,32.07478703499373],[97.22058291506954,32.11072327485931],[97.2347213853837,32.048613919796594],[97.16630918032445,32.026680449743026],[96.96636366974764,32.06792047015364],[96.95583710969493,31.99662392525397],[96.86618046545618,31.96764822488575],[96.72376007966403,32.02642852985281],[96.84128171028277,31.72582342970759],[96.77334041542787,31.67574342521897],[96.47397738514826,31.77091952541582],[96.38584647493491,31.925595020393928],[96.1873638546582,31.90581486006778],[96.17602809991695,31.777716430568887],[96.25229476519132,31.697740995350728],[96.20584391006844,31.60066822046207],[95.98109125016111,31.81905455982013],[95.89835333503845,31.819046755503393],[95.82381174481623,31.68321206008858],[95.74059617547317,31.7639235400394],[95.51359482014487,31.750424810556638],[95.35962347993973,31.940837904945397],[95.45322250021826,32.00944656510694],[95.43932901961864,32.159938199888074],[95.31172653475181,32.151183094724104],[95.23995810028617,32.322904940510625],[95.07789753544296,32.28245885509216],[95.25813538543974,32.35143462480812],[95.22240215493554,32.391349790060815],[94.92114900961917,32.41196480543147],[94.75821455465803,32.532199675374784],[94.64835727027184,32.46344007030308],[94.75852597009748,32.348124660124995],[94.64887553517787,32.15375120055751],[94.69101809990542,32.044715134795695],[94.64106591965651,31.8369958502783],[94.76940059476169,31.73754130009098],[94.67840871538993,31.64791092504919],[94.88993543537208,31.54457137017266],[94.8660684202215,31.409391910008708],[94.98697458011281,31.332194840319687],[95.03566947486644,31.16294797556867],[94.7723212753067,31.080086224699585],[94.71200073024954,31.183058380439945],[94.77377691976909,31.346409109992464],[94.62809254983136,31.314852255527228],[94.56740229977635,31.439665484974228],[94.36701296027996,31.29709496995696],[94.29622038016646,31.31628130523808],[94.30117739472104,31.21881753030482],[94.21206228984283,31.125324580565007],[94.3398595148048,30.920279205321094],[94.3189164249531,30.849593200266042],[93.92750848023223,30.84298900993491],[93.69415315024776,30.934797194934674],[93.59373895508878,30.86704801505391],[93.70011003015384,30.82085713504881],[93.67415252471932,30.760981470218724],[93.78264832006397,30.667047885051886],[94.13278731498264,30.493773654730433],[94.32562132046763,30.603184670336304],[94.3861681799176,30.540383040544953],[94.59991051465857,30.553902869921558],[94.69801819518364,30.63101518030635],[95.01609370975694,30.561985190464213],[95.13227951978405,30.668211015126303],[95.33758836041454,30.625028705510374],[95.36034956468075,30.557710444781264],[95.43722122997582,30.621031784689137],[95.71058730516006,30.552286924901694],[95.6935865751604,30.485643045090512],[95.8843263797587,30.345461530525256],[95.85854204507939,30.30662980552114],[96.1152392445955,30.198765860356218],[96.28587901530437,30.313312930247605],[96.55079570535759,30.300281130569772],[96.63289143529158,30.234837530028017],[96.5988136201525,30.147464355295824],[96.66746742987806,30.123405264741223],[96.48622553987684,29.739757079825438],[96.62432530017253,29.642619440434885],[96.65456952486375,29.55936641972454],[96.60418490470965,29.503195655055492],[96.70563936546438,29.421834330390084],[96.54083074044638,29.360168855508334],[96.71610517991019,29.17121127518027],[96.91615905969292,29.12563869526963],[96.91896603535429,29.200176900443637],[96.98520544507528,29.204045874717394],[96.98230353518005,29.4854049102085],[97.05732047466023,29.486282380527484],[97.0754073896394,29.54939077536403],[97.1514541347006,29.448665715150696],[97.29334660496193,29.4534273501921],[97.358855060113,29.369137390478215],[97.40919476542615,29.070497274829393],[97.54614798544122,29.1003039298825],[97.53547645467472,29.187113545353895],[97.61450527519833,29.210285604896796],[97.54634700001412,29.280001229773006],[97.60422808545786,29.29367096983941],[97.74109887990943,29.240905880202263],[97.84369783498715,29.103648920461353],[97.974969280408,29.13884214494908],[98.11381595014603,29.00809106525054],[98.14517078540348,28.863518959732232],[98.24135637999302,28.924125230195273],[98.32550850511348,28.795788619749032],[98.45384553464379,28.780321005410144],[98.54089403523159,28.509402360530544],[98.68436685984278,28.439325084984716],[98.59443932541461,28.68366758529089],[98.68295581995517,28.744197825269453],[98.63016733535432,28.976131419729313],[98.76696666967615,29.009216949902395],[98.83894979030066,28.805582650518943],[98.96998699020747,28.831684954896787],[98.91288367983799,28.91092683020912],[99.01466946972033,29.043025870447593],[98.96096704009688,29.176456339888205],[99.11535128963038,29.22792170502271],[98.99058437976538,29.664479669701052],[99.06756711493045,29.931624125253222],[98.90461742995052,30.69049115494289],[98.95742673475604,30.767325060403266],[98.77970895510424,30.896113670109855],[98.79677156475594,31.013719560009747],[98.60088601028122,31.19386898506565],[98.63821529460023,31.338992445145266],[98.77598711980977,31.250977470134217],[98.88663130019438,31.377481170519673],[98.41508884007794,31.832277979844946],[98.43596530005863,32.00562582507183],[98.21847323485196,32.23709669495656],[98.2181043752168,32.345451240082696],[97.73044629965705,32.529841060316755]]]}},{"type":"Feature","properties":{"name":"昌吉回族自治州","adcode":"652300","level":"city","parent_adcode":"650000"},"geometry":{"type":"MultiPolygon","coordinates":[[[[91.5673756453698,44.89333418482482],[91.44595177005817,45.15477877502053],[91.24205115983324,45.13348231545655],[91.12367236468793,45.21420454050718],[90.87950670976693,45.18938401016396],[90.87522996489105,45.278516339757346],[90.80401960022442,45.289773200572824],[90.76980692005338,45.42817548471089],[90.67027070512898,45.48713861555473],[90.49407773499951,45.42008170500674],[90.2819738903828,45.16326474996828],[90.23500637024785,45.00069990018028],[88.0011969252979,45.00036959538056],[87.79245590481622,44.361436919977905],[87.77109950993452,44.1159942250535],[87.99056163001529,43.99959692056149],[88.01509537015528,43.87378235986807],[88.135195789654,43.754895005300284],[88.51028425971089,43.85675856045924],[88.70332335019253,43.70667902022063],[88.831371244987,43.72001092006798],[89.39179547997747,43.45326986980871],[89.71812785461685,43.41350877011371],[90.16861686008008,43.552431054849365],[90.38224180991165,43.49655791001959],[90.87970938008391,43.531354439955464],[91.13332912024276,43.48322575026822],[91.55245099491754,43.64220468020187],[91.36650721003974,43.7043551801475],[91.56332932478858,43.7691057999927],[91.30516706041158,44.007592335118204],[91.3311877252334,44.27680147490821],[91.28580645540364,44.374370845538124],[91.40056172014732,44.62352759032609],[91.38597730480882,44.736713355537006],[91.5673756453698,44.89333418482482]]],[[[87.33309381033115,45.33377333027505],[85.66620589458643,45.33379104512068],[85.66631074024855,44.91843918512035],[85.86594764037136,44.86516268520978],[85.9531452800307,44.63855492986619],[86.0700395345969,44.581484630011744],[86.1410464699187,44.312364360327024],[86.11315942047094,44.15029678976509],[85.96504755010443,44.00333331498058],[85.96828516972488,43.932462824799586],[85.78443748510193,43.83874742505367],[85.71715238507454,43.636690995193305],[85.58578472028864,43.52005696036048],[85.98712433521996,43.40187778053519],[86.08622479533807,43.431666065136824],[86.16116077514971,43.30336686019251],[86.50970123502401,43.1257744298461],[86.84381151508939,43.14790573006542],[86.93716921488743,43.36578518543803],[86.89805724494596,43.427476149804534],[87.27583137481815,43.79920834548881],[87.28331881990766,43.95572699470512],[87.50143416475498,44.06521574051408],[87.52628508498873,44.146908834974795],[87.36814363971723,44.5632830748541],[87.51007236524754,44.549107469734],[87.50302499530733,44.59651361531115],[87.58929823982197,44.53987117511468],[87.3330611703368,45.0004369249242],[87.33309381033115,45.33377333027505]]]]}},{"type":"Feature","properties":{"name":"昌江黎族自治县","adcode":"469026","level":"city","parent_adcode":"460000"},"geometry":{"type":"MultiPolygon","coordinates":[[[[109.04275859033675,19.425392800437464],[108.93375195488886,19.510605395322784],[108.66505601502314,19.30853548012834],[108.95516581465068,19.218408240448014],[109.0053590797578,19.047031264881014],[109.09515628533438,19.02980225007383],[109.106930414607,18.887834744877637],[109.25883126545062,18.90654600519406],[109.27508722009918,19.058455320456744],[109.17298930521235,19.08491960015948],[109.04275859033675,19.425392800437464]]],[[[108.66135154024147,19.317041170014022],[108.66904928010024,19.322721160353296],[108.66893182504373,19.325289200536247],[108.66135154024147,19.317041170014022]]]]}},{"type":"Feature","properties":{"name":"常德市","adcode":"430700","level":"city","parent_adcode":"430000"},"geometry":{"type":"Polygon","coordinates":[[[111.24026572997951,30.04260425008613],[110.93019054475792,30.06460914519596],[110.84727466009753,30.128700419888503],[110.74028810970856,30.115475474613504],[110.70861399533965,30.03551723533218],[110.49163629467932,30.05711326986159],[110.55467677541293,29.99019580009616],[110.50151360986524,29.921516300337032],[110.66728820029027,29.707822125191],[111.2387948051362,29.60777441455764],[111.33461345474723,29.49537857516117],[111.23471979977899,29.356372354900316],[111.22885673984672,29.233072209614818],[110.84732971029797,29.09655424528222],[110.98261390011146,28.990784099906364],[110.9519569099835,28.909958954642093],[111.1090361453019,28.747141600404575],[111.05510509992047,28.64897258521671],[110.93008212518998,28.622432839803764],[110.94881825985487,28.57012643498706],[111.05108097460737,28.61166787487258],[111.07255667984697,28.53420702503422],[111.00255495005098,28.547624509763352],[110.85709850519191,28.410382934724737],[111.20452197470945,28.53815121500662],[111.46303180547352,28.559596614891916],[111.56456498478627,28.64375547503522],[111.68648749010566,28.593957805508353],[111.74493913513305,28.664186894709474],[111.83355854988724,28.61550694039306],[111.92689894493043,28.681619790321122],[112.1404975203443,28.65064530533664],[112.29799481001248,28.791136600373875],[112.24193800473518,29.106295234937193],[112.18250812035353,29.13783007489809],[112.29496201008874,29.45000275971961],[112.23872744481582,29.66277984041733],[112.19302224008436,29.619906025242926],[112.0614345004019,29.682761064871272],[112.05886131519765,29.77184948506573],[111.78172862027964,29.916217420197825],[111.39103666001392,29.91455609988418],[111.24026572997951,30.04260425008613]]]}},{"type":"Feature","properties":{"name":"常州市","adcode":"320400","level":"city","parent_adcode":"320000"},"geometry":{"type":"Polygon","coordinates":[[[119.9693681301352,32.017597074945115],[119.79282083971009,32.05567959004111],[119.74854132032578,31.885744175553327],[119.80665883483744,31.85429682973495],[119.73928254535326,31.732452319918707],[119.55385182460213,31.86631514472822],[119.33149022009763,31.858848640352505],[119.31972837016826,31.69081280986336],[119.14181188531029,31.48850447989787],[119.19446133472286,31.26953958958046],[119.35676223978555,31.302086850327953],[119.38072400480905,31.170721129876313],[119.52810807003152,31.16103103465457],[119.5320609249718,31.411136719783826],[119.66015874023378,31.61391632058178],[120.03489775982382,31.499343270175814],[120.01853954506396,31.36524867028993],[120.09318844958739,31.336333684951626],[120.0377440097783,31.406185334985253],[120.12467504541712,31.508237205482715],[120.0504572596949,31.578580330517866],[120.15091670514187,31.759453760182964],[120.20095656029707,31.755417270091016],[120.1712506248166,31.87118617510197],[120.00000000039972,31.827979275323344],[119.9693681301352,32.017597074945115]]]}},{"type":"Feature","properties":{"name":"朝阳市","adcode":"211300","level":"city","parent_adcode":"210000"},"geometry":{"type":"Polygon","coordinates":[[[120.87791841020658,42.26779072526182],[120.4713864299398,42.109090524907856],[120.4503064299978,42.01274860476434],[120.26647424519035,41.923403179912896],[120.29078930977892,41.8875035550451],[120.18296621541856,41.84440409007675],[120.07877158514066,41.69277008517133],[119.83587325484689,42.09918938038567],[119.83981692501118,42.20931225975306],[119.61169486962262,42.24942409054938],[119.50347712037285,42.38655451477911],[119.27691180043928,42.262239665328366],[119.23181230979037,42.19803238528641],[119.37727289512804,42.08787786507145],[119.28341831000705,41.78286741969572],[119.30659450013616,41.6378803454017],[119.41323850505307,41.58010932528521],[119.35512935513566,41.563649840567734],[119.39982082517099,41.479764170180374],[119.06701441458358,41.07359513470777],[118.93216980529235,41.0514115703877],[119.01524950506064,40.9880324751187],[118.89613313543589,40.95941662497734],[118.84317324994561,40.79924089525116],[119.0482738147848,40.66345797470581],[119.17446598461754,40.68523713008955],[119.15656006989138,40.59824948482594],[119.27008069496821,40.6054144600094],[119.52562157497573,40.83667853978284],[119.67863553470227,40.77897231492045],[119.81639654466483,40.9311323701628],[119.98101638489834,40.937654880468415],[119.98818678029579,41.067034029996535],[120.05646739475458,41.09964085554111],[120.19064436984183,41.0101003101812],[120.1683479747793,40.92250534014937],[120.3326989303115,41.00086770548029],[120.40861226994036,40.94963487534926],[120.46493968481866,41.071194374720676],[120.76651735499195,41.19153199490569],[120.71145974507124,41.21995818522214],[120.76441191527772,41.24662428987915],[120.76492029483575,41.37448960521118],[120.87859827519026,41.41930050971081],[120.97048152480261,41.59583971523074],[121.2191590604424,41.675923960322564],[121.29635185025779,41.86337367975159],[121.15960548510509,41.98089729967069],[121.04350991035415,41.973423994621726],[121.05423298036783,42.211507155031256],[120.87791841020658,42.26779072526182]]]}},{"type":"Feature","properties":{"name":"潮州市","adcode":"445100","level":"city","parent_adcode":"440000"},"geometry":{"type":"MultiPolygon","coordinates":[[[[116.93685179047793,24.220159814823603],[116.78211759045462,24.158617639692352],[116.68965090476547,23.982921880440585],[116.49171947537354,23.872301930489755],[116.49179947546543,23.754724600360078],[116.36460743038879,23.738725039728877],[116.50959001526712,23.65728837975496],[116.54621929518441,23.490304435001804],[116.6333218998858,23.42757879972197],[116.71509739023247,23.47354933503391],[116.70883788486071,23.60043480482244],[116.78063021791036,23.581752294932528],[116.8265358347611,23.648398770187214],[116.98892922520372,23.50852313483483],[116.98779203967092,23.630279375293014],[117.07419589002848,23.620038220487572],[117.0819986949839,23.54504578483511],[117.18867516542662,23.61985554479753],[117.05586180268006,23.68980764550662],[117.02863465506539,23.828000984757637],[116.95524384542716,23.868991890263658],[116.92214838494021,24.103439329961247],[116.99334278034519,24.184983424745326],[116.93685179047793,24.220159814823603]]],[[[117.02975295033843,23.56576861542942],[117.03396915015617,23.581912244754278],[117.01868592021913,23.57861906052125],[117.02975295033843,23.56576861542942]]],[[[117.07601386504791,23.560696695396302],[117.06136664015844,23.573949145536744],[117.06154016974324,23.567953590286095],[117.07601386504791,23.560696695396302]]],[[[116.88442238988159,23.55265533537556],[116.87641526974892,23.55312312493237],[116.88954478976041,23.546699885391376],[116.88442238988159,23.55265533537556]]]]}},{"type":"Feature","properties":{"name":"郴州市","adcode":"431000","level":"city","parent_adcode":"430000"},"geometry":{"type":"Polygon","coordinates":[[[113.25655526041703,26.829042105009194],[113.13994575459299,26.839136914936716],[113.0896867850172,26.777809569855833],[113.17778530524765,26.69217856988513],[113.1523677851452,26.540139100239344],[113.22504295027204,26.474875464830916],[113.16326373003722,26.32989706989389],[113.01996917533722,26.247833259597314],[113.02167833958379,26.167284529957158],[112.78279245960437,26.20077766525708],[112.64546436978492,26.105751634930073],[112.59445057493417,26.224596289687042],[112.51791590989137,26.14020556993114],[112.37547469040464,26.212510680223772],[112.22423491500933,26.11479217501892],[112.33252822529744,26.076328129739466],[112.2635756248153,25.89871452035885],[112.35369207532904,25.910861860186742],[112.38774465459221,25.744385869612245],[112.24087689465307,25.70466585004897],[112.23394506511272,25.611525934574274],[112.36943539482763,25.543074359893865],[112.45355819485485,25.38708526477319],[112.34307921543348,25.29186673006558],[112.35682831527458,25.195722804663774],[112.39789908957141,25.142256174582826],[112.43619094975259,25.189689469793223],[112.65598525961207,25.13584176458579],[112.7880300446509,24.893669545113482],[113.00708111520134,24.950003155421314],[112.95999060468273,25.14727071517143],[113.03110960992058,25.209187230406428],[112.86300007998977,25.251796830159662],[112.84712375525714,25.339702864895344],[112.91889462958352,25.299198929686895],[113.02016285962839,25.348585785305772],[113.1440387302033,25.494624130199497],[113.29709397510692,25.519863925379923],[113.30699357459389,25.446463119777206],[113.57634302481085,25.309195455405984],[113.86198426496196,25.37288193984972],[113.98276423468178,25.53287711538661],[113.90824615543579,25.72856856019098],[114.0224332896646,25.896785935022933],[114.00269689034928,26.016675625379833],[114.2320928650937,26.155858090278684],[114.17229104539547,26.21688284047076],[113.94100773541868,26.18714070008332],[113.70300970483402,26.070308229840975],[113.7390632351802,26.189875360359622],[113.60793659499791,26.286888935575973],[113.6018146697113,26.507104135347618],[113.52631947976022,26.600692159615505],[113.42216378473097,26.566263695213422],[113.3751599652602,26.70266244541557],[113.42160041972363,26.77449103013697],[113.33103237464445,26.81407778006553],[113.28894077539655,26.76688714982214],[113.25655526041703,26.829042105009194]]]}},{"type":"Feature","properties":{"name":"成都市","adcode":"510100","level":"city","parent_adcode":"510000"},"geometry":{"type":"Polygon","coordinates":[[[104.85609376041879,30.58390600975457],[104.70029594480206,30.82876420020773],[104.51751123005926,30.884832614833385],[104.51296644494556,30.937585145438163],[104.1449135897904,30.91616285992808],[104.16678266029157,30.99394482979011],[103.88989841028348,31.304709869664805],[103.8961900547273,31.41964573985905],[103.80425531982723,31.43776522468545],[103.57055758016827,31.343194215340816],[103.58134124020614,31.196739899826582],[103.44504981959358,30.891328675178272],[102.98962307024857,30.7689848698559],[103.1329960296431,30.659391889923825],[103.18487718013779,30.513019900148322],[103.05975321513881,30.311122105300967],[103.07743383530334,30.22232399975286],[103.22667147970509,30.209445420269958],[103.30341684511137,30.26851573501324],[103.3699380250199,30.23024257983127],[103.39341394479777,30.096731964608523],[103.65030739976675,30.20112581540411],[103.78393512020966,30.344031520338433],[103.92355198463645,30.364436259825595],[104.11539450465273,30.228194774968927],[104.23141852034848,30.31572711531419],[104.23276828492845,30.25233927503757],[104.4337095653442,30.09138113962797],[104.64594328465495,30.28856855989119],[104.8451871999294,30.307734424803925],[104.82985730956722,30.363150089904764],[104.89626179974232,30.37987557969427],[104.85609376041879,30.58390600975457]]]}},{"type":"Feature","properties":{"name":"承德市","adcode":"130800","level":"city","parent_adcode":"130000"},"geometry":{"type":"Polygon","coordinates":[[[119.23293715482589,41.310799894899276],[118.8921513951708,41.297673175376815],[118.84192325975073,41.38118838533575],[118.740415964725,41.32188036988322],[118.36391616969559,41.315376950385996],[118.35416596019093,41.41972253007077],[118.26482782974063,41.464948819732285],[118.31386276985097,41.559262149928315],[118.22877434525992,41.57782884962177],[118.1286820651253,41.72876802032795],[118.14182409020964,41.796484994586876],[118.27379277012028,41.75968098988585],[118.33949156498375,41.84278924492776],[118.261094449849,41.91917987455162],[118.30710742956433,41.98618173040256],[118.23035477964947,42.013403804941674],[118.28980046961601,42.05598620469965],[118.10953582971479,42.03659963536495],[118.15714477960796,42.0787019005723],[118.08544721531678,42.10758642047699],[118.11142563988142,42.16466841511533],[117.96389573520003,42.24078093479238],[118.05380600983949,42.2804767347136],[118.02455571497433,42.3825165255173],[117.79569823538532,42.61545308978833],[117.45756109516844,42.59745267969748],[117.38442015046962,42.45939854470714],[117.00611312462104,42.45260795998939],[116.888332279711,42.385885674584244],[116.91616151534174,42.19217611973221],[116.77685021986179,42.205667490062694],[116.88582870023436,42.10341187006179],[116.87277327986305,42.0108710352701],[116.58303500006525,41.923527950054904],[116.4904694599976,41.98069386043335],[116.38632067985554,41.94196880041983],[116.41413036962092,41.98775738039882],[116.32553795521255,42.00661965487325],[115.90348089482745,41.64247874000188],[116.04114769990645,41.38726445509059],[116.20502128990063,41.32028581523821],[116.25873102471712,41.03621910542745],[116.39256626462145,40.904145499815],[116.46794782523205,40.89434815504336],[116.44922990993246,40.978055429614415],[116.59588798484265,40.97424680974251],[116.64144355497615,41.05778776459374],[116.70728705525346,40.908709405414754],[116.9628005302203,40.706161550015565],[117.50799784992091,40.659548985097615],[117.41443292024314,40.63382323495438],[117.41492587462949,40.567749310382396],[117.24310196028728,40.5468119402189],[117.2175962400745,40.37007141516375],[117.34503624532647,40.228081169710265],[117.56936843530514,40.19152613512307],[118.03021489500145,40.30352925047458],[118.23331842980178,40.4638568702984],[118.5624820653951,40.41344792528156],[118.52458750500944,40.316630730523855],[118.5784170196298,40.28744857009548],[118.64631994041304,40.37020883516965],[118.60350513965057,40.42749878993726],[118.69364798976301,40.49013044516397],[119.15208627995787,40.61280210463349],[119.17446598461754,40.68523713008955],[119.0482738147848,40.66345797470581],[118.84026479028785,40.81944713997359],[118.89613313543589,40.95941662497734],[119.01524950506064,40.9880324751187],[118.93216980529235,41.0514115703877],[119.06701441458358,41.07359513470777],[119.23293715482589,41.310799894899276]]]}},{"type":"Feature","properties":{"name":"澄迈县","adcode":"469023","level":"city","parent_adcode":"460000"},"geometry":{"type":"Polygon","coordinates":[[[110.25798802492744,19.68973376969774],[110.21279973971627,19.688048479753604],[110.18316923037577,19.86608611048564],[110.13385933514024,19.864027770065604],[110.1576773003672,19.97922250471487],[110.00928587484333,19.959792900122295],[110.0246653547224,19.93951926470237],[109.99673517468864,19.89688626548883],[109.9587619254226,19.917730314802213],[110.01348116992011,19.940688560528713],[109.87852193034286,19.989291955559338],[109.83791437524826,19.87341949001751],[109.88904437509791,19.764817640321894],[109.82630035048084,19.604065214937748],[109.75296492019498,19.570381140077586],[109.73300950988101,19.40973719541529],[109.88606277987344,19.379905925018477],[109.93381515004921,19.489514165546325],[110.06227481023438,19.46482456480186],[110.12609186994388,19.65693710536317],[110.22131718014379,19.616369070076587],[110.25798802492744,19.68973376969774]]]}},{"type":"Feature","properties":{"name":"池州市","adcode":"341700","level":"city","parent_adcode":"340000"},"geometry":{"type":"Polygon","coordinates":[[[117.97975456002496,30.845839660272134],[117.79110251536883,30.751208829823668],[117.73882448506197,30.812171089724075],[117.47114951493825,30.682393035110522],[117.30545588957773,30.678797714642883],[117.22129846025575,30.630571935046817],[117.20508556514676,30.4742228197274],[117.0194083752964,30.496008009562047],[116.88848847486327,30.4352176595674],[116.9256613499914,30.277045095055144],[116.7420931998414,30.059760519632334],[116.82838861983896,29.960359935063025],[116.89277793525355,29.970531660407858],[116.89278658493299,29.91320079458103],[116.64414856460462,29.698654304952242],[116.67509414987512,29.60115983975487],[116.83229382959667,29.571856404849257],[117.10910227485022,29.70997324956585],[117.13370534012938,29.78845529487603],[117.06687574042314,29.831237714648864],[117.20701954011975,29.983781839760127],[117.48944819507824,30.03390779510869],[117.53390335475603,30.108553605064856],[117.84931312500078,30.19609153469662],[117.81998725021151,30.2464707697103],[117.92721696019464,30.32753753043272],[117.97855711002262,30.571049749646306],[118.1296658353101,30.70101728961629],[117.96378421027316,30.79636067990151],[117.97975456002496,30.845839660272134]]]}},{"type":"Feature","properties":{"name":"赤峰市","adcode":"150400","level":"city","parent_adcode":"150000"},"geometry":{"type":"Polygon","coordinates":[[[120.87791841020658,42.26779072526182],[120.56439968040104,42.53844372030153],[120.39080033976393,42.88305553048838],[120.42260304999081,42.983992114844284],[120.3420436247136,43.05726644519035],[120.76916844486789,43.42605264981],[120.41974128493246,43.380863129829606],[120.98231601027567,43.65414547003746],[120.78125038509722,43.81209654052299],[120.68701783470533,44.03493460045149],[120.73964448540471,44.11157444030823],[120.6407683854527,44.23282611972968],[120.44854467519667,44.260422635096575],[120.29368732471028,44.50246742513161],[120.1528711351948,44.59162279535576],[120.17492343986487,44.63348071026661],[119.744554800164,44.925598634869175],[119.64790321466171,45.103935475441915],[119.48526198994898,45.222006554958625],[119.33060421521247,45.250265550514825],[119.33522744459094,45.07420909477395],[119.2060858347935,45.149384939963056],[119.15212012504378,45.09805938972909],[119.22225385013519,45.01636870994804],[119.15027711020059,44.988790860010226],[119.22248124011719,44.91478493477695],[119.07519154525369,44.93616496474141],[119.0607021549805,44.870568500136244],[119.17537998989474,44.77500680032364],[119.06399911007088,44.7091534398794],[118.92403725041879,44.719073919825576],[118.99056137021114,44.651773499847195],[118.96046802028297,44.546777009751224],[118.77476444522301,44.45351208041825],[118.60033025493738,44.461380794887816],[118.41749316997391,44.311942785131464],[118.23942263035019,44.3241999699527],[118.25548131960727,44.238880200161134],[118.2060930997169,44.25562729526354],[118.05470952992096,44.09864570473553],[117.89988215473772,44.121068495015095],[117.72063055975264,44.01226257026144],[117.6402848151921,44.03184907507483],[117.6796774149808,44.09384742501868],[117.51539868040481,44.22506824490364],[117.11361561516856,44.17735203017213],[116.95506244497597,44.0229340605585],[117.02595024980428,43.952670500343345],[116.97963441979266,43.83832422028661],[117.04737761018862,43.750860245503986],[116.79955975987502,43.605493269698684],[116.82562450047033,43.502198365262416],[116.6157785450439,43.50315872969168],[116.59958312016488,43.41774041488827],[116.3634889048891,43.24111712995165],[116.39182195511921,43.104621365383764],[116.65860886001099,42.93109754981214],[116.66776613030277,42.75943185499614],[116.58196172035719,42.59798986993661],[116.8795267549558,42.53278726971678],[116.88681669993082,42.385662930499905],[117.08896636520569,42.48194857556638],[117.38442015046962,42.45939854470714],[117.46655516998521,42.600218235283364],[117.79958999488247,42.614415784760695],[118.02455571497433,42.3825165255173],[118.05380600983949,42.2804767347136],[117.96389573520003,42.24078093479238],[118.11142563988142,42.16466841511533],[118.08544721531678,42.10758642047699],[118.15714477960796,42.0787019005723],[118.10953582971479,42.03659963536495],[118.28980046961601,42.05598620469965],[118.23035477964947,42.013403804941674],[118.30710742956433,41.98618173040256],[118.261094449849,41.91917987455162],[118.33949156498375,41.84278924492776],[118.27379277012028,41.75968098988585],[118.14182409020964,41.796484994586876],[118.1286820651253,41.72876802032795],[118.22877434525992,41.57782884962177],[118.31386276985097,41.559262149928315],[118.26482782974063,41.464948819732285],[118.35416596019093,41.41972253007077],[118.36893022465017,41.31115745455293],[118.5242706252892,41.356727310417114],[118.740415964725,41.32188036988322],[118.84192325975073,41.38118838533575],[118.8921513951708,41.297673175376815],[119.31884020960808,41.32814312990155],[119.30547842528915,41.39856733961108],[119.39982082517099,41.479764170180374],[119.35512935513566,41.563649840567734],[119.41332439030839,41.56637097504051],[119.30659450013616,41.6378803454017],[119.28342723487901,41.78269297010456],[119.37727289512804,42.08787786507145],[119.23165719022722,42.19875017018427],[119.49592444026075,42.38682651473192],[119.61169486962262,42.24942409054938],[119.84010807512766,42.20909498984196],[119.83587325484689,42.09918938038567],[120.07852553512544,41.69278679547426],[120.18296621541856,41.84440409007675],[120.29078930977892,41.8875035550451],[120.26647424519035,41.923403179912896],[120.4503064299978,42.01274860476434],[120.4713864299398,42.109090524907856],[120.87791841020658,42.26779072526182]]]}},{"type":"Feature","properties":{"name":"崇左市","adcode":"451400","level":"city","parent_adcode":"450000"},"geometry":{"type":"Polygon","coordinates":[[[107.3796285151439,23.247774254778108],[107.2937543600757,23.355089170129133],[107.07248465484298,23.2755862602977],[106.93641387030391,23.308712340002558],[106.89919674043728,23.22305688476746],[106.76582612537544,23.179133229814738],[106.79708271959191,23.023233055161427],[106.66204102477354,22.894214940267318],[106.83102124503449,22.79477559042124],[106.72057296487048,22.583357459978856],[106.60941217523174,22.610395130331028],[106.55725006483868,22.462421185389417],[106.55914172041412,22.351817954734884],[106.6888486053789,22.275731769905292],[106.68924172512556,21.96760153498292],[106.76084418521106,22.013179695186807],[107.01831489971289,21.944340510006555],[107.05742728963776,21.897494874988524],[107.01156841505036,21.823361319769162],[107.21260126983282,21.71245940537733],[107.29921364959034,21.741584004698097],[107.38258996465521,21.59653206500286],[107.55566007045593,21.727692085321507],[107.53849368983197,21.88825544533256],[107.67481345527682,22.08518282482754],[107.6275491696585,22.19501093970314],[107.89940052031784,22.21086392523],[108.11161489521129,22.394850160306703],[107.98187053010093,22.503308114877655],[108.00086497523847,22.610037690287243],[108.10137365047365,22.652907579920907],[108.08167971984324,22.70538696033998],[107.99565735020661,22.68999568045632],[108.02590778021994,22.7887516903383],[107.70837294525529,22.95409827991176],[107.62994218018753,22.938555754744357],[107.68779564475324,22.8645326452654],[107.61206321994172,22.90722588556622],[107.49607032978196,22.85144660477704],[107.47273070046151,23.035179860562152],[107.33228047026756,23.05137623512519],[107.38787659962543,23.09835219989418],[107.32462121509707,23.13463824545869],[107.3796285151439,23.247774254778108]]]}},{"type":"Feature","properties":{"name":"滁州市","adcode":"341100","level":"city","parent_adcode":"340000"},"geometry":{"type":"Polygon","coordinates":[[[118.20588230492444,33.06323018532487],[118.16914530511178,33.21750825010571],[118.03724961957437,33.13439373488302],[118.01511707469331,33.004837359556575],[117.76942605536817,33.05010779513867],[117.642368000283,32.9118243546103],[117.52430047488701,32.98233444957526],[117.50707343499107,32.87309030497363],[117.24126922019843,32.804603609968694],[117.15402101975428,32.68751127972183],[117.21042974503678,32.46532406994993],[117.39384327025073,32.48115595018703],[117.34899486492111,32.388098345162575],[117.4335246396505,32.37322300993401],[117.39157121493963,32.28365338499577],[117.43160734530284,32.23269523479729],[117.85191734041302,32.21403279507746],[117.87631747996784,32.061512324833984],[117.81104904038102,31.997629885311028],[118.02956358978793,31.847921175122167],[118.49535126474916,32.12287421017669],[118.50428605985383,32.19668770477381],[118.66105241024059,32.23645939038863],[118.68588541507995,32.47511541534419],[118.58861053464852,32.48238307511889],[118.57444429506825,32.59546641024667],[118.8798725951442,32.59214838494006],[119.07791939496417,32.45216303499615],[119.22366099505894,32.60787254528179],[119.17951347007067,32.82780657471369],[119.09481161006784,32.833466535352386],[118.9966123650687,32.9633607149251],[118.8434483147879,32.960085675413666],[118.80537193037037,32.855909814886104],[118.73356316490822,32.853567259921135],[118.75329954533777,32.7385647949294],[118.3647744898509,32.720690114557215],[118.23893676981618,32.85524390018588],[118.22293895027235,32.926700650314785],[118.30479430491334,32.96460336035682],[118.20588230492444,33.06323018532487]]]}},{"type":"Feature","properties":{"name":"楚雄彝族自治州","adcode":"532300","level":"city","parent_adcode":"530000"},"geometry":{"type":"Polygon","coordinates":[[[101.8384156697474,26.08651128546751],[101.73806786523983,26.22141932484203],[101.62453996015108,26.231080965514195],[101.58421120478334,26.28471841552249],[101.66117055487729,26.352427480244046],[101.49810885483981,26.501998280296448],[101.42771673024299,26.389596839922262],[101.11969639517258,26.340618084956702],[100.90845587543834,26.169805360229248],[100.90268634499887,25.995243330415406],[100.95985859020186,25.95026108977754],[100.88798685960597,25.82576673025045],[100.9729165403661,25.747501220105278],[100.93410265971005,25.704459645396355],[101.00064933000266,25.5872484652445],[100.94285614519498,25.47682886985649],[101.04232257003065,25.35804369985692],[100.96913461507052,25.33167756496772],[100.98101978003888,25.25548325464854],[100.82663434969555,25.27919229039196],[100.77087028543536,25.193936484880908],[100.73693516032944,24.78550137458882],[100.79955035976133,24.72531705523795],[100.94813418984103,24.726199819865826],[101.05216018464489,24.49111010504737],[101.24268406471788,24.300775009758922],[101.35956550484423,24.345093480579692],[101.3967371146262,24.431005444945356],[101.5056660648371,24.223793520154857],[101.66696921975375,24.379341315249576],[101.7710167146497,24.28844950524052],[101.82700180528911,24.30970469491581],[101.82620080522304,24.238726890433725],[101.99833416459006,24.294832009989307],[102.01115336993212,24.47538721994431],[101.94575441533408,24.465729645107103],[101.88942488525032,24.572630790478627],[101.94845413515026,24.590912950072664],[101.90437456473444,24.62800080509311],[101.9426015703063,24.76873580021703],[102.12518621017551,24.955641775147853],[102.22349831469552,24.907954534774035],[102.24723898499121,24.983851524728152],[102.16862378965624,25.058934655210237],[102.34233749977585,25.06476847548481],[102.41144326019838,25.254610254859415],[102.35092011047476,25.355440135553863],[102.47878404534748,25.456225739926026],[102.4526997651821,25.582481345237966],[102.36452754011395,25.638250495164243],[102.34725249530646,26.079462005367304],[102.23459879509835,26.188892885198527],[102.09410475982685,26.065830820136284],[101.8384156697474,26.08651128546751]]]}},{"type":"Feature","properties":{"name":"达州市","adcode":"511700","level":"city","parent_adcode":"510000"},"geometry":{"type":"Polygon","coordinates":[[[108.50293280970146,32.245589189989175],[108.02529161961263,32.222002835262685],[107.9720674098831,32.147966494957814],[107.75104638518258,32.33795918057177],[107.69963893458925,32.32098616497956],[107.62153334458822,32.155379094869375],[107.75963542513483,32.07551817032737],[107.50990453966284,31.92810594553299],[107.54684670990781,31.898963675433322],[107.49130381501908,31.867577604922587],[107.57190109995588,31.82361971008163],[107.4821164597069,31.7255111904891],[107.52803730477785,31.686679165111457],[107.49095434027066,31.603019604970825],[107.17095747540725,31.43099046983434],[107.1257928603523,31.33981132463299],[107.05285019458086,31.36397532020493],[106.93003790542508,31.116037115420568],[106.66239265969352,30.915748705038766],[106.67953317041952,30.832995659721973],[106.94594904021608,30.710556500182406],[106.9041458598436,30.661757710350116],[107.03877392497674,30.645204679952087],[106.97752384964599,30.503394860084768],[107.1380117151686,30.470666889565337],[107.0969197897166,30.524881949842154],[107.20057302002891,30.526647474601305],[107.1569451952646,30.46519293480617],[107.24948435012271,30.390589689762407],[107.21711269999116,30.34586041492628],[107.3294406801433,30.37727151986479],[107.5096815347751,30.643632805309778],[107.4200051252364,30.742641350218207],[107.47986450514287,30.840249114704932],[107.63779420503857,30.81438895548598],[107.71266356487166,30.89232925549078],[107.843210934637,30.794624980258675],[107.94840384476169,30.873022605309018],[107.9908847254498,30.911151355450727],[107.93694307526277,30.98911019497956],[108.04896664029826,31.042665175357627],[108.0050916449635,31.112100700087296],[108.08808507007001,31.19325670503298],[108.0150207152339,31.245853310282087],[108.17689828512783,31.327238270030193],[108.18655443993549,31.492683794921277],[108.33566892488102,31.512019639794573],[108.54218035513935,31.669042799685485],[108.53179062963392,31.75968426541658],[108.2566837601475,31.968574194743326],[108.36319907477753,31.98652417535044],[108.34501232515873,32.07352001973317],[108.44631646962944,32.075187254887965],[108.3646254553006,32.17716847014884],[108.47564177514789,32.18341808477686],[108.50293280970146,32.245589189989175]]]}},{"type":"Feature","properties":{"name":"大理白族自治州","adcode":"532900","level":"city","parent_adcode":"530000"},"geometry":{"type":"Polygon","coordinates":[[[100.90845587543834,26.169805360229248],[100.70626190506295,26.152472210224346],[100.64543528001423,26.0966712395861],[100.6681823451392,26.001506669597177],[100.49816362015503,26.01386328975906],[100.39328026477244,26.30230887955122],[100.49380557027092,26.41642530458421],[100.36108159473986,26.615208890178167],[100.24177972465463,26.64427409017719],[100.24271237467639,26.70064286037973],[100.01964064479995,26.58531944983281],[99.64390018964212,26.68193067016432],[99.49105374483452,26.576642785336333],[99.52097805009697,26.4399651148982],[99.46868666485778,26.381290840000304],[99.15741961532302,26.16329422005225],[99.19770550990143,26.110174405424516],[99.02591195487287,26.14695896498432],[99.00808238989043,25.96642603033706],[99.0585044650091,25.97144649475996],[99.13687631009367,25.787934695230035],[99.02560641470433,25.82236285476199],[99.05050920963237,25.743903455280304],[98.99941511521547,25.72916453011902],[98.87397474533827,25.78080497976606],[98.87373264964214,25.686235164721154],[98.89931899497572,25.6308651851802],[99.00760993465082,25.635977859790444],[99.08394232957488,25.47313239994037],[99.2337610853059,25.548016870182437],[99.32751484473437,25.51910964509409],[99.34431838038898,25.41566907476806],[99.28343905956501,25.426326680432],[99.28440768966323,25.368251229910356],[99.51003104979316,25.12311603028064],[99.71898092972617,25.055044879617526],[99.92771453529764,25.207700560232695],[100.03784798979297,25.101522039910265],[100.0266929448236,24.95175128459414],[100.21086636029435,24.967585700020095],[100.09772631032104,24.6685773848385],[100.3070100446779,24.762292705444054],[100.56567429982914,24.70766742031526],[100.6337736298492,24.825520075191378],[100.74639996009017,24.78461167528866],[100.71861576970207,24.977398579680766],[100.77877145463896,25.008091500422438],[100.74887457959824,25.149723029694144],[100.81699444473787,25.27389855977077],[100.98101978003888,25.25548325464854],[100.96913461507052,25.33167756496772],[101.04232257003065,25.35804369985692],[100.94285614519498,25.47682886985649],[101.00064933000266,25.5872484652445],[100.93410265971005,25.704459645396355],[100.9729165403661,25.747501220105278],[100.88798685960597,25.82576673025045],[100.95985859020186,25.95026108977754],[100.90268634499887,25.995243330415406],[100.90845587543834,26.169805360229248]]]}},{"type":"Feature","properties":{"name":"大连市","adcode":"210200","level":"city","parent_adcode":"210000"},"geometry":{"type":"MultiPolygon","coordinates":[[[[123.39893242459175,40.00767450517435],[123.12800945487254,40.07803295016055],[123.07083955959808,40.04143151055581],[122.88819925529151,40.202828460265266],[122.80835321542861,40.10199964526748],[122.53329164479362,40.06044412020003],[122.55482211964522,39.941954704845784],[122.50825519532111,39.91906441998702],[121.98911616537885,40.050627164811885],[121.95188699988523,40.11431976554479],[121.7627203046984,39.991298730252254],[121.8227501097299,40.00338252038705],[121.7770196754177,39.93399806006249],[121.47299829993165,39.809816599856276],[121.45499282036246,39.7424476299542],[121.55740358510741,39.59900298020341],[121.45264885975712,39.652897955576236],[121.22341155959589,39.53031134049604],[121.22414288468644,39.48492905982829],[121.47814612544335,39.529684354749236],[121.24552092984709,39.45386470469242],[121.2447471153871,39.38894233052417],[121.36492245470754,39.44651530553699],[121.31652567981632,39.37915522003743],[121.39921645967195,39.36193560044768],[121.43941336543458,39.42896315532539],[121.48089361005214,39.28342778056765],[121.54171607483704,39.364271365531124],[121.54731568467116,39.31477892500743],[121.68411029485424,39.348484105157354],[121.70651680470678,39.4104605251332],[121.92428403997656,39.40052471534341],[121.7374414051967,39.38240590051197],[121.72803394980701,39.30389394015327],[121.59143747016321,39.272643804867755],[121.65985338492578,39.08564048552006],[121.58715857500829,39.06410174499956],[121.63609352039975,39.11133439516624],[121.58662164467319,39.151783514897375],[121.61270078521318,39.0941146505707],[121.50642208491138,39.031321780176086],[121.37329542984025,39.06029469534394],[121.33718246509875,38.97421847520252],[121.0960419047102,38.92941070484022],[121.13382337984513,38.72805802505786],[121.19788496521903,38.72360861034912],[121.22905978498113,38.80357990508861],[121.69299770018381,38.86447665477385],[121.71419480984264,38.91728098542916],[121.6067204653773,38.93317322996063],[121.7239082352769,39.036733175395796],[121.86201001005395,38.94396639043663],[121.89290596533806,38.99584078522412],[121.83756825976741,39.043275770260664],[122.05884807517862,39.06132579504947],[122.03307043505265,39.123931485050036],[122.16274127518977,39.15187584019793],[122.08528881962343,39.18011152982331],[122.24224152482657,39.274278364954625],[122.23724522518705,39.326521435016275],[122.56715309473964,39.43047998516323],[122.63635315987051,39.53611626555329],[122.96555042021578,39.6035924553276],[123.00264438972681,39.67872476973241],[123.27560137500348,39.69378724038887],[123.26830219489045,39.78933552051791],[123.36554470962074,39.748086575235334],[123.38304969039098,39.75032872988703],[123.38676292996536,39.782618924823566],[123.40056355016782,39.79869600521653],[123.40864068521955,39.799289025368296],[123.38701359530126,39.725385719975066],[123.51389699035383,39.770279575242284],[123.4842479999453,39.90114201529184],[123.3854080896117,39.93437630502251],[123.39893242459175,40.00767450517435]]],[[[122.68775390961525,39.26646474025563],[122.49277347961242,39.298142879989996],[122.57603504478152,39.25316250004937],[122.68775390961525,39.26646474025563]]],[[[122.39381093502664,39.1611572052409],[122.40268942987336,39.21693913992942],[122.33970056482929,39.202101635582096],[122.31468434021019,39.15941938499668],[122.39381093502664,39.1611572052409]]],[[[123.03177169510775,39.53247490968937],[122.93954239986192,39.52048239984293],[122.97960352508267,39.49380700518918],[123.03177169510775,39.53247490968937]]],[[[122.73610281539266,39.24571022474714],[122.64530984537316,39.24162980996783],[122.62384811020218,39.231207830277185],[122.69441757031473,39.205665910553364],[122.73610281539266,39.24571022474714]]],[[[123.19715171517953,39.055862345271066],[123.13822231520771,39.0871062203758],[123.15066857529462,39.028127165236526],[123.19715171517953,39.055862345271066]]],[[[122.74454372980938,39.033735670265],[122.70714581013112,39.023461444689985],[122.75864367046904,39.01310254524634],[122.74454372980938,39.033735670265]]],[[[123.08282074518127,39.448939349871125],[123.06297876995438,39.43116389979417],[123.09814944484106,39.43894716517957],[123.08282074518127,39.448939349871125]]],[[[122.52358979543283,39.22255093018134],[122.49056118515068,39.23540758509205],[122.48732282988476,39.230017689964484],[122.52358979543283,39.22255093018134]]],[[[122.42957923009749,39.26854524986345],[122.41345863960464,39.266679760062914],[122.45672096999681,39.255749249728126],[122.42957923009749,39.26854524986345]]],[[[121.45831400498741,39.199034290000554],[121.44157659018754,39.202814570436146],[121.47602152477361,39.187202050134545],[121.45831400498741,39.199034290000554]]],[[[121.83741297023244,38.87274406478679],[121.8186536996086,38.88069589999583],[121.82563614479227,38.863328605430866],[121.83741297023244,38.87274406478679]]],[[[122.87430029512257,39.0618443054704],[122.85182480547041,39.06779658984078],[122.84546201026365,39.06906489472914],[122.85783236037514,39.05127657985031],[122.87430029512257,39.0618443054704]]],[[[122.44374686992217,39.226142475295035],[122.42163325487093,39.23116028491927],[122.41270050482456,39.224547149931084],[122.44374686992217,39.226142475295035]]],[[[122.80078531519018,39.229030020319215],[122.76583233469455,39.227331825103704],[122.806730004786,39.226331430051516],[122.80078531519018,39.229030020319215]]],[[[122.59279141009551,39.20608186498612],[122.60025199963013,39.22358474044347],[122.58350597022445,39.209889640394636],[122.59279141009551,39.20608186498612]]],[[[122.81874694471583,39.04073191014959],[122.8230577253338,39.058219444971485],[122.81182762024855,39.04414099001474],[122.81874694471583,39.04073191014959]]],[[[122.99947337479648,39.24849485495366],[122.99525389515122,39.26140416517012],[122.98276742008045,39.25574351025483],[122.99947337479648,39.24849485495366]]],[[[122.28836669047041,39.26582984497139],[122.28560029042114,39.27765388481896],[122.2782700603151,39.27838102536407],[122.28836669047041,39.26582984497139]]],[[[123.06360627011338,39.48685325557335],[123.05167864005728,39.50101809041257],[123.05621208471996,39.48763782502567],[123.06360627011338,39.48685325557335]]],[[[122.81101881046982,39.06710993047898],[122.80337590497413,39.08078936523708],[122.7963080250953,39.078585369719065],[122.81101881046982,39.06710993047898]]],[[[122.41382514481461,39.17339390530452],[122.39750000532104,39.177019889956],[122.42080072996976,39.17080335509081],[122.41382514481461,39.17339390530452]]],[[[121.48817432528494,39.193017454991605],[121.49307312492488,39.20671492025741],[121.48077621974676,39.199001485430244],[121.48817432528494,39.193017454991605]]],[[[121.17126390040869,39.086127150048014],[121.16414265475976,39.09535566013568],[121.15341542538158,39.087190770137966],[121.17126390040869,39.086127150048014]]],[[[122.33368444028474,39.332127455217915],[122.34166123977445,39.34253201504049],[122.32509568991418,39.33704476020756],[122.33368444028474,39.332127455217915]]],[[[122.78546512491562,39.07805792992957],[122.77550055480685,39.077659024844195],[122.79445497471738,39.0718523604981],[122.78546512491562,39.07805792992957]]],[[[120.97427807037673,38.95020019048644],[120.98311126007661,38.953860235161756],[120.97191743544136,38.955030014823365],[120.97427807037673,38.95020019048644]]],[[[121.56976221525406,39.19258257972234],[121.56492149023461,39.18553954001783],[121.57661758533334,39.18530880006114],[121.56976221525406,39.19258257972234]]],[[[122.30460507506427,39.19681105978265],[122.30848069982449,39.20466150002824],[122.29490218518777,39.20036898014439],[122.30460507506427,39.19681105978265]]],[[[123.10698355005081,39.507811280466285],[123.0981766196553,39.50446228520633],[123.10564523024323,39.50308075027647],[123.10698355005081,39.507811280466285]]],[[[121.03885046527682,38.868003640255836],[121.03176316993438,38.87216441485589],[121.02140814477013,38.869357580388055],[121.03885046527682,38.868003640255836]]],[[[123.03824372466818,39.64716158044263],[123.02667194015794,39.64640757534937],[123.0410689799495,39.645151945505916],[123.03824372466818,39.64716158044263]]],[[[121.82582267497651,38.91443562040763],[121.8360596946992,38.917116084839506],[121.82537958979628,38.9165551300153],[121.82582267497651,38.91443562040763]]],[[[121.22185418022627,39.103800570240196],[121.22746619980535,39.10845137553059],[121.21861440493092,39.10676748493154],[121.22185418022627,39.103800570240196]]]]}},{"type":"Feature","properties":{"name":"大庆市","adcode":"230600","level":"city","parent_adcode":"230000"},"geometry":{"type":"Polygon","coordinates":[[[125.27820777536863,47.080747330225165],[125.30786998491192,47.37893772999229],[125.0731603047044,47.39041919019354],[125.04022910988556,47.47640572544395],[124.62671750021252,47.30578062987223],[124.43940424481013,47.35045087500794],[124.38070422502005,47.25623718519802],[124.41193729477038,47.18151986025339],[124.18911916022114,47.129107904706075],[123.99525277979205,47.00070495486983],[123.91841547489435,46.853433179897365],[123.99107917006768,46.73503797482272],[123.88087671958499,46.6830633451973],[123.84773681010574,46.74411831980467],[123.75931839472821,46.73987818542997],[123.86514404536149,46.392748640437446],[123.8384197248904,46.305034254827035],[123.95381779535501,46.288660989912785],[124.00400395042209,46.15909097996479],[124.03277509459497,46.017791699827114],[123.9569669549611,45.94936056493816],[124.06446089025792,45.84149830959939],[123.99427564480527,45.7678307246083],[124.14416674020299,45.61797246975374],[124.22695485008637,45.63100690984106],[124.27590852026208,45.53958453040178],[124.35479060470266,45.54079006980595],[124.39069836034116,45.438981670068074],[124.87546623967523,45.43527778973828],[124.91461893001963,45.53987433962914],[125.02610115534412,45.487665319698806],[125.06804972011855,45.37822865992479],[125.35014331466232,45.38841110968502],[125.41742681029916,45.48691220043776],[125.77912308546206,45.50614742556331],[125.70320992479822,45.67593466055621],[125.8023611750283,45.696772545016984],[125.71495372983088,45.74355257539111],[125.77466062968438,45.79712276510355],[125.70839363505831,45.805769555021016],[125.68924489503593,45.90551445043161],[125.41316468030584,45.883267970440556],[125.3501522898963,46.145762859968045],[125.07420837461689,46.21455132968015],[125.08153827467174,46.15722541462122],[125.21676608508687,46.13558964534593],[125.14033290493967,46.04183436966048],[124.86957960041832,46.066791714765884],[124.92469514016864,46.10908697538366],[124.91121689004751,46.20707679525793],[125.0537045802023,46.267095499957406],[124.98443149461787,46.42957363981168],[125.06894474970045,46.48757355537532],[125.26403249490374,46.4341853695592],[125.15439586457751,46.517974520207986],[125.25944335972338,46.50704073004573],[125.17321905991173,46.65133388025441],[125.27033574959523,46.67173118504621],[125.13528601034113,46.75785792460357],[125.228937569913,46.96149277527144],[125.33643662505028,46.99595435990585],[125.27820777536863,47.080747330225165]]]}},{"type":"Feature","properties":{"name":"大同市","adcode":"140200","level":"city","parent_adcode":"140000"},"geometry":{"type":"Polygon","coordinates":[[[114.55744812543071,39.55719955971199],[114.39811249019931,39.64277548520056],[114.38868207961434,39.865815270258565],[114.21935387028498,39.85017660036988],[114.20964572027378,39.9164796200385],[114.04251408975347,39.913969495296044],[114.01834891517035,39.98840102019096],[113.9032853403462,40.00814549541832],[113.97329738986275,40.1111612053254],[114.08418791973679,40.07374376496284],[114.06262309977626,40.18569774495501],[114.44918634987016,40.254427489836814],[114.52530102971878,40.335402409993264],[114.29741574963725,40.367717689719655],[114.27686430464405,40.59423560009293],[114.12667970020811,40.74495334512085],[114.0541794703064,40.718705735481365],[114.06875085536774,40.54156740521165],[113.87249755012192,40.45112136485915],[113.78745817005858,40.518037464957104],[113.56796317975704,40.34934572022888],[113.36193748502694,40.31185994488061],[113.25097368468789,40.41380384007522],[113.02148489541162,40.36371042039963],[112.88992090502586,40.32630042012835],[112.84608874529943,40.201600640157494],[112.73879994536128,40.16214994506396],[112.6177837048541,40.238277364708665],[112.62624722013311,40.167881675199226],[112.57375564490712,40.155156990402816],[112.63958406535244,40.03033451502591],[112.61928070014426,39.753243120573586],[112.80318203472314,39.77413762994769],[112.95158113506136,39.853358169743785],[112.96209415042472,39.91775218501539],[113.32158129494087,39.930872260346575],[113.4388971552795,39.85409423516086],[113.3217686650919,39.79910348983424],[113.40011751990767,39.72905288997896],[113.41482056481732,39.57784490022203],[113.58734637033876,39.42023687523164],[113.89424815472864,39.37247490029648],[113.97283777963992,39.09057487493061],[114.03965272039682,39.131835024866575],[114.11572700539705,39.04857819013142],[114.34272038463814,39.07561402047071],[114.37682536020225,39.1726382499553],[114.46437420040911,39.19331623495634],[114.419775800313,39.28460419992393],[114.55744812543071,39.55719955971199]]]}},{"type":"Feature","properties":{"name":"大兴安岭地区","adcode":"232700","level":"city","parent_adcode":"230000"},"geometry":{"type":"Polygon","coordinates":[[[127.02420397483365,50.97784766983415],[126.91785003994744,51.05929450024104],[126.89357725518619,51.20191596544947],[126.97483990983403,51.326745850340785],[126.86862603536326,51.316194055311485],[126.8987031849041,51.24518484470485],[126.82049384011873,51.26964896472799],[126.81769764013404,51.33459556483348],[126.9170635252616,51.383810505150734],[126.77933899539835,51.43568405547484],[126.8383202646686,51.529297695132584],[126.66924243019412,51.59585876536977],[126.73135664519305,51.63400172030322],[126.72461666532695,51.713994605067],[126.45817472508361,51.946532690531285],[126.44024901987643,52.0223108503655],[126.55679336981825,52.128717960365634],[126.29783743035318,52.205298044768995],[126.43118728546494,52.29358381554073],[126.31533289539686,52.313585510363055],[126.34151178963748,52.396350690232225],[126.18751142021597,52.46697529497396],[126.16790798026909,52.55569731517903],[125.96695914015231,52.614751489789455],[126.10742625511762,52.768252919836414],[125.96229196540196,52.758861090167215],[125.82950325487138,52.89577967549167],[125.6643463548005,52.86248482541441],[125.74337505031838,52.98319365965972],[125.60720579990777,53.0819032600275],[125.50646598002106,53.04888732479026],[125.13934315516258,53.2024736202614],[124.8926636199302,53.16912910512417],[124.86380385026757,53.09661807526402],[124.7077617500048,53.19302544536805],[124.43256414971574,53.21758292491211],[124.23979730470194,53.37728956016514],[124.11098455539297,53.34769058015621],[123.60055060042998,53.550101549746785],[123.54051259538005,53.49585656003228],[123.4909806602293,53.54821136456286],[123.48723309533113,53.49463897960527],[123.26636181044921,53.56090105044319],[122.824563849642,53.45512160967462],[122.4373943054029,53.44145297037835],[122.34019381958922,53.50139148522891],[121.49310946023343,53.33377931006714],[121.67355248515912,53.237946755138694],[121.65190526031961,53.17367702977117],[121.81343323045928,53.0621972299183],[121.58069861974559,52.81976489053733],[121.18313365009794,52.59569847540439],[121.63797457027022,52.44330310985072],[121.71339045980199,52.31361734996079],[121.83309195532956,52.27944157526855],[121.93085209464846,52.287175199875605],[122.15153814976588,52.515121425213636],[122.43577705546681,52.39041336518471],[122.46751180482602,52.29521150031053],[122.78369191005368,52.250498295460034],[122.61868035481461,52.06494312022886],[122.71654019477421,51.96851318523534],[122.74139006459984,51.74000445014531],[122.88103514525585,51.54815400530316],[122.85225475964955,51.468983039735576],[123.00822803479605,51.30507045513747],[123.27556544978574,51.24476074511233],[123.64981867539166,51.317824695253535],[123.71141279986091,51.39819217552855],[123.92074455531701,51.30025056021526],[124.20615352486539,51.34829973004855],[124.39683395981945,51.27178606057828],[124.4890527500844,51.38109955010418],[124.62278018016127,51.32369091000754],[124.86654839499249,51.3799141051519],[124.93685070969252,51.442428535548515],[124.91661740976576,51.49859655009078],[125.05324971030598,51.53306075984625],[125.11439624039429,51.661050314720285],[125.35916266492507,51.61649098027459],[125.74957874016684,51.22603214047098],[125.98693219516474,51.11801259550492],[126.06553607522972,50.97854487554565],[126.01193459000933,50.92142571012846],[126.23582045994635,51.00168993474273],[126.46909400468462,50.90048139540011],[126.98679584515219,50.925040970364535],[127.02420397483365,50.97784766983415]]]}},{"type":"Feature","properties":{"name":"儋州市","adcode":"460400","level":"city","parent_adcode":"460000"},"geometry":{"type":"MultiPolygon","coordinates":[[[[109.56542729023732,19.847786280112814],[109.26182631003621,19.901118225026096],[109.15109683974742,19.707565744863302],[109.28708962518613,19.79399794005292],[109.30322455986561,19.695745744770363],[109.21137328474936,19.721346939709576],[109.21099661540154,19.685134250045678],[109.19812694999882,19.667436350307355],[108.9357544600004,19.501520229974687],[108.99794427470857,19.426422730124955],[109.1301094447951,19.484696830094663],[109.2126418747228,19.38616835498567],[109.42235302986848,19.355129210544703],[109.47756533037574,19.402745524986017],[109.46410199461144,19.302559940189155],[109.53683350496232,19.31364620500841],[109.68205355492768,19.181811524981924],[109.70991731013584,19.331627820167796],[109.63811057534286,19.399928254785152],[109.75121638542788,19.425317965152033],[109.76512059493956,19.580411984825275],[109.5793978454343,19.63917542480607],[109.56542729023732,19.847786280112814]]],[[[109.18503761529377,19.664529799910383],[109.16461468521959,19.673464389969695],[109.17038154467264,19.654798510343028],[109.18503761529377,19.664529799910383]]],[[[109.20070499963606,19.678021000268984],[109.18871399975137,19.688323000506102],[109.18578699967037,19.667903000423166],[109.20070499963606,19.678021000268984]]],[[[109.15827190982083,19.647606780328715],[109.15576323028893,19.659988145336683],[109.14832100491049,19.655844474942626],[109.15827190982083,19.647606780328715]]]]}},{"type":"Feature","properties":{"name":"德宏傣族景颇族自治州","adcode":"533100","level":"city","parent_adcode":"530000"},"geometry":{"type":"Polygon","coordinates":[[[98.70583099530427,24.125962464795975],[98.69294690477591,24.563301700213344],[98.48448561481933,24.543944584574945],[98.41578220478499,24.641477199912913],[98.42114839468275,24.771249149928394],[98.55143192494342,24.80394671976535],[98.52993760463681,24.901902225107676],[98.238749439635,24.928293305391776],[98.26943751482952,25.08929573960677],[98.17929076525667,25.143131419979113],[98.19206357457438,25.247628899654046],[98.08691653526995,25.340462454778503],[97.94614644500251,25.22150702962574],[97.8382730101913,25.273411110134703],[97.7194942100898,25.082657644834512],[97.7294022946802,24.911725849868105],[97.79748363016546,24.85008496514905],[97.54614921481448,24.7413105949081],[97.53120163974393,24.43757035019155],[97.67395812466776,24.451038240122728],[97.71531910479291,24.361816759835676],[97.65678436510643,24.3241023003809],[97.76602698535714,24.261879129818055],[97.75226519518264,24.165873299812972],[97.52795867994917,23.929235699767787],[97.71046956461879,23.86100613982154],[98.10070333019462,24.095040504715598],[98.70583099530427,24.125962464795975]]]}},{"type":"Feature","properties":{"name":"德阳市","adcode":"510600","level":"city","parent_adcode":"510000"},"geometry":{"type":"Polygon","coordinates":[[[104.09452746956714,31.697785849937077],[103.92584117473046,31.64177847499667],[103.91616421500657,31.537712570079123],[103.79195971506886,31.470185820419317],[103.8961900547273,31.41964573985905],[103.88989841028348,31.304709869664805],[104.16678266029157,30.99394482979011],[104.1449135897904,30.91616285992808],[104.51296644494556,30.937585145438163],[104.79381768004197,30.720620135111176],[104.8458497448699,30.643600864988002],[104.81415853978484,30.580036459914766],[104.92024345956804,30.63015780983511],[104.9816596495732,30.53042596538603],[105.06785278967459,30.538229800065267],[105.171518070003,30.70165314987304],[104.99916731032317,30.803946050369973],[104.92946387485802,30.94783394987695],[104.83955430978364,30.9456072545712],[104.78693427989316,31.132719560059684],[104.71649296957497,31.166286910112888],[104.74762159026426,31.277416690228108],[104.67954088970038,31.26965582965289],[104.52296972996913,31.445308899885845],[104.34481772525788,31.382934975069077],[104.15511825460385,31.51763075465567],[104.09452746956714,31.697785849937077]]]}},{"type":"Feature","properties":{"name":"德州市","adcode":"371400","level":"city","parent_adcode":"370000"},"geometry":{"type":"Polygon","coordinates":[[[117.25777016006487,37.528212280072694],[117.34245569467464,37.70659220986266],[117.35886641994944,37.650452899881486],[117.46883225970112,37.65057213019969],[117.55058412485755,37.71296886991746],[117.51559261470743,37.75873160517949],[117.60064238463838,37.844916705341745],[117.53326288007793,37.885910264747],[117.5552324651062,38.003156329600984],[117.40452499033609,37.843035865013235],[116.78888591515295,37.84623674463012],[116.43198606980138,37.475394179897535],[116.29378610974118,37.56887045530732],[116.27418223002599,37.46607732041207],[116.21869136991086,37.478978265134856],[116.27986724487755,37.40307962492483],[116.2308422449737,37.36099085044742],[115.97057887021879,37.33690089516023],[115.75588394478825,36.9244244950944],[116.09774700502032,36.87755727544794],[116.22741298971778,37.03155099977886],[116.42944201004082,36.9768115852865],[116.46483628966314,36.939544224686244],[116.37229969967143,36.79775081025173],[116.39167211457652,36.525208809938704],[116.59626542041292,36.418917674711],[116.62410089014406,36.54396134014377],[116.88130997027895,36.74533832500373],[116.88165573532399,36.833293835042525],[116.95912490479054,36.84347147972505],[116.86898619515682,36.99778502006268],[116.94099122956163,37.03047159029171],[116.91105602001937,37.100492005301874],[117.05431381493065,37.13700276536537],[116.97735846502121,37.328118304915904],[117.01299813995229,37.43594223474639],[117.25777016006487,37.528212280072694]]]}},{"type":"Feature","properties":{"name":"迪庆藏族自治州","adcode":"533400","level":"city","parent_adcode":"530000"},"geometry":{"type":"Polygon","coordinates":[[[99.11308740016347,29.22426528011863],[98.96096704009688,29.176456339888205],[99.01466946972033,29.043025870447593],[98.91288367983799,28.91092683020912],[98.96998699020747,28.831684954896787],[98.83894979030066,28.805582650518943],[98.76696666967615,29.009216949902395],[98.63016733535432,28.976131419729313],[98.68295581995517,28.744197825269453],[98.59443932541461,28.68366758529089],[98.61875092041868,28.502894890486857],[98.75284179980929,28.341247205294337],[98.68682196496178,28.194142095381437],[98.7892913250347,28.042431635511605],[98.79812328985798,27.85336311481592],[98.87348447542826,27.75635424485256],[98.83299072504201,27.71745885054554],[98.91513795465295,27.636925830262896],[98.91781687494887,27.338604984732285],[99.00675369462738,27.30687657469423],[98.96762043503509,27.084591050136908],[99.0022343549316,26.99783222028077],[99.20989982491704,26.985683085406095],[99.28341879514136,27.0783342355366],[99.36849997029748,26.910918060420215],[99.41341993018568,26.97729430019183],[99.49225368955621,26.96733191543558],[99.3822788799664,27.21633910476595],[99.44095620986127,27.35044513053839],[99.41116311478595,27.481449534868204],[99.54306226990786,27.572514699993462],[99.64225662464355,27.317009094993807],[99.89575070523091,27.078070900551666],[99.97161616495413,26.869876405271953],[100.05848044032012,26.937290625462026],[100.06221092529404,27.162297065057544],[100.23419070024067,27.310132810281004],[100.1751042696464,27.483074795065818],[100.29470643505397,27.667768305562902],[100.30630647986021,27.865784069779068],[100.16848739977377,27.90052100524025],[100.19074840021858,27.94973327547035],[100.01949168019695,28.149233070349965],[100.16205897474197,28.219785105198525],[100.17188166510681,28.326236889920608],[100.05628974487587,28.372629584987408],[100.07354798495163,28.42896687981772],[99.9479311348141,28.581201330577017],[99.73210092501773,28.722942565447113],[99.71702967517945,28.84938323504832],[99.62280399021205,28.815802200011547],[99.54101784469782,28.629441084738346],[99.4029328054047,28.550676740439258],[99.40106947487641,28.153671110433436],[99.30750791495836,28.230034485203362],[99.16428339496275,28.428366010383115],[99.11308740016347,29.22426528011863]]]}},{"type":"Feature","properties":{"name":"定安县","adcode":"469021","level":"city","parent_adcode":"460000"},"geometry":{"type":"Polygon","coordinates":[[[110.51518556496194,19.565278345419358],[110.38839250501013,19.61382659042488],[110.3785864700896,19.730811895052966],[110.25803206023147,19.69620256979283],[110.22131718014379,19.616369070076587],[110.12609186994388,19.65693710536317],[110.130590945216,19.560607200162224],[110.18625823522945,19.59329243040139],[110.24849370492063,19.49998747494209],[110.153425544953,19.392804900225997],[110.21601693483376,19.22924939504361],[110.33564932465669,19.227892380129276],[110.36256341017332,19.38626755470392],[110.54967413465363,19.476896175418233],[110.46657538544576,19.509389664801233],[110.51518556496194,19.565278345419358]]]}},{"type":"Feature","properties":{"name":"定西市","adcode":"621100","level":"city","parent_adcode":"620000"},"geometry":{"type":"Polygon","coordinates":[[[105.34427622526766,35.4879133304359],[105.09593500999279,35.41245851554811],[104.93694304978197,35.49654645515483],[104.98790283045133,35.696861030412265],[104.64525183460455,35.99413785477822],[104.65906637541298,36.0413155599652],[104.43744683480367,35.97628112037745],[104.44467778964832,35.874328269733894],[104.27991711018655,35.57220448534878],[103.8458727101575,35.77834769988647],[103.77411008531226,35.89768677492475],[103.47326634016952,35.91932164487804],[103.85751996037794,35.498941040396744],[103.68250920483598,35.205172215025755],[103.74060575974806,35.04508695979541],[104.02804911987107,34.893078999696115],[103.96173572472395,34.839528669712365],[104.01214353479634,34.739634190065885],[103.83071661468006,34.71922052480744],[103.84587388467207,34.583096830454394],[103.76592315023328,34.534353980252035],[103.81400097966156,34.43532615028164],[103.69831969020163,34.28162129988311],[103.87551172978254,34.272013540292676],[104.03095377989308,34.12604844517966],[104.16748596970177,34.209278290360885],[104.10754380989897,34.31813656015419],[104.19969983467968,34.37659094541584],[104.35296776475059,34.37054670986282],[104.5234684903786,34.193919399560684],[104.78300000494636,34.232739120414124],[104.86486871541894,34.30908043481429],[104.84031837019671,34.377531319714706],[104.98583736470266,34.42772168001159],[104.78264685017206,34.43055836477674],[104.74129000962631,34.55440826472966],[104.66793346505744,34.5777780797946],[104.69571106521357,34.67450227476024],[104.59137493020893,34.65502392511411],[104.59583071031909,34.83943694515892],[104.8883601350123,34.86024866474412],[104.90686645512284,34.94372745485822],[105.02626621011757,34.92227306984637],[105.06262077502879,34.98373363959587],[105.21322747536777,34.93281348035788],[105.2416375399406,35.01525462460131],[105.44655435979593,35.13404869968781],[105.52456263955423,35.05608635460163],[105.55458977959472,35.16762124962105],[105.63992899003091,35.14076025018545],[105.53550857506076,35.34061099020511],[105.48584037463365,35.38979690040668],[105.42806537501713,35.35633709038444],[105.34427622526766,35.4879133304359]]]}},{"type":"Feature","properties":{"name":"东方市","adcode":"469007","level":"city","parent_adcode":"460000"},"geometry":{"type":"Polygon","coordinates":[[[108.66505601502314,19.30853548012834],[108.62330942988632,18.840104310065897],[108.69575488028357,18.724270275253048],[109.06535530500338,18.80727598959527],[109.12028776976484,18.864244464610408],[109.10605002958528,18.996826914730377],[109.0053590797578,19.047031264881014],[108.95516581465068,19.218408240448014],[108.66505601502314,19.30853548012834]]]}},{"type":"Feature","properties":{"name":"东莞市","adcode":"441900","level":"city","parent_adcode":"440000"},"geometry":{"type":"Polygon","coordinates":[[[114.06851223465196,23.10057493008901],[113.54496462012116,23.080282579777304],[113.57043405988406,22.84824139042786],[113.74870053480186,22.73429527990328],[113.83601521043363,22.835523884919382],[113.87334920540161,22.85537530482651],[113.92578817028789,22.845863529878045],[114.17433620984832,22.65969583989113],[114.25546900509062,22.902396929974373],[114.21772478976732,22.981792754831815],[114.12205197961521,22.993311544991855],[114.06851223465196,23.10057493008901]]]}},{"type":"Feature","properties":{"name":"东营市","adcode":"370500","level":"city","parent_adcode":"370000"},"geometry":{"type":"MultiPolygon","coordinates":[[[[118.66061408517191,37.225147980195175],[118.98782226008927,37.31569608011006],[118.94241981482264,37.343589760259306],[118.90014965967907,37.35674735980285],[118.8960455549585,37.34108520501826],[118.87782247992357,37.327854409653355],[118.86947080973016,37.32921660466263],[118.88026121018675,37.37189304472827],[118.93331632488855,37.35441633504587],[119.00507072543371,37.37298295469964],[118.91812950497274,37.38072789997267],[118.88746206472263,37.527071155509475],[119.0220461898798,37.72299449500002],[119.26025875014125,37.65541472041309],[119.17848434527639,37.74866732993337],[119.29450885469998,37.79470865987679],[119.16466095963563,37.76730185020028],[119.07687780466699,37.77765891502696],[119.08869297000467,37.912432045302694],[118.88681888488372,38.13324877461133],[118.80223045457183,38.14646000972175],[118.78819957465066,38.072102624936235],[118.63466362502629,38.111860885471515],[118.57722391515165,38.06576290003784],[118.61476657531728,38.0457207348241],[118.60489772005383,38.03735554512235],[118.50686833000952,38.01910418011386],[118.4877972851167,38.09615306491207],[118.23121635535063,38.12778435536376],[118.23238800470267,37.87270165026098],[118.35734673996012,37.79823714542795],[118.27862154494835,37.66114978523444],[118.15951716508516,37.64370516516129],[118.10631328003387,37.46465082477579],[118.13538014018138,37.3756947955784],[118.30940991973205,37.35193925499266],[118.36965946511225,37.26635860536538],[118.28472866469622,36.96894240496806],[118.54924527514936,36.93788215523733],[118.55573409505246,37.062758140276],[118.66294286971777,37.08801895980719],[118.66061408517191,37.225147980195175]]],[[[119.24680696976588,37.81746481534901],[119.25284544516126,37.81313489535921],[119.25386109990984,37.81571664031077],[119.24680696976588,37.81746481534901]]],[[[119.21547436485014,37.783285419986214],[119.2258246847615,37.783215940163586],[119.2258549496463,37.784461154958365],[119.21547436485014,37.783285419986214]]]]}},{"type":"Feature","properties":{"name":"鄂尔多斯市","adcode":"150600","level":"city","parent_adcode":"150000"},"geometry":{"type":"Polygon","coordinates":[[[109.57059306981438,40.55354484511855],[109.40279399035046,40.45614728546889],[109.04645943005869,40.549599039963766],[108.82254231497592,40.540827389972094],[108.44974503960196,40.79287691024126],[108.20621534476243,40.819726265254985],[108.16111398981883,40.880775789970755],[108.08222673967236,40.83066138011867],[107.74027229033402,40.85915029005389],[107.67897080975513,40.758373435185945],[107.28770886996841,40.654665484724376],[107.23764041547287,40.55635809534988],[107.15941032512649,40.57297201974296],[107.16592237991398,40.38747208536847],[106.74553792543497,40.06364917986582],[106.71360781005245,39.91850866054631],[106.77288374488899,39.81018403046869],[106.9663512499103,39.9087448451985],[106.87126864503199,39.795674230081715],[106.96378134003686,39.451478414797066],[106.93813180473904,39.29894795038763],[107.0547811649189,39.221587919946614],[107.1324183448308,39.27901649981169],[107.13505791529064,39.22681978530488],[107.07560657038698,39.047048075508314],[106.9662809553019,39.052731680222905],[106.95372680984445,38.944341955416974],[106.69986382015924,38.714080054950614],[106.64514443536746,38.47287046979642],[106.48444128473756,38.3046228948308],[106.94372502039346,38.13015723546812],[107.1850376049016,38.1542475855577],[107.43545502023306,37.995275695516966],[107.41518515477111,37.93954557526814],[107.97751852006371,37.78658524481324],[108.01806277997338,37.65055317968557],[108.760952279724,37.677485954912925],[108.79219810006231,38.05148473533234],[108.93227943015165,37.920407830357135],[109.06290790977226,38.02182063541403],[109.06206833508566,38.09376882457167],[108.93868476508987,38.1790273847061],[109.0464337948838,38.43199889982941],[109.26441393025874,38.61658935971121],[109.3577901399031,38.62371336537956],[109.32937412001968,38.68836500494109],[109.50373246957787,38.82995983018208],[109.6216959497084,38.85711479011553],[109.66744452964139,38.99773062506836],[109.85130866016658,39.12302414554796],[109.91528645480611,39.10226531509227],[109.9549251846496,39.19101973517269],[109.87763843546549,39.26370743055355],[109.99209075998067,39.207829264808765],[110.20983683959855,39.28150562988094],[110.12997154525067,39.451417335541635],[110.26942464043486,39.42515760034303],[110.38005326974269,39.3091212954115],[110.42384578465527,39.37793748492703],[110.51722422461836,39.382087970383566],[110.59456588460796,39.278260845361785],[110.68221351534152,39.26759696512789],[110.87802491981427,39.506847264789485],[111.01868705006734,39.569761549955615],[111.149452279699,39.564657565494315],[111.04809062538214,39.43417861974757],[111.10197739534061,39.35593983025899],[111.42442941028912,39.5065802551747],[111.45555844466656,39.6240744555717],[111.35136171986755,39.751570119865164],[111.43891860001344,39.89640442542395],[111.40543659022654,40.043255195371046],[111.04335842964787,40.29590615974155],[110.91493275034622,40.244193745445045],[110.602111979884,40.3106784452541],[110.30733429504176,40.489111555553905],[110.23663934982619,40.473705579848684],[110.18829147017527,40.550781015331665],[110.14932347000217,40.50121160543131],[109.90761353533645,40.530522635111595],[109.70351445013182,40.47716459546973],[109.57059306981438,40.55354484511855]]]}},{"type":"Feature","properties":{"name":"鄂州市","adcode":"420700","level":"city","parent_adcode":"420000"},"geometry":{"type":"Polygon","coordinates":[[[114.80261306024454,30.61616047462627],[114.61749678474882,30.56025408006178],[114.58807489474066,30.289138110435488],[114.50066546473943,30.151578095352875],[114.56625660535815,30.037192520318627],[114.72480487964151,30.05612906980076],[114.65251240482371,30.25014304516543],[114.71246472966357,30.327845919653498],[114.95075362977627,30.20654321539712],[115.08900848985002,30.291423060226123],[115.04341040966278,30.399537030409704],[114.83950194026238,30.43256837463082],[114.80261306024454,30.61616047462627]]]}},{"type":"Feature","properties":{"name":"恩施土家族苗族自治州","adcode":"422800","level":"city","parent_adcode":"420000"},"geometry":{"type":"Polygon","coordinates":[[[110.44290740015646,31.32998127961241],[110.33506371491859,31.399861010077586],[110.15873106478688,31.3054200400029],[110.19562810974952,31.1602735950504],[110.11500507992054,31.034131285430533],[110.16796579998174,30.981768744931685],[110.07835877493756,30.804981269869756],[109.88782885501769,30.902065360028416],[109.3483216448281,30.49038804986867],[109.3212231650171,30.62199590019071],[109.140335585419,30.523586390099865],[109.07605163997124,30.602568474655413],[109.11321517024396,30.642045914687287],[109.03861482461451,30.657985164983415],[108.82423523476831,30.497783550070835],[108.73641363468158,30.49892405050457],[108.6653790649919,30.59163078053615],[108.5646640250248,30.471882870098455],[108.42260996547759,30.494569429735463],[108.39771061045639,30.3797067050005],[108.57960892461222,30.258804715265455],[108.50874804998256,30.0608103953835],[108.52081154961337,29.869315279876332],[108.42017675974972,29.88090604997427],[108.36254510487277,29.82268916487311],[108.50043064485845,29.709941425256602],[108.5872329002782,29.860492259710043],[108.65620172992595,29.85672814009166],[108.67937567984382,29.695011430133434],[108.76094793959578,29.639069315396625],[108.78247918966292,29.694290569554198],[108.7777070451441,29.636887220169115],[108.82456442980464,29.67443644538571],[108.90273298493935,29.59643236006542],[108.86015440010556,29.474381085318896],[108.93235333463872,29.431748065420948],[108.91422704014587,29.33012860515106],[109.06554545495885,29.400600254997812],[109.13660057505655,29.271650885180236],[109.10689182469804,29.21035414492792],[109.23298289544431,29.117100209806893],[109.42545778005257,29.530736860317916],[109.51152271460165,29.628905360194267],[109.70817931991974,29.612853235088778],[109.77537593025505,29.7619568202511],[110.12466647957444,29.79250680004884],[110.36672597982016,29.636000815085595],[110.62711779485039,29.759688280389867],[110.50151360986524,29.921516300337032],[110.54264283469911,30.00279462027555],[110.30175787512587,29.953787269566874],[110.3525995253479,30.125006854782555],[110.25079363022189,30.236827739608543],[110.34119705529992,30.246367520344847],[110.36213964962519,30.470317395031827],[110.4840386646527,30.556627429911998],[110.4249717151726,30.780917914730026],[110.31169843513476,30.765352085430436],[110.4379789903382,30.883838020408348],[110.44090220966928,31.02463490957348],[110.5356888503602,31.133698685246202],[110.44290740015646,31.32998127961241]]]}},{"type":"Feature","properties":{"name":"防城港市","adcode":"450600","level":"city","parent_adcode":"450000"},"geometry":{"type":"MultiPolygon","coordinates":[[[[108.09182397000029,22.37444726532908],[107.89940052031784,22.21086392523],[107.6275491696585,22.19501093970314],[107.67481345527682,22.08518282482754],[107.55392509027075,21.934396775390894],[107.55566007045593,21.727692085321507],[107.48253539539223,21.598527545509853],[107.85719983960098,21.65501283007808],[107.95477269510388,21.536783635356528],[108.12136844479795,21.517379620073484],[108.22666771504305,21.627049425490668],[108.27114745499114,21.59710342048652],[108.21784456987109,21.499468484782824],[108.32324503543009,21.58826407043057],[108.30018628506906,21.597289929986346],[108.31991737029045,21.618882949988176],[108.31471911979162,21.66718454513068],[108.33676613015285,21.712808950272915],[108.47128500499906,21.666549645349903],[108.37445011518071,21.539581165438506],[108.51993211517504,21.597859215230642],[108.57103285018593,21.695069870578095],[108.50921614980552,21.716991660237],[108.46114381973155,21.897584569772107],[108.28879879502841,21.90539414032736],[108.19708417999095,21.988116169825446],[108.17960046458984,22.149468979909557],[108.2770120203885,22.224889984785023],[108.09182397000029,22.37444726532908]]],[[[108.3875138497844,21.659387655016303],[108.32613555541161,21.603039970318434],[108.35256755484886,21.556290464733195],[108.3875138497844,21.659387655016303]]],[[[108.34407721998775,21.671554660319373],[108.34923384536575,21.66901108529339],[108.34753577515596,21.675026560527385],[108.34407721998775,21.671554660319373]]]]}},{"type":"Feature","properties":{"name":"佛山市","adcode":"440600","level":"city","parent_adcode":"440000"},"geometry":{"type":"Polygon","coordinates":[[[112.97042216035447,23.46414630970446],[112.89846370003977,23.49088378455906],[112.89484867003011,23.57054129504479],[112.82210018497562,23.569945725314994],[112.7792367902457,23.37673698492398],[112.88130028987655,23.347040709960822],[112.8396953749417,23.22804506982419],[112.75910696991082,23.205221934644612],[112.83218254468875,23.015968935118337],[112.38816492487149,22.775051179968045],[112.40668249999749,22.67381105463653],[112.51673150005877,22.7311117500073],[112.54141433970005,22.64522616455588],[112.69134292963258,22.76195045534928],[112.69033376529114,22.698508039714284],[112.74827240015122,22.69591808035517],[112.91554586994596,22.858952100159343],[113.15583083962156,22.67665370460486],[113.38664055042113,22.810299420481897],[113.30787623490039,22.831834210280647],[113.24997060515932,23.047208999795544],[113.17273572527358,23.07010770500665],[113.17398318477626,23.27357544005457],[113.10814517485994,23.309104474991557],[113.04377421011179,23.2558656000175],[112.97042216035447,23.46414630970446]]]}},{"type":"Feature","properties":{"name":"福州市","adcode":"350100","level":"city","parent_adcode":"350000"},"geometry":{"type":"MultiPolygon","coordinates":[[[[119.77603801544217,26.57020361520472],[119.61462452000569,26.524299709763852],[119.40341808008043,26.638445844799946],[119.22636512964709,26.526560055002562],[119.02297801971986,26.60162344986236],[118.94286908014396,26.46923739998607],[118.81900694041803,26.428159135235944],[118.74422326978811,26.514821154872436],[118.79353792963184,26.356487795175667],[118.57374373488551,26.207150694748805],[118.59626314472837,26.05870555002116],[118.51133472481774,26.062446045348793],[118.50620140986723,25.89756372538568],[118.4552397001521,25.86445530476857],[118.42932214530083,25.922338349835],[118.3763485847195,25.81499630013917],[118.51764879475616,25.66201041005246],[118.60837951999895,25.713495310260384],[118.87420024994162,25.701269060318907],[118.9485157946682,25.76364428015944],[118.94809961990165,25.715316645147084],[119.14745264991996,25.74962398525878],[119.1505050397758,25.585713675046122],[119.24020964036265,25.531442485382456],[119.20630591508598,25.475194180267238],[119.25953668536977,25.501843919961004],[119.25837876506796,25.433747744762684],[119.3436829999705,25.411542000462987],[119.32699360986726,25.483028855397436],[119.35801330017375,25.557590415065647],[119.45457271505882,25.506561230116745],[119.43240844479396,25.434232230233306],[119.499401984614,25.462678515001528],[119.48522373009109,25.365956405563736],[119.55986130495535,25.389444334888196],[119.56579730979809,25.46123654023421],[119.59125360506982,25.34154242004672],[119.64513739017843,25.347298990356194],[119.59655819500472,25.589566560448475],[119.46045369038552,25.665204339708566],[119.60397529512386,25.698102950291002],[119.61958353465252,25.890652725043253],[119.71382743538788,26.009274669890146],[119.6237766947387,26.027366950224632],[119.53663056015228,26.074170389951576],[119.49511432466636,26.01536108544576],[119.4821709400369,26.016107170209807],[119.5480214900997,26.122871945084228],[119.6069692902006,26.14174921485443],[119.59652211510354,26.157485675223768],[119.59885828038534,26.174372765091107],[119.67268782518306,26.232760620306408],[119.63587492978422,26.26745608533014],[119.798977479727,26.277544885088446],[119.9443660347647,26.35806751010756],[119.85876069964661,26.350732685365188],[119.83634509045362,26.42952277995238],[119.65211537472487,26.362254255329674],[119.62933059473119,26.47934006009575],[119.76338077979926,26.40860630014066],[119.82597086476369,26.44463897520859],[119.77603801544217,26.57020361520472]]],[[[119.77853357476477,25.652113639832635],[119.68350517022748,25.603155089935512],[119.73681824466632,25.509689140541468],[119.6724668446692,25.477971020546192],[119.76683869015346,25.39674317056091],[119.75821934035037,25.440843990158044],[119.85877011015248,25.469249215478953],[119.81072169485037,25.542472115395867],[119.88528120046703,25.567125410509334],[119.77853357476477,25.652113639832635]]],[[[119.63566564045698,26.110423455578086],[119.5400817651614,26.082453424785797],[119.64134194987116,26.06513804988117],[119.63566564045698,26.110423455578086]]],[[[119.58126222527153,25.633195504868695],[119.61580599984711,25.681393740029137],[119.55699724482702,25.63816883042722],[119.58126222527153,25.633195504868695]]],[[[119.65021888529338,26.136373990367417],[119.62699421541072,26.173257495137364],[119.60317288042415,26.172391459698133],[119.65021888529338,26.136373990367417]]],[[[120.01164914998833,26.214490355145813],[119.96734767005898,26.221098310039054],[119.96648755036017,26.19401355028515],[120.01164914998833,26.214490355145813]]],[[[119.96513919501785,26.165987815485323],[119.91645168459763,26.17514547518357],[119.90901951004241,26.145280589927324],[119.92537531461915,26.137658365241407],[119.96513919501785,26.165987815485323]]],[[[119.71104956538522,25.638323199955778],[119.67176451012415,25.65987562545979],[119.65962481543295,25.648839594971378],[119.71104956538522,25.638323199955778]]],[[[120.51093552975101,26.364851410164476],[120.4697103148792,26.377445450447226],[120.46938662459308,26.371112654825197],[120.48430615970153,26.35573377029732],[120.51093552975101,26.364851410164476]]],[[[119.73111313985953,25.36536633518824],[119.70340121989045,25.374284609747008],[119.69630937038119,25.361218804903956],[119.73111313985953,25.36536633518824]]],[[[119.68421907005416,25.309354360215593],[119.69660759546423,25.34407254031555],[119.68431389996658,25.33181072038849],[119.68421907005416,25.309354360215593]]],[[[119.87181034996775,25.590507805291054],[119.89645696491709,25.60948588006937],[119.87133576963015,25.607562150173123],[119.87181034996775,25.590507805291054]]],[[[119.67224733994283,26.116327105511573],[119.66990439017547,26.145099870262868],[119.65693967002983,26.132639130191762],[119.67224733994283,26.116327105511573]]],[[[119.97505208468601,25.95385841483403],[119.9711444854297,25.967103565177467],[119.96127513463978,25.950255875508276],[119.97505208468601,25.95385841483403]]],[[[119.48248212524993,25.332844005446532],[119.48381450503541,25.35414226545322],[119.4621778202503,25.337399975428582],[119.48248212524993,25.332844005446532]]],[[[119.6466277250895,25.65618698054476],[119.65551954968748,25.6757493403598],[119.64359520035828,25.659110000226406],[119.6466277250895,25.65618698054476]]],[[[119.93365275027429,25.966834155272124],[119.92669428011698,25.980368420566208],[119.9238211898961,25.979190920224823],[119.93365275027429,25.966834155272124]]],[[[119.64979010023296,25.67857950054355],[119.63962651015538,25.67983257541306],[119.63578245969279,25.671282785472215],[119.64979010023296,25.67857950054355]]],[[[119.97838624472945,26.27194048546511],[119.99233200022172,26.275725599756697],[119.99044647982123,26.284377549984015],[119.97838624472945,26.27194048546511]]],[[[119.65756165015011,25.411194944890838],[119.66729778976128,25.424121235206883],[119.65775985982975,25.429034090351024],[119.65756165015011,25.411194944890838]]],[[[119.57263299461704,25.667330835249913],[119.58583276517004,25.67635769035519],[119.58659433536036,25.680456804737787],[119.57263299461704,25.667330835249913]]],[[[119.90298933988618,26.411162995376003],[119.91358715502327,26.42131818038979],[119.91680098487757,26.42464644987382],[119.90298933988618,26.411162995376003]]],[[[119.63984831534754,26.112936195549025],[119.64306498975748,26.12164290549572],[119.62993582048182,26.120930090251534],[119.63984831534754,26.112936195549025]]],[[[119.66900333513593,25.760244425539838],[119.67882140028746,25.765837179842038],[119.6660665198541,25.766567525570906],[119.66900333513593,25.760244425539838]]],[[[119.80434058495007,25.437652594791473],[119.80297225026925,25.448494025478965],[119.80028761028507,25.449257840377072],[119.80434058495007,25.437652594791473]]],[[[119.39764188026857,25.43639307538018],[119.39109032995486,25.44532032517293],[119.38481064469556,25.43845128989517],[119.39764188026857,25.43639307538018]]],[[[119.75412255970843,25.298966204926444],[119.76205908485895,25.301072964845503],[119.75613589985198,25.305062655117467],[119.75412255970843,25.298966204926444]]],[[[120.00320307526181,26.24500365969118],[119.99822915525135,26.249436765194616],[119.99545891509695,26.2425367905405],[120.00320307526181,26.24500365969118]]],[[[119.87918711998964,26.414691790293944],[119.88883130032434,26.41945759549168],[119.88227127030291,26.425324669997565],[119.87918711998964,26.414691790293944]]]]}},{"type":"Feature","properties":{"name":"抚顺市","adcode":"210400","level":"city","parent_adcode":"210000"},"geometry":{"type":"Polygon","coordinates":[[[125.25675458015985,42.310839304790136],[125.16826090501684,42.30664089985771],[125.19106789466764,42.40560204959496],[125.09199483959026,42.47552254003324],[124.99724292981739,42.37209820516807],[124.8158194603999,42.416055070285324],[124.7759653600134,42.33541341459744],[124.56813669994881,42.34814287479389],[124.50913609975123,42.236709360348755],[124.54951325483296,42.1178704999237],[124.33593977500072,42.006974834920754],[124.24112862508605,42.06998514519836],[123.8143827099941,42.01554983465718],[123.72238155026844,41.96018041539389],[123.73415099497254,41.862488344861276],[123.65838409015373,41.796718654642234],[123.77436926502958,41.79447471033967],[123.80605418475284,41.70767136044498],[123.72400497494971,41.5410642702999],[124.28842946994416,41.539804369576075],[124.42151549544383,41.303427929955035],[124.4892363997401,41.33265401956743],[124.65183193979226,41.24201122463836],[124.86626009482757,41.32493566544866],[124.84890699965842,41.42255515529621],[124.95605593972994,41.51758915001932],[125.2161461554208,41.47773521960477],[125.44820559021593,41.54922275532596],[125.44417298969176,41.6716215155206],[125.30893875991592,41.677107465437246],[125.29031475542172,41.88407582054276],[125.34538990032365,41.926066255053684],[125.2858981551758,41.957516504782916],[125.48439631034148,42.13363699045482],[125.29975887527189,42.143800995119875],[125.25675458015985,42.310839304790136]]]}},{"type":"Feature","properties":{"name":"抚州市","adcode":"361000","level":"city","parent_adcode":"360000"},"geometry":{"type":"Polygon","coordinates":[[[116.79967775542411,28.255141359686036],[116.72941182459613,28.413677029970984],[116.57255288990405,28.384090180017836],[116.5604538904347,28.49699461031304],[116.45604446517996,28.248364565172608],[116.35362777480202,28.208375169878252],[116.31007586540898,28.256981230499434],[116.22566383981439,28.160557735551095],[116.1075860351674,28.24464863033006],[116.0727649447465,28.159996580178074],[116.14520872959929,28.078124544911873],[116.07403599976169,27.952387244975398],[115.86176147461242,27.860266739818258],[115.83450166541957,27.733217054723355],[115.7288768549829,27.73096639518303],[115.58718535981654,27.527126814750773],[115.72107373526478,27.44423159471239],[115.69336616981298,27.276953405275492],[115.62040934511526,27.249611899869308],[115.71313664534,27.104620675204046],[115.81145619984386,27.11381884036723],[115.93079413004511,26.96863888487667],[116.0256755700716,27.13481687969528],[116.11615452021499,27.139692160265042],[116.18029913459748,27.056912200038028],[116.11171787498006,26.732917604963575],[116.26929285977769,26.66150679490272],[116.23545458985745,26.550975254604396],[116.30127987976266,26.50207814459077],[116.4485542897487,26.602695955254205],[116.54112290999433,26.57339341967065],[116.50547325528657,26.71737213001984],[116.64995406522803,26.964902975192217],[116.93480483457552,27.02193605480511],[117.04739953026422,27.103883554882202],[117.16764914998839,27.29353388028437],[117.09351742039269,27.341502360245784],[117.09811810466681,27.54266975990157],[117.01632564501256,27.558470029868033],[116.99852606522575,27.630667875322217],[117.04722258505433,27.674204790318868],[117.10184400489698,27.633143555131028],[117.11223717030919,27.697619959993233],[117.1997440553439,27.687136474768522],[117.30190695973852,27.779811535174247],[117.21314733977795,27.898798899749465],[117.11868291988094,27.914202525526207],[117.03482876983196,27.847794314855776],[117.04416465537463,27.976238434756],[116.69183836984496,28.21251875034011],[116.79967775542411,28.255141359686036]]]}},{"type":"Feature","properties":{"name":"阜新市","adcode":"210900","level":"city","parent_adcode":"210000"},"geometry":{"type":"Polygon","coordinates":[[[122.8305178148454,42.71429668464435],[122.72580187006031,42.784682919581144],[122.35513071970706,42.83391917473017],[122.36582169021892,42.77411834968217],[122.45463698540857,42.76178858507518],[122.39032961981616,42.6817717549626],[122.05143604543719,42.72011306976242],[121.93181446456595,42.68641002999891],[121.86611126482308,42.528105814631715],[121.6964876300002,42.43744748031702],[121.60147786481173,42.51438646975981],[121.34397230967443,42.45778352508967],[121.02717822469538,42.25016443044416],[121.07952962529203,42.118254604866195],[121.04219936970526,41.97503110470177],[121.15373446527337,41.98318958972783],[121.29461486458445,41.8881781347132],[121.25701652019632,41.791009070312384],[121.35842496533996,41.717757900207005],[121.46857305989886,41.69299903457784],[121.53999638042865,41.78324787518932],[121.82516391977913,41.787042524992614],[122.14646189500047,42.03010348508781],[122.89590995977687,42.34730087463572],[122.8134878802615,42.479356250090916],[122.96527504510732,42.564864735419235],[122.74171904020159,42.68660828464465],[122.8305178148454,42.71429668464435]]]}},{"type":"Feature","properties":{"name":"阜阳市","adcode":"341200","level":"city","parent_adcode":"340000"},"geometry":{"type":"Polygon","coordinates":[[[115.63522719028265,33.583457099965244],[115.33998663967179,33.50516435475123],[115.30830985971227,33.37544866542362],[115.3618481450759,33.333387254618174],[115.28337514964346,33.13479418500367],[115.11353340044616,33.077136754657545],[114.89393328479332,33.12848953006778],[114.92729227541827,33.02726021458727],[114.88123833518114,32.976246220087035],[115.19449567523532,32.857138199768144],[115.19404457529697,32.59461999531658],[115.40467788537615,32.57836742481686],[115.55826025530655,32.405621254817106],[115.66081796028072,32.411153089943184],[115.69713486518197,32.49782237969913],[115.77985171008845,32.468590475070414],[115.96900833466702,32.608536655042656],[116.1709510596437,32.42816626026473],[116.3021441849063,32.52559443013888],[116.47853839003471,32.43977536034464],[116.62907640465244,32.556874385144795],[116.4443876497703,32.69333385487357],[116.38259262484985,32.89727817484794],[116.23771751525123,32.86982000488939],[116.1602636198702,32.97098074976185],[116.04243013044618,32.99751284014553],[116.04696441957242,33.04891517989171],[115.86168309959544,33.09915558026586],[115.81707397508399,33.16257259994558],[115.8302250653345,33.2648477100538],[115.920685850072,33.230948885182954],[115.893054260246,33.40158686534164],[115.63522719028265,33.583457099965244]]]}},{"type":"Feature","properties":{"name":"甘南藏族自治州","adcode":"623000","level":"city","parent_adcode":"620000"},"geometry":{"type":"Polygon","coordinates":[[[102.94672218008458,35.40795145519553],[102.50270754511718,35.589431609781],[102.44700090976426,35.43826933526168],[102.2820088797061,35.39491432973256],[102.2760774901841,35.30571552045495],[102.4045101752045,35.17930620032092],[102.09381802987826,34.98936584985415],[102.06590164004871,34.893773285308896],[101.91605990034418,34.87805490490996],[101.93261422037006,34.58943853476063],[102.15387163546768,34.509113040234695],[102.2575368753266,34.35710262048957],[102.18648021019362,34.35609530515427],[102.14507307506244,34.27301403516964],[102.0652881450319,34.29391298989265],[101.95576451002415,34.10959279517141],[101.84759889537276,34.15477015002244],[101.7141446046898,34.08528812045046],[101.57863447460136,34.198556474901466],[100.94930902459186,34.38483118511118],[100.82046393026621,34.32075120500417],[100.76275646973534,34.179671694892875],[100.99400749494998,33.89268165513431],[101.15268852535525,33.84500838033256],[101.16531657529976,33.661199770353164],[101.54257728041722,33.69657010552601],[101.63038346522478,33.49416032034259],[101.88086665517204,33.58187035053629],[101.94505194499135,33.44356375516321],[101.87586525008129,33.31681929547415],[101.76563496468191,33.26605728471594],[101.84210983020455,33.113460829853466],[101.93645237038066,33.18941570557041],[102.07972326032029,33.19480189549114],[102.10699222011493,33.29771238471881],[102.20684049529268,33.22675370971598],[102.23240016043911,33.388178255122455],[102.46634632522279,33.452679595486984],[102.47643621495939,33.543938694914914],[102.33808644043694,33.612925600036476],[102.34010807502767,33.73078235042516],[102.2845463699191,33.718069864932374],[102.31928570027492,33.75946596987865],[102.12967560514511,33.96800189547116],[102.38982878507045,33.97180059492155],[102.4357968598373,34.08807733989738],[102.65680943990378,34.07564119538489],[102.59630227023365,34.15303651522305],[102.9084896652659,34.31523870530208],[102.97062708996827,34.19838085529227],[103.1136156899122,34.1767613151826],[103.17703969462627,34.080810104602676],[103.11651892990477,34.03637424977188],[103.1220255453427,33.93526977008389],[103.18373749988575,33.90406534464],[103.15833686995063,33.807031915090874],[103.26911663482491,33.81152272469404],[103.33779463991078,33.743023569582135],[103.51824211018527,33.81178129507077],[103.54459028471393,33.67326896539049],[103.59504632992423,33.73137360520775],[103.76337041021634,33.657437225447666],[104.04598925020377,33.68712334976283],[104.16587636490237,33.61472243469268],[104.17903474955409,33.469448074668946],[104.29353130002954,33.33247269985526],[104.49889264487973,33.343217410255306],[104.57732575987598,33.219927955211006],[104.75639519987863,33.309021780330966],[104.6976079998094,33.45804579527726],[104.50103171024529,33.64634090980519],[104.53784579544714,33.761357954605955],[104.0732932403908,34.014111090054826],[103.87551172978254,34.272013540292676],[103.69437027966472,34.28872846484683],[103.81400097966156,34.43532615028164],[103.76592315023328,34.534353980252035],[103.84587388467207,34.583096830454394],[103.83071661468006,34.71922052480744],[104.01348536465792,34.7417163400371],[103.96173572472395,34.839528669712365],[104.02243913995443,34.932211565011755],[103.86083406014382,34.98850942546966],[103.83930392523604,34.90285416988411],[103.67712901519195,34.91036439030444],[103.72710068015232,35.01107509014332],[103.61871371986234,35.09717997527571],[103.35814149003778,35.14389283978278],[103.25985835537887,35.23761163446943],[102.96952899976361,35.251627660288364],[102.94672218008458,35.40795145519553]]]}},{"type":"Feature","properties":{"name":"甘孜藏族自治州","adcode":"513300","level":"city","parent_adcode":"510000"},"geometry":{"type":"Polygon","coordinates":[[[97.90250358537233,34.21102329978553],[97.66537040492041,34.12868939519952],[97.70230971532119,34.04439139015062],[97.63589317962658,33.92107198498413],[97.38774234543301,33.888496140184834],[97.41469965956173,33.607623444566386],[97.52479768526503,33.57847528480664],[97.55276132007896,33.46664434466082],[97.62727776975336,33.463354309853585],[97.75823297037537,33.40506301034968],[97.62238888513899,33.341319265172054],[97.48636249473334,33.16993407519749],[97.52188110023273,32.99008218004868],[97.3730085500047,32.95829927469194],[97.34749306045646,32.89740544510525],[97.48230457469644,32.65630755035328],[98.21810437521678,32.345451240082745],[98.21847323485201,32.23709669495661],[98.4359653000586,32.005625825071824],[98.415088840078,31.83227797984494],[98.88627306964656,31.378472280071765],[98.77598711980974,31.250977470134217],[98.63821529460023,31.33899244514524],[98.60088601028122,31.19386898506568],[98.79677156475594,31.013719560009758],[98.77970895510418,30.89611367010992],[98.95742673475614,30.767325060403294],[98.90461742995058,30.690491154942908],[99.06756711493048,29.93162412525322],[98.99058437976541,29.664479669701016],[99.1150960701276,29.241415460355263],[99.17474489536076,28.40441415049268],[99.40106947487637,28.15367111043347],[99.40293280540469,28.550676740439314],[99.54101784469789,28.62944108473834],[99.62280399021205,28.815802200011603],[99.71702967517942,28.849383235048375],[99.73210092501769,28.722942565447166],[99.9479311348142,28.58120133057709],[100.07354798495163,28.428966879817764],[100.05628974487591,28.372629584987415],[100.17188166510688,28.326236889920654],[100.16205897474201,28.21978510519851],[100.02879293014969,28.18608544508735],[100.0599420850593,28.086752725158142],[100.23729486496609,27.970768374960606],[100.40891561526348,28.007939550370047],[100.3852385845931,28.336094439806693],[100.52920685021607,28.582522905008112],[100.46181194026897,28.70932702032583],[100.59427835536195,28.749595979770632],[100.51924091043979,28.95264676483644],[100.65672652011294,29.02293898014994],[100.81403896492635,28.99205139485611],[100.78579149508145,29.10609519513727],[100.89488948546149,29.151744805578357],[100.92949403981815,29.05818773057937],[101.05975320025006,29.17191216991078],[101.18473986035643,28.941594765086442],[101.19664755514064,28.65651973989414],[101.34814246010652,28.672917675010723],[101.61870848980507,28.540965375351828],[101.5993176954554,28.479536490516644],[101.41075503981332,28.52169612527599],[101.36901074974635,28.47446073487501],[101.43103022476518,28.48658708002973],[101.48342812031149,28.319100840531426],[101.70898532001657,28.37861461996878],[101.75362930494855,28.54225156505772],[102.01930039489743,28.725867364887105],[101.95608890987536,28.829292869770196],[101.98689843041835,28.893307284803445],[102.16180232491745,29.037894985465243],[102.12967000506674,29.17732642047802],[102.05139499987939,29.18019602043011],[102.12361095498166,29.240964560066434],[101.95705752018851,29.318889569797907],[101.93630296960643,29.501743570109713],[102.16409109502808,29.536338304769004],[102.20421692017482,29.462541360395555],[102.31402723027256,29.538229159947843],[102.27497970035299,29.611504830283742],[102.35587557010159,29.77483065041426],[102.27008565542869,29.875204090096734],[102.26687147034221,30.080460625257768],[102.40199406997047,30.24600448022257],[102.48665432014089,30.74438955493412],[102.4698694795929,30.69175083533282],[102.34712657043495,30.710776450073187],[102.17514612459406,30.595443104715578],[102.04621724493,30.66390533006695],[102.03005356521997,30.77060459472631],[102.06375771474674,30.878392209932585],[102.19756057546029,30.911931465165008],[102.15819287969772,31.142095535580598],[102.03685612980668,31.07393676486987],[101.969629029756,31.181698744901183],[101.88267215479623,31.16343542970138],[101.85192974975827,31.275748700542163],[101.64839321027856,31.38300375521919],[101.48001031972049,31.371421659981625],[101.44858584995714,31.295203100342913],[101.44884418471149,31.43620063994765],[101.29838037045783,31.360383980136717],[101.22529594994823,31.53408463479808],[101.10338435520389,31.471959355440006],[101.05926604019567,31.633280340315434],[100.85050577961813,31.766416254806376],[100.99395186468696,31.86874325040079],[101.00918274508773,31.96085897476196],[100.78997034965194,32.00000000000007],[100.69455702988319,32.135557785163705],[100.71917320997579,32.18486549504669],[100.55186798511951,32.28372836507207],[100.53046996511691,32.38771619984288],[100.66384050013909,32.52600800496547],[100.54393287999855,32.572427265106256],[100.41883851528527,32.733853879852795],[100.37820895018304,32.69972701029339],[100.40093922496537,32.75711323478804],[100.25824850476478,32.74505581007762],[100.21363026022843,32.60929084000033],[100.1111826799368,32.64449861012285],[100.11041750526383,32.862200995279814],[99.9016664348582,33.04932188479731],[99.85096418045272,32.94494062990616],[99.76533378032971,32.94259155485643],[99.72914386509729,32.72808294017561],[99.38319640519003,32.902619965239225],[99.26460598517814,32.88197983000523],[99.19548080029875,33.0355831496428],[98.8281285952585,33.18229838995882],[98.75738754539901,33.282528099991886],[98.74264151469423,33.48047399497893],[98.61177090520322,33.63550602528292],[98.64908506022748,33.65920348495291],[98.40742729523366,33.86808932955898],[98.40201752508878,34.087921095282404],[98.04386127467812,34.117419825164916],[97.90250358537233,34.21102329978553]]]}},{"type":"Feature","properties":{"name":"赣州市","adcode":"360700","level":"city","parent_adcode":"360000"},"geometry":{"type":"Polygon","coordinates":[[[116.6451509300714,26.47180716506864],[116.4485542897487,26.602695955254205],[116.30127987976266,26.50207814459077],[116.23545458985745,26.550975254604396],[116.26929285977769,26.66150679490272],[116.11171787498006,26.732917604963575],[116.18029913459748,27.056912200038028],[116.06339159974254,27.146782300163068],[115.78157976009788,26.808995724673025],[115.70298737516725,26.85658827003266],[115.67174669535382,26.776735010412438],[115.72788044482672,26.713611835218046],[115.66897574023824,26.64431225021025],[115.52371339965373,26.69964111544516],[115.33135352484533,26.677459794933668],[115.22555219997412,26.523110650436195],[115.09975312470704,26.499994370443915],[115.02257633473016,26.362594219747507],[115.0847694697353,26.152125884901693],[114.90648868480503,26.216023479799787],[114.7051107601535,26.165972839974643],[114.57696288502916,26.240682474816424],[114.42505188983296,26.085093024923196],[114.36988495023036,26.120353850549805],[114.28794596493435,26.03804510989397],[114.01604149042248,25.975514980032358],[113.90812356525043,25.703216315580562],[113.98866672538918,25.56743434022269],[113.93455515010021,25.4528152049578],[114.03842254046788,25.393507845111003],[114.024949269893,25.256908525408164],[114.1345115748494,25.314849965253757],[114.29467107540984,25.292311860304153],[114.53526656480017,25.42194091973772],[114.74458361004565,25.245638090225725],[114.67440762491208,25.198061194868274],[114.72539173494067,25.118616499951543],[114.41613879536919,24.97493139037141],[114.33362958503733,24.756061695091205],[114.16393669971899,24.694007300296732],[114.16981880459423,24.648723120375735],[114.35192344031464,24.593903905440925],[114.42400714471398,24.487716495320058],[114.65936801502198,24.586688450411714],[114.70124799030259,24.530873065439664],[114.74509555991222,24.62062432015631],[114.86499492517567,24.565094930386806],[114.90797976525403,24.668271654912985],[115.0490432800234,24.71356094478182],[115.11897655522387,24.66728976521057],[115.40313649505322,24.797560070041243],[115.68569944487353,24.547174800077016],[115.84958378986005,24.568233919559816],[115.75115355039611,24.739786635245082],[115.81580683481764,24.90982892516479],[115.90390080537793,24.883806424826673],[115.86964664487687,25.023753794601987],[115.92457731459149,25.052323764929838],[115.85073714969974,25.21311396993383],[116.0027880254471,25.31911365017487],[116.05341926039057,25.69487253513944],[116.17321018989844,25.756893190068695],[116.12755134971508,25.86166183512563],[116.36226145979856,25.963031434952825],[116.4850855453617,26.117533820329584],[116.46900583535103,26.17788422018066],[116.38641270478251,26.175146385297467],[116.39168153497496,26.275153960087266],[116.51205221513771,26.41369305539024],[116.59547357544523,26.374663684581435],[116.6451509300714,26.47180716506864]]]}},{"type":"Feature","properties":{"name":"固原市","adcode":"640400","level":"city","parent_adcode":"640000"},"geometry":{"type":"MultiPolygon","coordinates":[[[[106.74819435458585,35.68859329034814],[106.90923435528134,35.77151365992751],[106.84759922532407,35.88723665544734],[106.9414401299581,35.94101771009929],[106.9039069999082,35.938131729895474],[106.89779609041727,35.94284250557723],[106.88536818459409,35.97172267995779],[106.94536185036918,35.991548995289975],[106.9422309595912,36.122296644974256],[106.82966517980424,36.229492535052486],[106.49951791971625,36.26878361487201],[106.51846720539726,36.47775963539891],[106.42850709482661,36.517805720357785],[106.30218033515439,36.48275941541476],[106.31113872037571,36.40969913001089],[106.20555278493316,36.327234405543436],[105.97601784964411,36.31220137509342],[106.00370503016308,36.1926823205327],[105.88094043025671,36.21728403503022],[105.81493495488434,36.12202904990079],[105.57593764980277,36.23475039981116],[105.32962235528754,36.00000000009999],[105.37857541482362,35.792742105563775],[105.4254354848598,35.820282170485825],[105.56249257477259,35.688577765351624],[105.66599401031539,35.75147020508592],[105.75251677982561,35.731090460456414],[105.68736719464039,35.68531204011862],[105.8337570152741,35.49299457014337],[105.88609673997263,35.548600185550185],[106.0910100200964,35.510372650277645],[106.10353500503652,35.36489798515396],[106.16880102005109,35.43737474544821],[106.23448983963448,35.41108385503594],[106.35869320013114,35.23849687043429],[106.50142303544482,35.36013814965594],[106.42982137036,35.688879825143886],[106.59839249531746,35.74829193982123],[106.74819435458585,35.68859329034814]]],[[[106.04867863461135,35.44897117048316],[105.89219989460952,35.45279229542814],[105.88948620022802,35.41817020519085],[106.04867863461135,35.44897117048316]]],[[[106.07094400036539,35.43153100025552],[106.05911599990355,35.42783499978549],[106.06803500021516,35.42063899979007],[106.07094400036539,35.43153100025552]]]]}},{"type":"Feature","properties":{"name":"广安市","adcode":"511600","level":"city","parent_adcode":"510000"},"geometry":{"type":"Polygon","coordinates":[[[106.67135512513897,30.841639489970532],[106.58363755502921,30.7423709195823],[106.48349526539425,30.79038819495929],[106.38803648039931,30.681595984866874],[106.2040267199572,30.7276074501238],[106.23483148038855,30.689727060355608],[106.10959195520462,30.50622448966851],[106.03528715467849,30.520945824989894],[105.94780866034148,30.43979473483921],[106.16678184960273,30.306877350209618],[106.24025554525724,30.18049057517993],[106.42495686456772,30.256206404801787],[106.43697062539411,30.312446859734848],[106.55421428456162,30.318622204751023],[106.63015342034413,30.269844270196984],[106.72721891522082,30.029232405051516],[106.90990008022459,30.027838429799772],[106.9765688595653,30.088408060083964],[107.0625823600879,30.048196320004195],[107.3020610048116,30.35717423520282],[107.21512574955375,30.346946879594896],[107.24948435012271,30.390589689762407],[107.1569451952646,30.46519293480617],[107.20887607017454,30.503478120219143],[107.18899105968973,30.53644956509538],[107.09481880974033,30.52246573500571],[107.1380117151686,30.470666889565337],[106.97752384964599,30.503394860084768],[107.03877392497674,30.645204679952087],[106.94595177955102,30.638436375038737],[106.88617565977893,30.697701834572058],[106.94594904021608,30.710556500182406],[106.67135512513897,30.841639489970532]]]}},{"type":"Feature","properties":{"name":"广元市","adcode":"510800","level":"city","parent_adcode":"510000"},"geometry":{"type":"Polygon","coordinates":[[[105.49680319491159,32.91280772010026],[105.42233711986228,32.933346900139384],[105.3848937898166,32.88080005977497],[105.44633851980689,32.73467523967065],[105.13573416000355,32.60257137996524],[105.02606421519141,32.65274915514942],[104.87940598020191,32.60342082021475],[104.69515065987514,32.67754860538389],[104.61372335015255,32.62766795541188],[104.75087309002117,32.53120567989828],[104.77000997518024,32.3995019051888],[104.9722070895856,32.336517480097655],[104.99231747017518,32.249177270015025],[105.25095627541185,32.31585710472166],[105.25614898518756,31.993445419870284],[105.1701226450441,32.00070876020118],[105.20177719466187,31.83685234545942],[105.30862883505273,31.760875550566254],[105.25309060494754,31.707897819828588],[105.31403956027754,31.71884947502332],[105.4556410252132,31.529641785140313],[105.6956829998706,31.590137470467937],[105.72674201483215,31.730558364776755],[105.86431145031327,31.614537334830175],[106.07808495465702,31.70066470481231],[106.1247631952653,31.836905620398113],[106.21056572023184,31.77169009512187],[106.3332364354132,31.85490885525951],[106.40268921993163,31.811268830292363],[106.44429222020983,31.98259025473652],[106.55146504537561,32.081613605183804],[106.55948411030352,32.22974901530489],[106.77222255972339,32.29912708504696],[106.68273664008393,32.34975310032536],[106.63585863037156,32.689490880000164],[106.39979009973337,32.618865775235406],[106.10873051979769,32.72261500457887],[106.0386690849104,32.86707719495661],[105.59304862499408,32.702312505417865],[105.49680319491159,32.91280772010026]]]}},{"type":"Feature","properties":{"name":"广州市","adcode":"440100","level":"city","parent_adcode":"440000"},"geometry":{"type":"MultiPolygon","coordinates":[[[[114.03139371544762,23.903924035266073],[113.85956695025459,23.93188219051075],[113.70830027523755,23.865183640013015],[113.61000143032186,23.78284268474215],[113.59416788543967,23.668428975317],[113.37189087476418,23.731778054813446],[113.1871378399394,23.517182199598892],[112.97368081511763,23.46839649490238],[112.95316102536106,23.437101065262027],[113.04377421011179,23.2558656000175],[113.10814517485994,23.309104474991557],[113.17398318477626,23.27357544005457],[113.17217591978294,23.071857425080168],[113.24997060515932,23.047208999795544],[113.30787623490039,22.831834210280647],[113.6343509551325,22.562803210000197],[113.6442252548917,22.63970524540082],[113.55018021044839,22.741959740349785],[113.64451089486192,22.760396295552653],[113.51362671010463,23.03471188484565],[113.71943801994871,23.14486708494809],[113.8340071897801,23.11986512987187],[113.89982514031806,23.182767810186363],[113.89275387539112,23.348079630170844],[113.99083564464934,23.30262613488827],[113.9769269601112,23.475518149742868],[113.80811904995426,23.63125501470722],[114.05380581009013,23.777868980569053],[114.03139371544762,23.903924035266073]]],[[[113.67655359547211,22.66030590489362],[113.58237787503901,22.722340285276005],[113.69576450023158,22.573854400360347],[113.67655359547211,22.66030590489362]]]]}},{"type":"Feature","properties":{"name":"贵港市","adcode":"450800","level":"city","parent_adcode":"450000"},"geometry":{"type":"Polygon","coordinates":[[[110.5457231449073,23.128994450133803],[110.54090961538651,23.205559649858003],[110.65846453980674,23.28306810530887],[110.55957127539409,23.36904841005611],[110.62459539975794,23.462622300578744],[110.53762517526167,23.66017077975772],[110.57908464464072,23.790595605203066],[110.35474963528748,23.883395940270475],[110.38680980972498,24.044022965087834],[110.30560951047062,24.017580834787736],[110.28792323536908,23.858860174857227],[110.2081426949295,23.913693490262403],[109.98983291036058,23.78178030481729],[109.85781638471843,23.440954820308775],[109.73612881019648,23.46973261496828],[109.53722803484601,23.303568799760342],[109.47812203500399,23.386396969944258],[109.32561042038463,23.418625199793212],[109.20270855965236,23.3126677598093],[109.2494821652698,23.09858132466843],[109.34396765987964,23.07214882970476],[109.31037256484205,23.009386055122377],[109.47816614495167,22.89362173485523],[109.45108795024879,22.851651375010988],[109.62327200979547,22.65769938541837],[109.78133474999879,22.745420624762062],[109.75084073501199,22.844662604895348],[109.86395499512696,22.87840679044109],[109.80050944535469,22.978602675173363],[109.88401386524777,23.02569178005166],[110.2578643096902,22.870329054642184],[110.29889490497595,23.031013334797592],[110.5457231449073,23.128994450133803]]]}},{"type":"Feature","properties":{"name":"贵阳市","adcode":"520100","level":"city","parent_adcode":"520000"},"geometry":{"type":"Polygon","coordinates":[[[107.1919211102711,27.35876120466594],[107.0004174152316,27.357155930102124],[106.89498744021824,27.26273879026303],[106.80514832533498,27.324418215428352],[106.73904857493187,27.220731540228428],[106.71891112474867,27.3086522896715],[106.63163039492684,27.30333672980629],[106.40481384038651,27.14581264034115],[106.44674936499126,27.01257146470141],[106.3530007002222,26.894250014826355],[106.12393380540084,26.831195160228503],[106.17071753468656,26.681121755164895],[106.11898507540099,26.65649643526234],[106.19412898026826,26.54025965975552],[106.31002908467457,26.542226360158452],[106.37881862997585,26.404411714628964],[106.4442467351987,26.470177439737085],[106.5623128450618,26.373645554898474],[106.49810001530352,26.227768614929687],[106.74219395468731,26.294840070213127],[106.85174571958936,26.189647785117245],[106.8715278997928,26.311332845134757],[106.77608489520179,26.335103544692856],[106.84035305484969,26.387679030263087],[106.75323232521168,26.396005544620266],[106.8280529750648,26.456101074804792],[106.8363864348861,26.57197211492121],[106.91117491958693,26.584967265426997],[106.86247356500309,26.63354118517759],[106.9577027296973,26.650037970176243],[106.96407736987476,26.743074495091946],[107.07200059475173,26.80875922006203],[107.25887838043298,26.80121306543066],[107.24610024533013,26.967711500385462],[107.16296699543057,27.030623655057695],[107.16516084479719,27.151758484666402],[107.25716474475723,27.220052255307394],[107.13349210477685,27.250948994800297],[107.1919211102711,27.35876120466594]]]}},{"type":"Feature","properties":{"name":"桂林市","adcode":"450300","level":"city","parent_adcode":"450000"},"geometry":{"type":"Polygon","coordinates":[[[111.28509336456716,26.26598177993526],[110.94009807536594,26.376660335106408],[110.92228218457524,26.25661126509783],[110.75659196494729,26.25012434456289],[110.74335878997624,26.319617034698467],[110.615269309631,26.340120359666912],[110.29187051990863,25.968470204636276],[110.18836469477492,26.071639044806147],[110.15380384477169,26.02077313537194],[110.05806633469365,26.04143257994963],[110.09313837013974,26.17270156032879],[109.96441504491844,26.203917669764678],[109.86754959523768,26.034636500374233],[109.78576986458762,26.017474694601503],[109.81195044505705,25.884716064594784],[109.73065710464175,25.856314674882412],[109.80938988003902,25.660640944923728],[109.73740650490635,25.582410344661753],[109.77986108492121,25.509491504629295],[109.74384370012672,25.29723847957223],[109.64103893519876,25.16809255482758],[109.61660283984924,24.838176225352584],[109.88399901474281,24.813919345101738],[109.98486934964086,24.68086311504078],[110.1656265248443,24.651563819714568],[110.11418063542806,24.452899495015743],[110.19366352005545,24.450193260510616],[110.19514377536501,24.349210260345274],[110.26284205002065,24.362790054717323],[110.31819174984946,24.27885384512888],[110.5439024998006,24.407250360315913],[110.77896142992608,24.317265834950376],[110.8349498399632,24.397907380021593],[110.87902197028774,24.261258604800844],[110.93902002475443,24.340067165167568],[110.99829825466077,24.311999455410614],[110.956766395253,24.37488482017835],[111.0453254403169,24.49946352532146],[110.986254805415,24.631176244687992],[111.1712363750587,24.772981454630497],[111.16656082042556,24.905477155246558],[110.97705504485452,24.916874404730038],[110.94609676025732,25.04819030543831],[110.9957939997933,25.168549010228674],[111.10735659033446,25.219197944729444],[111.09730432013833,25.287676730197006],[111.2955657899293,25.451782470284854],[111.30370795495821,25.724146314900565],[111.43835790509331,25.774699114572513],[111.42278187478377,25.83917344469876],[111.4881758399431,25.87250877506],[111.2440513946562,25.870837779839746],[111.19002332501651,25.967726920361144],[111.25949745044704,26.04899241506797],[111.28509336456716,26.26598177993526]]]}},{"type":"Feature","properties":{"name":"果洛藏族自治州","adcode":"632600","level":"city","parent_adcode":"630000"},"geometry":{"type":"Polygon","coordinates":[[[100.97708920040634,34.45191415531406],[100.86478974495083,34.72077167996912],[100.77099061472512,34.66995453987016],[100.59935498964114,34.701404445159085],[100.31985517477654,34.84167413015706],[100.29624909971625,34.91103107482428],[99.97375476986679,34.80489834977908],[99.47444007045294,34.96908000973474],[99.18058506484891,35.27114443976416],[99.31074361992216,35.41172206971777],[99.20270065481145,35.46687860506364],[99.33574628546279,35.51526452513775],[99.16043263465843,35.62166985987619],[98.78437503987624,35.599884179911044],[98.73980104018591,35.52233603018368],[98.50875399470118,35.44666460998383],[98.26028039472448,35.51762051507478],[98.18046201530984,35.32099081027775],[98.07537115035836,35.29539323510977],[97.65058866033849,35.38834757997688],[97.61648248507868,35.261311765125924],[97.35596671469222,35.304611035171206],[97.37229204484203,35.23656755484882],[97.22072421025416,35.0071474998573],[97.00992428997404,34.904211770257064],[96.93453448527833,34.78498488474469],[96.97942888463535,34.729891005165825],[97.13722870534053,34.726067339636074],[97.06302530517377,34.65361722535471],[97.19781928533183,34.60492773013067],[97.14615895527163,34.50443436495402],[97.32371809541382,34.46694067467246],[97.31575427044328,34.367826179734436],[97.47010563536685,34.286368804776544],[97.48571936525656,34.20170006500604],[97.61951248541294,34.205864409914625],[97.66170033460281,34.116285750387135],[97.89850534974215,34.21164242006171],[98.04386127467814,34.11741982516486],[98.40201752508875,34.087921095282354],[98.40742729523356,33.868089329558984],[98.64908506022743,33.65920348495291],[98.61177090520317,33.63550602528289],[98.74264151469418,33.48047399497892],[98.75738754539896,33.28252809999185],[98.82812859525853,33.18229838995876],[99.19548080029875,33.03558314964272],[99.26460598517815,32.88197983000521],[99.38319640519,32.90261996523924],[99.72914386509734,32.728082940175625],[99.76533378032974,32.94259155485645],[99.85096418045265,32.94494062990617],[99.90195044525689,33.049269385074126],[100.11041750526374,32.86220099527975],[100.1111826799368,32.64449861012281],[100.2136302602284,32.60929084000031],[100.25824850476477,32.745055810077645],[100.40093922496533,32.757113234787994],[100.37820895018297,32.699727010293316],[100.4188385152853,32.733853879852745],[100.54393287999847,32.57242726510623],[100.66873708025213,32.52547028052908],[100.6861694848339,32.684678970158416],[100.9259912047304,32.60185924550785],[101.070595444824,32.68360110480717],[101.11077648025042,32.67432204023004],[101.10990334466368,32.639591695000775],[101.12165122992036,32.635555095191535],[101.22007317493711,32.72285850051941],[101.21914245036385,32.86436331531479],[101.11955825480965,32.91330860021179],[101.12702808038165,32.991347445228485],[101.1840907099184,32.98798352032327],[101.11462607503341,33.19757374543207],[101.15338659531517,33.24963358042544],[101.29510152501541,33.26415213031663],[101.38202589487918,33.154433284868276],[101.39818544490242,33.22613642045951],[101.48619667963311,33.22881679495919],[101.63120357498508,33.103355985290534],[101.73901076483497,33.269280054730814],[101.65236055509558,33.318109350466216],[101.65974628506308,33.38518902015721],[101.77334694530532,33.45441054041419],[101.77200603545026,33.540290055441744],[101.62398218982628,33.500234434971276],[101.54257728041722,33.69657010552601],[101.16606743006793,33.66063413545703],[101.15268852535525,33.84500838033256],[100.99400749494998,33.89268165513431],[100.76532215459383,34.176079155128946],[100.82046393026621,34.32075120500417],[100.97708920040634,34.45191415531406]]]}},{"type":"Feature","properties":{"name":"哈尔滨市","adcode":"230100","level":"city","parent_adcode":"230000"},"geometry":{"type":"Polygon","coordinates":[[[128.2322848351771,46.57520169510218],[128.09753653518305,46.501982110086374],[127.80838715484333,46.60386882998256],[127.56331463975891,46.510835219769604],[127.3442289552022,46.672379195143776],[126.87065645992777,46.49425049006811],[126.63377505007861,46.33789060536719],[126.60908532972428,46.232596675296406],[126.41637641004331,46.08235865472818],[126.1626455298674,46.05995214037904],[126.35794211024029,45.88759424997471],[126.35549082544128,45.72315323003761],[126.12256250975213,45.670795714950316],[126.00894139982586,45.70558014001148],[125.85341456972662,45.51230156006898],[125.68451691532346,45.51370457530595],[125.68831990004344,45.35135322996763],[125.81362473039701,45.236237915347544],[126.10445685020352,45.13985023050378],[126.56007964545938,45.25014968545969],[126.7872275597042,45.132660155242036],[126.95332090043928,45.13701431016233],[127.08681856992109,44.94518423046793],[126.97822624044875,44.822943054878124],[127.04285527465129,44.56441519990159],[127.20413895474906,44.64604086499395],[127.55191447017671,44.57143932506483],[127.45745388498881,44.47964158479135],[127.61603766990265,44.280187075273375],[127.61990124015017,44.18627045491763],[127.71339895000165,44.200252614966246],[127.77751849488266,44.069573650103905],[128.05341947472903,44.10776871985058],[128.09881822018474,44.21523605050339],[128.0438633047478,44.348176095350595],[128.16533242495154,44.34427386504689],[128.39543182511875,44.67267702492484],[128.68643584044173,44.663297794757455],[128.87336009499245,44.867368650243066],[129.05449786958104,44.901440664754944],[128.99028073476813,45.063443004790884],[129.14284498490815,45.10919318461782],[129.09444602466442,45.15448177031749],[129.2027585201896,45.219930624698634],[129.05501809500913,45.3356938154173],[129.19052791483148,45.39958788497296],[129.1104789798211,45.47166372480109],[129.10066180499837,45.622293939713586],[129.30322148018718,45.622489619600344],[129.3380725297235,45.73406032472428],[129.5421611702019,45.81131222967571],[129.57601073021112,45.88512422959957],[129.77651839980433,45.88413702490385],[129.80070701521663,45.984956610159486],[129.9428667001382,45.9057981802419],[130.1084572847759,45.92411843511775],[130.10919145532148,46.06853390481592],[130.23353259015698,46.12579165036442],[129.9160984900533,46.372806915107105],[130.11594145993047,46.389763285147524],[130.18245355488773,46.62307742977964],[130.10898858535495,46.58502502038846],[130.13101213959862,46.501908780266035],[130.02837371507496,46.530456194697706],[130.07028628538387,46.609643269821106],[129.98050974982516,46.56334514476265],[129.9143200204527,46.62685837481422],[129.75142757462288,46.52738070035906],[129.3374782900911,46.65594376009648],[129.1968218696336,46.53667260995303],[129.0769809845848,46.554820724696754],[129.00944354018725,46.48466084012574],[128.9039787497196,46.525370030302724],[128.69821630993476,46.481431135438584],[128.67282992526088,46.57358388039182],[128.45978274038123,46.62349260989606],[128.37493827038497,46.562776034886156],[128.2322848351771,46.57520169510218]]]}},{"type":"Feature","properties":{"name":"哈密市","adcode":"650500","level":"city","parent_adcode":"650000"},"geometry":{"type":"Polygon","coordinates":[[[91.53395432003595,45.0886191702387],[91.50049836001136,45.03016065978676],[91.56737564536985,44.89333418482482],[91.38597730480888,44.736713355537006],[91.40056172014744,44.62352759032615],[91.28580645540376,44.37437084553818],[91.3311877252334,44.276801474908154],[91.30516706041163,44.00759233511832],[91.5633293247887,43.769105799992815],[91.36650721003974,43.70435518014756],[91.55245099491765,43.64220468020193],[91.1701207799502,43.52235505014556],[91.15154864025772,43.46791611983309],[91.38345968961312,42.9684551654737],[91.4624517152746,42.24447224979451],[91.6360253649787,42.13919635023149],[91.63137851041006,42.07391262486789],[91.77688506009758,41.93061912507267],[91.85437812994684,41.73447651557882],[91.78417692512511,41.50752868520078],[91.90763330962966,41.393602384942255],[91.90918917004421,41.27027320504453],[93.80611419531391,40.875999450114705],[94.18266278485976,41.26710010008958],[94.53303515474875,41.50453806977629],[94.74887329476678,41.53678255487108],[94.86105688516727,41.66715603981953],[95.13563313036474,41.77136635517326],[95.29630895509439,41.56499761045154],[95.57006977510008,41.79378370545368],[95.8571049104633,41.849084574793324],[96.11592765044082,41.984183235368164],[96.07614414503632,42.14790395500364],[96.17757175023615,42.21631019036306],[96.04005788026706,42.324850100152105],[96.06506316013684,42.412790520466274],[95.9778826246835,42.43524162050454],[96.10217575011086,42.60207181985868],[96.38478322536565,42.72535134009246],[96.36070164006873,42.89762265995796],[95.87588855001661,43.278943029797176],[95.85564986045273,43.41442695993641],[95.52280433025567,44.00506077503479],[95.32315320465682,44.02591240473379],[95.42838605007631,44.281957219849915],[94.99753120989755,44.250872615578885],[94.72954106966478,44.3390728905016],[94.60686196021146,44.4497699051571],[94.35202745989943,44.51842234521513],[94.21488616016825,44.66745187030773],[93.50833691981313,44.96876352012049],[91.53395432003595,45.0886191702387]],[[93.71956408113931,42.821070809567004],[93.83811963928065,42.80588930987602],[93.76929126892071,42.62311885687842],[94.01588205544448,42.72881333913119],[94.03987096215161,42.65230463641308],[93.8322129947141,42.54014426291866],[93.51123699398306,42.6534568133074],[93.53830267320768,42.80751427240341],[93.64850113022874,42.763535081321095],[93.65294864342093,42.674805995168526],[93.71956408113931,42.821070809567004]],[[94.06070950161967,42.541988637962106],[94.09639329745107,42.57824088807217],[94.15590527442839,42.545053040007645],[94.11065590716925,42.521219450040064],[94.06070950161967,42.541988637962106]]]}},{"type":"Feature","properties":{"name":"海北藏族自治州","adcode":"632200","level":"city","parent_adcode":"630000"},"geometry":{"type":"Polygon","coordinates":[[[100.91780004283777,38.1730315956317],[100.43590030475531,38.26738724972182],[100.05601198026875,38.520185155220815],[99.99926499028714,38.467510160565496],[100.16734843538205,38.32049352505618],[100.18032045982142,38.21985570987317],[100.12711424013014,38.22890694020316],[99.65733933004611,38.439645720074],[99.34939763978929,38.73666778988667],[99.0639445000387,38.90469883508325],[99.09836853527975,38.95495576499661],[98.81168586491077,39.08699561995195],[98.58044955530278,38.928342710447794],[98.29076626005491,39.03726334552704],[98.24707107966663,38.881369514691414],[98.09320261021236,38.78486168042224],[98.19708188512095,38.65978376520866],[98.940039579563,38.447892239735154],[98.98494003495472,38.398773995423596],[98.90769078480196,38.355123385435945],[98.94754929456434,38.26975039016844],[99.10219754458109,38.25755383044498],[99.24021734525434,38.32973389000705],[99.28268785496061,38.26927210012735],[99.57955856527565,38.20089099002723],[99.57935076522568,38.10776010464514],[99.68814850974599,38.06756208462258],[99.35282985021746,37.968752485039204],[99.48352679972209,37.837766960177134],[99.65979057977148,37.81073169011546],[99.69674863474177,37.66526403970374],[99.48249963005395,37.52182198539634],[99.4778550300856,37.40656363540353],[99.4166064800051,37.3705723651226],[99.42667545510824,37.17654339536148],[99.83606124503052,36.967560495020905],[100.7253343852737,36.75452430525252],[101.08143437989276,36.80023557501181],[101.2879045501549,36.90468995018108],[101.2893827352251,36.996545374769255],[101.13209169967229,37.20550832544893],[100.92858625964823,37.26080431506716],[100.86766028019781,37.35332486475073],[100.94650212537283,37.4698418600139],[101.0834011999055,37.38296544469955],[101.52483497035763,37.32723097982591],[101.5390065896824,37.275452190166504],[101.73841933018798,37.247785489908495],[102.11543773546316,37.05780815032591],[102.64047709504194,37.09990646031497],[102.42570005521344,37.30796256971689],[102.10121881989267,37.48159873489374],[102.12817875464589,37.5468707205074],[101.99676660039836,37.725750444927144],[101.81272577467485,37.65350794003945],[101.59075100005867,37.83019400035289],[101.43825162970899,37.867770060439966],[101.3534279304547,37.78966136058335],[101.1964969097047,37.84849083508402],[101.10098432007038,37.94645279036405],[100.89652314532697,38.01245197497872],[100.91780004283777,38.1730315956317]]]}},{"type":"Feature","properties":{"name":"海东市","adcode":"630200","level":"city","parent_adcode":"630000"},"geometry":{"type":"Polygon","coordinates":[[[102.48522704479234,37.07853957034496],[102.12151441495837,37.05655269495094],[101.88399813500598,37.12863218512729],[101.77308015512511,36.675419244702425],[101.88846878540619,36.60461863544174],[101.90337959529217,36.5082538500352],[101.82072980024014,36.295151579881576],[101.7388019350613,36.29956830513322],[101.6650202449884,36.20099887040158],[102.08318309972032,35.94674184006391],[102.03867571011597,35.92606105996998],[102.1150313902865,35.89979434513299],[102.0748154800504,35.84763051523612],[102.12026166024748,35.73565893011556],[102.42759358047942,35.544333045433746],[102.43436460044603,35.455001640113665],[102.50270754511718,35.589431609781],[102.74150767473947,35.49413174038756],[102.78094666965313,35.52794802008509],[102.72629208461206,35.52430289965912],[102.80512346977235,35.56332459025771],[102.69438550988343,35.79708983033146],[102.78208263030922,35.862226430205624],[102.94465773506647,35.83169047983182],[102.97371671985081,36.03633494000553],[102.87998865045591,36.08339373503287],[103.06889724471216,36.20707824516495],[102.83660000038975,36.3409097798625],[102.76255783967264,36.5755121196886],[102.60686333007868,36.67790820030325],[102.6121978647397,36.73849940981995],[102.71904040848813,36.76946290329039],[102.44881325502774,36.968616215466],[102.48522704479234,37.07853957034496]]]}},{"type":"Feature","properties":{"name":"海口市","adcode":"460100","level":"city","parent_adcode":"460000"},"geometry":{"type":"MultiPolygon","coordinates":[[[[110.61951424998273,19.97292628002384],[110.59874165540316,19.90902256523924],[110.58589129484744,19.99616964051654],[110.54870839047987,19.96396013545194],[110.54696104011998,20.01902667024467],[110.3668764247073,20.09143576015225],[110.2824224403434,20.022766915560737],[110.159191315327,20.06176957020955],[110.13385933514024,19.864027770065604],[110.1968723802562,19.837843444819157],[110.217203049781,19.680628790486367],[110.3785864700896,19.730811895052966],[110.39093858464804,19.610893910225855],[110.60718124511845,19.528427795406458],[110.66827732503856,19.649347249975676],[110.604339695021,19.697777725161927],[110.63404966036359,19.79135842535112],[110.70912767010594,19.84846377987958],[110.61951424998273,19.97292628002384]]],[[[110.24631423481412,20.076297255414033],[110.23078824997782,20.06261535471492],[110.24571937015287,20.067641965104656],[110.24631423481412,20.076297255414033]]],[[[110.5650889399027,20.018974880086716],[110.55625165469019,20.023177490249054],[110.5529578903944,20.01452662010746],[110.5650889399027,20.018974880086716]]]]}},{"type":"Feature","properties":{"name":"海南藏族自治州","adcode":"632500","level":"city","parent_adcode":"630000"},"geometry":{"type":"MultiPolygon","coordinates":[[[[99.83606124503052,36.967560495020905],[99.36576516523024,37.173755845056235],[99.15203350544198,36.95130649549844],[99.43002022984979,36.76523887037763],[99.45059148960564,36.68925092029377],[98.92084129498983,36.48794132523204],[99.07765608016405,36.305565714785985],[98.93468338473048,36.15027345485612],[99.08408881474708,36.027625710158475],[99.10983375462416,35.81446581504537],[99.20745312036524,35.727585810536766],[99.15380181989815,35.62023953492667],[99.33574628546279,35.51526452513775],[99.20270065481145,35.46687860506364],[99.31074361992216,35.41172206971777],[99.18112662489386,35.27018185041214],[99.47444007045294,34.96908000973474],[99.81528328959217,34.832371300095474],[100.02089154960538,34.80610135039706],[100.29624909971625,34.91103107482428],[100.31985517477654,34.84167413015706],[100.59935498964114,34.701404445159085],[100.77099061472512,34.66995453987016],[100.86478974495083,34.72077167996912],[100.89241515463573,34.657630965296846],[101.03026335027346,34.64922382491966],[101.13481129990163,34.87601850974647],[100.69719304981948,35.07815298007603],[100.70495593027204,35.152075770180716],[100.91666202543217,35.29724498506806],[100.7303357049289,35.34295943033351],[100.69415514984036,35.41661401022844],[101.47741302998742,35.35286616504152],[101.39043853461072,35.50227883549991],[101.61983864983387,35.50181395974647],[101.76924663482441,35.687443210335914],[101.76291240028712,35.74741623037477],[101.65845279466083,35.78493426530417],[101.73788177482413,35.89493242039492],[101.6484497047901,36.01333559975819],[101.67006075529969,36.22790485032863],[101.59624975991852,36.32576760049443],[101.36475117023036,36.40207913024773],[101.20076927488219,36.33690633535912],[101.00769383020616,36.52617517554398],[100.86896433493615,36.78043205479554],[100.7253343852737,36.75452430525252],[99.83606124503052,36.967560495020905]]],[[[101.52150564506951,35.32569768470046],[101.3276957303737,35.2788253748912],[101.34387419493822,35.17985808997889],[101.41673911971469,35.18720644052485],[101.42341787463528,35.255434195531734],[101.5054353896316,35.21765012045677],[101.52150564506951,35.32569768470046]]]]}},{"type":"Feature","properties":{"name":"海西蒙古族藏族自治州","adcode":"632800","level":"city","parent_adcode":"630000"},"geometry":{"type":"MultiPolygon","coordinates":[[[[97.43157152030949,39.12549257052575],[96.96202894468013,39.19760193977777],[97.01251229960303,39.14135866996668],[96.93892689016388,38.908553170192704],[96.99353456027183,38.8839865598319],[97.05529698476812,38.592817710469035],[96.9355253753958,38.554321140308446],[96.79441831545296,38.607769895464344],[96.77876032992532,38.504852084855884],[96.6576060803564,38.488604300548104],[96.66532536527347,38.22214947481848],[96.39609648986118,38.28071014555684],[96.27248171046261,38.145325034722646],[96.04883186489872,38.17729510518501],[95.70192027959729,38.399676525351424],[95.45367086981486,38.29136567018958],[95.26742441540449,38.29729193987117],[95.12257420983195,38.41344396057036],[94.9712015497118,38.43035051536407],[94.55054508538745,38.35026887470883],[94.36965677464048,38.76164844002352],[93.87422394038259,38.72044258036084],[93.75450819959377,38.80604357984737],[93.88346593040842,38.86747070470932],[93.73034058964657,38.923698345202524],[93.18761017506961,38.919062455168216],[93.19661547972066,39.04571022514682],[93.11441590507002,39.17914110557763],[92.49278837478374,39.101689485481415],[92.37990277539285,38.998516850172564],[91.1145562203933,38.70745721537821],[90.62121188532029,38.666252309896265],[90.60974952042409,38.5962389851411],[90.42303166477956,38.49133006473073],[90.13292249467747,38.494640579798954],[90.10786317004931,38.42745086546512],[90.27895798512299,38.23792208523611],[90.52927732488871,38.319773019709146],[90.51920573006043,37.728849765004725],[90.7752535201339,37.649951280527205],[90.93568405027878,37.481741944735006],[91.07312335475905,37.476164815254094],[91.18844681476872,37.20533612056556],[91.27762552509796,37.160185265137955],[91.308257999707,37.014959259861996],[90.85256517514279,36.91520020552514],[90.73121394526743,36.82620622044078],[90.75570834006788,36.721823790135886],[90.70464320022359,36.66105447978049],[90.73955201501354,36.58564161017222],[91.03351042466642,36.53152732522591],[91.0249310497282,36.32418622001808],[91.09311239522094,36.16186634555544],[91.32535589515851,36.07686820480387],[91.56990866505294,36.15552800021709],[91.58440789031192,36.05306150988082],[91.90073701500131,36.022132460444766],[92.2154604253584,35.901487385434564],[93.75592981460932,35.76298333041643],[94.06099068047558,35.63832492555491],[94.81528562972807,35.61673798047349],[95.10987192534913,35.511865020354435],[95.1652591403971,35.673230590019784],[95.39638098969095,35.59813136527032],[95.48350902991785,35.659344195178505],[95.89228160541182,35.636346055526076],[95.9854747346713,35.53178108982547],[96.1334441353386,35.647264225363756],[96.35375762021806,35.65287634027095],[96.99426690519357,35.48046368475133],[97.12154890495805,35.34443611983113],[97.59345362458515,35.25580335554048],[97.63195851976991,35.38798673509979],[98.00508726546497,35.28546956976487],[98.18046201530984,35.32099081027775],[98.26028039472448,35.51762051507478],[98.50875399470118,35.44666460998383],[98.73980104018591,35.52233603018368],[98.78437503987624,35.599884179911044],[99.1059713247169,35.59331120504811],[99.20745312036524,35.727585810536766],[99.10983375462416,35.81446581504537],[99.08408881474708,36.027625710158475],[98.9371192650421,36.1435635752988],[99.07765608016405,36.305565714785985],[98.92084129498983,36.48794132523204],[99.45059148960564,36.68925092029377],[99.43002022984979,36.76523887037763],[99.15230923038672,36.971618500493435],[99.22942711027298,36.97693517012203],[99.36576516523024,37.173755845056235],[99.45277438972636,37.15828815967086],[99.41586938486427,37.35447024040934],[99.4778550300856,37.40656363540353],[99.45915292037103,37.47912253977347],[99.69674863474177,37.66526403970374],[99.65979057977148,37.81073169011546],[99.48352679972209,37.837766960177134],[99.35544168018947,37.97909324965383],[99.68814850974599,38.06756208462258],[99.57962342977754,38.107429694624784],[99.58086201477022,38.19951124025158],[99.49930182032278,38.25042397019013],[99.28268785496061,38.26927210012735],[99.24511675013798,38.32890290024869],[99.10219754458109,38.25755383044498],[98.90843348002113,38.28627611535052],[98.90769078480196,38.355123385435945],[98.982941899649,38.385958300135485],[98.940039579563,38.447892239735154],[98.19708188512095,38.65978376520866],[98.01166083477978,38.858834040258785],[97.43157152030949,39.12549257052575]]],[[[92.57688107540139,32.744139874855364],[92.59216084474724,32.87785888547921],[92.73080482528252,33.059046035546146],[92.66858657041394,33.1444368697658],[92.7187109951164,33.241555490293706],[92.5981600296617,33.35459789997316],[92.67534272458715,33.38612965975602],[92.69570955045543,33.47742656038753],[92.86204093004494,33.510374485294335],[92.70686017975356,33.94860922513567],[92.91946825535575,34.09367909011797],[92.70391484519399,34.07382680506305],[92.55069280033251,34.41368668479271],[92.21168179517878,34.38315012018194],[91.9201727601648,34.48860261511862],[91.95621725502235,34.57506681987786],[91.70881168001506,34.67397131502423],[91.22482621985421,34.806463945354835],[90.9883147101558,34.74520801993424],[90.91747640491224,34.83677333042493],[90.62742802987975,34.92229622469108],[90.22305883010097,34.94459125008615],[90.117278784988,34.8674714897175],[89.81534270530165,34.90076906474059],[89.86503498507653,34.81291572488084],[89.72956812496903,34.73352953985642],[89.72405246504928,34.66458387044929],[89.79631871024037,34.62867255979086],[89.797478180074,34.39644387978126],[89.87047562534991,34.3389713851214],[89.81375685519475,34.170641965554296],[89.63277734509848,34.049812544813165],[89.7926151302841,33.866468754829214],[89.93938095476733,33.804010815346885],[89.9046610048016,33.74127177027606],[90.0064289854094,33.69125034043094],[89.98581919509985,33.58763701033979],[90.09020448524888,33.470386750148464],[90.70131937518909,33.138240104697104],[91.14511857486241,33.07423467029383],[91.22930130481143,33.144615395084486],[91.4342150453881,33.06814135513946],[91.4971545646315,33.11100486048599],[91.83685936976417,32.950248915155385],[91.95674817518818,32.82142530023748],[92.14437020022461,32.887319614908336],[92.22886258024397,32.84375430022084],[92.2183522250752,32.73620030549978],[92.57688107540139,32.744139874855364]]]]}},{"type":"Feature","properties":{"name":"邯郸市","adcode":"130400","level":"city","parent_adcode":"130000"},"geometry":{"type":"Polygon","coordinates":[[[115.47241706029911,36.751016100312825],[115.32326915025112,36.773159449648915],[115.3093080496269,36.87324131023831],[115.15340104012591,36.8510382953811],[115.09161144980862,36.964003785146645],[114.72500669470321,36.94262026491333],[114.55326634986227,36.88859378977162],[114.54602235484788,36.8331548097467],[114.09375507044024,36.83848264535783],[113.86573392528044,37.02110967477171],[113.75435006960004,36.959468875488255],[113.78189232976729,36.86920323014499],[113.69210403467355,36.88651078544444],[113.6661973247468,36.79293966483374],[113.45486337984119,36.713892900137296],[113.58304420972252,36.56262022034696],[113.5500423102045,36.492478080299236],[113.73526790459016,36.35757299969424],[113.90444338025782,36.31442556039133],[114.02414073530679,36.35351988023831],[114.05607256479709,36.273589689912285],[114.33910242014065,36.25565270540807],[114.57647518987812,36.117134830508064],[114.90687771983096,36.14059020527378],[114.9140176947609,36.048717525393556],[115.11923414983619,36.21044300014438],[115.24493664960676,36.18940804544502],[115.31476122465085,36.085608804802575],[115.48103533001654,36.148335465309515],[115.46181469009593,36.267707035551325],[115.35117890488266,36.30853505045229],[115.27666447508557,36.479000820331635],[115.47241706029911,36.751016100312825]]]}},{"type":"Feature","properties":{"name":"汉中市","adcode":"610700","level":"city","parent_adcode":"610000"},"geometry":{"type":"Polygon","coordinates":[[[107.6912757701607,33.7258935701322],[107.40155440481198,33.64651475505195],[107.30153869475504,33.70702520544893],[107.33719863500903,33.8160784545571],[107.18191690973765,33.754240229802804],[107.05841810960811,33.878359484802445],[107.01184298526562,33.78972568988871],[106.85616923022587,33.87930911042713],[106.7965582295787,33.67846725456019],[106.6712042899461,33.70416331538473],[106.70190687480249,33.677365985252095],[106.53926933461219,33.51956960535307],[106.46544103987213,33.526502104888266],[106.4333503451424,33.622703715504144],[106.18265966001536,33.54566601557423],[106.08235894490946,33.6191049452371],[105.9523974897524,33.61518813512441],[105.83739776499493,33.496385289849286],[105.81962240035358,33.38255175555912],[105.69886656484016,33.39132385970839],[105.74718731014633,33.28763824031262],[105.95859805535605,33.21234127982626],[105.96790842983023,33.14937022045933],[105.92805139045936,33.20177273492385],[105.89099394511453,33.14848342507008],[105.9162206452666,32.996911905060415],[105.48831291490916,32.884908439872675],[105.59304862499408,32.702312505417865],[106.0386690849104,32.86707719495661],[106.10873051979769,32.72261500457887],[106.39979009973337,32.618865775235406],[106.7276466651615,32.7408787001919],[107.00399484008983,32.73072658546357],[107.09363564546874,32.65570850474376],[107.06524700994163,32.53367559055613],[107.23785106547433,32.41200648990764],[107.42981971990423,32.540908380017754],[107.45202853538865,32.4197640104008],[107.6746847946676,32.40027125001825],[107.82973342016129,32.22443042022775],[107.98947183475741,32.1493577551563],[108.02529161961263,32.222002835262685],[108.17478313993001,32.252879015354324],[108.11123757475434,32.43512574036066],[108.28026895474852,32.50259009505692],[108.17279314978407,32.61317355501558],[108.26614787012818,32.621247185409345],[108.23405173000339,32.72181897506567],[108.06438716973219,32.88033622543651],[108.13890491532965,33.004022285100405],[108.1050548400089,33.209829260212246],[108.01599239493316,33.26082454521662],[108.16186995003824,33.443416295125985],[108.05714225471132,33.509212570204],[108.04822146474885,33.712343010021925],[107.6912757701607,33.7258935701322]]]}},{"type":"Feature","properties":{"name":"杭州市","adcode":"330100","level":"city","parent_adcode":"330000"},"geometry":{"type":"Polygon","coordinates":[[[120.29523571535606,30.521980490507303],[119.95955632516439,30.432111664721617],[119.71642554530274,30.565107804781405],[119.70158000011702,30.431973314816673],[119.64196339489479,30.396396259679705],[119.64457173010135,30.44546282984578],[119.56025526466874,30.448245375423767],[119.22299759036662,30.290629615364537],[118.93642281526081,30.355985700179986],[118.87329511018129,30.291387545099155],[118.92733744486725,30.207943115382534],[118.8411008000619,30.156404819726674],[118.89395182531655,30.144898190199342],[118.85086341481485,30.122201450236787],[118.88760094972406,29.938043639802174],[118.74981718511503,29.84753155503728],[118.74051514016162,29.741972444572696],[118.64610159041615,29.648911719800083],[118.33983270481554,29.464489425046963],[118.59376466530716,29.331866560293577],[118.62330082497317,29.19605651979259],[118.70662218516577,29.188584810140924],[118.89619374974177,29.335359554999513],[118.99776438491847,29.210409009867988],[119.18534358963507,29.20988702536596],[119.19431918967894,29.29165872956679],[119.25400571539149,29.249809694561804],[119.32570537510298,29.28972352971715],[119.37762236537992,29.43460063041482],[119.48590786505599,29.331538340122336],[119.61005656475868,29.36970594996967],[119.62885927533534,29.436712584817997],[119.7058047354003,29.439208930148084],[119.778450874908,29.657025639821484],[119.96617927984994,29.673799450184504],[119.8863333254227,29.76462482007946],[120.02411075970383,29.772031419714324],[120.16174882964481,29.91974372039641],[120.35959125493252,29.97799534990554],[120.29780105037821,30.134641770301528],[120.59477041991897,30.148164775184284],[120.71401278995836,30.291616749913146],[120.63093873973116,30.39194395994582],[120.44577532537107,30.382336259710655],[120.40832353000701,30.318654694558575],[120.39533238508159,30.386414029583875],[120.30158399460572,30.395676265147586],[120.29523571535606,30.521980490507303]]]}},{"type":"Feature","properties":{"name":"合肥市","adcode":"340100","level":"city","parent_adcode":"340000"},"geometry":{"type":"Polygon","coordinates":[[[117.19559684521835,32.53281678476685],[117.0710909051212,32.528697145157196],[117.00444708466523,32.4067871053407],[117.06915701018795,32.265411405312136],[116.97202627489276,32.156769380202775],[117.02715373965339,31.999315120396545],[116.93211224008792,32.02741134495767],[116.68267894028088,31.821357675016714],[116.75969171460099,31.768278880266166],[116.75894132478243,31.573877990476944],[116.82483218515733,31.519593100541215],[117.22372864965757,31.5458826050982],[117.24982142481895,31.503333484752545],[117.14108764457922,31.484870545239517],[117.02839293528575,31.26003477538461],[117.11376370023459,31.08286723513487],[117.37803953519642,30.952887305205024],[117.50246151009071,31.004650370218485],[117.52553287973865,31.202684075010097],[117.70610671465317,31.468718339979432],[117.96026288512417,31.50058659459569],[117.90239597479444,31.550131710210337],[117.94337765505475,31.637004639752377],[117.89882818527258,31.703853650425685],[117.95310544536005,31.90401676995799],[117.81104904038102,31.997629885311028],[117.87631747996784,32.061512324833984],[117.85191734041302,32.21403279507746],[117.6501897152832,32.261957969984394],[117.49164177015166,32.20299593991075],[117.39157121493963,32.28365338499577],[117.4335246396505,32.37322300993401],[117.34899486492111,32.388098345162575],[117.39380093466548,32.4812056755016],[117.27846911545737,32.44520009970489],[117.19559684521835,32.53281678476685]]]}},{"type":"Feature","properties":{"name":"和田地区","adcode":"653200","level":"city","parent_adcode":"650000"},"geometry":{"type":"Polygon","coordinates":[[[83.41169236541037,39.48265297015848],[80.15997082489372,39.46356484534141],[79.76214816980223,39.62251586031874],[79.56743819022034,38.78500022008416],[79.25352463015759,38.802204880350985],[78.50478644973492,38.422635674896526],[78.03904062472509,37.99973460976446],[77.66369936963025,37.58407306551959],[77.59783117486887,37.300898795243256],[77.6817593696992,37.11329087517379],[77.6090954451987,36.93500598483837],[77.51624132527701,36.93137952984148],[77.48664007537923,36.79944801981031],[77.64575398006218,36.67022971492946],[77.39952757004136,36.50953156003351],[77.5562623398352,36.46836822031719],[77.62626446533284,36.34464412472664],[77.90841389968176,36.199498880369106],[77.72803934014348,36.09910386055475],[77.89713503965044,35.95530041997847],[77.90525464518578,35.78258969495852],[77.74879504545504,35.51890805556235],[77.90277269980032,35.46661301997494],[78.13760754495229,35.491802945049926],[78.01368540515739,35.36243190470867],[78.01010400979226,35.23390300032327],[78.19831937513914,34.96930694016322],[78.20386199043855,34.726228155505],[78.2744621246274,34.62166768551532],[78.43793109524393,34.54504903998128],[78.53287159015184,34.57669586981859],[78.56999118494531,34.51054685545307],[78.70439570469807,34.52590598996949],[78.8894776054072,34.35743939051554],[78.95634046024412,34.388610329703],[79.0353734797024,34.3343159078529],[79.05081898960475,34.42919652499967],[79.79261253504052,34.47979077532409],[79.85878518988466,34.53445423037846],[79.92379631994424,34.852571184812405],[80.03483671014612,34.904853135264034],[80.02808011980176,35.03956302521351],[80.25553808971114,35.204259025433714],[80.35831783010383,35.20268363534154],[80.27526279963854,35.329260515360545],[80.42956045974745,35.44996427023494],[80.6521806652056,35.39862185501465],[80.6873838550809,35.337986739696305],[80.96601972543004,35.31115019552516],[81.08849976005592,35.41084226026214],[81.21421171979512,35.32433328005686],[81.44058419990097,35.33351734025308],[81.5127314647853,35.235272389908914],[81.68044074964092,35.23553048994023],[82.01056808524902,35.3113374046975],[82.03115630531931,35.454753259955055],[82.31063828482905,35.54298075016152],[82.33382839466475,35.654256445278804],[82.4624614648248,35.715375510071794],[82.73159605531379,35.63810864489807],[82.79420414020893,35.69079247539247],[82.96504500022661,35.67218721007174],[82.98185591481865,35.50557203052483],[83.11576154465962,35.40070379544386],[83.61435606518035,35.33629390533952],[84.00389644986132,35.422120380151455],[84.17222749000672,35.35846336469257],[84.45144992967056,35.474616045494145],[84.44638993015121,35.55184725974328],[84.97167623996654,35.71005223042613],[84.847509280429,36.097163180236635],[84.36040359994621,36.31224663527405],[84.30071958514083,36.61195389006002],[83.82583234488686,36.81588683990577],[83.85187313473745,37.1211841501285],[83.78843076496787,37.25021121057898],[83.97015764495939,37.404407599830904],[83.98731355028019,37.61209369037158],[83.81655049510931,38.04812430968917],[83.38346426516375,38.388013105320624],[83.41169236541037,39.48265297015848]],[[78.54282205259568,37.79123283143008],[78.52007604597281,37.5532698807005],[78.43953499294565,37.64196431330248],[78.32672077904078,37.60550051943346],[78.34799088217352,37.730983449726466],[78.54282205259568,37.79123283143008]],[[79.33471191712135,37.41661073989377],[79.37209637574722,37.17407606395926],[79.19518806507722,37.206365923448686],[79.25126881120673,37.22442168771079],[79.24773074158054,37.41494922172927],[79.33471191712135,37.41661073989377]],[[79.68157621966685,37.56221131010392],[79.68483384380693,37.44797216088659],[79.62770153389874,37.41823118332252],[79.6373490318324,37.52619030643757],[79.68157621966685,37.56221131010392]],[[79.57038336829788,37.382692700108066],[79.62377735833849,37.389464006958406],[79.5784364716659,37.34019122944176],[79.57038336829788,37.382692700108066]],[[81.02291324734853,36.31673158219684],[81.0497086844083,36.261969379783125],[81.03432435088814,36.252673441226364],[81.02291324734853,36.31673158219684]],[[79.67718797324642,37.37101847292422],[79.70116189710393,37.37596850604177],[79.69350735707894,37.35687203191878],[79.67718797324642,37.37101847292422]],[[79.7687984458916,37.29062188429259],[79.76651303924541,37.28063292277125],[79.7627732166107,37.28139029942281],[79.7687984458916,37.29062188429259]],[[80.8164353968761,36.29888835831116],[80.81182631383336,36.30222703744789],[80.81753297266863,36.30418791114323],[80.8164353968761,36.29888835831116]],[[79.70570823174955,37.381377794149955],[79.7042786604319,37.3758438321272],[79.7014553836591,37.376328923740914],[79.70570823174955,37.381377794149955]],[[79.58000218865016,37.3333311568075],[79.58477818406601,37.33248130736649],[79.58073795908962,37.32959519676098],[79.58000218865016,37.3333311568075]],[[79.58569895134559,37.32524873733939],[79.58645348524021,37.322328287920186],[79.58428598960677,37.324672316874],[79.58569895134559,37.32524873733939]],[[80.81318853042637,36.294859528644395],[80.81402385311839,36.292360728165136],[80.81263273141548,36.293191977827576],[80.81318853042637,36.294859528644395]],[[81.0064307516779,36.26037294375641],[81.00475934456813,36.261085821953145],[81.0068159735784,36.26131454293187],[81.0064307516779,36.26037294375641]],[[81.02915721333477,36.28020870556736],[81.02779880177332,36.27958048415206],[81.02839730778959,36.28073458143581],[81.02915721333477,36.28020870556736]]]}},{"type":"Feature","properties":{"name":"河池市","adcode":"451200","level":"city","parent_adcode":"450000"},"geometry":{"type":"Polygon","coordinates":[[[108.29847996537814,25.520684550451676],[108.24248371505149,25.42864122511247],[108.1546811203375,25.44367248479739],[108.18907591502153,25.40681884471394],[108.13734496479833,25.392065605043683],[108.11247716968569,25.214520454755245],[107.76273653036662,25.11963448034703],[107.75889060032102,25.23488358980586],[107.68224413965538,25.197087659867634],[107.66237184468497,25.32203766001004],[107.46748247463654,25.217135105001148],[107.41845771035509,25.388737429988453],[107.31064258488743,25.406875285266267],[107.32527146540588,25.498775229893],[107.20313089967135,25.61334392038566],[106.9600236847453,25.44046848543229],[106.99271138002621,25.243181684687045],[106.64524134990842,25.170295540406926],[106.56744669510897,25.08713672997618],[106.74427424486055,25.098807080182667],[106.71817301517257,25.005794874733738],[106.84640738978925,24.863672740104903],[106.78028234505422,24.789076394659958],[106.65780697970843,24.79591708960203],[106.8170095602431,24.683654429908074],[106.68261730004843,24.603041850201294],[106.7629314154525,24.61207925525349],[106.79753722975943,24.459433000432682],[106.89847936023438,24.38228056049951],[106.88736337012347,24.118466969874817],[107.01337239482024,24.02694585476746],[107.05430633996565,24.06413113514384],[107.19265188497656,23.973163920578543],[107.27750519530855,23.99872250024322],[107.4243057354214,23.83493219556442],[107.51450910990758,23.895698110079763],[107.60166763535312,23.785108715494857],[107.74883883464457,23.79857178505989],[107.82940380514157,23.718093205237267],[107.70397636481744,23.633566450431374],[107.71161278530184,23.557794639810822],[107.9918661196258,23.639576189789352],[108.01937101476057,23.78193954507401],[108.12789274475443,23.855215684856034],[108.17254758989941,23.824615604726432],[108.19902097973448,23.87425581555351],[108.27839512463538,23.80268611057562],[108.37220100517231,24.016611245112927],[108.56260413507283,24.011137220206592],[108.5917269501387,24.15039519038578],[108.68348269027399,24.160989880378736],[108.6677251497959,24.291819210088534],[108.75233628978799,24.385702950330938],[108.91504055967414,24.265160489764867],[108.92787428546995,24.379142235026166],[108.99559314470793,24.377537644846484],[109.04298867019105,24.459513454682224],[108.8413103998551,24.56024872040217],[108.96040865533524,24.652662960327405],[108.92912879026153,24.733242730068014],[109.03281358497901,24.827515695093325],[109.15360335461116,24.81708211504764],[109.11647912471187,24.952145679579473],[108.9802825951657,24.944019240095884],[109.08748214998127,25.035986034927646],[109.08995345009168,25.170593754698075],[108.67697146466145,25.10758541033846],[108.71439447542474,25.177308620096767],[108.58140722965999,25.365937964965156],[108.29847996537814,25.520684550451676]]]}},{"type":"Feature","properties":{"name":"河源市","adcode":"441600","level":"city","parent_adcode":"440000"},"geometry":{"type":"Polygon","coordinates":[[[115.55539506473053,24.645655379991865],[115.40313649505322,24.797560070041243],[115.11897655522387,24.66728976521057],[115.0490432800234,24.71356094478182],[114.90797976525403,24.668271654912985],[114.86499492517567,24.565094930386806],[114.74509555991222,24.62062432015631],[114.70124799030259,24.530873065439664],[114.65936801502198,24.586688450411714],[114.42400714471398,24.487716495320058],[114.35192344031464,24.593903905440925],[114.26746279017573,24.536520520105967],[114.30876175485116,24.48187991052947],[114.23628748477961,24.425728260051187],[114.28861457040614,24.3541221505169],[114.24798936521711,24.257811030354844],[114.32338856513024,24.12963094511207],[114.47547269960546,24.11907869502579],[114.45514606533868,24.172308635235368],[114.5541487601572,24.250214990329596],[114.59525596958736,24.21427214044695],[114.387460200428,24.02509004526945],[114.33655706985292,23.754218375577636],[114.50529552986484,23.69285207546295],[114.61491163046742,23.531082485368472],[114.69087951038114,23.533249364966252],[114.62920970526375,23.407461989878982],[114.70286125534267,23.407430595445646],[114.84014090497885,23.168794775558467],[114.93537389988558,23.35183561542135],[114.98370782025972,23.29700492513723],[115.26239416505871,23.38405100025352],[115.30453474498256,23.311301794841995],[115.38946766510071,23.290939335182202],[115.39840354478781,23.25259876052445],[115.4092628054342,23.247202675363212],[115.4136560799642,23.2464170051407],[115.493516224794,23.323703835263814],[115.40929312967421,23.4926271005603],[115.45183280533979,23.70718136482816],[115.38744086030749,23.779654230158656],[115.31183905033197,23.76171390557232],[115.44812402010746,23.969477364788588],[115.43459751506339,24.126070250341854],[115.52225962488183,24.09905489037095],[115.50003509014732,24.191165775480215],[115.58788742546437,24.247656830098663],[115.54393887997537,24.361340139835647],[115.58914551495366,24.46402843986067],[115.47824076499933,24.542576345222187],[115.55539506473053,24.645655379991865]]]}},{"type":"Feature","properties":{"name":"菏泽市","adcode":"371700","level":"city","parent_adcode":"370000"},"geometry":{"type":"Polygon","coordinates":[[[115.87011800024561,35.863881779920234],[115.50543796968657,35.72492956484757],[115.23597177487761,35.42469129007105],[115.01715729527302,35.370978104555945],[114.92559677457155,35.196054950175835],[114.8428242652277,35.16979199000838],[114.87939313498521,35.10369521995847],[114.81012577538434,35.01126153489196],[115.21927384031551,34.95423510036966],[115.18331471989848,34.915596910369175],[115.24946109025723,34.91017443999846],[115.2404669003273,34.84375087520277],[115.42582355471336,34.804814845029114],[115.43944754986455,34.662894209800015],[115.52901365485639,34.576566030198194],[115.82323483471987,34.55925152493796],[115.9941101846374,34.61627708981587],[116.24350710506894,34.55336522472538],[116.36974308537515,34.63701307029703],[116.40770534492583,34.85029560505819],[116.1485151653427,34.943248184556126],[116.1074534103467,35.053407134831446],[116.27787519978074,35.24572275040464],[116.18344096023225,35.30685766035282],[116.19809003502712,35.45979589536432],[116.11285107022081,35.49002618506046],[116.10850024459069,35.68743318469376],[115.86793799504255,35.81421773975694],[115.87011800024561,35.863881779920234]]]}},{"type":"Feature","properties":{"name":"贺州市","adcode":"451100","level":"city","parent_adcode":"450000"},"geometry":{"type":"Polygon","coordinates":[[[112.01725695964103,24.743040219630473],[111.70169332978338,24.792539639792608],[111.52394069960366,24.639837834748334],[111.42520575993791,24.688871430372274],[111.48147185004592,24.80376402968625],[111.4249261346335,25.106917199669056],[111.26689593999572,25.1513355698807],[111.10273744028069,25.04115069035214],[111.1712363750587,24.772981454630497],[110.986254805415,24.631176244687992],[111.0453254403169,24.49946352532146],[110.95676410018314,24.374716145134016],[111.01941442533553,24.334792015439234],[110.93902002475443,24.340067165167568],[110.87902197028774,24.261258604800844],[110.8349498399632,24.397907380021593],[110.77896142992608,24.317265834950376],[110.61053064507325,24.400721445038698],[110.56664602969056,24.363594605306844],[110.60123289977855,24.255327975205944],[110.7194688699924,24.173831715361416],[110.66918111041997,24.06364115031886],[110.74846022036292,24.01547591488162],[110.71797216518331,23.949540420254266],[110.86258745974351,23.88087447058041],[110.83181759030958,23.836177680155856],[110.88766482027529,23.814362819888288],[110.9175251351769,23.666412685397177],[111.15513365499424,23.946906494838913],[111.36150073507093,23.873164009811262],[111.39726504974232,24.077448345464802],[111.5043317746917,24.17087358524782],[111.57087914016023,24.1457090399403],[111.529468184709,24.04400108008582],[111.64210675472299,23.950468490028868],[111.64992555502039,23.836376835022975],[111.80499235491328,23.808586139838553],[111.81721511998188,23.91399360482103],[111.93684600523903,23.987241635393218],[111.87213244016004,24.230040825323897],[112.05383391969974,24.341041274834993],[111.92269475016263,24.63387427018148],[112.01725695964103,24.743040219630473]]]}},{"type":"Feature","properties":{"name":"鹤壁市","adcode":"410600","level":"city","parent_adcode":"410000"},"geometry":{"type":"Polygon","coordinates":[[[114.41365492543457,35.474423559999366],[114.38639350465655,35.51041412521175],[114.4938215448285,35.60959389474249],[114.66865251959814,35.65229700510275],[114.74393964509864,35.758738055516915],[114.58037598486385,35.84272476023955],[114.25434900020628,35.763877420206825],[114.22343391544291,35.852912489919504],[114.30346552501408,35.96003849548026],[114.17299797008036,35.98518223047563],[114.16965185534889,36.05193831510121],[114.02698865979892,35.975028100366615],[114.07939773481769,35.90830691483228],[114.00112891966398,35.85896288492927],[114.01620126037994,35.798094579900976],[114.02599111469829,35.79558749486705],[114.0628137200772,35.80525807480035],[114.07893602018123,35.80356234012993],[113.99065849529336,35.70625151469568],[114.07116982033097,35.5708841897536],[114.3090639351525,35.44524029520352],[114.41365492543457,35.474423559999366]]]}},{"type":"Feature","properties":{"name":"鹤岗市","adcode":"230400","level":"city","parent_adcode":"230000"},"geometry":{"type":"Polygon","coordinates":[[[132.5189244497036,47.71441154056021],[132.31243962498877,47.75620448484915],[131.96447847959826,47.665744710050376],[131.70180543527272,47.70798354990097],[131.61063332007177,47.656545792154645],[131.44759546375974,47.744570821586194],[130.9902295962189,47.70291467856964],[130.88354387624895,47.924966098806465],[130.65851394546223,48.102853019351414],[130.83719565805325,48.29435929094859],[130.7770482315907,48.355121327587256],[130.25768336479553,48.28305337481345],[130.24620995532518,48.16371689521861],[130.11850281005673,48.139425265163936],[129.8669757491316,48.314364442764884],[129.72626146089772,48.10609936869099],[129.77294945375434,47.996773349810326],[129.66443339398597,47.971529351198626],[129.76515549632916,47.78010116143952],[129.90521438203814,47.717423922276225],[129.88660208401905,47.59099278998531],[129.93482864602527,47.56230670638945],[129.8619682133624,47.53736602752019],[129.89578542026095,47.43737603357715],[129.82881394350875,47.410689853354086],[129.90812779696034,47.3591705486819],[129.8436557070453,47.31808415316118],[130.2985176317834,47.06178821495422],[130.62872076045483,47.15375393869334],[130.68505107474732,47.202578490505005],[130.54903214152023,47.321762800313024],[130.61742208745943,47.33626685403215],[130.97904265139732,47.31729777966888],[130.96015587579313,47.21855803672406],[131.32106059467083,47.17617286008948],[131.4779896602946,47.252693765504944],[132.0015611347386,47.25287536020977],[132.0453159401785,47.36456372543563],[132.28615983490852,47.45232000506422],[132.5189244497036,47.71441154056021]]]}},{"type":"Feature","properties":{"name":"黑河市","adcode":"231100","level":"city","parent_adcode":"230000"},"geometry":{"type":"Polygon","coordinates":[[[127.02420397483365,50.97784766983415],[126.98679584515219,50.925040970364535],[126.46909400468462,50.90048139540011],[126.22853858458802,51.00111403498477],[125.75459527994826,50.753025674895014],[125.81797275014242,50.70239266019314],[125.81651244988973,50.5482632902187],[125.50540672973682,50.40753041030024],[125.53935131481137,50.357698185223114],[125.45677046988135,50.22792998987717],[125.27088197532294,50.1252217204061],[125.33073642514591,50.05521750488401],[125.17618303022277,49.95394209555133],[125.23795844542599,49.86981893039939],[125.17055615474283,49.826188150462826],[125.21381026533152,49.67080601498566],[125.12025259498137,49.65171557981023],[125.22667524526639,49.59164886030669],[125.26380922471606,49.45073306008271],[125.21220344033657,49.18739362981222],[125.1082351253508,49.12415163978642],[124.8581387401108,49.16719575508006],[124.74157005541383,48.948188594827855],[125.00511671466472,48.889467060556456],[124.98234659002321,48.815870514812445],[125.12129725466468,48.723579005366844],[125.30179051032383,48.72470718508856],[125.61338175466426,48.8880038447017],[125.69077742973468,48.80113602510755],[125.83224295045181,48.86619928526886],[125.95293411032105,48.77871336972629],[126.00073811507207,48.73506233525865],[125.885693149919,48.63497520014545],[125.70830917522835,48.60745456057958],[125.70053843470112,48.554838955353546],[125.79267884994908,48.554092560323454],[125.83650923980963,48.356036500184416],[126.27842284533813,48.27109742510612],[126.31240696011321,48.17621177535318],[126.56701703011197,48.21252872971718],[126.66224092028233,48.129629139872975],[126.58378095512705,48.06191069522248],[126.62590586976012,47.948465300233465],[126.56033794963673,47.87994903012367],[126.5618769846352,47.72756728480243],[126.51214159495873,47.72296219025293],[126.5383395197531,47.58494316029868],[126.7972344096404,47.7397187498205],[126.94013390475595,47.713753020085846],[127.63951077030583,47.83722119470241],[127.68623676491484,47.77490945980378],[127.8850481548485,47.95219966038604],[127.8726460047094,48.058170715206415],[128.32801706533542,48.14584224542335],[128.4908622652814,48.375444965312965],[128.73552519493182,48.40715714528608],[128.84263047471666,48.248614724689844],[128.90556694975498,48.27802138467922],[129.02545394034712,48.568171859743586],[129.19162420009684,48.62067015020733],[129.2239451752297,48.67667610511819],[129.16561268497753,48.76087136981789],[129.51835986491585,48.867560679881535],[129.43055721534324,49.040634909973164],[129.21365320513132,49.08465614496515],[129.16440017043158,49.294161230356565],[129.28736599544436,49.358790174626904],[129.26120201016465,49.39163093002344],[129.10149258971126,49.35127526963805],[128.99660595000466,49.4571136996376],[128.75542377978365,49.475387959586726],[128.80453585474595,49.56314248014138],[128.7511950703962,49.594449354554115],[128.18244957039144,49.53630215971697],[127.8135557798754,49.58612807515061],[127.68863407959918,49.67059893978927],[127.66573176540874,49.76909078011545],[127.52543874480227,49.82657855515623],[127.48774808500616,49.99999367506808],[127.60310435498207,50.22851711047633],[127.32899044495309,50.33273750003565],[127.36103752526162,50.43228723536765],[127.28639809509605,50.4733636448164],[127.3650120601585,50.579718510500925],[127.29897801962,50.74540666528543],[127.02420397483365,50.97784766983415]]]}},{"type":"Feature","properties":{"name":"衡水市","adcode":"131100","level":"city","parent_adcode":"130000"},"geometry":{"type":"Polygon","coordinates":[[[116.272861814821,37.464530040429054],[116.55758043958565,38.019316955213355],[116.33185904525874,38.01802675543047],[116.0833965501107,37.91117142961781],[116.04318069473334,38.14624789022798],[115.8950859051904,38.15805829005808],[115.83822892542457,38.3434983502687],[115.74634848979099,38.37090235495975],[115.51628442038975,38.314725074702494],[115.48900640981799,38.36187536495618],[115.31838036006559,38.24742483998443],[115.37711722957658,38.087298875143006],[115.47741836466582,38.082401550391296],[115.45800056997041,37.953596685438754],[115.35415420485276,37.88760092544243],[115.33857859992247,37.746497165112146],[115.38811897521055,37.7114515400566],[115.16688055469388,37.598117294977214],[115.44910423976887,37.500937280431174],[115.33593603472025,37.44672843536904],[115.71248861006131,37.25589602488168],[115.84249491530818,37.058972974723076],[115.97057887021879,37.33690089516023],[116.2308422449737,37.36099085044742],[116.27986724487755,37.40307962492483],[116.21869136991086,37.478978265134856],[116.272861814821,37.464530040429054]]]}},{"type":"Feature","properties":{"name":"衡阳市","adcode":"430400","level":"city","parent_adcode":"430000"},"geometry":{"type":"Polygon","coordinates":[[[112.98222326029531,27.443480614938494],[112.80103061537068,27.341787805063177],[112.60915027526505,27.473262169913255],[112.48112607041185,27.362790504678117],[112.30448565518884,27.36928001526053],[112.21985780039722,27.263589764755864],[112.15597544001457,27.32722427468059],[112.14872317033814,27.24271302508606],[112.04845504036791,27.170228095350353],[112.08393510002486,27.022758564855963],[112.03794501525033,26.974008684653143],[111.89469348501638,26.930334864962106],[111.86446134001886,27.017294874958566],[111.72506584011649,27.069869109571812],[111.57692197996545,26.967031049943046],[111.53950726005206,26.82381713475303],[111.86406642972202,26.80338541470519],[112.0011595149997,26.600874880271533],[111.99301405485483,26.649158419725325],[112.10396184456351,26.657731309652263],[112.16659155006005,26.585953610370893],[112.14001306994726,26.51095591997978],[112.2348779498576,26.540717390395287],[112.14942118993599,26.493082014823187],[112.1344490849574,26.392742815028953],[112.20756372988228,26.310555609653704],[112.17627148474128,26.181401209698095],[112.2276429750433,26.12323033481215],[112.37547469040464,26.212510680223772],[112.51791590989137,26.14020556993114],[112.58352901015576,26.224814260170035],[112.64546436978492,26.105751634930073],[112.78279245960437,26.20077766525708],[113.00792507498227,26.158093699664562],[113.01996917533722,26.247833259597314],[113.16326373003722,26.32989706989389],[113.22504295027204,26.474875464830916],[113.1523677851452,26.540139100239344],[113.17778530524765,26.69217856988513],[113.0896867850172,26.777809569855833],[113.140653754867,26.839351729698592],[113.25283605024356,26.817667405126713],[113.22232543017458,26.879971549747268],[113.28049850030561,26.939867194815236],[113.15886862988339,27.117063849716942],[113.27780778540102,27.185617760051628],[113.22461489995771,27.24515003494622],[113.10960092004643,27.208591865322376],[112.98222326029531,27.443480614938494]]]}},{"type":"Feature","properties":{"name":"红河哈尼族彝族自治州","adcode":"532500","level":"city","parent_adcode":"530000"},"geometry":{"type":"Polygon","coordinates":[[[103.57312660510883,24.086166555042553],[104.0383555996313,24.52754721962856],[103.9769077202152,24.65614966967155],[103.80799779995857,24.73304597459213],[103.75009604539622,24.69586824042699],[103.74981185513309,24.76856469520459],[103.49232247969871,24.509589424812134],[103.28239061023851,24.660377825076637],[103.24495498018825,24.512370750010177],[103.1114893697387,24.515948479738597],[103.06042263989298,24.42420939055097],[103.15075134479878,24.219668940569193],[103.03585561494475,24.035872625221543],[102.9699508348632,24.072369135527254],[102.85933913529294,23.98893038053268],[102.82524112497799,24.049568835033767],[102.65275558030584,23.912191869759056],[102.61631243487102,24.049424734863692],[102.3003121697709,24.093290055291845],[102.33142512966606,24.05067075994765],[102.22337917520883,24.012453514718004],[102.2753733246193,23.91165220008901],[102.13522682965453,23.83154656552165],[102.14943910463103,23.707975285431132],[102.29226883034232,23.63117824048345],[102.35941995476713,23.48411552551113],[102.31762697540466,23.416664999690056],[102.1869844052062,23.431923960522397],[102.10649553983734,23.317823115344538],[101.87358121040461,23.340978905252314],[101.83240845028979,23.16781983491751],[101.98802943491057,23.187276445251825],[102.06873910992203,23.10535648511376],[102.01739659487703,22.996822949719387],[101.87561315482327,23.017808314901856],[101.82231949494877,22.843183005191577],[101.99048814541163,22.79701302543083],[102.08218204006914,22.654446855038373],[102.31550581014505,22.55624629972698],[102.50867678530545,22.78141677026781],[102.86252349526313,22.611359789922403],[103.02929766505525,22.447987294977736],[103.18230290495518,22.558046079662915],[103.16651604028311,22.615176529773066],[103.28354272002059,22.68488628027768],[103.32210424011862,22.810939545323833],[103.43902619470316,22.760828099637138],[103.52582752022391,22.596166424740773],[103.64118081973908,22.79766451500541],[103.87465218025397,22.56738991521246],[104.00591942494157,22.517231765033955],[104.05649681027961,22.74739047009416],[104.27846887523845,22.851934549939585],[104.11633269000168,22.898935634571956],[103.96275681497508,22.683800054828737],[103.88866840482308,22.70860398458626],[103.95595335016702,23.008549684720208],[103.934685290294,23.261237159767177],[103.81382604533576,23.340172549723434],[103.74761988534948,23.540314910204984],[103.59259192987372,23.544788325121146],[103.66172262489926,23.65598011978676],[103.6406746246343,23.824071514888544],[103.71195787935272,23.892602024863606],[103.57312660510883,24.086166555042553]],[[103.0448499748465,24.03320613535493],[103.04239736534618,24.024049495487873],[103.03239810029214,24.022329765106633],[103.0448499748465,24.03320613535493]],[[103.05323060500848,24.040055090570036],[103.04842658491901,24.033175905543658],[103.04598269524524,24.03459653490222],[103.05323060500848,24.040055090570036]]]}},{"type":"Feature","properties":{"name":"呼和浩特市","adcode":"150100","level":"city","parent_adcode":"150000"},"geometry":{"type":"Polygon","coordinates":[[[111.4187067453201,41.31678069497315],[111.22973255001722,41.23715603042649],[110.71586302026225,41.38300568496442],[110.51129952515305,41.28752848005536],[110.64153780512567,41.156917049782066],[110.62336783505759,40.94064384473768],[110.73876383977944,40.91775781996745],[110.700992070128,40.810839180084145],[110.77947835034564,40.78992482537046],[110.79616911011641,40.611290284918766],[110.87263442034231,40.58540780003],[110.83741140491247,40.53401019971102],[111.07660180522919,40.42333080007643],[111.11827522512158,40.36261941505404],[111.03639062003117,40.27115994037899],[111.30958584471102,40.15057118990853],[111.40461981515239,40.044837600175185],[111.43891860001344,39.89640442542395],[111.35507239547474,39.7223864000124],[111.43203332028156,39.640304435101655],[111.92540126975285,39.60890488555208],[111.96628489962848,39.79511687524365],[112.30515294495251,40.25263872030075],[112.21828862462041,40.44771861532189],[112.0461864699297,40.55700153509281],[112.09244372979435,40.5855718147875],[112.03838813010816,40.65429206552648],[112.10865257975286,40.657776829637044],[112.08602961477493,40.73872159012933],[112.18076540509946,40.848619764890316],[112.12110529517327,40.958161300004065],[112.03475352995156,40.96766927531684],[112.02730686462019,41.045691130341424],[111.8719402802198,41.13121328536488],[111.8249322204457,41.25818112495898],[111.4187067453201,41.31678069497315]]]}},{"type":"Feature","properties":{"name":"呼伦贝尔市","adcode":"150700","level":"city","parent_adcode":"150000"},"geometry":{"type":"Polygon","coordinates":[[[125.75047940490072,50.74679708012121],[126.06553607522972,50.97854487554565],[125.98693219516474,51.11801259550492],[125.74957874016684,51.22603214047098],[125.35916266492507,51.61649098027459],[125.11439624039429,51.661050314720285],[125.05324971030598,51.53306075984625],[124.91661740976576,51.49859655009078],[124.93685070969252,51.442428535548515],[124.86654839499249,51.3799141051519],[124.62278018016127,51.32369091000754],[124.4890527500844,51.38109955010418],[124.39683395981945,51.27178606057828],[124.20615352486539,51.34829973004855],[123.92074455531701,51.30025056021526],[123.71141279986091,51.39819217552855],[123.64981867539166,51.317824695253535],[123.27556544978574,51.24476074511233],[122.99532919988269,51.30945855496839],[122.85225475964955,51.468983039735576],[122.88103514525585,51.54815400530316],[122.74139006459984,51.74000445014531],[122.71654019477421,51.96851318523534],[122.61868035481461,52.06494312022886],[122.78458926528242,52.24979762016409],[122.46751180482602,52.29521150031053],[122.43577705546681,52.39041336518471],[122.15153814976588,52.515121425213636],[121.93085209464846,52.287175199875605],[121.83309195532956,52.27944157526855],[121.71339045980199,52.31361734996079],[121.63797457027022,52.44330310985072],[121.19229735503893,52.58391211535189],[121.58069861974559,52.81976489053733],[121.81342927973753,53.06234093528599],[121.65190526031961,53.17367702977117],[121.67355248515912,53.237946755138694],[121.49310946023343,53.33377931006714],[120.87673078979412,53.29339236496571],[120.2849280053232,52.86387603974748],[120.02403631022764,52.7728613553673],[120.06175593538819,52.58632022549807],[120.4556394645897,52.6437059805466],[120.72190284983674,52.54432650036773],[120.61312582479707,52.353030019919515],[120.75181935527905,52.25488118551834],[120.77914183013138,52.157583955135465],[120.6511110251538,51.925841970230806],[120.0799490998711,51.677287129997126],[119.96380156499026,51.399108330185356],[119.9024970402063,51.38855028037119],[119.93947275966025,51.36041389028884],[119.75286274531948,51.21307885970168],[119.75621088982075,51.09063227535927],[119.48338635489642,50.877665385549165],[119.49230066524353,50.748103250065014],[119.27602611481336,50.604662815436654],[119.20716360481651,50.40942668479374],[119.11824309973929,50.38917870523312],[119.37842000018293,50.320956679806955],[119.31694515999118,50.281252740121886],[119.3526144954626,50.19414747972246],[119.28517580471964,50.108355005579085],[119.04782616014927,49.978259994802954],[118.56603059503595,49.92965674546247],[118.16469764498038,49.65945625510216],[117.85931968535522,49.59026527492256],[117.80238380536844,49.516972764781315],[117.05376785989893,49.69435123472175],[116.71540910964279,49.85053282522978],[116.03910637016293,48.870107649848194],[116.07075310017547,48.821626665138524],[115.79067823990886,48.52038532522266],[115.8113150152758,48.25735510975056],[115.53073692496912,48.14885520990009],[115.57359423038952,47.919778005250805],[115.93162372495499,47.680034375286255],[116.25891858462501,47.87425788009716],[116.4405904351006,47.8342829351094],[116.78495099539214,47.897402354734936],[117.08590025978924,47.82057129023292],[117.37678936513714,47.639137390478254],[117.80441481988805,48.01438146033615],[118.17101754522355,48.04850597996705],[118.55608174507654,47.9909618300245],[118.76545165966638,47.76826055518052],[119.12392104502032,47.659370964698326],[119.14229879984975,47.53840462037698],[119.35603387975982,47.47503362530159],[119.31632143968272,47.422248800042155],[119.47956621470905,47.332656885407005],[119.76071478995561,47.4348561601837],[119.90125297024849,47.56775664475339],[120.01465986975722,47.551062460364335],[120.2608396697151,47.654899870033034],[120.58836575047906,47.5438738599907],[120.72637235989657,47.38215255539615],[120.61752225504813,47.24139082522646],[120.9548187899552,47.09672169005398],[121.51957690015388,47.19693197023429],[121.6378600901711,47.16677851051992],[121.74529988987808,47.28292118996097],[122.07760127987524,47.17822482971218],[122.50156879976032,47.39975561982607],[122.58727461523142,47.545061250176616],[123.16086636029434,47.78157727986763],[123.293320774834,47.951860900160455],[123.56876151493202,48.0406367654744],[124.25223957539617,48.53452656005277],[124.32625880519981,48.43035484000393],[124.31031000500275,48.345541380430404],[124.47140530501088,48.1651379751375],[124.41095916963002,48.08652244525467],[124.49512847989547,48.11888852498549],[124.57653241533876,48.2952761200969],[124.508058030254,48.37734649544444],[124.52024680004979,48.55848754536396],[124.81518029963115,49.042447380242436],[124.80181077484747,49.11326591029359],[124.89869098510098,49.181220159882514],[125.1082351253508,49.12415163978642],[125.21220344033657,49.18739362981222],[125.26380922471606,49.45073306008271],[125.22667524526639,49.59164886030669],[125.12011161545877,49.65937537007733],[125.21381026533152,49.67080601498566],[125.17055615474283,49.826188150462826],[125.23795844542599,49.86981893039939],[125.17678623969323,49.955470024821864],[125.33091323006158,50.055661785263226],[125.24971618995028,50.10087185475237],[125.45649104512574,50.2275557001355],[125.53935131481137,50.357698185223114],[125.50540672973682,50.40753041030024],[125.81651244988973,50.5482632902187],[125.81786572542296,50.702731700107904],[125.75047940490072,50.74679708012121]]]}},{"type":"Feature","properties":{"name":"胡杨河市","adcode":"659010","level":"city","parent_adcode":"650000"},"geometry":{"type":"Polygon","coordinates":[[[84.91468760844646,44.887788146705645],[84.6533029121997,45.15140632004568],[84.53860886970364,45.15188370896607],[84.51402147780902,44.98799046878514],[84.607732700204,44.99462106501022],[84.62407437013616,44.783869809743976],[84.86565448496657,44.640131050207856],[84.85311077973876,44.551723705484676],[85.00759574884478,44.5738715397398],[85.0640897550382,44.6239842867455],[85.01547975988308,44.61941414974325],[85.04480075495093,44.73813962544341],[84.8470292951659,44.825687274947825],[84.91468760844646,44.887788146705645]]]}},{"type":"Feature","properties":{"name":"葫芦岛市","adcode":"211400","level":"city","parent_adcode":"210000"},"geometry":{"type":"MultiPolygon","coordinates":[[[[121.00603005524295,40.82315355009632],[121.02872668998486,41.04859731471436],[120.69609542506385,41.19711955472371],[120.53528664995895,41.05696084516694],[120.462407079723,41.06917033534273],[120.40910514518634,40.94970231550951],[120.3326989303115,41.00086770548029],[120.1683479747793,40.92250534014937],[120.19064436984183,41.0101003101812],[120.10564820490083,41.08731155498435],[120.00000000039972,41.07614774971893],[119.98101638489834,40.937654880468415],[119.81639654466483,40.9311323701628],[119.67863553470227,40.77897231492045],[119.52562157497573,40.83667853978284],[119.21464257469518,40.569623770020996],[119.56399901464283,40.53308366058252],[119.6174244701632,40.22527344041697],[119.73741854483,40.20592047514987],[119.72846639460852,40.10400567032548],[119.87476734513689,39.99170350521263],[120.49694377033882,40.23311640549775],[120.59412006528885,40.46920142970225],[120.71179421013471,40.51453158026828],[120.82834193972883,40.67705577530381],[121.03149400014809,40.71159400016302],[121.01219805009998,40.74393667503756],[120.98499687490596,40.735028585300995],[120.94054160011478,40.73706679979301],[120.93040638994296,40.746912779900924],[121.00603005524295,40.82315355009632]]],[[[120.82234947005202,40.48853977469088],[120.79562078966774,40.508722574986905],[120.77056224025523,40.478970495292174],[120.82234947005202,40.48853977469088]]],[[[120.60970271011206,40.39614965008633],[120.61702139022509,40.39752381057548],[120.61449363966983,40.40552170006646],[120.60970271011206,40.39614965008633]]]]}},{"type":"Feature","properties":{"name":"湖州市","adcode":"330500","level":"city","parent_adcode":"330000"},"geometry":{"type":"Polygon","coordinates":[[[119.91541099542121,31.17356566032703],[119.63658838534582,31.15031824029461],[119.57370840032252,30.831355389839416],[119.47728049509885,30.777085720030016],[119.48033317003978,30.703563454689743],[119.23966306030206,30.61884792499177],[119.23734392548181,30.534893505031278],[119.32550973478646,30.535768320551597],[119.3625256899087,30.387944485050014],[119.56025526466874,30.448245375423767],[119.67185289459542,30.406243079754404],[119.71642554530274,30.565107804781405],[119.87194590477975,30.461820614729618],[120.05992205046232,30.432444244806106],[120.06364277959062,30.499932290342997],[120.2866864146464,30.514450764691105],[120.33439005505704,30.660103849912787],[120.47340216497798,30.716127429737128],[120.43150528963747,30.925941389983223],[120.36097336003263,30.882268109885388],[120.36551491478156,30.950305859727678],[120.12739875464888,30.94591464554452],[119.98963069490071,31.03441672035541],[119.91541099542121,31.17356566032703]]]}},{"type":"Feature","properties":{"name":"怀化市","adcode":"431200","level":"city","parent_adcode":"430000"},"geometry":{"type":"MultiPolygon","coordinates":[[[[110.90796051516571,29.038613145380396],[110.7659470447204,28.90469258049825],[110.55939198475238,29.007515830091563],[110.52774815505336,28.88464235556029],[110.38670356471778,28.893530285194572],[110.20928204962695,28.64398449009218],[110.23262082459144,28.566927200230168],[110.16523549512209,28.585474790229455],[110.15788614992596,28.46924338997053],[110.10119265521695,28.463649314564293],[110.20889984495193,28.36009752508079],[110.16643836533837,28.283320150104885],[110.24217409965502,28.21543951002542],[110.10706001031127,28.094053885578433],[110.05142628479524,27.92609531045025],[109.73072617976942,28.03067534968767],[109.61929814039695,27.901656165499674],[109.63892029973209,27.832831464800336],[109.45466550011281,27.80688387529068],[109.4070029200488,27.728575759763544],[109.46957572993603,27.68430267053185],[109.45432923010992,27.564069809674038],[109.29230667960962,27.48450437987327],[109.29051245028938,27.424449669916385],[109.13666529027097,27.45126772042903],[109.10005171971113,27.339866044682253],[108.90217847465692,27.213439605053793],[108.88164383979142,27.112577234551793],[108.78614258521219,27.087702709812277],[108.87163860503767,27.001002450103044],[109.02176315544534,27.10788254504348],[109.12676537961863,27.126994310339228],[109.09641874462943,27.0727854949547],[109.15942313466996,27.068068930336892],[109.23793686489444,27.15253546473997],[109.39405161958666,27.163397380185017],[109.47017074478413,27.134320135565872],[109.45128927517999,27.069088515122928],[109.48316978485775,27.057345905289367],[109.48665981539824,27.08232517496691],[109.52109706977399,27.072278110046796],[109.55360751047829,26.947747210165687],[109.43505557965136,26.892735185080767],[109.43168533970675,26.86579059006374],[109.51396574542287,26.879805665299273],[109.518155730003,26.752598169869714],[109.28333101481456,26.70343775005216],[109.40704239039405,26.543493145192542],[109.26815217997921,26.325128805050383],[109.335601054645,26.266653610375897],[109.4636859196695,26.31639784038805],[109.43186045029961,26.24753783500313],[109.50967087021456,26.132402579715347],[109.44752645508191,26.057852339813678],[109.5327764752542,25.998104400297905],[109.62855905035997,26.05543793531251],[109.71942756972663,26.00649578005624],[109.68188844029936,25.884544394808017],[109.81195044505705,25.884716064594784],[109.78576986458762,26.017474694601503],[109.87912540961003,26.047640045152036],[110.0140034449031,26.307012195356606],[109.93156155961833,26.484571250063198],[109.8548199048148,26.470873009581794],[109.8879931152901,26.52977593980785],[109.81848416990857,26.619511475274408],[110.06734374541759,26.703427920462218],[110.03403484523199,26.838523710400978],[110.19286294986529,27.123998024689115],[110.33710830020794,27.153612285078964],[110.37211530477754,27.22681008491753],[110.44800265489869,27.20838900524842],[110.54635019990184,27.317267329923368],[110.60488074964695,27.292396630000553],[110.69159258992613,27.457685709727798],[110.62315617961406,27.540519860403265],[110.67752472988246,27.613347215101953],[110.84887834016331,27.596992825158793],[110.8682763299887,27.669241310538098],[110.76951363005003,27.818955170244976],[110.93159428484842,27.8790024904726],[110.96451256000671,28.031175334973796],[111.01702161985196,28.042243189771455],[110.85881203474764,28.017749115129618],[110.85644754981462,28.20682366488029],[110.71886204974385,28.306374775275685],[111.00255495005098,28.547624509763352],[111.07255667984697,28.53420702503422],[111.05108097460737,28.61166787487258],[110.94881825985487,28.57012643498706],[110.93008212518998,28.622432839803764],[111.05510509992047,28.64897258521671],[111.1090361453019,28.747141600404575],[110.90796051516571,29.038613145380396]],[[109.52230396535577,26.74839313513513],[109.59303835033967,26.75847499032858],[109.54258082034863,26.721248795295708],[109.52230396535577,26.74839313513513]]],[[[109.46987650010044,26.83234740041223],[109.47478360048285,26.84154809986495],[109.45694979969358,26.833398000117654],[109.46987650010044,26.83234740041223]]]]}},{"type":"Feature","properties":{"name":"淮安市","adcode":"320800","level":"city","parent_adcode":"320000"},"geometry":{"type":"Polygon","coordinates":[[[119.5551616853636,34.016734005070305],[119.43586245478855,33.981735490100846],[119.17351387956194,34.09696906017405],[119.00329000482986,33.899856784562985],[118.82446907538758,33.86110978468889],[118.75159428504833,33.640163894748014],[118.79958594503535,33.57430322011754],[118.77102324033035,33.34646137998874],[118.40166620003515,33.187121734680375],[118.21758196493579,33.17722627027621],[118.20588230492444,33.06323018532487],[118.304858889726,32.96327112536221],[118.22251831037181,32.92472123529683],[118.29608228986581,32.78480000521614],[118.36484316028373,32.720667230408424],[118.72178540956907,32.727709420253575],[118.73356316490822,32.853567259921135],[118.80537193037037,32.855909814886104],[118.86484660458723,32.961408499902404],[119.01644266529684,32.95522814026651],[119.10703081472036,32.82979324006601],[119.32965202022467,32.82442013528106],[119.35685023035387,33.05622760971647],[119.14224685500847,33.21479839043343],[119.1466894402655,33.28771093521152],[119.61004449495749,33.42956297015502],[119.45036843035882,33.64215400000717],[119.6347404952777,33.895954865424756],[119.5551616853636,34.016734005070305]]]}},{"type":"Feature","properties":{"name":"淮北市","adcode":"340600","level":"city","parent_adcode":"340000"},"geometry":{"type":"MultiPolygon","coordinates":[[[[116.92062220035427,33.31110755996599],[116.96297108484771,33.44072482029429],[116.90062488972694,33.48407068511409],[116.93085671996175,33.581813454927044],[116.8555744597935,33.62752782015281],[116.92362435498,33.67254968042346],[116.99544530535661,33.946232399705536],[116.96587444984607,34.08132241509742],[116.90300453543102,34.10175360544457],[116.80717386548156,34.07967359985679],[116.79685837991042,33.994724800409244],[116.59853534972672,34.02001537490969],[116.63759565991188,33.885059470018575],[116.55721327517256,33.90953885513409],[116.38878602465536,33.78534692502063],[116.54925434970858,33.59443167528167],[116.53003728998897,33.47028380475382],[116.71157112510741,33.47116849483024],[116.79637832989602,33.42571809501413],[116.79095166508739,33.30887664504121],[116.92062220035427,33.31110755996599]]],[[[116.96680923485837,34.15535862050399],[117.04293108500167,34.20772575024324],[117.03864273527404,34.2498209998393],[116.96680923485837,34.15535862050399]]]]}},{"type":"Feature","properties":{"name":"淮南市","adcode":"340400","level":"city","parent_adcode":"340000"},"geometry":{"type":"Polygon","coordinates":[[[116.72551844991654,32.931654500155105],[116.37588014535254,33.00731253484565],[116.36073918996169,32.935866754647066],[116.43626999486446,32.84712742968719],[116.4443876497703,32.69333385487357],[116.63062055499472,32.56460950532448],[116.4724858798196,32.41172988542593],[116.53875301473988,32.02648496051256],[116.67193531985913,31.981389309968733],[116.68550832524909,31.902243365339075],[116.81100522471138,31.9204964597439],[116.93211224008792,32.02741134495767],[117.02715373965339,31.999315120396545],[116.97202627489276,32.156769380202775],[117.06915701018795,32.265411405312136],[117.00444708466523,32.4067871053407],[117.0710909051212,32.528697145157196],[117.21007225463086,32.56366286544892],[117.1539494004445,32.685543805002624],[117.18794389969128,32.736485205327995],[117.04437310473509,32.717770505104795],[116.72551844991654,32.931654500155105]]]}},{"type":"Feature","properties":{"name":"黄冈市","adcode":"421100","level":"city","parent_adcode":"420000"},"geometry":{"type":"Polygon","coordinates":[[[115.3692830247918,31.40657773527431],[115.24668987523762,31.39385412516782],[115.23148471994398,31.55705050497687],[115.16701672464217,31.604688254759196],[115.09088062474109,31.510238529784374],[114.83091641036413,31.459465530210082],[114.61166885503371,31.587682965196734],[114.51480506010546,31.564198599885515],[114.3961169098676,31.25001778019646],[114.52852813536526,31.11994797022271],[114.50433008966195,31.016696135218524],[114.61840707043007,30.922136299950353],[114.75238654540283,30.998398509983303],[114.85648285010348,30.946867184972632],[114.8501436450133,30.99397410002473],[114.97208817472949,31.030425389719994],[115.07474111521037,30.892318575142156],[114.7895000050213,30.72978066544539],[114.85451231499144,30.63882599462403],[114.80261306024454,30.61616047462627],[114.83950194026238,30.43256837463082],[115.04771219526162,30.39706408004332],[115.07581068521506,30.231900880221474],[115.22321100478416,30.201578349761064],[115.47503792486043,29.85013234043521],[115.67490834024773,29.85083100035041],[115.95684487539074,29.725740945188534],[116.13286450029648,29.826706674773277],[116.0695053196149,29.96614448507995],[116.08385079497828,30.12885677961674],[115.98481109485624,30.289633469608987],[115.89923084542727,30.311612600041485],[115.917553839638,30.519846775208578],[115.7560205149349,30.68988390481843],[115.8639795948825,30.776566105241614],[115.8642897854453,30.87142945990172],[116.06871811964561,30.95779933477155],[116.05356670963602,31.013921400252457],[115.93740296537464,31.041578654931016],[115.87430194497881,31.149954350313067],[115.76353416986615,31.10797187030562],[115.6561733702049,31.219661275147757],[115.57931896020193,31.144737574679368],[115.3692830247918,31.40657773527431]]]}},{"type":"Feature","properties":{"name":"黄南藏族自治州","adcode":"632300","level":"city","parent_adcode":"630000"},"geometry":{"type":"Polygon","coordinates":[[[102.43603308475912,35.455701065351946],[102.42759358047942,35.544333045433746],[102.12026166024748,35.73565893011556],[102.0748154800504,35.84763051523612],[102.1150313902865,35.89979434513299],[102.03867571011597,35.92606105996998],[102.08318309972032,35.94674184006391],[101.89364081527145,36.10712057015826],[101.64575850515098,36.15766163008021],[101.65445319026259,35.99027393469436],[101.73788177482413,35.89493242039492],[101.65845279466083,35.78493426530417],[101.76291240028712,35.74741623037477],[101.76924663482441,35.687443210335914],[101.61983864983387,35.50181395974647],[101.39043853461072,35.50227883549991],[101.4764330801226,35.35206131497773],[100.69415514984036,35.41661401022844],[100.7303357049289,35.34295943033351],[100.91666202543217,35.29724498506806],[100.70495593027204,35.152075770180716],[100.69690399961996,35.07852203036748],[101.146411225098,34.836098270518846],[101.03112416964478,34.64980421049597],[100.89241515463573,34.657630965296846],[100.96861931522926,34.54422487517792],[100.9496387304431,34.38476205512478],[101.57863447460136,34.198556474901466],[101.7141446046898,34.08528812045046],[101.84759889537276,34.15477015002244],[101.95576451002415,34.10959279517141],[102.0652881450319,34.29391298989265],[102.14507307506244,34.27301403516964],[102.18648021019362,34.35609530515427],[102.2575368753266,34.35710262048957],[102.15387163546768,34.509113040234695],[101.93261422037006,34.58943853476063],[101.91605990034418,34.87805490490996],[102.06590164004871,34.893773285308896],[102.09381802987826,34.98936584985415],[102.4045101752045,35.17930620032092],[102.2760774901841,35.30571552045495],[102.28037827483757,35.38798906524323],[102.43603308475912,35.455701065351946]],[[101.52150564506951,35.32569768470046],[101.5054353896316,35.21765012045677],[101.42341787463528,35.255434195531734],[101.41673911971469,35.18720644052485],[101.34387419493822,35.17985808997889],[101.3276957303737,35.2788253748912],[101.52150564506951,35.32569768470046]]]}},{"type":"Feature","properties":{"name":"黄山市","adcode":"341000","level":"city","parent_adcode":"340000"},"geometry":{"type":"Polygon","coordinates":[[[118.86172887988391,30.100948745388337],[118.51301350007304,29.967834640356443],[118.49381724526972,30.08052673981723],[118.36644494008203,30.098076964580287],[118.28360627031316,30.19836270507483],[118.30035631968849,30.353804694930773],[118.22018711474357,30.457417714755763],[118.11522146509856,30.426164965141083],[118.12208071485315,30.512491124865562],[117.96264021957052,30.516976530442605],[117.92721696019464,30.32753753043272],[117.81998725021151,30.2464707697103],[117.84931312500078,30.19609153469662],[117.19801833997451,29.969867590217177],[117.25207073537615,29.835135370101284],[117.42067978024772,29.850886260092864],[117.44562626514005,29.693414049818614],[117.53742941483574,29.59113495481438],[118.02219697041392,29.57638253982242],[118.19502500480019,29.395190840085263],[118.30988222478493,29.425651914704133],[118.30614592029804,29.500290264783928],[118.48969841504993,29.521248209637236],[118.49445771005537,29.578749255074115],[118.71484493484593,29.71121919461018],[118.74981718511503,29.84753155503728],[118.88760094972406,29.938043639802174],[118.86172887988391,30.100948745388337]]]}},{"type":"Feature","properties":{"name":"黄石市","adcode":"420200","level":"city","parent_adcode":"420000"},"geometry":{"type":"Polygon","coordinates":[[[115.07197716041765,30.26203855503536],[114.95075362977627,30.20654321539712],[114.71246472966357,30.327845919653498],[114.65251240482371,30.25014304516543],[114.72480487964151,30.05612906980076],[114.638100715076,30.016811770247045],[114.54021346467971,30.067201240444945],[114.52652951982157,29.969325495075566],[114.72028254969996,29.895795195192136],[114.70847293497798,29.757179609851164],[114.82976509018681,29.737128974822383],[114.93920409539271,29.557441500025277],[115.15144278975299,29.50860283515277],[115.17281364033727,29.59474614471884],[115.11138760455435,29.597636969570544],[115.10841212022319,29.683397614908074],[115.3547564853236,29.648916919680175],[115.50600845012991,29.842309760287264],[115.22321100478416,30.201578349761064],[115.07197716041765,30.26203855503536]]]}},{"type":"Feature","properties":{"name":"惠州市","adcode":"441300","level":"city","parent_adcode":"440000"},"geometry":{"type":"MultiPolygon","coordinates":[[[[114.34347028522552,23.889982629794588],[114.23223311976278,23.912845475438417],[114.26437617032411,23.963378275087393],[114.05229253976893,23.939219710521286],[114.05380581009013,23.777868980569053],[113.81389385491752,23.660023094889993],[113.9954138296846,23.391972910521474],[113.99083564464934,23.30262613488827],[113.88849168963986,23.344872520050785],[113.89982514031806,23.182767810186363],[113.84243886995796,23.119268940509244],[114.08057316042311,23.094868694834474],[114.12205197961521,22.993311544991855],[114.21772478976732,22.981792754831815],[114.2291269297641,22.796350920258817],[114.40235661036934,22.781550299806554],[114.42707165473314,22.663591610364563],[114.79499555969733,22.82780569987318],[114.73522901500712,22.60815097019116],[114.90723835966264,22.55219803481151],[114.96858823006278,22.67911865999821],[114.86753759998032,22.758732049744367],[114.93624588973603,22.751477119873243],[114.9755466399655,22.68826007973894],[115.01979012981076,22.706096020015366],[114.91840764539654,22.91482363969925],[115.13995318259333,22.996331405470016],[115.41979150047746,23.244916759700743],[115.30283162507953,23.36271870000803],[115.17215461534329,23.38359747484361],[114.98376258987173,23.29701324476548],[114.90875855026695,23.34185828483203],[114.8296177299743,23.17470501032801],[114.70286125534267,23.407430595445646],[114.62920970526375,23.407461989878982],[114.69310842521372,23.530149804769735],[114.5675791204801,23.56898899504614],[114.5015387046476,23.695119730391298],[114.35515528538815,23.73140625979113],[114.34347028522552,23.889982629794588]]],[[[114.65136438515833,22.465390184709292],[114.61597100485801,22.468706289963336],[114.62453176472923,22.45186562040209],[114.65136438515833,22.465390184709292]]],[[[114.65174938042958,22.577323759983585],[114.63721034488162,22.5761989752026],[114.65395461971002,22.56385022500791],[114.65174938042958,22.577323759983585]]],[[[114.94553977514056,22.71132099476813],[114.93314254519237,22.73404820556027],[114.92878841005711,22.72118539479021],[114.94553977514056,22.71132099476813]]],[[[114.6510889551912,22.43711692050954],[114.64538945046286,22.444300925347477],[114.63781540515686,22.43176509548283],[114.6510889551912,22.43711692050954]]],[[[114.84959144958577,22.51271133535988],[114.83660802534018,22.515488830345305],[114.83587410030952,22.505848310251395],[114.84959144958577,22.51271133535988]]],[[[114.5834420003481,22.70796700017695],[114.58897940047905,22.717452500532545],[114.58017559972416,22.717521500117186],[114.5834420003481,22.70796700017695]]],[[[114.61326187543523,22.671265895005092],[114.60607283978982,22.6747594050226],[114.60109337006304,22.663781375410224],[114.61326187543523,22.671265895005092]]],[[[114.71530702529901,22.58334892990922],[114.72092704524698,22.589014909710386],[114.71753433034507,22.591503410254234],[114.71530702529901,22.58334892990922]]],[[[114.64348122038211,22.667889974942455],[114.64879744484631,22.672105299719874],[114.6464637446062,22.67748836539579],[114.64348122038211,22.667889974942455]]],[[[114.64486691467641,22.6604605451181],[114.64930198519846,22.66640606029148],[114.64599466542154,22.66686111544817],[114.64486691467641,22.6604605451181]]]]}},{"type":"Feature","properties":{"name":"鸡西市","adcode":"230300","level":"city","parent_adcode":"230000"},"geometry":{"type":"Polygon","coordinates":[[[133.86478935524462,46.511372329969106],[133.49105684519736,46.51534776958397],[133.30466183537544,46.609011944845406],[133.21625948009103,46.56645452016005],[133.19991661046322,46.468973675195],[133.0828739048069,46.46566643006173],[132.94609267024055,46.167608735155056],[132.85841605975338,46.124591620207184],[132.72122959966634,46.18264280522135],[132.4778132445856,45.98979128543954],[132.30248312000003,46.027571880138225],[132.2054685753145,45.844225070230834],[131.9664205754492,45.81757511020322],[131.92007994033702,45.88144442052362],[131.78315433490468,45.78585496493474],[131.78115942007128,45.90184418496119],[131.6011389550988,45.92374107509062],[131.443666305056,45.81007144044469],[131.47132914542374,45.723800060224676],[131.34961518029638,45.70340828986076],[131.29742487975443,45.59589977025826],[131.0123640953268,45.68396352989305],[130.8945561295618,45.60870877998627],[130.7682633795514,45.61628967542822],[130.7493555148452,45.51959256534468],[130.48214303007683,45.33305860037416],[130.46034488460884,45.16733163534673],[130.39128911480088,45.1216143949884],[130.46782559467556,45.05151977511758],[130.56067769022332,45.09618536536237],[130.70948299544398,44.96378480492484],[130.8623072000173,44.989147809923566],[130.95927113985124,44.85493855007405],[131.13438480031834,44.94384373520029],[131.4887776199912,44.96692128498938],[131.6787138749454,45.11680375498935],[131.67019203503446,45.211754959923496],[131.7827024147847,45.21311329054595],[131.8766841496539,45.34184886543284],[132.00031223002543,45.25222781006545],[132.97173901474378,45.02079584485239],[133.13295025984667,45.125765800451404],[133.08816988013598,45.280928975292056],[133.19358337956942,45.51374797478928],[133.4687015103665,45.61855370518941],[133.47749218012007,45.688733595179315],[133.42108094033324,45.69541299041725],[133.49891792981862,45.77888153005864],[133.4601470502463,45.83410268529076],[133.66956095967066,45.9422185503459],[133.7376182598748,46.0594454146742],[133.68969294467377,46.15763971520073],[133.90925380491922,46.2591544602102],[133.91569507496774,46.33154180990664],[133.86215228490005,46.34452040479289],[133.94094985015556,46.39760844997005],[133.8447170249708,46.44801366999491],[133.86478935524462,46.511372329969106]]]}},{"type":"Feature","properties":{"name":"吉安市","adcode":"360800","level":"city","parent_adcode":"360000"},"geometry":{"type":"Polygon","coordinates":[[[115.73197789996016,27.733381574899795],[115.50252926541339,27.897590475320214],[115.52250574504421,27.95287427552745],[115.42519262543942,27.96594570023393],[115.29362117967378,27.779930949853508],[115.05034556489602,27.735407220466925],[114.87067762966899,27.593196294873167],[114.77642733025709,27.63173892471167],[114.62847530988768,27.534617505493543],[114.51352478524075,27.611465794710682],[114.41033437033502,27.55103135051644],[114.27877044020374,27.582209135343362],[114.16583297511181,27.44617697488752],[114.02463513490363,27.42896907975927],[114.15268958035995,27.248382049991676],[114.00747009516886,27.126045250388074],[113.82996959532068,26.80023292041301],[113.90105895530655,26.61797398531121],[114.10431790464759,26.57181390978417],[114.0241812551609,26.26965256521379],[113.93746173467139,26.168319295299284],[114.17229104539547,26.21688284047076],[114.23223119971021,26.157195695125267],[114.04098520540299,26.081860165414355],[114.01604149042248,25.975514980032358],[114.28794596493435,26.03804510989397],[114.36988495023036,26.120353850549805],[114.42505188983296,26.085093024923196],[114.57696288502916,26.240682474816424],[114.7051107601535,26.165972839974643],[114.90648868480503,26.216023479799787],[115.07636894477105,26.148598234820724],[115.03134004011088,26.411668345118073],[115.11226437520077,26.508319605065765],[115.22555219997412,26.523110650436195],[115.29324798530638,26.662055699710834],[115.52371339965373,26.69964111544516],[115.67004265994092,26.645343039649617],[115.72788044482672,26.713611835218046],[115.67174669535382,26.776735010412438],[115.70298737516725,26.85658827003266],[115.77964344958559,26.807946714968978],[115.93079413004511,26.96863888487667],[115.6258469546733,27.215540635392074],[115.72107373526478,27.44423159471239],[115.58718535981654,27.527126814750773],[115.73197789996016,27.733381574899795]]]}},{"type":"Feature","properties":{"name":"吉林市","adcode":"220200","level":"city","parent_adcode":"220000"},"geometry":{"type":"Polygon","coordinates":[[[127.85892684509793,44.06009529036544],[127.7226767950981,44.09696729010841],[127.71339895000165,44.200252614966246],[127.67499006463981,44.16472687514522],[127.58454671505888,44.22583534052859],[127.61603766990265,44.280187075273375],[127.4573988401844,44.48012524468436],[127.5621622700728,44.55797677980462],[127.3951595249921,44.632109740572105],[127.16541002495273,44.640679835406104],[126.874524329834,44.510146889867144],[126.44758030039065,44.55395078480092],[126.40755046977847,44.5201334852722],[126.4868664150531,44.38031875021022],[126.4632380053298,44.18137132972316],[126.15677043970413,44.155696300443935],[125.99950355004887,44.02448030991843],[126.03605760527432,43.87948624969073],[125.79568076985174,43.82518081024625],[125.88373938986103,43.64332629037608],[125.85254815477356,43.49295624033829],[126.01470989964218,43.35906071977644],[125.65700818997607,43.234196639963045],[125.78339954974945,43.095970665214054],[125.65438934529209,43.05608940530186],[125.80356516040388,43.00421682534625],[126.02251170545094,42.78710786503598],[126.38251925975612,42.81087066045268],[126.37732502023357,42.706492644919706],[126.43212566506747,42.673552064776004],[126.64395978501614,42.72859911485733],[126.75479706962915,42.66462413959243],[126.81631490460927,42.77509167514074],[127.19014202963103,42.841218995160546],[127.2477090448366,42.70824736972037],[127.19963396463584,42.60108259528562],[127.31514284506636,42.63800279509297],[127.45381495999243,42.55938897032479],[127.71486486472179,42.81814652474236],[127.846653590291,42.808796224865944],[127.46283965492614,43.028792140245116],[127.47400557989363,43.13638671057828],[127.65121219029038,43.25774444525001],[127.61328494044767,43.33487488506796],[127.69426645982935,43.38498823551873],[127.69196298040731,43.48235865992427],[127.91043853970689,43.654702535293836],[127.80145787488107,43.82607465542105],[127.84519777495746,43.8938957199116],[127.75624713000116,43.93486242556054],[127.85892684509793,44.06009529036544]]]}},{"type":"Feature","properties":{"name":"济南市","adcode":"370100","level":"city","parent_adcode":"370000"},"geometry":{"type":"Polygon","coordinates":[[[117.25777016006487,37.528212280072694],[117.01299813995229,37.43594223474639],[116.97735846502121,37.328118304915904],[117.05431381493065,37.13700276536537],[116.91105602001937,37.100492005301874],[116.94099122956163,37.03047159029171],[116.86898619515682,36.99778502006268],[116.95912490479054,36.84347147972505],[116.88165573532399,36.833293835042525],[116.88130997027895,36.74533832500373],[116.6049799346763,36.52135455037228],[116.61240511970061,36.42743958476905],[116.31380481973667,36.28323158956624],[116.22167492026142,36.17324098967998],[116.25705548522251,36.045862114944725],[116.53357812503054,36.07904669554864],[116.55505127979279,36.14000107019331],[116.46671324492036,36.21410652519603],[116.50912927009983,36.25629007023059],[116.77081039548341,36.316177990122185],[116.97317610489335,36.24385034012113],[117.28365887995346,36.47596242482609],[117.34560296030838,36.46134058509995],[117.37915272501834,36.22609468052514],[117.47888381493613,36.166972630482576],[117.44171277532439,36.090037445172015],[117.53616519466811,36.10964671542365],[117.75536556526868,35.99033178988026],[117.94458505965281,36.00123872538694],[117.89686638977219,36.173605150357446],[117.96719506000409,36.26835822475232],[117.6873065653458,36.56990928038903],[117.74570980526335,36.74872868008458],[117.59075357521738,36.830250815222996],[117.54507135985546,36.9784101401159],[117.39771007985632,36.95102326031525],[117.3092826802515,37.02877759041354],[117.45337518002066,37.109645400414934],[117.39495279533526,37.22453801501746],[117.43892566478769,37.25253377001752],[117.25777016006487,37.528212280072694]]]}},{"type":"Feature","properties":{"name":"济源市","adcode":"419001","level":"city","parent_adcode":"410000"},"geometry":{"type":"Polygon","coordinates":[[[112.05254542503144,35.27995035032848],[112.03161454527515,35.03405212000939],[112.25126474507204,34.93931126470318],[112.52913643989484,34.89656673516674],[112.49865664498827,34.94296291960313],[112.67220764976332,34.99639907525716],[112.76373052034728,35.1130236896916],[112.75278744018829,35.204236269887986],[112.62294490508339,35.273058500149716],[112.55931592508989,35.21097031512801],[112.05254542503144,35.27995035032848]]]}},{"type":"Feature","properties":{"name":"佳木斯市","adcode":"230800","level":"city","parent_adcode":"230000"},"geometry":{"type":"Polygon","coordinates":[[[134.25570492474253,47.42796139979879],[134.56095839031752,47.47691034043993],[134.76994892500295,47.71481020552659],[134.54380724960492,47.9857571448764],[134.67285667979195,48.25075868056871],[135.07312319038294,48.39383049028493],[135.0750267601769,48.45483987016394],[134.77084580988628,48.36840135004235],[134.5058163997071,48.422788400264494],[134.19704168002954,48.382479599953626],[133.73913115967537,48.25441683037246],[133.69265135987246,48.18288308028997],[133.58551586016893,48.19242571547443],[133.5366625354477,48.11498474514991],[133.04422733492368,48.10958568503139],[132.8109861001285,47.93239454477248],[132.65968839490358,47.949822440153525],[132.6825434101503,47.87243907050674],[132.5982503100039,47.735313769714764],[132.44925894044786,47.67935410021158],[132.40693186990995,47.54307527550361],[132.28334636524266,47.45042316489719],[132.0453159401785,47.36456372543563],[132.0015611347386,47.25287536020977],[131.4779896602946,47.252693765504944],[131.32106059467083,47.17617286008948],[130.96015587579313,47.21855803672406],[130.97904265139732,47.31729777966888],[130.61742208745943,47.33626685403215],[130.54903214152023,47.321762800313024],[130.6848766530352,47.20226693656991],[130.53030083801332,47.11989672455422],[130.3915978538579,47.128688821531966],[130.34954113931224,47.058433151968416],[130.19234616844096,47.09311684036993],[130.12543120148882,47.201049376827314],[129.89236227050242,47.302694308595505],[129.7880435463726,47.26171023254125],[129.70046887943533,47.06046057459588],[129.527353457696,46.97898603158012],[129.70119117353386,46.74059192967388],[129.49466897929005,46.617281249729956],[129.75142757462288,46.52738070035906],[129.9143200204527,46.62685837481422],[129.98050974982516,46.56334514476265],[130.07028628538387,46.609643269821106],[130.02837371507496,46.530456194697706],[130.13101213959862,46.501908780266035],[130.10898858535495,46.58502502038846],[130.18339972531714,46.622807064794245],[130.11594145993047,46.389763285147524],[129.9160984900533,46.372806915107105],[130.2392603246044,46.11234295016709],[130.64781430008998,45.94572506456012],[131.05499890937222,46.06549118536998],[131.13541759434656,46.00528328219775],[131.24818109368255,46.055485066582605],[131.27528819349538,45.96614249348136],[131.3471087292845,46.017522483276025],[131.40463882911877,46.24768336199759],[131.2602225797084,46.35538122486366],[131.05506420015274,46.3983216995868],[130.93230316515906,46.58132577966103],[130.7123220796003,46.622448620207706],[130.6584710549953,46.828866664864734],[130.82153843515073,46.852366625319576],[130.82826128023396,46.937497729936354],[131.20463337513024,46.96306000491535],[131.53137891990127,47.074031835301014],[131.52042113043092,46.888661615541196],[131.8571998446971,46.88473743548434],[131.83179480538604,46.95597498485773],[132.05116158473936,46.98701013990609],[132.25969909493733,46.94147400502135],[132.18761974505526,46.87556997497444],[132.20698928033107,46.805582889738616],[132.39055119997795,46.76062144052713],[132.42547880520272,46.825846950076766],[132.54663755497927,46.780789894837824],[132.712836309748,46.814564460381575],[132.8049575451546,46.75188251056949],[133.14025239513194,46.895698015551034],[133.29749940977,47.20554136993832],[133.28392580543164,47.29971241029955],[133.44627082044212,47.46303469969172],[133.58303803008107,47.437535500463014],[133.68605681477027,47.54116177989226],[134.10349882960736,47.50464446017378],[134.17338207012654,47.57436008055333],[134.25570492474253,47.42796139979879]]]}},{"type":"Feature","properties":{"name":"嘉兴市","adcode":"330400","level":"city","parent_adcode":"330000"},"geometry":{"type":"Polygon","coordinates":[[[121.26789025543098,30.69170051017045],[121.21439583989616,30.7882468246313],[121.12248404040622,30.780896965022976],[121.115849210173,30.85165946461268],[120.98573981474067,30.825745515143467],[120.98506903021166,31.01487415461861],[120.76897434958664,31.003633260366712],[120.67900130496628,30.959025480341722],[120.69480761028308,30.87111740504423],[120.58484901996633,30.858364440166838],[120.44865604993686,30.683215359901],[120.33439005505704,30.660103849912787],[120.30158399460572,30.395676265147586],[120.39533238508159,30.386414029583875],[120.40832353000701,30.318654694558575],[120.45487935489837,30.38478259464108],[120.68200045495712,30.382175229803067],[120.71401278995836,30.291616749913146],[120.84472697496994,30.268191440382736],[121.23546907513776,30.452881279847247],[121.26789025543098,30.69170051017045]]]}},{"type":"Feature","properties":{"name":"嘉峪关市","adcode":"620200","level":"city","parent_adcode":"620000"},"geometry":{"type":"Polygon","coordinates":[[[98.36891415956086,39.65310595977229],[98.41251392457804,39.71514192026348],[98.35200989534047,39.77671758974503],[98.51856448486313,39.89259462474217],[98.47305381518146,39.96912602974254],[98.06078717029175,39.999345720029],[97.98297667483371,39.88214576971154],[98.03164136046047,39.82765564549169],[97.85528891984785,39.709710712979074],[97.96819829011906,39.66194042021425],[98.21668084014874,39.72700032050841],[98.36891415956086,39.65310595977229]]]}},{"type":"Feature","properties":{"name":"江门市","adcode":"440700","level":"city","parent_adcode":"440000"},"geometry":{"type":"MultiPolygon","coordinates":[[[[113.25751003466041,22.39663506455662],[113.05072113477263,22.806573944731838],[112.87684132976358,22.85330865467074],[112.74827240015122,22.69591808035517],[112.69033376529114,22.698508039714284],[112.70533703537592,22.727965405279292],[112.69134292963258,22.76195045534928],[112.54141433970005,22.64522616455588],[112.4877907599357,22.728351370019766],[112.51373196515817,22.606689320056148],[112.46041040021987,22.588025759781033],[112.4142959401056,22.66679441542999],[112.36996062498292,22.55509510005885],[112.30382889468785,22.575353890369797],[112.25331611484694,22.50599664982559],[112.23938889977796,22.411294399716837],[112.07608778042675,22.353154570327206],[111.99773875473983,22.25691686991769],[112.02161413988074,22.129373025344876],[112.2200071346216,22.06976809961816],[112.33445708492661,21.94931170507118],[112.36498338017896,21.864069365109174],[112.30306265971399,21.707993060031754],[112.41651393536984,21.774568659715897],[112.3664979500204,21.99032818010147],[112.36777287481834,22.01193301000046],[112.39873068547286,22.067421229706042],[112.40868915548015,21.904174020214896],[112.41744650535202,21.920851874714288],[112.46010481508517,21.95303300526905],[112.50756745967055,21.948257410051497],[112.42234015547388,21.916739770524032],[112.42884363972223,21.818877139968095],[112.5649046504293,21.754737860364003],[112.82281104959031,21.963398060572104],[112.89728828972284,21.856195705267623],[112.98291191525277,21.892242575234718],[113.01531060979687,22.117663810036845],[113.16375681032855,22.244675010443416],[113.15776371472373,22.40127101034892],[113.25751003466041,22.39663506455662]]],[[[112.84951376474851,21.773007545461894],[112.70395070526092,21.700701929750323],[112.78377235011396,21.682638274836563],[112.72741964000443,21.61566117012694],[112.76725246512922,21.569039415037025],[112.84951376474851,21.773007545461894]]],[[[112.65342569464019,21.70878000998954],[112.55644138516186,21.66865851058185],[112.52114227989239,21.590236629916603],[112.65518573983013,21.63581664002595],[112.65342569464019,21.70878000998954]]],[[[113.01613734486261,21.845782560516795],[113.03363773998979,21.884634725312367],[113.00409532014294,21.870735634741777],[113.01613734486261,21.845782560516795]]],[[[112.45105083013175,21.652100874755604],[112.45301893527574,21.691329945420705],[112.43174089023,21.65911150019565],[112.45105083013175,21.652100874755604]]],[[[112.85655037519973,21.606094045503824],[112.87659704511759,21.61694633550502],[112.86065929039398,21.611085745111097],[112.85655037519973,21.606094045503824]]],[[[112.78857943958951,21.568730515001334],[112.8094507401596,21.571902080316818],[112.8126772603473,21.58169631523282],[112.78857943958951,21.568730515001334]]],[[[112.58223632015006,21.5895858247261],[112.58597014970269,21.601784510446862],[112.57508201991936,21.59309371490309],[112.58223632015006,21.5895858247261]]],[[[112.65582911482181,21.599036315373723],[112.6496391396347,21.60827100470317],[112.6468695703744,21.601572034821572],[112.65582911482181,21.599036315373723]]],[[[112.67327493998653,21.703544710120354],[112.68593897990002,21.70410802476556],[112.6825501698545,21.716149630401162],[112.67327493998653,21.703544710120354]]],[[[112.37575319515395,22.003559850506747],[112.37508390979463,22.007489285302313],[112.37173166528419,22.001966220364807],[112.37575319515395,22.003559850506747]]],[[[112.66147230040644,21.613850324932628],[112.66664684027955,21.61968522978958],[112.65967900008582,21.617461655131308],[112.66147230040644,21.613850324932628]]],[[[112.39631941510902,22.049736340459788],[112.39931066005897,22.053653059740952],[112.39795870023386,22.056129504872786],[112.39631941510902,22.049736340459788]]]]}},{"type":"Feature","properties":{"name":"焦作市","adcode":"410800","level":"city","parent_adcode":"410000"},"geometry":{"type":"Polygon","coordinates":[[[113.57998008461323,34.94579144032275],[113.64369437969196,35.03485908977524],[113.52560497468994,35.15122728501126],[113.54240929994933,35.23096499523837],[113.37503854958948,35.49477086518334],[113.28815240990582,35.471139799762],[113.29652729519853,35.42447737463118],[113.18486853025854,35.44881259482543],[113.12868347985875,35.33413885542387],[112.99048970983233,35.363476684901116],[112.91951598467506,35.24940527543316],[112.77754295494344,35.244433465232305],[112.72902623477296,35.03900048038793],[112.56323831459656,34.95596589960661],[112.63372975492427,34.85646249015184],[112.84303887984049,34.81042404523356],[113.14174929999024,34.85708776538809],[113.36575495512716,34.98077174492016],[113.57998008461323,34.94579144032275]]]}},{"type":"Feature","properties":{"name":"揭阳市","adcode":"445200","level":"city","parent_adcode":"440000"},"geometry":{"type":"Polygon","coordinates":[[[116.50959001526701,23.65728837975496],[116.26654354504865,23.75958816006556],[116.14520016535539,23.61740645974038],[115.83788938998339,23.664863215564992],[115.78072533040972,23.519102275549642],[115.68075007545565,23.56007817047123],[115.61461578029412,23.508272384962652],[115.6705268450379,23.357578515136424],[115.81411932534661,23.341621889938324],[115.82711584012395,23.260928755257908],[115.72416918466024,23.184451709778614],[115.8454207498678,23.100292495302483],[115.90378641970756,23.129070209922304],[115.97824078018789,22.92792781052009],[116.15162907961837,22.888943015507834],[116.29511115015953,22.959888490261676],[116.49651348960595,22.938714045317],[116.55798315509855,23.005175360054864],[116.53650754968373,23.10389708508245],[116.37576095010786,23.04233641988992],[116.23997477491594,23.142769310155586],[116.37376137498757,23.50321596024844],[116.48479387813506,23.500000029577734],[116.46117310275656,23.44347865971241],[116.56449298676205,23.380721895299303],[116.57654906518724,23.465018320239324],[116.6300773401972,23.441972465257095],[116.54621929518441,23.490304435001747],[116.50959001526701,23.65728837975496]]]}},{"type":"Feature","properties":{"name":"金昌市","adcode":"620300","level":"city","parent_adcode":"620000"},"geometry":{"type":"Polygon","coordinates":[[[102.41594330493962,38.892436950405],[101.96713087498989,38.994107310504035],[102.07145386010762,38.89054478491403],[101.7733285199954,38.65882390979573],[101.64757840022315,38.68535131021497],[101.51837628493769,38.5554213151417],[101.51450135985004,38.43761464979633],[101.33238727495291,38.36689975491987],[101.48411399546455,38.2320328100663],[101.3832058755508,38.06521829129127],[101.88409354498128,38.10111234036225],[102.05760419987405,38.02221059044655],[102.2753915997427,38.12848017521998],[102.71736553539125,38.18932735517336],[102.70019270033293,38.41223988526252],[102.5712870699424,38.417001264896555],[102.61387057047045,38.47081893544555],[102.3927288954223,38.668706180246204],[102.41594330493962,38.892436950405]]]}},{"type":"Feature","properties":{"name":"金华市","adcode":"330700","level":"city","parent_adcode":"330000"},"geometry":{"type":"Polygon","coordinates":[[[120.035211564762,29.65966224521651],[119.778450874908,29.657025639821484],[119.7058047354003,29.439208930148084],[119.62885927533534,29.436712584817997],[119.61005656475868,29.36970594996967],[119.48590786505599,29.331538340122336],[119.43302485990944,29.426605730270296],[119.32939655520693,29.409399890092914],[119.34332848002543,29.31831252969954],[119.21624237958224,29.197330729629527],[119.3309319497497,29.07803258993215],[119.3219538046244,28.783143675140536],[119.4686016002837,28.767403249660276],[119.45092818009152,28.650294864716273],[119.51190469514563,28.641277205178937],[119.4882918248079,28.559068669683427],[119.53782881504787,28.53471106986001],[119.697512680366,28.53063358057534],[119.9121394452792,28.8038571105173],[120.19623849471077,28.786334100138674],[120.26693773958505,28.953220005299045],[120.35558158532194,28.842183490275886],[120.4759726648067,28.831008195272034],[120.72491309476356,28.98577478527818],[120.69005000510367,29.092701389557533],[120.77363126487103,29.20144198485974],[120.76742968033557,29.3107037004155],[120.56892868960745,29.342102949591492],[120.46612150460385,29.49782271034985],[120.2851613299315,29.357794004989387],[120.27533734993881,29.49732241479768],[120.19160766516165,29.558535810379396],[120.07318687527413,29.506605150407438],[120.00137519960583,29.57689476038496],[120.035211564762,29.65966224521651]]]}},{"type":"Feature","properties":{"name":"锦州市","adcode":"210700","level":"city","parent_adcode":"210000"},"geometry":{"type":"MultiPolygon","coordinates":[[[[122.4824909901671,41.56452150036699],[122.59496613987551,41.765334915174265],[122.45379368033412,41.840636960427446],[122.43734690483586,41.89959987993058],[122.51771061964939,41.90252964542685],[122.42039186489274,42.126620675004176],[122.14646189500047,42.03010348508781],[121.81925858541547,41.78481400496241],[121.53999638042865,41.78324787518932],[121.46545062005009,41.69264376999405],[121.25597203498148,41.78975754497475],[121.2191590604424,41.675923960322564],[120.97502197518406,41.59864772960907],[120.87859827519026,41.41930050971081],[120.80127105021882,41.41977759016373],[120.71146968977439,41.21977561475285],[120.93508418478734,41.12069825552015],[120.94626295477156,41.04640283042636],[121.02872668998486,41.04859731471436],[121.00685337018695,40.7850560397045],[121.0800086204016,40.86861831028682],[121.17360746980899,40.90474192480002],[121.23335671963696,40.851881880244605],[121.25588150472777,40.91437094526299],[121.2900987201798,40.85088603036604],[121.42928583996957,40.83335230546459],[121.42528743526702,40.90292456042016],[121.50201705983955,40.88783014044867],[121.53184600009286,40.832837000227414],[121.66648816030045,40.96879189542966],[121.66700624983866,41.089567544806414],[121.7588260846561,41.098629065179296],[121.57560316985052,41.10619827033395],[121.61838605996877,41.20527169503276],[121.57564731487173,41.23837217553552],[121.63866842960442,41.29732000531402],[122.0387793098173,41.36246198043608],[122.2735224250199,41.5152485546771],[122.4824909901671,41.56452150036699]]],[[[121.50643199993692,40.853709000470076],[121.4938475797021,40.877455574814974],[121.4712724451673,40.85910993027909],[121.50643199993692,40.853709000470076]]],[[[121.09746900019422,40.85488499984291],[121.09246999989068,40.8672760001873],[121.08925910002756,40.858585899819445],[121.09746900019422,40.85488499984291]]]]}},{"type":"Feature","properties":{"name":"晋城市","adcode":"140500","level":"city","parent_adcode":"140000"},"geometry":{"type":"Polygon","coordinates":[[[113.58043318014722,35.826615100106835],[112.9021286154433,35.919103490034104],[112.61003744477227,36.0674805048215],[112.37295222966168,35.889975404941026],[112.13656125969442,35.910134870527884],[112.21845185516906,35.83762386494948],[112.18287938027925,35.81424933473903],[112.0322919946799,35.86172785055993],[112.05132207995007,35.76968723038141],[111.93563662483041,35.62265195012748],[111.95611922042576,35.419230784673005],[112.05254542503144,35.27995035032848],[112.55931592508989,35.21097031512801],[112.62294490508339,35.273058500149716],[112.70579890019917,35.18735390955533],[112.97998203464329,35.28648524519798],[112.99048970983233,35.363476684901116],[113.12868347985875,35.33413885542387],[113.18486853025854,35.44881259482543],[113.29652729519853,35.42447737463118],[113.30331299030229,35.482260204644774],[113.50062485964963,35.5148635399205],[113.54505468992204,35.65461677034773],[113.61936178012206,35.63314494478345],[113.58043318014722,35.826615100106835]]]}},{"type":"Feature","properties":{"name":"晋中市","adcode":"140700","level":"city","parent_adcode":"140000"},"geometry":{"type":"Polygon","coordinates":[[[114.12613422001834,37.694010230387846],[113.51907943996423,37.67903868478754],[113.36126500527587,37.83795006484365],[113.25157184986108,38.089208375066505],[112.81854279521394,38.00439122017872],[112.572192949645,37.63156144960129],[112.61816556958547,37.523343249791196],[112.35126734031553,37.48399426981973],[112.12981523008887,37.26534177520284],[112.06307694484519,37.316979085316575],[111.95123046981041,37.25288626468944],[111.85501460494015,37.04285915972247],[111.63194046488059,36.946859050304965],[111.49563034016813,36.990215355354394],[111.5793480046068,36.919280224602744],[111.4015296951394,36.80073867015358],[111.53708190000975,36.79005057027763],[111.66579143502679,36.64281761993726],[111.74209724509183,36.71858450497098],[111.97668135026419,36.679571925404105],[112.01515217013662,36.878857290431654],[112.08194472496916,36.88601142518718],[112.05751821009733,36.9701865747507],[112.17892934471354,37.01081905455578],[112.51072088026444,36.94528693464434],[112.54449801966791,36.97540837040003],[112.4320380999784,37.110743530189836],[112.48697855971284,37.12478956998274],[112.70304675980015,37.09487155457862],[112.87200601956226,36.98091269976135],[112.90481955517839,36.86281168990763],[113.29805857983968,36.97960843458162],[113.50440934981168,36.76064780974866],[113.5916476046533,36.75213953521143],[113.69210403467355,36.88651078544444],[113.79162740008451,36.88093573969269],[113.76615804036135,37.15215564037055],[114.12203732965907,37.60082558533253],[114.12613422001834,37.694010230387846]]]}},{"type":"Feature","properties":{"name":"荆门市","adcode":"420800","level":"city","parent_adcode":"420000"},"geometry":{"type":"Polygon","coordinates":[[[113.47746126002914,31.23160057031015],[113.13874261997603,31.439737089894834],[112.90134960470061,31.467839660072286],[112.8769635251466,31.5574463604612],[112.75442286002703,31.613167835527236],[112.69213576475386,31.539462690350945],[112.71963664531495,31.517321889693505],[112.71839912961616,31.490849075424535],[112.71329166028193,31.477560469839887],[112.70810099016865,31.47271214015319],[112.70786808464447,31.47266006041349],[112.54110502507694,31.57288640968011],[112.42946033542626,31.504654335229418],[112.2686700899527,31.548238864831774],[112.17599072988833,31.46931816979776],[111.94845379500669,31.442083324885573],[111.94078375966285,31.274198405132324],[111.85542682538772,31.228860515000804],[111.9593585253757,31.115824139772258],[111.91319927992288,31.050462140115712],[112.01535678478785,30.986643399573268],[112.13212472957264,30.522554640184524],[112.29633089515471,30.48505204031943],[112.32802321000315,30.405192630235774],[112.52332056019577,30.39519126976137],[112.56300220029141,30.513762044982457],[112.616555995363,30.507267830046374],[112.61708792007153,30.622242714629635],[112.71557393009289,30.641828705030775],[112.60228173011785,30.655764625537074],[112.60033282010363,30.706045919883366],[112.79318437495897,30.832902304697654],[112.87854602527887,30.69828705040709],[113.07669835514503,30.824466060460395],[113.183335845373,30.813672759690178],[113.45390909482887,31.04077542004967],[113.47746126002914,31.23160057031015]]]}},{"type":"Feature","properties":{"name":"荆州市","adcode":"421000","level":"city","parent_adcode":"420000"},"geometry":{"type":"MultiPolygon","coordinates":[[[[112.07545656516845,30.660168225183497],[111.90357909529905,30.461622750389665],[112.04083030477477,30.279661265155312],[111.92103425003069,30.35508138509789],[111.88812370004877,30.279995009861864],[111.8215795550525,30.287556190365933],[111.73088742511464,30.376244160439683],[111.5676224099463,30.258169085235124],[111.57026084006577,30.125301120150652],[111.38293061985229,30.126043249696295],[111.23999120473036,30.0431673650819],[111.39103666001392,29.91455609988418],[111.74172895472753,29.924242249780036],[111.95833684516936,29.84193223478485],[111.94927414488592,29.79868166033043],[112.05886131519765,29.77184948506573],[112.0614345004019,29.682761064871272],[112.19302224008436,29.619906025242926],[112.23872744481582,29.66277984041733],[112.29750428469504,29.58828285477],[112.27676692465388,29.498946540050838],[112.43403395010682,29.63614398985328],[112.67899097965005,29.59355020557757],[112.88014960462067,29.793733465427124],[112.93092115538707,29.677539844788043],[113.0249305695902,29.772775150053178],[112.90678542460773,29.607968704991777],[112.94725571977574,29.47288647503086],[113.04839557519574,29.527382919686033],[113.08674232459862,29.433622759782565],[113.63808505538111,29.91069504504037],[113.81028205527275,29.92969088052979],[114.08243549000588,30.100404140238936],[113.94400401477355,30.20759695553511],[113.55405271006452,30.072042915148472],[113.36678863498753,30.19530184990049],[113.14592315972607,30.143904559847613],[113.03001430491634,30.192312120308145],[112.98524543472911,30.134970975230374],[112.86336533514213,30.189427634777587],[112.80138853025653,30.158313305214904],[112.81093444976511,30.08129415470154],[112.57251643038899,30.119715824825505],[112.52551594020849,30.39326910018889],[112.32802321000315,30.405192630235774],[112.26054883955737,30.504647219993274],[112.17953104512173,30.47285051004303],[112.07545656516845,30.660168225183497]],[[112.91424699979927,29.80161599977862],[112.93193499980043,29.76808800046092],[112.88897099971189,29.802261999891414],[112.91424699979927,29.80161599977862]]],[[[113.11644775016362,29.423523109703808],[113.1153185146378,29.437965239704113],[113.10532478041432,29.437132429717906],[113.11644775016362,29.423523109703808]]]]}},{"type":"Feature","properties":{"name":"景德镇市","adcode":"360200","level":"city","parent_adcode":"360000"},"geometry":{"type":"Polygon","coordinates":[[[117.70359802522876,29.551551820160398],[117.64288210492532,29.617207309969444],[117.53742941483574,29.59113495481438],[117.44562626514005,29.693414049818614],[117.42067978024772,29.850886260092864],[117.28528412036587,29.82287751978174],[117.24618802975385,29.915857575366886],[117.12465291999638,29.90386008507494],[117.06664028981754,29.829913134683466],[117.13370534012938,29.78845529487603],[117.11144781016833,29.71297481513568],[117.02241312986212,29.60486041957273],[117.06838947479446,29.314261145035857],[117.00114093490629,29.28338881494193],[117.07343809519205,29.122569419743],[116.96191683479412,28.88288000540797],[117.24294626965468,28.722382689809365],[117.39685742992651,28.786557534902386],[117.38963439541112,28.832662544940547],[117.54372293526535,28.81035049987571],[117.55576396533479,28.898507330349048],[117.45164261001855,28.972728125202877],[117.51811433980504,29.057612019679027],[117.49103973969227,29.163333134916286],[117.41554234460364,29.13853855001412],[117.36987509036317,29.1957535301014],[117.50664243490053,29.44039317540478],[117.70359802522876,29.551551820160398]]]}},{"type":"Feature","properties":{"name":"九江市","adcode":"360400","level":"city","parent_adcode":"360000"},"geometry":{"type":"Polygon","coordinates":[[[116.7420931998414,30.059760519632334],[116.60197971539162,30.071040895021326],[116.54155371043544,29.90763417008094],[116.25800186519393,29.78373715554534],[116.14284302968213,29.829797210273114],[115.92739042003188,29.720843595255758],[115.67490834024773,29.85083100035041],[115.50600845012991,29.842309760287264],[115.3547564853236,29.648916919680175],[115.10841212022319,29.683397614908074],[115.11138760455435,29.597636969570544],[115.17281364033727,29.59474614471884],[115.15333065468599,29.50893938034818],[114.99558410981888,29.574815474754416],[114.94612185503968,29.49984833972917],[114.89172829012853,29.53229813015463],[114.87966873492428,29.43909244995666],[114.94440991008935,29.466318090307652],[114.87493497976561,29.393554115330232],[114.66544011966585,29.3962886299164],[114.49943870493234,29.325107865535642],[114.26889695523039,29.356903794874313],[114.24953351466002,29.23865618473519],[114.06696235472896,29.208384224952056],[113.95018552464228,29.103403630373293],[113.95886612007541,28.94556473502456],[114.14553151017117,28.839521710158863],[114.1338490901635,28.781374595361342],[114.2118781604488,28.833280890001106],[114.3449350146393,28.705799495250574],[114.45921474486465,28.69936366520102],[114.56229249000648,28.774223360020073],[114.61942519022045,28.698173079723915],[114.73140749525976,28.689697365141342],[114.89135525494112,28.77506717501018],[114.97482038525266,28.997581114776665],[115.2101602545921,29.097666165261387],[115.43519841507486,29.066057285015745],[115.7585683698345,28.896287784653566],[115.92516074976879,29.096820940134307],[116.16844001489483,29.12081698011957],[116.1372614746374,29.086767644711074],[116.23342969972089,28.993185750222267],[116.27525307976589,29.110017500107574],[116.39537100996415,29.055720769697814],[116.46799389480248,29.15843203481063],[116.64172242035352,29.232305210217305],[116.53298599520758,29.34547417519309],[116.48784803515878,29.576756385299007],[116.67932923006003,29.608613544979164],[116.64414856460462,29.698654304952242],[116.89278658493299,29.91320079458103],[116.89277793525355,29.970531660407858],[116.82838861983896,29.960359935063025],[116.7420931998414,30.059760519632334]]]}},{"type":"Feature","properties":{"name":"酒泉市","adcode":"620900","level":"city","parent_adcode":"620000"},"geometry":{"type":"Polygon","coordinates":[[[97.19051214531936,42.76286676518913],[96.38478322536554,42.7253513400924],[96.10274951038173,42.60243883048781],[95.97788262468345,42.43524162050443],[96.06506316013679,42.41279052046633],[96.04005788026694,42.32485010015205],[96.17757175023627,42.216310190363174],[96.07614414503638,42.147903955003585],[96.13650593030451,42.01784950994704],[96.04162585005298,41.9255703005291],[95.5700697751002,41.79378370545379],[95.29630895509428,41.564997610451485],[95.1356331303648,41.77136635517314],[94.86105688516716,41.66715603981942],[94.74887329476684,41.536782554871195],[94.53303515474863,41.50453806977623],[94.00931986971625,41.113524484967115],[93.80611419531402,40.87599945011459],[93.75927812008928,40.66397164497545],[92.92734340987056,40.57200803554258],[92.90580101540456,40.310079809735555],[92.79531504015705,40.15316676013805],[92.63882495520761,39.51382324025053],[92.33851887514601,39.23742327516419],[92.35572343468891,39.06360130555589],[93.1153707197829,39.17895844517625],[93.19661547972072,39.04571022514688],[93.18761017506955,38.919062455168216],[93.73034058964663,38.92369834520258],[93.88346593040848,38.86747070470943],[93.75450819959389,38.80604357984737],[93.87422394038259,38.72044258036095],[94.36965677464053,38.761648440023464],[94.55054508538757,38.350268874708945],[94.9712015497118,38.43035051536407],[95.12257420983195,38.41344396057042],[95.2674244154046,38.29729193987123],[95.45367086981497,38.291365670189634],[95.70192027959729,38.39967652535154],[96.04883186489877,38.17729510518501],[96.26516574000698,38.144713275397464],[96.39609648986124,38.280710145556895],[96.66532536527353,38.22214947481848],[96.65760608035646,38.48860430054816],[96.77876032992538,38.504852084856],[96.79441831545307,38.607769895464344],[96.93552537539586,38.55432114030856],[97.05529698476806,38.59281771046915],[96.99353456027194,38.8839865598319],[96.938926890164,38.90855317019282],[97.01251229960303,39.14135866996668],[96.96202894468013,39.19760193977788],[97.4315717496367,39.12538493516672],[97.39486587985658,39.317994084959196],[97.47640897009796,39.37249439490046],[97.50862070548135,39.527088789915865],[97.69990563503723,39.69683928040854],[97.82891455975926,39.6844909546939],[98.03164136046047,39.82765564549169],[97.98297667483382,39.88214576971154],[98.06078717029186,39.999345720029],[98.47897287499819,39.965140499734446],[98.51856448486325,39.89259462474217],[98.35200989534059,39.77671758974509],[98.4132924352977,39.70889525541173],[98.32841992533935,39.56843046519384],[98.42991727026595,39.57777771996598],[98.5491960754386,39.50890691552189],[98.5108409902196,39.47292202503155],[99.11960124010528,39.26139466023545],[99.17172981028256,39.16133495534399],[99.19599191019853,39.284513874715515],[99.2875426948396,39.291005540073684],[99.30322105990416,39.34893676541958],[99.23686450988941,39.459352150181644],[99.1009909898425,39.512709245535405],[99.07166532459524,39.615653409877154],[98.81519121540236,39.59103888543626],[98.8104822302709,39.66284734512902],[98.95459857466466,39.66236708557261],[99.02657592973549,39.85503856557739],[99.19474273029289,39.8047658102941],[99.9263165103988,40.06324678001505],[99.9868053851605,40.18611186477085],[100.16794693959969,40.276594965285426],[100.1680300396547,40.54022789470167],[100.24101813467928,40.61762886048365],[100.23571317961967,40.71571918049591],[100.05537212522347,40.90664501975192],[99.6716340854448,40.93179891528786],[99.56456907460324,40.84574631494053],[99.173246194956,40.85706069999145],[99.10054338466966,40.67517039969425],[98.98392756470554,40.78180184018282],[98.79000875020375,40.70451188491563],[98.80181214971111,40.606134959960514],[98.66783509481394,40.771913310451055],[98.5930837251338,40.75255698531669],[98.627350024684,40.677057205225935],[98.34340005047204,40.56728529977693],[98.33231865548163,40.91781326047368],[97.97152747511308,41.09666136473038],[97.61575689046822,41.4633304348518],[97.84645337032686,41.65509064981376],[97.19051214531936,42.76286676518913]]]}},{"type":"Feature","properties":{"name":"喀什地区","adcode":"653100","level":"city","parent_adcode":"650000"},"geometry":{"type":"Polygon","coordinates":[[[79.56743819022034,38.78500022008416],[79.80168125538569,39.898440129908124],[79.8610475702892,39.936210529892094],[79.83957575461744,40.13102101500789],[79.14532479989964,40.256461005371136],[78.88496034044744,40.255344544715],[78.37384800528127,40.007106934937156],[77.79464683967996,39.986821635310264],[77.49885089025645,39.87544147044758],[76.8373840453375,39.83008893035992],[76.56170737979181,39.591633245577896],[75.7793999796254,39.586271260010676],[75.58295065005251,39.66759043974707],[75.35783533493282,39.65389051483544],[75.38612626991147,39.500488340264724],[75.29640826492954,39.403810800328245],[75.34679323042332,39.14303149980395],[75.53369375456316,39.241684739659036],[75.58120418012885,39.20944855980326],[75.63866213994584,39.28660126503638],[75.70016367021725,39.30600698543407],[75.75429191533965,39.29858910020687],[75.60528137493554,39.14691084955609],[75.55784519470001,38.973770094814085],[75.75480182464457,38.99754293026206],[75.77015310538155,39.09636514013914],[75.70246962996953,39.126127945148596],[75.85038974958735,39.19935439019298],[75.85959435029906,39.289922080040014],[76.15487373543459,39.2284554551552],[76.03635292025115,39.16925933515023],[76.1379326349832,39.03952758033364],[75.9254169449361,39.03971290542631],[75.75256538518443,38.947675705369534],[75.91335487522736,38.87023353534943],[76.15146446041655,38.60471534543689],[76.40629768459053,38.60471153500936],[76.34177589544129,38.498491285244654],[76.59820427500733,38.42282431039365],[76.59977453536658,38.21685865979936],[76.4672568346353,37.928850320386005],[76.48841159521902,37.85480083019422],[76.38277517543406,37.869971584621],[76.28903685466719,37.73399914994087],[76.2097568597913,37.81360060478414],[75.79705489986378,37.65145722047441],[75.87523102459215,37.929968704692044],[75.66191545503426,37.87622435497008],[75.407143210291,37.921797149818644],[75.39514708516992,38.11144975050564],[75.26361178045937,38.20916740495181],[75.17414866492902,38.20360197475139],[75.11532361509279,38.27512339512862],[74.8054429298474,38.28538495555131],[74.8212419002935,38.09770645488902],[74.92391349541157,38.02785278497811],[74.91924144004048,37.838375110522975],[75.0096928502449,37.77753660543004],[74.89276647998912,37.65979889020667],[74.9420825850433,37.555975505465256],[75.13259849532437,37.454747705342356],[75.13867243458526,37.35646067032371],[74.88023740043576,37.22537908977324],[74.73506324467309,37.287483244955865],[74.51559895992409,37.24419780468497],[74.46256039994256,37.130762734812436],[74.5690791553788,37.03216725481502],[74.70011080017332,37.09213078970424],[74.7362480951735,37.0282970304836],[74.84925300492228,37.05609454972375],[74.89883294498446,36.93571169993504],[75.1382095400383,37.02730786976241],[75.40264591028057,36.95602244497991],[75.45126003512257,36.725570825333364],[75.64169735544863,36.77185029035866],[75.85930589005483,36.670494815283575],[76.01226350995307,36.47257464000768],[75.9853510450148,36.33702930505842],[76.0671528000617,36.23442248001351],[75.93289046042645,36.13471919983124],[75.94934759971204,36.070386760240865],[76.10060364024588,36.0172750952695],[76.15936226975299,35.82691689010244],[76.36352002492924,35.82358564476175],[76.56975981046696,35.923760954804266],[76.59217954485018,35.77158946558143],[76.76766479529414,35.6542344505595],[77.1890537250494,35.51916672486453],[77.30136428533353,35.54353240509647],[77.38550202489859,35.47138714480093],[77.72873120478135,35.46183375552346],[77.90525464518578,35.78258969495852],[77.89713503965044,35.95530041997847],[77.72803934014348,36.09910386055475],[77.90841389968176,36.199498880369106],[77.62626446533284,36.34464412472664],[77.5562623398352,36.46836822031719],[77.39952757004136,36.50953156003351],[77.64575398006218,36.67022971492946],[77.48664007537923,36.79944801981031],[77.51624132527701,36.93137952984148],[77.6090954451987,36.93500598483837],[77.6817593696992,37.11329087517379],[77.59783117486887,37.300898795243256],[77.66369936963025,37.58407306551959],[78.50478644973492,38.422635674896526],[79.25352463015759,38.802204880350985],[79.56743819022034,38.78500022008416]],[[79.5947525603824,39.892219200056104],[79.26513297031039,39.876285010245056],[79.32281375515072,39.80311453001161],[78.99865398968996,39.62360938556475],[78.70414232790614,39.649695155007464],[78.65461653962166,39.73194706030864],[78.77393035809962,39.82754822057399],[78.80834925281584,39.6547676155331],[78.88243867470516,39.70221371529078],[78.86919048015659,39.7615955327077],[78.99219505515771,39.781653280474586],[78.90498276014631,39.83120270474109],[78.9878469652653,39.86338626796197],[78.94132365985905,39.908449050083675],[79.03384039461855,40.03479305515543],[79.48277594985024,40.097959135206],[79.5947525603824,39.892219200056104]]]}},{"type":"Feature","properties":{"name":"开封市","adcode":"410200","level":"city","parent_adcode":"410000"},"geometry":{"type":"Polygon","coordinates":[[[114.05702396388503,34.31715432241428],[113.89655879994868,34.294450315030154],[114.01096994990344,34.243698185123236],[114.08367267475423,34.249460360007745],[114.13097811514807,34.196411255475105],[114.27661998492447,34.27904320977636],[114.40170299479753,34.24702104518515],[114.43507505976636,34.33283010012905],[114.72024684481607,34.22464068491975],[114.82688773538074,34.29015217528279],[114.89392054499721,34.261752704723634],[114.84880502483216,34.41327087964745],[114.91658370967045,34.49444901960667],[114.88323979977703,34.65441905459577],[114.93083491989574,34.68001052966225],[114.85490485017876,34.68686889538326],[114.82394408525138,34.76337724536365],[115.24323056463899,34.799206560334575],[115.24946109025731,34.91017443999848],[115.11994144504172,35.00739089507393],[114.91256139469269,34.96998462519045],[114.87172757466803,35.02607712995561],[114.75000148488077,34.968066859597975],[114.75272301505518,34.89071206500987],[114.20674752547801,34.9137026251761],[114.18878619003067,34.81978291025317],[114.11113987030888,34.81907878515787],[114.16480283498296,34.711001939887744],[114.0888888748218,34.47594984011309],[114.02345860493071,34.50470639998047],[113.9785155494933,34.43460001914323],[114.05702396388503,34.31715432241428]]]}},{"type":"Feature","properties":{"name":"可克达拉市","adcode":"659008","level":"city","parent_adcode":"650000"},"geometry":{"type":"MultiPolygon","coordinates":[[[[80.51781867529166,43.843228180236395],[80.74180565960359,43.925293194725214],[80.64474902484767,44.18004122971905],[80.56331143047817,44.1659539605069],[80.59204484988999,44.01478542490747],[80.44035320024005,44.083821729789065],[80.51781867529166,43.843228180236395]]],[[[80.61246319522036,43.6828032204923],[80.772270595012,43.71869150490909],[80.77387874470838,43.8011129504024],[80.53705999961932,43.832635595556326],[80.61246319522036,43.6828032204923]]],[[[80.85649359480362,43.9199615504852],[80.73722211460898,43.88600444504914],[80.76194767474544,43.852930730169135],[81.05304021483408,43.83903147052598],[81.13053756006042,43.86518639513611],[80.85649359480362,43.9199615504852]]],[[[81.09080443018036,43.96125841974032],[80.98982926041208,43.991718930484296],[80.93464671037742,43.93583807486732],[81.07344253064832,43.91304183481287],[81.09080443018036,43.96125841974032]]]]}},{"type":"Feature","properties":{"name":"克拉玛依市","adcode":"650200","level":"city","parent_adcode":"650000"},"geometry":{"type":"MultiPolygon","coordinates":[[[[85.00772717037268,44.754328565311084],[85.04840155498783,44.93052969049285],[85.25684854032795,45.03474384055585],[85.20067684036394,45.24326380498064],[85.25032952478779,45.394498949766785],[85.48885782982506,45.51158346040842],[85.63969168542297,45.78839228967246],[85.94140869475552,45.96350535029171],[86.02171771999684,46.06745175959111],[85.98734132993849,46.12565362511475],[85.61578081483282,46.211550995282266],[85.37667710016808,46.142665520197625],[85.28011148985343,46.08996894990719],[85.28561293958558,45.96655638037271],[85.1378738651868,45.75289032522841],[84.89283382462139,45.63966463011866],[84.77153222023583,45.649854705230496],[84.80262126535916,45.609136379740164],[84.57693787008668,45.30991765557542],[84.5865295650874,45.24062026041673],[84.66643687036532,45.157909330351345],[84.65378581216555,45.06258758135186],[84.80271685699739,45.02481903666927],[84.91468760844646,44.887788146705645],[84.8470292951659,44.825687274947825],[85.00772717037268,44.754328565311084]]],[[[85.11042696013618,44.342499910042875],[84.78271696981238,44.389728540240014],[84.72846469019333,44.1275927401129],[84.91498021006868,44.17835339019683],[84.96434671043238,44.295329435405165],[85.11042696013618,44.342499910042875]]]]}},{"type":"Feature","properties":{"name":"克孜勒苏柯尔克孜自治州","adcode":"653000","level":"city","parent_adcode":"650000"},"geometry":{"type":"Polygon","coordinates":[[[78.36229701489538,40.00887371514989],[78.30987189507198,40.0657090347442],[78.0265940345871,40.094099930267646],[78.08352096542029,40.27403463049387],[78.19917309526221,40.41746282984576],[78.52460408481073,40.553758055489936],[78.60563400480555,40.695826024851215],[78.56184071467732,40.76347960050322],[78.86137499026364,40.89117852506894],[78.87493213520992,40.98422932492343],[78.70797059526683,41.187571459755134],[78.3958816795959,41.40891229056979],[78.15903049506136,41.37818168553639],[78.12937974467951,41.22968695039248],[77.82898949976567,41.14973075976678],[77.76593804460515,41.019688815286656],[77.16504863968305,41.00851244469362],[76.99866130967177,41.071861470230715],[76.87716602998836,41.02717519018296],[76.75682875514298,40.9522055154722],[76.72679996034992,40.82014543026747],[76.64213873531446,40.75775595976978],[76.65518413004361,40.62520213507054],[76.53808709004721,40.464599534940646],[76.33857523525893,40.34076841553002],[76.2740442550384,40.43851667480476],[75.95504722045291,40.37539141498189],[75.92082719461939,40.293539779936964],[75.70238315475882,40.281671024897946],[75.6667857902321,40.36233097549416],[75.72879517485751,40.47198032043548],[75.64713207008901,40.513240169997914],[75.59373696488905,40.65957702505972],[75.22388620488448,40.44765710529123],[74.837351420132,40.52079272510423],[74.79336834517306,40.44294811476374],[74.90276366491128,40.336884714857774],[74.70477649014299,40.348005220464586],[74.36499765461815,40.09643907500339],[74.03890607975183,40.09489343988042],[73.9415107351324,40.02182220523065],[73.84122619523276,39.76119882556537],[73.92096546488438,39.723376239721745],[73.94869339998047,39.59444688521563],[73.8640229649879,39.4765959849168],[73.62711113467117,39.47068294965845],[73.50114210012788,39.379088064962275],[73.73428921007906,39.024874869579605],[73.83649132491479,39.00463347035844],[73.82230781475391,38.92061362022247],[73.74085471966964,38.93486786026358],[73.69572016985,38.86684176473568],[73.80530733026916,38.60494681024716],[73.99840440004306,38.52507410458634],[74.08342525497159,38.54321880010758],[74.14446919489751,38.67600628486218],[74.78632579020314,38.5384810150868],[74.869104959926,38.431974535396535],[74.80582009022504,38.28499028987005],[75.11532361509279,38.27512339512862],[75.17414866492902,38.20360197475139],[75.26361178045937,38.20916740495181],[75.39514708516992,38.11144975050564],[75.407143210291,37.921797149818644],[75.66191545503426,37.87622435497008],[75.87523102459215,37.929968704692044],[75.80026458474288,37.65182750553498],[76.2097568597913,37.81360060478414],[76.28903685466719,37.73399914994087],[76.38277517543406,37.869971584621],[76.48841159521902,37.85480083019422],[76.60386819536097,38.41009420987996],[76.34177589544129,38.498491285244654],[76.40629768459053,38.60471153500936],[76.15146446041655,38.60471534543689],[75.91335487522736,38.87023353534943],[75.75256538518443,38.947675705369534],[75.9254169449361,39.03971290542631],[76.1379326349832,39.03952758033364],[76.03635292025115,39.16925933515023],[76.15026812017766,39.23224729008041],[75.85959435029906,39.289922080040014],[75.85038974958735,39.19935439019298],[75.70246962996953,39.126127945148596],[75.77015310538155,39.09636514013914],[75.75480182464457,38.99754293026206],[75.66111705490823,38.955528709582325],[75.54976318981943,38.98779809510603],[75.68335637539644,39.27295671498047],[75.75429191533965,39.29858910020687],[75.63866213994584,39.28660126503638],[75.58120418012885,39.20944855980326],[75.53369375456316,39.241684739659036],[75.34679323042332,39.14303149980395],[75.29640826492954,39.403810800328245],[75.38612626991147,39.500488340264724],[75.35689810466386,39.65304115552493],[76.44828874502963,39.575711395364635],[76.58889316039108,39.60242369549718],[76.8373840453375,39.83008893035992],[77.49885089025645,39.87544147044758],[77.79464683967996,39.986821635310264],[78.36229701489538,40.00887371514989]]]}},{"type":"Feature","properties":{"name":"昆明市","adcode":"530100","level":"city","parent_adcode":"530000"},"geometry":{"type":"Polygon","coordinates":[[[103.06087171455806,26.536092845308588],[102.9883910548034,26.48485709957555],[102.98294714009847,26.348974244565795],[102.87831656975396,26.369470470286046],[102.70798562533639,26.214053184806687],[102.60158271517025,26.251832294724693],[102.63499697992677,26.322546069945247],[102.56425372043293,26.367363224733083],[102.24396374043431,26.21594653470487],[102.35232288469342,26.06488987476797],[102.36452754011395,25.638250495164243],[102.48226299983764,25.484990790292784],[102.35092011047476,25.355440135553863],[102.41144326019838,25.254610254859415],[102.34517927020721,25.068598960573638],[102.16862378965624,25.058934655210237],[102.29657105481039,24.805575534983006],[102.29318193989468,24.577239170251573],[102.19525642964055,24.510004204730308],[102.31475091472299,24.3889106450103],[102.43812168466809,24.515595209851085],[102.59520612975916,24.541401514968015],[102.69468818481192,24.464621370080238],[102.81419956995427,24.51234120458298],[102.83689142479949,24.753856689634574],[102.91025231039589,24.771207460056303],[102.91031830534558,24.858200184690816],[103.00161909464555,24.921095864682457],[103.01053202543267,24.76303034467469],[103.0752322904379,24.758113349951202],[103.04032556477307,24.57187137506395],[103.11234138025054,24.565881700480134],[103.10682031540529,24.510231910374387],[103.24495498018825,24.512370750010177],[103.28239061023851,24.660377825076637],[103.48802806044671,24.561362140450456],[103.46998885540143,24.502322710224973],[103.62996478544653,24.61418221014094],[103.65952645977836,24.87832971004815],[103.49411176994226,24.83630739007407],[103.40352561521502,25.05613813956353],[103.49307852535372,25.09706822481877],[103.46602061036293,25.175958369882892],[103.32298990955672,25.139827550001485],[103.25569403025537,25.220327360119597],[103.31791230041239,25.327309039780403],[103.27609534512413,25.36634978971108],[103.3570272048417,25.487942914733765],[103.42379036533316,25.489801094844722],[103.41954340960075,25.58088123458134],[103.53965475496301,25.587508979955487],[103.48654719539684,25.63325488980138],[103.55542117984362,25.786744629561042],[103.46043617029306,25.866547260048037],[103.28817116007104,25.859683734916473],[103.30349138541914,26.05476241495353],[103.25161286993807,26.180802444677113],[103.10494787474471,26.262201229703066],[103.06087171455806,26.536092845308588]]]}},{"type":"Feature","properties":{"name":"昆玉市","adcode":"659009","level":"city","parent_adcode":"650000"},"geometry":{"type":"MultiPolygon","coordinates":[[[[78.52007604597281,37.5532698807005],[78.54282205259568,37.79123283143008],[78.34799088217352,37.730983449726466],[78.32672077904078,37.60550051943346],[78.43953499294565,37.64196431330248],[78.52007604597281,37.5532698807005]]],[[[79.33471191712135,37.41661073989377],[79.24773074158054,37.41494922172927],[79.25126881120673,37.22442168771079],[79.19518806507722,37.206365923448686],[79.37209637574722,37.17407606395926],[79.33471191712135,37.41661073989377]]],[[[79.68157621966685,37.56221131010392],[79.6373490318324,37.52619030643757],[79.62770153389874,37.41823118332252],[79.68483384380693,37.44797216088659],[79.68157621966685,37.56221131010392]]],[[[79.62377735833849,37.389464006958406],[79.57038336829788,37.382692700108066],[79.5784364716659,37.34019122944176],[79.62377735833849,37.389464006958406]]],[[[81.0497086844083,36.261969379783125],[81.02291324734853,36.31673158219684],[81.03432435088814,36.252673441226364],[81.0497086844083,36.261969379783125]]],[[[79.70116189710393,37.37596850604177],[79.67718797324642,37.37101847292422],[79.69350735707894,37.35687203191878],[79.70116189710393,37.37596850604177]]],[[[79.76651303924541,37.28063292277125],[79.7687984458916,37.29062188429259],[79.7627732166107,37.28139029942281],[79.76651303924541,37.28063292277125]]],[[[80.81182631383336,36.30222703744789],[80.8164353968761,36.29888835831116],[80.81753297266863,36.30418791114323],[80.81182631383336,36.30222703744789]]],[[[79.7042786604319,37.3758438321272],[79.70570823174955,37.381377794149955],[79.7014553836591,37.376328923740914],[79.7042786604319,37.3758438321272]]],[[[79.58477818406601,37.33248130736649],[79.58000218865016,37.3333311568075],[79.58073795908962,37.32959519676098],[79.58477818406601,37.33248130736649]]],[[[79.58645348524021,37.322328287920186],[79.58569895134559,37.32524873733939],[79.58428598960677,37.324672316874],[79.58645348524021,37.322328287920186]]],[[[80.81402385311839,36.292360728165136],[80.81318853042637,36.294859528644395],[80.81263273141548,36.293191977827576],[80.81402385311839,36.292360728165136]]],[[[81.00475934456813,36.261085821953145],[81.0064307516779,36.26037294375641],[81.0068159735784,36.26131454293187],[81.00475934456813,36.261085821953145]]],[[[81.02779880177332,36.27958048415206],[81.02915721333477,36.28020870556736],[81.02839730778959,36.28073458143581],[81.02779880177332,36.27958048415206]]]]}},{"type":"Feature","properties":{"name":"拉萨市","adcode":"540100","level":"city","parent_adcode":"540000"},"geometry":{"type":"Polygon","coordinates":[[[92.61075014979963,30.225905354648432],[92.22347122012076,30.320384525225734],[92.16629682014218,30.214072559900785],[91.96307319976842,30.185260004645556],[91.92555078963727,30.286475660323504],[91.85690937526749,30.287566719628444],[91.8525536249499,30.43285990516057],[91.7909162502848,30.44915107006591],[91.90377626036616,30.51585003515106],[91.88211914478279,30.556135960306392],[91.72805003028475,30.723629379991962],[91.57265951042814,30.658760699846482],[91.4233099651828,30.707770434657903],[91.34569491039184,31.043141940148473],[91.11199379467791,31.04224691056652],[91.15937919469411,30.96501713972924],[91.07768689973068,30.882600125195665],[90.93717538973249,31.01565324989764],[90.77581904980934,31.021756935134476],[90.59149907542206,30.565826630194863],[90.65480625010844,30.471087274957824],[90.44775239465736,30.385688260504878],[90.39980073471617,30.28578334512531],[90.24403855023894,30.280400265060223],[90.08506902001932,29.959845590301825],[89.83943633971535,29.963125135416703],[89.89381969462329,29.74635619977886],[89.75112919475657,29.584227670470682],[89.81886079019336,29.523439334957402],[89.76531551529882,29.49925568470212],[89.78285137968749,29.42430598483338],[89.93622415542052,29.339862824709655],[90.26677760959905,29.337463314780223],[90.43963260476096,29.2407860653247],[90.91937798540579,29.357319514583992],[91.21579786018316,29.52962915006526],[91.3996273704069,29.48821861459743],[91.59686154462463,29.58367064478449],[91.69342124459484,29.524157545234573],[91.84318767507119,29.58576664971116],[92.2353370298801,29.551821769659],[92.38559551542073,29.632454604796237],[92.39125070965258,29.82353370022014],[92.2902985454416,29.790071780388416],[92.16345120960568,29.89174076542406],[92.17499692456846,29.94939883968476],[92.43787578503952,30.021986075397137],[92.41202422963454,30.06185310983318],[92.54795844492634,30.09619453514972],[92.61075014979963,30.225905354648432]]]}},{"type":"Feature","properties":{"name":"来宾市","adcode":"451300","level":"city","parent_adcode":"450000"},"geometry":{"type":"Polygon","coordinates":[[[110.19366352005545,24.450193260510616],[110.06461506473352,24.463267345411737],[110.01551430504122,24.263765384964586],[109.90789499975449,24.24100884997847],[109.90660842963536,24.30292245051072],[109.79749912038818,24.261256690144194],[109.50008732037361,24.05334074547909],[109.41257808001444,23.90796461547467],[109.35583249477389,23.91050735503046],[109.28735953511449,24.045440775071768],[109.14364935513368,24.02468094007338],[108.97119460504706,24.12277810032913],[108.92497405460898,24.261210279730676],[108.75233628978799,24.385702950330938],[108.6677251497959,24.291819210088534],[108.68348269027399,24.160989880378736],[108.5917269501387,24.15039519038578],[108.56281014547187,24.011322230536564],[108.48801776490797,24.03365953036308],[108.42953405545234,23.966329359912095],[108.47130931547258,23.89673449510093],[108.41431544000562,23.80332581003813],[108.50245836965809,23.664965374952146],[108.6719549851345,23.789329675424256],[108.76853710969993,23.78086830502832],[108.81785786514843,23.497371125077393],[108.93462379005592,23.362920710222625],[109.19365140009211,23.26915298522215],[109.34830897967572,23.419190410209296],[109.54130978961518,23.304608280247976],[109.73612881019648,23.46973261496828],[109.85781638471843,23.440954820308775],[109.98983291036058,23.78178030481729],[110.2081426949295,23.913693490262403],[110.28792323536908,23.858860174857227],[110.30560951047062,24.017580834787736],[110.31178180498637,24.027508584853365],[110.36702663487137,24.036365950128527],[110.39671291476924,24.052995980480148],[110.33634121987149,24.058291255237293],[110.36640172026324,24.11961259014896],[110.45578212514499,24.126182970467767],[110.44869267502702,24.18955939475029],[110.35246921987863,24.221633614799543],[110.36710035499743,24.277546110364767],[110.19514377536501,24.349210260345274],[110.19366352005545,24.450193260510616]]]}},{"type":"Feature","properties":{"name":"兰州市","adcode":"620100","level":"city","parent_adcode":"620000"},"geometry":{"type":"Polygon","coordinates":[[[103.56265744968164,36.97368732520994],[103.31469703973664,36.986524224713264],[103.36613314542836,36.90734784972352],[103.43972823966658,36.949999865101745],[103.53819062000116,36.88291969988427],[103.4016379247505,36.825352525498715],[103.25733984985425,36.95849177017908],[102.91051117485091,36.93165808045609],[102.90006703046913,36.86525944486755],[102.80868267976194,36.84109678478882],[102.83323895961036,36.76397481028931],[102.80425390989006,36.77460214027661],[102.72274739507628,36.75313708031206],[102.72837926539086,36.755342590288365],[102.72985916007224,36.76250495024328],[102.72316056520799,36.76938383489613],[102.71766752503629,36.76632719484422],[102.72854562468092,36.669091069797105],[102.75947599522107,36.67406527039594],[102.72132750496047,36.65877647995063],[102.68903428020792,36.66507660050479],[102.71700767536396,36.65583396476569],[102.76845622047824,36.67224131488484],[102.80365198015483,36.57263818050768],[102.76481837466832,36.4654469651054],[102.83861338460008,36.338884969765616],[103.06889724471216,36.20707824516495],[103.40559676467899,36.1264939698209],[103.41868410019111,36.07144184486532],[103.5681962797346,36.09283717049908],[103.62323829001514,35.937183455052434],[104.28096898962724,35.57234820510564],[104.44467778964832,35.874328269733894],[104.43744683480367,35.97628112037745],[104.56341805020293,36.09925288001648],[104.5041590603924,36.42911530502738],[104.18330442036279,36.34321332043845],[104.13274430020937,36.25570610984914],[104.11142573980612,36.25936781017634],[104.12621954519591,36.33872958040587],[104.01395494476498,36.494858885229405],[104.03965720461633,36.573046110289795],[103.89640709531125,36.67238833965018],[103.94052278969502,36.74296717969162],[103.9009100754397,36.803808934934466],[103.76733246971776,36.85331506493833],[103.798006994827,36.79073641485371],[103.67436382023419,36.791637674938784],[103.56265744968164,36.97368732520994]]]}},{"type":"Feature","properties":{"name":"廊坊市","adcode":"131000","level":"city","parent_adcode":"130000"},"geometry":{"type":"MultiPolygon","coordinates":[[[[116.80637318467484,39.61480522957771],[116.56016502999216,39.61873732007132],[116.39648289037314,39.52553165965844],[116.4440785653735,39.447216120227836],[116.23316652481537,39.51654207515668],[116.12668654994434,39.42971203967892],[116.11198957455929,39.365933475449594],[116.20235295462521,39.32135056977302],[116.17227620528274,39.214454990305626],[116.32485803537008,39.03831054489581],[116.28720075481101,39.00658575013233],[116.33022258040785,38.98278520027685],[116.19592695506503,38.88685618496504],[116.41846326456812,38.77170611514515],[116.35430778008003,38.656378594696434],[116.46315921502583,38.492485195335576],[116.61479299959728,38.47349122504005],[116.66264009536417,38.59216314970962],[116.77217136471677,38.64454494469351],[116.70242538502362,38.929809055043904],[116.75042156500331,39.04935828455723],[116.92026902039902,39.11879769975411],[116.85764049481304,39.15340014520058],[116.87962317486972,39.338193109924134],[116.81218795461052,39.372453044972076],[116.86993842971481,39.43350645475914],[116.77951921973624,39.466072964595696],[116.80637318467484,39.61480522957771]]],[[[117.20336345965598,40.08095789978728],[116.77343652467596,40.03333950971063],[116.78003711502095,39.88515021491054],[116.93963277483272,39.78488970039939],[116.88659344503151,39.68903026023838],[117.16633796542487,39.63516077524963],[117.14721372473366,39.73495350470051],[117.19956745997035,39.76262356482573],[117.14992804504334,39.816056544973605],[117.25092712508683,39.82882503035091],[117.13585997006157,39.91773175511645],[117.20336345965598,40.08095789978728]]]]}},{"type":"Feature","properties":{"name":"乐东黎族自治县","adcode":"469027","level":"city","parent_adcode":"460000"},"geometry":{"type":"Polygon","coordinates":[[[109.3429638150281,18.94821184470095],[109.13704219973778,18.905533425227418],[109.06535530500338,18.80727598959527],[108.8103779752634,18.720756304759732],[108.70894194521463,18.735930705038072],[108.68766255478312,18.506078714660987],[108.97501002469295,18.380378609785055],[109.18359553530576,18.456816905276014],[109.20101169543346,18.555974340143734],[109.30922140474411,18.519148075423402],[109.40317834980107,18.628836414968646],[109.3429638150281,18.94821184470095]]]}},{"type":"Feature","properties":{"name":"乐山市","adcode":"511100","level":"city","parent_adcode":"510000"},"geometry":{"type":"Polygon","coordinates":[[[104.24621281496951,29.63996603480473],[104.08841000042122,29.744353129893057],[104.02737446465989,29.876644195173526],[103.77039198040563,29.705990365363107],[103.70268998975126,29.715301710205836],[103.68750332002224,29.773466785363894],[103.74720442014791,29.798369770048907],[103.65748539533479,29.93064782034071],[103.51106792504476,29.884711649922735],[103.4311809696261,29.760717174957733],[103.33471865544163,29.795949750180853],[103.29548321038192,29.69660766021542],[103.37558883505676,29.673445825064846],[103.26496627527342,29.602294705036684],[103.27052680506807,29.48575391011491],[102.97296007974393,29.40820972999512],[103.03001319535275,29.282320135266104],[102.96192882015896,29.259157800092453],[102.92672355464839,29.13122549965715],[102.97307385027801,29.072850535323994],[102.90731658958902,29.02390994488809],[102.96113503535366,28.68590443034526],[103.06041371502101,28.675579840037642],[103.14664922038526,28.834460674620516],[103.28328183029231,28.804696079960195],[103.33426754471145,28.730465764883206],[103.23822428042627,28.556031064681918],[103.38418735026607,28.422995810408395],[103.52804117535999,28.615710109833742],[103.68416293037501,28.638456665043122],[103.76665505538654,28.827319615108195],[103.82719822491822,28.849165504684322],[103.93077662983768,28.765341355119517],[103.99888396022664,28.799266854781592],[104.19259020017768,29.167678079879522],[104.07319527993826,29.33259960488789],[104.16132492030886,29.381446449993746],[104.05050168490487,29.4666031798929],[104.15449056019128,29.475791330205766],[104.13969565043396,29.594564565302505],[104.24621281496951,29.63996603480473]]]}},{"type":"Feature","properties":{"name":"丽江市","adcode":"530700","level":"city","parent_adcode":"530000"},"geometry":{"type":"Polygon","coordinates":[[[101.16647849039009,27.168624710262236],[101.0401360798163,27.22430826541415],[100.67829557498084,27.926628205527322],[100.54538887969312,27.81231836510051],[100.42968675473998,27.867566150157757],[100.37493636042473,27.75759947043929],[100.29572656482918,27.738872550228052],[100.1751042696464,27.483074795065818],[100.23419070024067,27.310132810281004],[100.06221092529404,27.162297065057544],[100.05848044032012,26.937290625462026],[99.97334592547412,26.870611889727],[99.89575070523091,27.078070900551666],[99.64225662464355,27.317009094993807],[99.54454753534054,27.571980040446533],[99.41116311478595,27.481449534868204],[99.44095620986127,27.35044513053839],[99.38225636004302,27.215558399700456],[99.59944666493169,26.708426359588884],[99.70179068019581,26.62770538999183],[99.89804583984369,26.64869551978245],[100.01994435484818,26.58533203044891],[100.24271237467639,26.70064286037973],[100.24177972465463,26.64427409017719],[100.4541532651611,26.536283300134244],[100.42849650470998,26.46196821496119],[100.49341786534228,26.39900774511142],[100.39352330475674,26.303693084568238],[100.44913812472475,26.209996534612458],[100.41260906975282,26.175409730174977],[100.48172289529543,26.135167750391417],[100.49182119459249,26.016776860263917],[100.56930692957121,25.98842451957597],[100.66866069993142,26.00171594543457],[100.64543528001423,26.0966712395861],[100.76640119985552,26.18951906515281],[100.89692338500629,26.156285690032632],[101.06903479462011,26.316471959813157],[101.47622729994998,26.433940040300683],[101.39437243004369,26.595929390529022],[101.46061366988499,26.60921847005642],[101.51165309541409,26.77408943517935],[101.38683515981484,26.726551525432626],[101.36575061020255,26.886821450149853],[101.13370122533132,27.02662394004284],[101.16647849039009,27.168624710262236]]]}},{"type":"Feature","properties":{"name":"丽水市","adcode":"331100","level":"city","parent_adcode":"330000"},"geometry":{"type":"Polygon","coordinates":[[[120.4223350951886,28.834781870187214],[120.26693773958505,28.953220005299045],[120.19623849471077,28.786334100138674],[119.9121394452792,28.8038571105173],[119.74801029044261,28.638671410557208],[119.76946091988566,28.589203230145017],[119.62431785998126,28.519821705207562],[119.4882918248079,28.559068669683427],[119.4686016002837,28.767403249660276],[119.2670134402182,28.810036040231125],[118.92661609955337,28.644743615025845],[118.86477402030482,28.516711614849214],[118.7454420202331,28.527090124909364],[118.69533071484068,28.313283264710947],[118.8087158750377,28.233881690487692],[118.75619058962411,28.173746850037162],[118.80611947023738,28.151645695092782],[118.71289312541751,28.03537313016585],[118.89359821998198,27.72254254000626],[118.9066626596541,27.572286655304936],[118.85342268031252,27.52217720971049],[118.8988769849849,27.465143305419247],[118.98590087022899,27.50646765525812],[119.26293316483373,27.424395615265496],[119.34076278977102,27.524202269818943],[119.46496666467988,27.527792724954338],[119.49655139543063,27.65268526021663],[119.63155986029938,27.671127134909398],[119.77953549506708,27.797723174984583],[119.8272115496734,27.958466050467905],[120.33571681497904,27.97505088539009],[120.43478959486401,28.2387851054483],[120.32971716511508,28.375921055112656],[120.37655823517446,28.499945765284906],[120.28566452040138,28.538183640062982],[120.37782723973544,28.586150469768427],[120.31877734499858,28.69030499477975],[120.4223350951886,28.834781870187214]]]}},{"type":"Feature","properties":{"name":"连云港市","adcode":"320700","level":"city","parent_adcode":"320000"},"geometry":{"type":"MultiPolygon","coordinates":[[[[119.29975787012961,35.034686279648156],[119.23828573509866,35.12719697995669],[119.1104636052113,35.05125495015585],[118.86323548982602,35.0330646401211],[118.85693901512354,34.92833191488603],[118.70466953037464,34.7513849351667],[118.77130801515284,34.72085958959843],[118.46253763020752,34.67497705025073],[118.40230571513666,34.4332687199755],[118.61698768493375,34.46379809540582],[118.67258227015566,34.41265724973232],[118.63895593986479,34.35787178455524],[118.77931208478492,34.312252244745366],[119.08383342487275,34.42186297010005],[119.05119177038398,34.35177716538391],[119.12196872477693,34.14235610994655],[119.23298708968252,34.03828807003845],[119.38535751973382,34.042619689746914],[119.43586245478855,33.981735490100846],[119.56590808469036,34.020583804898706],[119.57717947045626,34.0956463903687],[119.49741066527008,34.17276866524173],[119.73278317460392,34.30838403039871],[119.81359799475172,34.46777699471261],[119.64188790040635,34.51510693983346],[119.44938821519406,34.67546986973878],[119.51904355041961,34.73309439029396],[119.22001946022999,34.79069255981386],[119.20465191525375,35.00627099001423],[119.27028509018487,35.07443183006495],[119.29975787012961,35.034686279648156]]],[[[119.49634958036893,34.75577959555193],[119.43839978492224,34.77800026500029],[119.37559792490435,34.76192533488637],[119.49634958036893,34.75577959555193]]]]}},{"type":"Feature","properties":{"name":"凉山彝族自治州","adcode":"513400","level":"city","parent_adcode":"510000"},"geometry":{"type":"MultiPolygon","coordinates":[[[[103.00139103466859,29.289920705176428],[102.9309392697316,29.300792270347074],[102.87183952017779,29.20569922523913],[102.78728474519488,29.26100601481579],[102.76773668010378,29.16037003964567],[102.5896398550953,29.199506314664745],[102.42782519008051,28.85112154542304],[102.2531360096192,28.90406603541925],[102.15107108995892,29.038227870419917],[101.95608890987535,28.8292928697702],[102.01930039489736,28.72586736488705],[101.7536293049485,28.54225156505771],[101.71586544483449,28.38386314976458],[101.50418515482107,28.317377590203648],[101.4310302247651,28.48658708002978],[101.36901074974634,28.474460734875038],[101.4107550398133,28.521696125276037],[101.59931769545534,28.479536490516693],[101.61870848980504,28.540965375351846],[101.34814246010649,28.67291767501075],[101.1966475551406,28.656519739894122],[101.11827443032075,29.123920855263293],[101.05721823533338,29.171242764941724],[100.92949403981817,29.058187730579334],[100.8756977254697,29.149445165362124],[100.77062261034524,29.09068189984987],[100.84307789482904,29.039039915060073],[100.81403896492634,28.99205139485605],[100.6567265201129,29.02293898014989],[100.51924091043975,28.952646764836402],[100.5942783553619,28.749595979770675],[100.46181194026889,28.70932702032576],[100.52920685021604,28.58252290500809],[100.41319947467605,28.439598969916574],[100.36435884478493,28.232516275006162],[100.41931670999821,28.015699679796455],[100.25627511520446,27.966516665411802],[100.05994208505922,28.086752725158192],[100.19074840021858,27.94973327547035],[100.16848739977377,27.90052100524025],[100.30630647986021,27.865784069779068],[100.31478313963026,27.725009689745434],[100.42968675473998,27.867566150157757],[100.54538887969312,27.81231836510051],[100.67838083520746,27.92658541488504],[101.05764792960832,27.20203102501182],[101.3926741754729,27.1492951003886],[101.62490699506185,27.34595373547654],[101.70776818025735,27.131369365503872],[101.86940016508561,27.133147194787284],[101.89267380485228,27.26076225037758],[101.93998122015722,27.10578805997102],[102.03532079461905,27.07146940009278],[102.15826566003227,27.18602514484462],[102.2400420146273,27.10952495531251],[102.1750549549223,26.704411160047073],[102.1150208951982,26.63636356532635],[102.04889173966211,26.739834260242958],[102.00130052979569,26.720255190124988],[102.04794589478729,26.489832845209662],[102.02563967013475,26.428036259965495],[101.9281476852675,26.43329483518852],[101.83448411524978,26.04820739505527],[101.91593991999139,26.112999290185144],[102.10591881000516,26.07074732023267],[102.24721054483086,26.218821804882452],[102.54999864492157,26.366030999630993],[102.62564809468387,26.34333455464605],[102.60158271517025,26.251832294724693],[102.67422395517144,26.20891774475814],[102.87831656975396,26.369470470286046],[102.98294714009847,26.348974244565795],[102.9883910548034,26.48485709957555],[103.05462899503215,26.550275805084368],[102.89525809018875,26.914802885245024],[102.88122278020722,27.300557745543585],[102.94624934533107,27.41609664534394],[102.98505411045892,27.370972845120775],[103.1405954996826,27.42521368985996],[103.21745819513967,27.56726119514809],[103.2927287398395,27.56910095534488],[103.2773925398339,27.63595030506258],[103.48723861487025,27.800389734998305],[103.56185833459455,27.98066459029866],[103.43087596545348,28.043640284771357],[103.44909967990634,28.125565764948135],[103.63117079519611,28.263493240320827],[103.70991222476943,28.200621295236658],[103.87494482504371,28.31427598494878],[103.809498010325,28.4973272497528],[103.75398301960075,28.526105914956077],[103.716604179939,28.47261003532492],[103.64005306000075,28.608860460342044],[103.52804117535999,28.615710109833742],[103.42172733494863,28.521863650087425],[103.43266425025502,28.459450135315535],[103.33645392520856,28.449030359863286],[103.23822428042627,28.556031064681918],[103.33426754471145,28.730465764883206],[103.26845940487772,28.813096489811187],[103.14664922038526,28.834460674620516],[103.06041371502101,28.675579840037642],[102.96113503535366,28.68590443034526],[102.90731658958902,29.02390994488809],[102.97307385027801,29.072850535323994],[102.92859357972998,29.15114481028479],[103.00139103466859,29.289920705176428]]],[[[101.93880162979144,26.693794495119903],[101.90869639532247,26.67618423971095],[101.93246428539851,26.63821965001688],[101.93880162979144,26.693794495119903]]]]}},{"type":"Feature","properties":{"name":"辽阳市","adcode":"211000","level":"city","parent_adcode":"210000"},"geometry":{"type":"Polygon","coordinates":[[[123.58572873529295,41.49201220529909],[123.46354924959826,41.46057067000049],[123.2139119646655,41.56277718521898],[123.12861699008204,41.53487182467501],[123.1068608897184,41.61238769503615],[122.58548842495088,41.17299951531544],[122.81975624485483,41.080103135351465],[122.90167748023157,41.19095581995521],[123.11316443489079,41.18205670994928],[123.22980739009904,41.04759144548888],[123.07927162468582,40.966602500405145],[123.03726834965471,40.8610305053536],[123.13093490002564,40.71466543046529],[123.51390619491508,40.81189955542021],[123.602367814623,40.8691624603793],[123.68396847496524,41.057763335409675],[123.59126318474819,41.232783380049],[123.66708369455694,41.2640043799982],[123.65571770011184,41.44206929526183],[123.58572873529295,41.49201220529909]]]}},{"type":"Feature","properties":{"name":"辽源市","adcode":"220400","level":"city","parent_adcode":"220000"},"geometry":{"type":"Polygon","coordinates":[[[125.7455812554706,42.970154515418585],[125.4881395647891,43.0986328797037],[125.41657603455644,43.23109209482436],[125.3604381446047,43.21397624530755],[125.37719076514179,43.10315367540187],[125.19235656020714,43.22709466498685],[124.88543068028173,43.1306358797421],[124.83416351493429,43.02641107541086],[124.85278780001704,42.81990399517332],[124.96820487495506,42.80150851020966],[124.96012724977277,42.673861365010055],[125.09089409998285,42.61990676008895],[125.06048570495136,42.500351040168425],[125.18078734955657,42.42451044490116],[125.1693008549505,42.305733990231545],[125.55627954506497,42.43259504972184],[125.72172399526619,42.60309876019966],[125.64154149024762,42.73675394054197],[125.8382027900268,42.76371321968941],[125.75009862025513,42.81966985038332],[125.7455812554706,42.970154515418585]]]}},{"type":"Feature","properties":{"name":"聊城市","adcode":"371500","level":"city","parent_adcode":"370000"},"geometry":{"type":"Polygon","coordinates":[[[116.5407681247492,36.408947994654284],[116.39167211457652,36.525208809938704],[116.37229969967143,36.79775081025173],[116.46483628966314,36.939544224686244],[116.42944201004082,36.9768115852865],[116.22741298971778,37.03155099977886],[116.09774700502032,36.87755727544794],[115.76285449463933,36.92059342544627],[115.67755763957348,36.812046564797186],[115.47299338543644,36.759284370077694],[115.27782820500772,36.49112217964495],[115.34780280495556,36.312581684896884],[115.46181469009593,36.267707035551325],[115.48129745990991,36.14962850515144],[115.44138970507095,36.00899532497431],[115.35205828536164,35.97523786993179],[115.32609241533271,35.79632390022789],[115.98608216515981,36.04747786031504],[116.5407681247492,36.408947994654284]]]}},{"type":"Feature","properties":{"name":"林芝市","adcode":"540400","level":"city","parent_adcode":"540000"},"geometry":{"type":"Polygon","coordinates":[[[98.75284179980929,28.341247205294337],[98.54089403523159,28.509402360530544],[98.45384553464379,28.780321005410144],[98.32550850511348,28.795788619749032],[98.24135637999302,28.924125230195273],[98.14517078540348,28.863518959732232],[98.11381595014603,29.00809106525054],[97.974969280408,29.13884214494908],[97.84369783498715,29.103648920461353],[97.74109887990943,29.240905880202263],[97.60422808545786,29.29367096983941],[97.54634700001412,29.280001229773006],[97.61450527519833,29.210285604896796],[97.53547645467472,29.187113545353895],[97.54614798544122,29.1003039298825],[97.40919476542615,29.070497274829393],[97.358855060113,29.369137390478215],[97.29334660496193,29.4534273501921],[97.1514541347006,29.448665715150696],[97.0754073896394,29.54939077536403],[97.05732047466023,29.486282380527484],[96.98230353518005,29.4854049102085],[96.98520544507528,29.204045874717394],[96.91896603535429,29.200176900443637],[96.91615905969292,29.12563869526963],[96.72204083042004,29.166695065125225],[96.54083074044638,29.360168855508334],[96.70563936546438,29.421834330390084],[96.60418490470965,29.503195655055492],[96.65456952486375,29.55936641972454],[96.62607241491008,29.639776429838435],[96.47685975997001,29.798018330281764],[96.64748401017897,30.04218691519401],[96.66238516494349,30.1385356504],[96.5988136201525,30.147464355295824],[96.63289143529158,30.234837530028017],[96.42463894992767,30.32838138499295],[96.2312230300189,30.294280334969528],[96.14112386537414,30.19868792510772],[95.92902463967545,30.251335605553777],[95.6935865751604,30.485643045090512],[95.71074661016797,30.552189940213623],[95.54696524475031,30.60740453039483],[95.42813429026535,30.619190984876127],[95.36034956468075,30.557710444781264],[95.29677475984732,30.6445837403474],[95.20586465492994,30.614472670177634],[95.10286379013189,30.668442245213498],[95.09514433524294,30.582160695459777],[95.01609370975694,30.561985190464213],[94.69801819518364,30.63101518030635],[94.59991051465857,30.553902869921558],[94.43435300978365,30.538088350197256],[94.32443660486547,30.60298461974446],[94.10026278999584,30.465253305395777],[94.10406471981105,30.391158295119283],[93.99730276970712,30.301528310383276],[93.87092289517551,30.339640819668148],[93.66568451462871,30.283102199906637],[93.44484494523812,30.321620309729553],[93.39540364466251,30.371742610233355],[93.42946098043996,30.41466420009283],[93.2505761901391,30.509532334649577],[93.13291477519675,30.407487975289882],[93.02196282972085,30.511721225154474],[93.02825007018464,30.584756735135272],[92.89895864502552,30.612246890381755],[92.87515244023297,30.531890169595727],[92.75895295961146,30.480083025211513],[92.74818692988299,30.326654524786534],[92.61261193978925,30.30854570502032],[92.54795844492634,30.09619453514972],[92.42657563535732,30.0750681697603],[92.35678902969005,29.97477640470737],[92.1793769098166,29.95540798998678],[92.1617525548366,29.89766876000533],[92.2902985454416,29.790071780388416],[92.498071979938,29.799617555106124],[92.4856041496119,29.553260149836092],[92.58218976984205,29.672335014849125],[92.74694830981673,29.650363679740053],[92.88353896005503,29.72472688044121],[93.08274241483065,29.52998224998089],[93.09963248505119,29.33579359030199],[92.91871635467606,29.130556010151793],[92.79378298030036,29.080290190439996],[92.66211378002697,28.821345624700882],[92.49581803967084,28.870021339613174],[92.4449567446581,28.754759789832463],[92.50384089524118,28.72119308009661],[92.55708609964387,28.80884137542921],[92.81841317992439,28.701998265107875],[92.9198064247268,28.773190184679322],[93.08898152537716,28.723116534800283],[93.33121264504757,28.762653689815977],[93.46936851494507,28.671313434667354],[93.75542137479664,28.697648635576115],[93.88854513495005,28.54962610026439],[93.89272149030461,28.392115460160426],[94.03054621003963,28.365727960077322],[94.15763938994593,28.233691820221395],[94.14448324460614,28.090213325384696],[94.3020359549954,27.948473585187855],[94.35516937007043,27.723539065275702],[94.2108740246166,27.61425195556336],[94.25545182034529,27.561714200150277],[94.52880271497338,27.59927795481383],[94.89024284523117,27.746328644951063],[95.27928471501764,27.936209634766897],[95.3955845950531,28.143665370260692],[95.826742930342,28.29452319548915],[95.98354941027713,28.19958270507783],[96.26845760493455,28.23237338982011],[96.29710856011201,28.144048629840427],[96.45097620488798,28.155774675061252],[96.67819913967861,27.95822041054356],[97.047183679883,27.821547550579055],[97.0871593551202,27.741092729945592],[97.26449192006612,27.9006704347928],[97.38348212470038,27.882853884798976],[97.41034600466446,28.01848533972668],[97.3075532897526,28.088098850181836],[97.3523149203973,28.239488895096486],[97.5162155799851,28.32279275987804],[97.50686388975674,28.493461090357073],[97.5698647454617,28.543910990499853],[97.7202300650655,28.495306814857656],[97.79811978989642,28.32980652485128],[97.91243189031957,28.3636448748112],[98.01160901494416,28.204420060337554],[98.13551889518095,28.144372370488554],[98.2651523001386,28.243384025252624],[98.20371855536712,28.352678170361344],[98.29258112521882,28.395574800436748],[98.4031248099621,28.107942650133225],[98.71098130024689,28.23249786498451],[98.75284179980929,28.341247205294337]]]}},{"type":"Feature","properties":{"name":"临沧市","adcode":"530900","level":"city","parent_adcode":"530000"},"geometry":{"type":"Polygon","coordinates":[[[99.99296769540285,25.034837015216112],[99.84440513968553,24.950286434671284],[99.76705375532663,24.786876839994193],[99.80726252494566,24.706181000153094],[99.64322108998135,24.580617805367467],[99.68245599005195,24.45661301517856],[99.4603012503025,24.243855955188224],[99.35385876546974,24.244702764920703],[99.34695389490639,24.371429440516295],[99.26348109967307,24.447298369823955],[99.14995824967355,24.282801365290823],[98.907351654955,24.183679979747296],[98.85376167476153,24.062144299819636],[98.67236070548222,23.96396483001297],[98.67077345513093,23.809078954829943],[98.79309069537936,23.779621580271737],[98.88487604029706,23.615012455460487],[98.80066246989713,23.53705240544423],[98.91364775014364,23.42546938500419],[98.8857344198077,23.18208690019037],[99.0562616295706,23.167515960293372],[99.10374681026713,23.090877685257],[99.25716879960049,23.077937930291284],[99.32573771512352,23.13616165473661],[99.50867028470594,23.07651563538832],[99.57340316992043,23.165584214739795],[99.64166591035354,23.152963055400733],[99.67236632964244,23.249892390221703],[100.04399306003177,23.217266154609376],[100.18428089514725,23.6142884148785],[100.43456162521886,23.657586844956995],[100.34627480044173,23.749705834756526],[100.41355934019145,23.918172614974253],[100.36154633469567,24.05528073511789],[100.49558662002653,24.09392910544392],[100.54555106972617,24.47752761990381],[100.35290543983422,24.753349124862268],[100.18940127514878,24.74182201507398],[100.09762038996911,24.668664819625803],[100.21089606490153,24.967484365311236],[100.02937975487185,24.950281254576282],[99.99296769540285,25.034837015216112]]]}},{"type":"Feature","properties":{"name":"临汾市","adcode":"141000","level":"city","parent_adcode":"140000"},"geometry":{"type":"Polygon","coordinates":[[[111.53708190000975,36.79005057027763],[111.21012407026967,36.74157050467511],[111.16898547539944,36.845504165185105],[111.06186933540158,36.8518541648379],[111.07436735956605,36.930471759564114],[110.83053182508371,36.85424741998247],[110.70887942484563,36.94313334972435],[110.56810216967943,36.861522570210525],[110.37034991491669,36.88206828472363],[110.41854434504558,36.85573861464542],[110.37679220479646,36.769466264956236],[110.44703137539773,36.73032608957743],[110.38666091976569,36.68001164981786],[110.49218985527767,36.58063198977459],[110.44133949512167,36.16559684042193],[110.50593201505052,35.88003798986142],[110.57260722544316,35.73777992540329],[110.65162853033246,35.78749147495165],[110.67865362006859,35.729751924811524],[110.89182286543297,35.691818515512125],[110.96676458022125,35.80769500012423],[111.03876016544933,35.73621530469262],[111.11312008002773,35.82146409549165],[111.19058746523939,35.709435205570344],[111.3320149347415,35.709695099749126],[111.26188403532001,35.633348945197724],[111.30078618983083,35.5357300048359],[111.56961945977031,35.552938519597035],[111.66928373455676,35.6568544202953],[111.83954480974523,35.601989855247666],[111.90251689973519,35.53337964465493],[111.80715471541782,35.43162220500079],[111.93622152500342,35.38891070036857],[111.93563662483041,35.62265195012748],[112.05132207995007,35.76968723038141],[112.0322919946799,35.86172785055993],[112.18275236992599,35.81421505977721],[112.21845185516906,35.83762386494948],[112.13656125969442,35.910134870527884],[112.36923246010997,35.888834265089315],[112.52664914983848,35.96742329554871],[112.48399091474903,36.065090794804405],[112.56378705482882,36.12425498527938],[112.56712987534354,36.271020875413114],[112.4641170504616,36.26608838537072],[112.43944167519317,36.33945812479266],[112.2049783948371,36.40532567024354],[111.99829065518963,36.69162827992125],[111.74209724509183,36.71858450497098],[111.67013388527067,36.69406540489456],[111.68415061975537,36.665179054869554],[111.67533422489464,36.644507580060804],[111.66579143502679,36.64281761993726],[111.53708190000975,36.79005057027763]]]}},{"type":"Feature","properties":{"name":"临高县","adcode":"469024","level":"city","parent_adcode":"460000"},"geometry":{"type":"Polygon","coordinates":[[[109.8647391697769,19.941890204969013],[109.71076864975345,20.01276427535106],[109.53630598513314,19.9448403248212],[109.5793978454343,19.63917542480607],[109.70590465477608,19.579426114723447],[109.82630035048084,19.604065214937748],[109.89238295530919,19.78187262012534],[109.8647391697769,19.941890204969013]]]}},{"type":"Feature","properties":{"name":"临夏回族自治州","adcode":"622900","level":"city","parent_adcode":"620000"},"geometry":{"type":"Polygon","coordinates":[[[103.62122833042315,35.938744185295945],[103.5681962797346,36.09283717049908],[103.41868410019111,36.07144184486532],[103.40559676467899,36.1264939698209],[103.1054526902895,36.22188113550607],[102.98511761518586,36.19408612987104],[102.87998865045591,36.08339373503287],[102.97371671985081,36.03633494000553],[102.94465773506647,35.83169047983182],[102.78208263030922,35.862226430205624],[102.68358376537856,35.77160207497582],[102.80512346977235,35.56332459025771],[102.72629208461206,35.52430289965912],[102.94672218008458,35.40795145519553],[102.96952899976361,35.251627660288364],[103.08400555021603,35.27396455991658],[103.25985835537887,35.23761163446943],[103.35814149003778,35.14389283978278],[103.51884489517585,35.14543550984098],[103.72664694969706,35.01227583526162],[103.6719982246384,34.91402749986929],[103.83930392523604,34.90285416988411],[103.68250920483598,35.205172215025755],[103.85751996037794,35.498941040396744],[103.46608282995868,35.879369789983855],[103.51196257960942,35.94508325998453],[103.62122833042315,35.938744185295945]]]}},{"type":"Feature","properties":{"name":"临沂市","adcode":"371300","level":"city","parent_adcode":"370000"},"geometry":{"type":"Polygon","coordinates":[[[118.88004900975409,36.004264825361474],[119.05698910965975,36.0865033703343],[118.87486016526452,36.084750999958715],[118.83943032464981,36.20154447020121],[118.76067262544132,36.20655362475003],[118.72050004004484,36.140956660121844],[118.6160619147256,36.17733428544898],[118.494076970376,36.11196695551064],[118.49802920028742,35.962078530200074],[118.38493482508215,35.98893857545494],[118.25583444020731,35.925713954935134],[118.10355458987249,36.02985731486325],[117.95528263028916,35.867231375027984],[117.82717943977934,35.83719616537081],[117.83811101041488,35.74223891519381],[117.6165567947603,35.702514559998974],[117.58525206972729,35.56038385033446],[117.41911957520824,35.462983089997635],[117.475294695294,35.31457716020782],[117.41232688517766,35.26630002032971],[117.73909059985135,35.02199699486545],[117.69192696006121,34.924564090060755],[117.83121819526355,34.750383155158545],[117.78813354482725,34.65502023969236],[118.09576336009104,34.656448399973726],[118.07233751456465,34.571159865435504],[118.18388751459713,34.54475090483044],[118.12160729014442,34.48624538501656],[118.16490759980593,34.382485809872264],[118.40268718956224,34.43361966961214],[118.41758685504942,34.60917065510171],[118.52126328966915,34.71347801989475],[118.7666387350896,34.7156754503618],[118.70466953037464,34.7513849351667],[118.85693901512354,34.92833191488603],[118.86323548982602,35.0330646401211],[119.19335933516527,35.11166836010676],[119.12703565986783,35.19532271497138],[119.18093322978484,35.25779136987586],[119.14834547526357,35.33296191985676],[119.01546343488963,35.392280370143],[118.9320795996938,35.33064422035454],[118.8712478898783,35.393249515552725],[118.73421356540382,35.35864289994993],[118.59506628018471,35.40816198468792],[118.72052481996457,35.47498611471747],[118.68950683477271,35.531589054891015],[118.80018345010615,35.71227015014739],[118.70005838518637,35.73763141046129],[118.71112152034198,35.83393589002935],[118.88004900975409,36.004264825361474]]]}},{"type":"Feature","properties":{"name":"陵水黎族自治县","adcode":"469028","level":"city","parent_adcode":"460000"},"geometry":{"type":"MultiPolygon","coordinates":[[[[110.03305761491708,18.634862405075978],[109.94866977479035,18.77446468519713],[109.82677860994494,18.72968572011996],[109.75179819463102,18.7916072400821],[109.84806262469044,18.561765005550626],[109.77200610489791,18.506629595279662],[109.78343096536685,18.40044589486223],[110.02362022019707,18.446683870564243],[109.96838940534684,18.388329444948],[110.05466040965024,18.3910045350313],[110.17599317014873,18.589940890259925],[110.03305761491708,18.634862405075978]]],[[[110.1946422801172,18.57459776997115],[110.1975645452676,18.582129530053805],[110.19286585467552,18.575128445521386],[110.1946422801172,18.57459776997115]]]]}},{"type":"Feature","properties":{"name":"柳州市","adcode":"450200","level":"city","parent_adcode":"450000"},"geometry":{"type":"Polygon","coordinates":[[[109.7604808396191,25.880069510399608],[109.68004342986046,25.885958475303426],[109.72609778018847,25.99467635013349],[109.64861581516777,26.049728139641957],[109.53284988961076,25.998105164721608],[109.4787021597769,26.033864525027866],[109.33409054524253,25.83751499502108],[109.33680255519386,25.734869419987774],[109.20256781035624,25.74160589519596],[109.20197830025842,25.791490344803606],[109.17302112502495,25.80929413521619],[109.14353743000845,25.744242679556066],[109.1129173552518,25.812283305430242],[108.89135624989109,25.716403959675063],[108.94206433460141,25.679442204893917],[109.04930614496266,25.746956759746695],[109.07736870520165,25.542709989674336],[108.80696512544023,25.528498634704306],[108.78256922978619,25.62447432033366],[108.71926617039753,25.63718197017181],[108.5839679646499,25.425276569957816],[108.71439447542474,25.177308620096767],[108.67697146466145,25.10758541033846],[109.09041120501314,25.169804110371444],[109.08748214998127,25.035986034927646],[108.9802825951657,24.944019240095884],[109.11647912471187,24.952145679579473],[109.15260775024751,24.814575825014344],[109.03281358497901,24.827515695093325],[108.8333085047837,24.535469684778207],[109.04298867019105,24.459513454682224],[108.91982511483724,24.365689700119617],[108.97119460504706,24.12277810032913],[109.14364935513368,24.02468094007338],[109.28735953511449,24.045440775071768],[109.359618389677,23.908815355244485],[109.43872603038204,23.919995549754844],[109.50008732037361,24.05334074547909],[109.79749912038818,24.261256690144194],[109.90660842963536,24.30292245051072],[109.90789499975449,24.24100884997847],[110.01551430504122,24.263765384964586],[110.06461506473352,24.463267345411737],[110.16765130526358,24.54996933991316],[110.1656265248443,24.651563819714568],[109.98486934964086,24.68086311504078],[109.88399901474281,24.813919345101738],[109.61660283984924,24.838176225352584],[109.64103893519876,25.16809255482758],[109.74384370012672,25.29723847957223],[109.77986108492121,25.509491504629295],[109.73740650490635,25.582410344661753],[109.80938988003902,25.660640944923728],[109.71847759516493,25.810566964593818],[109.7604808396191,25.880069510399608]]]}},{"type":"Feature","properties":{"name":"六安市","adcode":"341500","level":"city","parent_adcode":"340000"},"geometry":{"type":"Polygon","coordinates":[[[116.47499064999852,32.43985227036603],[116.3021441849063,32.52559443013888],[116.1709510596437,32.42816626026473],[115.98463940528438,32.60826725053323],[115.84203816043282,32.511403204694204],[115.93386995983087,32.16423821472188],[115.90540284046881,31.79519549557574],[115.67396866472211,31.781260530149382],[115.51895428541195,31.702003770157944],[115.36646843546998,31.49619650996101],[115.36630648016,31.350858039966624],[115.43763579995232,31.347492560133617],[115.57931896020193,31.144737574679368],[115.6561733702049,31.219661275147757],[115.77062716511159,31.105518140250012],[115.87509530980071,31.14968826520135],[116.02604796044511,31.01076900488573],[116.09259043989698,31.09752031011425],[116.20300940486015,31.059904234692738],[116.34800050991566,31.173806520354674],[116.4486185049401,31.126453889835204],[116.54320971485652,31.18655392022731],[116.52707290509056,31.022180549992413],[116.6090253046741,31.077678340283228],[116.69937181525711,31.045052875389956],[116.93867591955814,31.16242497033619],[117.14108764457922,31.484870545239517],[117.24982142481895,31.503333484752545],[116.98966437511092,31.563587270436244],[116.82501014480238,31.519552940415906],[116.7595059749209,31.57283138556005],[116.75969171460099,31.768278880266166],[116.68267894028088,31.821357675016714],[116.76101219545649,31.914244300034454],[116.68332575517957,31.902735600267818],[116.67193531985913,31.981389309968733],[116.53875301473988,32.02648496051256],[116.47499064999852,32.43985227036603]]]}},{"type":"Feature","properties":{"name":"六盘水市","adcode":"520200","level":"city","parent_adcode":"520000"},"geometry":{"type":"MultiPolygon","coordinates":[[[[105.5314570204252,26.362289560015256],[105.49658085462278,26.444978550219957],[105.142680240201,26.578814729915905],[105.05871352470945,26.803453815341356],[104.98916003500767,26.82619765999408],[105.02443356985344,26.91326405978856],[104.90403766010996,26.828530465408676],[104.82681932505187,26.888485835353094],[104.68071252016671,26.524179945248306],[104.56720276519553,26.54278747506197],[104.6814993649038,26.37260079539044],[104.53997808981705,26.25711043469886],[104.51755236504965,26.091701034675054],[104.45511853009617,26.088031690110483],[104.42796835455596,25.82198056465137],[104.36904739472158,25.734474644589227],[104.32644744019728,25.766142514965168],[104.3149806200596,25.629801305186163],[104.42080044038806,25.584644345160427],[104.43401501468122,25.47599552477368],[104.55375062509131,25.52856158994547],[104.54914545499884,25.397365284680177],[104.70142893499741,25.326821900410437],[104.88485745460792,25.362503990067125],[104.8697074097692,25.806652120399065],[104.99336708512294,26.129633710127678],[105.18046818505877,26.177058319685727],[105.2431287399994,25.98313469471043],[105.50657942540022,26.029908404649234],[105.58778757034014,26.067426005206016],[105.60328852524532,26.16545762466967],[105.71890620475762,26.172224005033854],[105.50672801498598,26.227531069803092],[105.46931093525154,26.28928421959114],[105.5314570204252,26.362289560015256]]],[[[104.69103842977978,26.857209984852943],[104.5944998854614,26.789559910261687],[104.61828398491804,26.724404955224543],[104.7019844750036,26.803725444773534],[104.69103842977978,26.857209984852943]]]]}},{"type":"Feature","properties":{"name":"龙岩市","adcode":"350800","level":"city","parent_adcode":"350000"},"geometry":{"type":"Polygon","coordinates":[[[116.39553620463221,26.036152584674085],[116.36226145979856,25.963031434952825],[116.12636778524518,25.859313824873198],[116.17321018989844,25.756893190068695],[116.05341926039057,25.69487253513944],[116.0027880254471,25.31911365017487],[115.85073714969974,25.21311396993383],[115.92457731459149,25.052323764929838],[115.86964664487687,25.023753794601987],[115.91802841997571,24.962981885205863],[115.86683634532119,24.960299399997382],[116.08596949519608,24.839340070388005],[116.1870249753224,24.881356284864694],[116.24344435037654,24.795412485397947],[116.39147358473815,24.880584285236637],[116.37072068531143,24.805850480215554],[116.52230631478471,24.607850439746073],[116.79713765987515,24.680518080245236],[116.75087238974902,24.554139485448957],[116.89955568035043,24.3736763103135],[116.9447104999897,24.433270110527246],[116.90834345518635,24.527052755280465],[117.01425720970258,24.557167400255366],[117.05497511520946,24.834500189831942],[117.14335199539835,24.784622459958598],[117.17884772034608,24.927481380361485],[117.28251874464445,24.994357879712425],[117.48644839487758,24.960107679825626],[117.47733085033849,25.167900070232122],[117.61013485024318,25.225065815135338],[117.74318422027557,25.60029474490659],[117.481077304574,25.742832649607124],[117.43177124494707,25.667092299969738],[117.38500044521447,25.66142177499495],[117.34837239017372,25.791166105031778],[117.16525890037803,25.562745175249688],[117.05121126988422,25.686929974638645],[117.01320970996017,25.859612385403295],[116.81431686483154,25.78266491985022],[116.63631427528367,26.015028720299256],[116.48202978484676,25.970865059674793],[116.39553620463221,26.036152584674085]]]}},{"type":"Feature","properties":{"name":"陇南市","adcode":"621200","level":"city","parent_adcode":"620000"},"geometry":{"type":"Polygon","coordinates":[[[106.4839065901171,34.2520089847269],[106.46581290504162,34.14589264982595],[106.36321779456563,34.10055925990196],[106.29706493020245,34.23232257512677],[106.22175195009248,34.11823155504226],[106.03502669482617,34.161210095369654],[105.77747891022358,34.12223723526023],[105.73261741526159,34.17719047975686],[105.58889087481407,34.076017274777485],[105.5472466397207,34.32052183471495],[105.25864159473389,34.44932390457461],[105.22300963958327,34.534307999714486],[104.97454744031216,34.38290289475282],[104.84983977508563,34.38424229464624],[104.86486871541894,34.30908043481429],[104.77816444473342,34.231321189921005],[104.5234684903786,34.193919399560684],[104.34643485468484,34.373712184969406],[104.14767540509592,34.35293699494639],[104.10744554997223,34.31648905522576],[104.16748596970177,34.209278290360885],[104.07193531536257,34.195117454806734],[104.02565727036682,34.06546381959964],[104.53784579544714,33.761357954605955],[104.50103171024529,33.64634090980519],[104.75998805530458,33.31921047498349],[104.57732575987598,33.219927955211006],[104.49889264487973,33.343217410255306],[104.40843899986004,33.28378299958581],[104.30051582534514,33.30529128006856],[104.3805095203981,33.11018002478835],[104.33065254957557,33.04544727537149],[104.42399661475201,33.01691253508545],[104.28466123542773,32.943146479726295],[104.29102097473827,32.83875482507517],[104.64310591010974,32.66202042979904],[104.82647682994178,32.665134589589684],[104.87940598020191,32.60342082021475],[105.02764727020542,32.652583189762424],[105.10897806018937,32.59632845539397],[105.4493820603339,32.73742989996998],[105.38880521478887,32.83763249544336],[105.42233711986228,32.933346900139384],[105.58869585502975,32.88075805514018],[105.86367073461679,32.9466163546611],[105.92596677005048,33.0276019452736],[105.89099394511453,33.14848342507008],[105.92805139045936,33.20177273492385],[105.96790842983023,33.14937022045933],[105.95859805535605,33.21234127982626],[105.74718731014633,33.28763824031262],[105.69910238506708,33.39221773995678],[105.81962240035358,33.38255175555912],[105.83739776499493,33.496385289849286],[105.9555327503362,33.61586562499866],[106.08235894490946,33.6191049452371],[106.18265966001536,33.54566601557423],[106.4333503451424,33.622703715504144],[106.5131582996159,33.51477577008575],[106.57757053515212,33.5784632150054],[106.47683926512008,33.716972424937524],[106.49074146015033,33.857196275088086],[106.40376997480456,33.907709904788305],[106.49680211462595,34.11264289535342],[106.58107933993966,34.15061816989265],[106.4839065901171,34.2520089847269]]]}},{"type":"Feature","properties":{"name":"娄底市","adcode":"431300","level":"city","parent_adcode":"430000"},"geometry":{"type":"Polygon","coordinates":[[[111.89551473961359,28.025240175493764],[111.72413977493073,27.98416726530712],[111.67561210011837,28.046153764884366],[111.53556437499594,27.981502590272385],[111.57021299973019,28.028922415437194],[111.48002508009341,28.045970490245963],[111.49136306964999,28.195312285133923],[111.30842085483863,28.238636655257494],[111.14256639022676,28.1243734500747],[111.09014641002886,28.00341878524881],[110.9656551999276,28.03287627042357],[110.97244734047246,27.91725349984921],[110.77033528034895,27.804224970306166],[110.87622801501095,27.652895060358787],[110.9847456899617,27.66622290516301],[111.23791786541722,27.5282210198842],[111.29484639974163,27.570701889780423],[111.3633246797902,27.52821973475301],[111.55583609036336,27.63526539488214],[111.6453875346071,27.518245760433558],[111.85738376005253,27.463287155078206],[112.07985280026662,27.207162050288446],[112.15796729985107,27.328014064697356],[112.21971753043977,27.263572065198673],[112.30671718974656,27.37028135010428],[112.48299078499679,27.36427469542093],[112.51694342979556,27.43461633477608],[112.4237665701711,27.527886214876958],[112.2995517846872,27.497292699798322],[112.32912337044729,27.60166180035185],[112.27415167006359,27.64071300490133],[112.32082606517088,27.68987393013782],[112.04113857528512,27.677513129927036],[112.12855495524707,27.751398189874635],[111.89551473961359,28.025240175493764]]]}},{"type":"Feature","properties":{"name":"泸州市","adcode":"510500","level":"city","parent_adcode":"510000"},"geometry":{"type":"Polygon","coordinates":[[[106.36840927496814,28.52911467959882],[106.2241640199536,28.89351574495572],[106.04431743979808,28.909282230090923],[105.98084159006737,28.984172550422898],[105.90865036002617,28.90260620011611],[105.79096748995778,28.940982440087566],[105.71166987016841,29.298882800101183],[105.51447519507423,29.266376450412906],[105.4523686800706,29.332127100185573],[105.31116764457119,29.264785580290322],[105.18518499519143,29.05973793965427],[105.26510731465089,29.018116825231346],[105.26489550542328,28.940630914884878],[105.14291849489268,28.945354319746116],[105.23879165960744,28.777803089840802],[105.16275282498293,28.654386205359117],[105.23408289031318,28.527648850314222],[105.18706111497852,28.448516034887177],[105.32296851968152,28.419153599958747],[105.35589210533647,28.167450420300725],[105.16441759959258,28.026710895291615],[105.26698350458514,27.999999999900126],[105.22878989533746,27.895773084860025],[105.23979526973596,27.82541265507001],[105.31211128970432,27.82212389999802],[105.28678013959183,27.715118989949474],[105.48985601484327,27.7763311903322],[105.63751678976809,27.662700710369563],[106.33842492017396,27.823395970347804],[106.32466890994232,27.961863615413563],[106.20327669526336,28.137868604752384],[105.87599760520538,28.125628245347286],[105.88753975975214,28.24102084973248],[105.78351133498018,28.33989625990455],[105.7325229198969,28.273993194830155],[105.64061587512259,28.311182370170286],[105.60617375541455,28.476957010058015],[105.73475670006172,28.617343710344016],[105.90170410536024,28.606240659678747],[105.96359633530267,28.766018979892067],[106.32756218005062,28.483570854611287],[106.36840927496814,28.52911467959882]]]}},{"type":"Feature","properties":{"name":"洛阳市","adcode":"410300","level":"city","parent_adcode":"410000"},"geometry":{"type":"Polygon","coordinates":[[[112.25126474507204,34.93931126470318],[111.95534551028715,35.06882821465041],[111.97939370465582,34.96021910023137],[111.87713543525217,34.91083307468671],[112.0258737796513,34.78723527538767],[111.9250555199963,34.60330617513995],[111.82577300472047,34.654157010137965],[111.66551610488438,34.57517369530984],[111.6887397954053,34.532408645043006],[111.55799586531697,34.569958944949406],[111.21107716008294,34.46077761979137],[111.13047094487825,34.361834395341134],[111.19422303036862,34.298125544758136],[111.1517719154416,34.22604974000353],[111.3625317601327,34.096059389629204],[111.35203912970212,33.9868242850128],[111.19716504013456,33.89063438536863],[111.26002044039109,33.78479837994132],[111.62091847011135,33.72260670543517],[111.91379414458419,33.56408168492186],[112.08602780533897,33.605652445404075],[112.07353027490228,33.65239271495187],[112.24420032488513,33.72091261472542],[112.27765908539857,33.81072985989516],[112.51740881996113,33.863390129950574],[112.48944615011976,33.93053618489705],[112.6170995797819,34.143724909576974],[112.5404718196188,34.273334010356336],[112.63395597488841,34.34583526998176],[112.76945944999363,34.3462223498816],[112.71478241517639,34.38319507998898],[112.73093305471673,34.492473184789674],[112.90101527993124,34.469157390201474],[112.97442744037414,34.53581701983967],[112.83035465464366,34.595261060449616],[112.820405739933,34.69312188966353],[112.93125241976338,34.722740109768324],[112.80756157031033,34.83362392530398],[112.63372975492427,34.85646249015184],[112.56323831459656,34.95596589960661],[112.49865664498827,34.94296291960313],[112.51556384459582,34.895274895020464],[112.25126474507204,34.93931126470318]]]}},{"type":"Feature","properties":{"name":"漯河市","adcode":"411100","level":"city","parent_adcode":"410000"},"geometry":{"type":"Polygon","coordinates":[[[114.1512178452274,33.80881331018617],[114.04251449534775,33.98704738522872],[113.85186847025375,33.94115664046666],[113.85035187963558,33.874270979721985],[113.72168537987648,33.85226491549349],[113.75036293520134,33.70925309055775],[113.57297565010617,33.710563640199894],[113.62349057483027,33.626416035072],[113.45205111526684,33.43012228461578],[113.79846128985673,33.432210129993564],[114.04146651986412,33.534030840550884],[114.23978511459143,33.45262599499375],[114.28951177005217,33.54014306485061],[114.26378366458448,33.67995478988172],[114.11296724504234,33.6539415102925],[114.08443026004852,33.714878000119654],[114.1512178452274,33.80881331018617]]]}},{"type":"Feature","properties":{"name":"吕梁市","adcode":"141100","level":"city","parent_adcode":"140000"},"geometry":{"type":"Polygon","coordinates":[[[111.81088411491004,38.21346974543246],[111.76273852516289,38.28312714999805],[111.83753226460237,38.31631689540848],[111.71200385019756,38.506238450044464],[111.76556644513539,38.53540683016115],[111.72625670528276,38.6013088304382],[111.49515610517017,38.48667133461447],[111.42532698495245,38.57260589534587],[111.26241320540515,38.59427439005111],[111.19928530517274,38.72675083977947],[111.01210722956506,38.64979928500907],[110.91126525029114,38.705476224748054],[110.87082779027037,38.4558877703044],[110.57864264494219,38.303882035127856],[110.5004505095834,38.18471936031028],[110.5123019949412,37.96091045974998],[110.75130377504922,37.75347613981205],[110.69649904459527,37.71387058955611],[110.79100298519967,37.66036719968656],[110.79053590970454,37.56114623041424],[110.74246835503061,37.45190727040426],[110.63719168025193,37.431492054714624],[110.68376902502052,37.284257419944026],[110.44309270996064,37.00927212530837],[110.37244663030782,37.017942484657965],[110.40437558016896,36.89732072007524],[110.56810216967943,36.861522570210525],[110.70887942484563,36.94313334972435],[110.83053182508371,36.85424741998247],[111.07436735956605,36.930471759564114],[111.06186933540158,36.8518541648379],[111.31528734503502,36.73589291462633],[111.5793480046068,36.919280224602744],[111.49563034016813,36.990215355354394],[111.63194046488059,36.946859050304965],[111.85501460494015,37.04285915972247],[111.95123046981041,37.25288626468944],[112.06307694484519,37.316979085316575],[112.12981523008887,37.26534177520284],[112.21548881026047,37.341025554785574],[112.32303924006897,37.45959566001176],[112.16630228042595,37.675132144932604],[111.96206588493271,37.7125698398263],[111.72914675491887,37.873380810176286],[111.54159702997902,37.884494995347836],[111.51619364542046,38.065019960203074],[111.81088411491004,38.21346974543246]]]}},{"type":"Feature","properties":{"name":"马鞍山市","adcode":"340500","level":"city","parent_adcode":"340000"},"geometry":{"type":"Polygon","coordinates":[[[118.57025761459727,31.294029975203216],[118.87129025963782,31.43638142975925],[118.86677496509265,31.611306565345785],[118.76898962497125,31.68414547993001],[118.65179118011895,31.64347299018641],[118.68623374499145,31.717578580087434],[118.63726108023468,31.76130903998029],[118.51551073033602,31.74522571019844],[118.47306992523693,31.88518286010094],[118.35419713968633,31.93375306475218],[118.37794732480927,32.06149345975541],[118.07928745465233,31.854977120098056],[117.95310544536005,31.90401676995799],[117.90269357484863,31.842159330288894],[117.94337765505475,31.637004639752377],[117.90239597479444,31.550131710210337],[117.97417098959954,31.43509559528553],[118.1674468553881,31.40003447041454],[118.13036254009921,31.519172740329736],[118.2430028179258,31.53567492485797],[118.31899439047879,31.437834740480923],[118.37138676508721,31.52198223499221],[118.57025761459727,31.294029975203216]]]}},{"type":"Feature","properties":{"name":"茂名市","adcode":"440900","level":"city","parent_adcode":"440000"},"geometry":{"type":"MultiPolygon","coordinates":[[[[111.67519239011676,22.485096400078874],[111.5907926600533,22.554463685151006],[111.4170963500166,22.429239165155423],[111.40833657017663,22.515103760430236],[111.27126882509629,22.494610460204626],[111.32214560463603,22.55996707472076],[111.13879544025741,22.628878319878595],[111.11153308958046,22.706603100053087],[110.87850515958553,22.585959630332752],[110.75693755462453,22.58754008001074],[110.73905179460468,22.469787925272556],[110.67816447970705,22.476578304944894],[110.78426415017043,22.28980643511892],[110.64935123017517,22.24269683469123],[110.67434549964514,22.17579195543442],[110.55472070999281,22.199258495283402],[110.48726327018386,22.14512440456764],[110.41367115539958,22.211750389668794],[110.32193163543667,22.16322321487951],[110.34846774489057,21.97901905518529],[110.43753671994375,21.941309950294],[110.33482173973158,21.82301342512949],[110.4201471149974,21.55941910990407],[110.49394121481527,21.474532750386174],[110.67769302541285,21.4920961700023],[110.7652904299095,21.65035173474479],[110.87665290510756,21.444767880533334],[110.96589689992203,21.42253427973327],[111.08458046002028,21.46712069546379],[110.9981467296879,21.48760662034931],[111.0319951448601,21.538037645521],[111.100581814799,21.46080447524639],[111.27388215513741,21.498382539922318],[111.25758446025469,21.415314679728738],[111.45037125492951,21.53226930488455],[111.37006345546416,21.77590831052015],[111.41380646000022,21.848941105447693],[111.28506648023392,21.91065380552874],[111.28100464994469,22.05761443485835],[111.35528235030029,22.236776409703623],[111.67519239011676,22.485096400078874]]],[[[111.18442386536913,21.381098535369176],[111.18511774988428,21.389038360132247],[111.17900158475538,21.37393701538099],[111.18442386536913,21.381098535369176]]],[[[111.03659347021255,21.492978520042698],[111.04059133981855,21.50158720478572],[111.03645775981784,21.49987032525536],[111.03659347021255,21.492978520042698]]]]}},{"type":"Feature","properties":{"name":"眉山市","adcode":"511400","level":"city","parent_adcode":"510000"},"geometry":{"type":"Polygon","coordinates":[[[104.44636019007078,30.102881160037555],[104.18996684989025,30.334558540344403],[104.11539450465273,30.228194774968927],[103.93410043508709,30.360507495024933],[103.79653814022305,30.34925621000616],[103.4576717550475,30.0939592000571],[103.26573318024214,30.06196470041067],[103.08581078543943,29.899184980102802],[103.16761444525054,29.78811252457342],[103.14978179469415,29.67163355534433],[102.93337648014051,29.715473204624743],[102.92228594534015,29.562811950011508],[102.84665476530523,29.500651974808818],[102.93274351030482,29.402936760223383],[103.01616244963742,29.45223948966077],[103.18332841537415,29.428919270408073],[103.19388549032317,29.491027600243626],[103.29100572513414,29.50850088980428],[103.26496627527342,29.602294705036684],[103.37558883505676,29.673445825064846],[103.30106434993985,29.680122050192494],[103.3177737148851,29.779208550134513],[103.4311809696261,29.760717174957733],[103.42986909528258,29.8228364747236],[103.64607604007728,29.929792010193182],[103.7461093552626,29.802804464654344],[103.70268998975126,29.715301710205836],[103.89169279968303,29.745589450392856],[104.02737446465989,29.876644195173526],[104.08841000042122,29.744353129893057],[104.26634344469426,29.635870974565876],[104.4988830653013,29.808271519814866],[104.44636019007078,30.102881160037555]]]}},{"type":"Feature","properties":{"name":"梅州市","adcode":"441400","level":"city","parent_adcode":"440000"},"geometry":{"type":"Polygon","coordinates":[[[116.89955568035043,24.3736763103135],[116.75087238974902,24.554139485448957],[116.79713765987515,24.680518080245236],[116.52378674995862,24.60744831508771],[116.37072068531143,24.805850480215554],[116.39147358473815,24.880584285236637],[116.24344435037654,24.795412485397947],[116.1870249753224,24.881356284864694],[116.08596949519608,24.839340070388005],[115.97518053025738,24.918862404676304],[115.87778159464494,24.94072726005504],[115.90390080537793,24.883806424826673],[115.8564880947498,24.86650352981411],[115.81791997003063,24.911380170258724],[115.75630146044409,24.67179264011827],[115.84958378986005,24.568233919559816],[115.7087286803843,24.54042768498971],[115.5510675054611,24.646878855474824],[115.47845558965378,24.564753490181488],[115.48994585511718,24.497026275342364],[115.58914551495366,24.46402843986067],[115.54393887997537,24.361340139835647],[115.58822590959812,24.249138884951606],[115.50003509014732,24.191165775480215],[115.52225962488183,24.09905489037095],[115.43459751506339,24.126070250341854],[115.44812402010746,23.969477364788588],[115.31183905033197,23.76171390557232],[115.38744086030749,23.779654230158656],[115.45183280533979,23.70718136482816],[115.40929177529529,23.492739920510985],[115.45258208989162,23.385186115546844],[115.68075007545565,23.56007817047123],[115.78072533040972,23.519102275549642],[115.83788938998339,23.664863215564992],[116.14520016535539,23.61740645974038],[116.27096294038745,23.761780975211877],[116.49167721533126,23.754633915422914],[116.49171947537354,23.872301930489755],[116.68965090476547,23.982921880440472],[116.7821175904545,24.158617639692352],[116.92871215973844,24.225361429686302],[116.89955568035043,24.3736763103135]]]}},{"type":"Feature","properties":{"name":"绵阳市","adcode":"510700","level":"city","parent_adcode":"510000"},"geometry":{"type":"Polygon","coordinates":[[[104.29793699959293,32.83290686476005],[103.97807974008799,33.02775964499165],[103.96830094023625,32.84005919997213],[104.10247155531806,32.846718634757224],[104.17267657506397,32.53314180515025],[104.14199755514312,32.476686555240406],[104.09252447972102,32.469906980023154],[104.1332234104321,32.526540055579176],[104.0644506698626,32.63260165504238],[103.88573980484819,32.64170251535887],[103.84318663035879,32.58748934006104],[103.90555043510454,32.51117431554229],[103.89277617967701,32.3447288398641],[104.12714862041258,32.22688751554648],[104.18422592508642,32.31185874048856],[104.25479119975415,32.21779507558233],[104.14989494539549,32.12768282040588],[103.84890273027685,32.16426614047003],[103.74649321469019,31.958827640083598],[103.91805083527788,31.945535355372385],[103.9720875653889,31.859178509880394],[104.1567559848009,31.82095277055396],[104.17062196503173,31.735377415235575],[104.09452746956714,31.697785849937077],[104.15511825460385,31.51763075465567],[104.36706613519402,31.374374910373888],[104.55970301018584,31.42789978504709],[104.67518791469058,31.27308933960137],[104.74762159026426,31.277416690228108],[104.71649296957497,31.166286910112888],[104.78693427989316,31.132719560059684],[104.83955430978364,30.9456072545712],[104.92946387485802,30.94783394987695],[104.99916731032317,30.803946050369973],[105.1539882598504,30.708917705188014],[105.24054818485092,30.72799225024221],[105.19446400041335,31.09813228527679],[105.3770764949843,31.156607614849577],[105.40748985517274,31.07436513534276],[105.60045897030528,30.974505644719784],[105.70269462985334,31.026743844952534],[105.72301222503421,31.11215699494943],[105.67657142523115,31.255129620235834],[105.59177085474124,31.294046160302116],[105.63964292018466,31.397006134725416],[105.49638093982855,31.404367740378973],[105.31403956027754,31.71884947502332],[105.25309060494754,31.707897819828588],[105.30537251492967,31.772269395216483],[105.20177719466187,31.83685234545942],[105.17012405518108,32.001474420508146],[105.25166765533811,31.987743250450706],[105.28622530015753,32.11360361541455],[105.25095627541185,32.31585710472166],[104.99231747017518,32.249177270015025],[104.9722070895856,32.336517480097655],[104.77000997518024,32.3995019051888],[104.75087309002117,32.53120567989828],[104.6125419296664,32.6055255755449],[104.58111986019344,32.72426874990293],[104.29793699959293,32.83290686476005]]]}},{"type":"Feature","properties":{"name":"牡丹江市","adcode":"231000","level":"city","parent_adcode":"230000"},"geometry":{"type":"Polygon","coordinates":[[[130.1084572847759,45.92411843511775],[129.9428667001382,45.9057981802419],[129.80070701521663,45.984956610159486],[129.77651839980433,45.88413702490385],[129.57601073021112,45.88512422959957],[129.5421611702019,45.81131222967571],[129.3380725297235,45.73406032472428],[129.30322148018718,45.622489619600344],[129.10066180499837,45.622293939713586],[129.1104789798211,45.47166372480109],[129.19052791483148,45.39958788497296],[129.05501809500913,45.3356938154173],[129.2027585201896,45.219930624698634],[129.09444602466442,45.15448177031749],[129.14284498490815,45.10919318461782],[128.99028073476813,45.063443004790884],[129.05449786958104,44.901440664754944],[128.87336009499245,44.867368650243066],[128.68643584044173,44.663297794757455],[128.39809053495026,44.67461065455814],[128.2258749649577,44.46544874506361],[128.36625312528156,44.512071225007105],[128.45560133533343,44.431965750519],[128.44362274969023,44.201332779883955],[128.63022317006335,43.889239480018034],[128.75255208980718,43.85951693495866],[128.72108495530654,43.738237010529645],[128.87592196043022,43.53879746033459],[129.21803185488625,43.58507633000869],[129.24802756002396,43.81704891997174],[129.7287811598227,43.87698137519038],[129.9318012501277,44.02571122998933],[130.0722327600339,43.8347235101819],[130.34009771014132,44.04873615055294],[130.40596190022154,43.64939473028261],[130.61709849519946,43.62177958995619],[130.85432514039303,43.4357240004623],[130.99392899522707,43.505638815279156],[131.13471566989233,43.42299340532145],[131.2856916048837,43.4669926752718],[131.18739820985957,43.5576520797797],[131.23889586964867,43.60000622980374],[131.23579519968882,43.9848685102736],[131.29911851540726,44.04707832050815],[131.08289671471164,44.74269399553151],[130.9552511001582,44.818522150476895],[130.86280208524806,44.98891281977086],[130.70948299544398,44.96378480492484],[130.56067769022332,45.09618536536237],[130.46782559467556,45.05151977511758],[130.39128911480088,45.1216143949884],[130.46034488460884,45.16733163534673],[130.48214303007683,45.33305860037416],[130.7493555148452,45.51959256534468],[130.77148802465263,45.621318800322456],[130.71189613010233,45.654704699562274],[130.6202363449314,45.58677624972421],[130.3916547854401,45.67353255967993],[130.33401547013796,45.61658964519603],[130.20328832499627,45.65028938984352],[130.1562427949691,45.69459242020406],[130.1879322202958,45.87059399481706],[130.1084572847759,45.92411843511775]]]}},{"type":"Feature","properties":{"name":"那曲市","adcode":"540600","level":"city","parent_adcode":"540000"},"geometry":{"type":"MultiPolygon","coordinates":[[[[89.70932380474983,36.09319327055306],[89.23881741489186,36.292898215180514],[89.12527744989444,36.25152576510203],[88.92438186043455,36.36348816544654],[88.76383201543524,36.292826145310414],[88.58449023463669,36.461038900325036],[88.37579355522843,36.484529350449236],[87.562398920274,36.3400106151978],[87.36056146004341,36.421162780038344],[87.14129315015879,36.293124554754456],[86.76428522468342,36.298117915409534],[86.18424745035958,36.131392354873356],[86.1976570147595,36.03350642018518],[86.06751563493867,35.84277405028223],[86.31444529501442,35.63713373033744],[86.24970460008728,35.483792564875046],[86.29351810967307,35.37599979025816],[86.1757409852583,35.32297212556318],[86.2316823598531,35.15353540493504],[86.04049412000768,34.744823139776145],[86.05440187015023,34.655271049819135],[85.94108463035144,34.52847913020776],[86.16265573527403,34.4019190153503],[86.12847327502169,34.21189001511215],[86.2715280497797,33.89812494031378],[86.17245560534195,33.68766614547627],[86.32643908459613,33.42530571988311],[86.01838790547754,33.21743438518877],[86.02128505975776,33.16246412551902],[86.17316344463734,33.155208319708265],[86.06748085995378,32.98771423992031],[86.1069087554348,32.86302169499527],[86.06146164983534,32.80163741023836],[85.87798011519021,32.696241510537334],[85.39846878040993,32.59088405055854],[85.25586882518621,32.492255024949486],[85.1740341603483,32.241010170383106],[85.04931366989001,32.09674090976523],[85.16000197461148,31.95132513494707],[85.12143476989877,31.678142400051797],[85.27686337514473,31.649000024731436],[85.34812326997297,31.560740630175985],[85.44658996975136,31.57904061523226],[85.47443481041824,31.505951525442583],[85.55974357520591,31.49521327487281],[85.61041267520483,31.360200225260257],[85.97351677517906,31.21636208973871],[86.13843549969863,31.214120794838834],[86.19144833547239,31.006756925092077],[86.31356188467328,30.95639326993353],[86.33079131047066,30.805901350067302],[86.42646121041656,30.70131096502905],[86.42414845988355,30.47751959045678],[86.52496395502254,30.488509140384565],[86.52724498017176,30.463408095307386],[86.57914191017107,30.395709975335137],[86.5367810296209,30.459432710551198],[86.71661365499625,30.45477183555181],[86.70903893519875,30.551424039787662],[86.8546557201854,30.569781264893493],[86.94187558029387,30.515297864904596],[86.92514308028899,30.61558084987638],[86.84910039476745,30.587771290512705],[86.89488612479488,30.72968431028272],[86.86575943544966,30.650852140014308],[86.7868797504002,30.66141621528618],[86.73033239462438,30.834877460526457],[86.91332580514182,30.933204750099208],[86.97644967011627,30.923683890199413],[86.86055687000362,30.75805803505034],[86.92377957496745,30.756631140115076],[87.07265653007488,30.94457491470058],[87.18183079465553,30.55425215041646],[87.4695136046692,30.554460830003336],[87.56999710518232,30.368616859980136],[87.74394577487766,30.331564100103208],[87.80684922501177,30.38744029992995],[88.06893097498454,30.38083695496158],[88.20302960023594,30.218211579900526],[88.4131084054286,30.246748644934087],[88.51701074974636,30.054641400480307],[88.64704990992544,30.230119455448573],[88.94705101459272,30.20107268975289],[89.19442289470089,30.311063050419477],[89.37361211001092,30.226856470449775],[89.69901778544249,30.22457494527754],[89.71219005023067,30.157188444890892],[89.80801109473629,30.15895796983449],[89.89153310986518,29.980621050121442],[90.03799040033675,29.938918160344883],[90.24403855023894,30.280400265060223],[90.39980073471617,30.28578334512531],[90.44775239465736,30.385688260504878],[90.65511745960316,30.4714960051366],[90.59149907542206,30.565826630194863],[90.71834072034801,30.95348665028871],[90.79649943959754,31.02691904008168],[90.93905799543018,31.0147113755296],[91.07768689973068,30.882600125195665],[91.15937919469411,30.96501713972924],[91.11199379467791,31.04224691056652],[91.34569491039184,31.043141940148473],[91.4233099651828,30.707770434657903],[91.57265951042814,30.658760699846482],[91.72805003028475,30.723629379991962],[91.88211914478279,30.556135960306392],[91.90377626036616,30.51585003515106],[91.7909162502848,30.44915107006591],[91.8525536249499,30.43285990516057],[91.85690937526749,30.287566719628444],[91.92555078963727,30.286475660323504],[91.96908559032778,30.183313834865658],[92.16668755039018,30.21428254979986],[92.22347122012076,30.320384525225734],[92.61148446513602,30.226135094559027],[92.61261193978925,30.30854570502032],[92.74818692988299,30.326654524786534],[92.75895295961146,30.480083025211513],[92.87515244023297,30.531890169595727],[92.90378052025488,30.61274125040842],[93.02825007018464,30.584756735135272],[93.02196282972085,30.511721225154474],[93.14087818468056,30.404641889911318],[93.2505761901391,30.509532334649577],[93.42946098043996,30.41466420009283],[93.40562152501343,30.347184039811623],[93.5626122697405,30.287531289937135],[93.87092289517551,30.339640819668148],[93.99709342012528,30.30142869967483],[94.15204295471864,30.490721905191833],[93.78264832006397,30.667047885051886],[93.67415252471932,30.760981470218724],[93.70011003015384,30.82085713504881],[93.59617218959494,30.861748929869293],[93.64287807536294,30.919927799728214],[93.85929541475167,30.907015455199144],[93.96596056992445,30.837851805416562],[94.3189164249531,30.849593200266042],[94.3398595148048,30.920279205321094],[94.21206228984283,31.125324580565007],[94.30117739472104,31.21881753030482],[94.29622038016646,31.31628130523808],[94.36701296027996,31.29709496995696],[94.56740229977635,31.439665484974228],[94.62809254983136,31.314852255527228],[94.77377691976909,31.346409109992464],[94.71200073024954,31.183058380439945],[94.7723212753067,31.080086224699585],[95.0355539398625,31.16280901052744],[94.98697458011281,31.332194840319687],[94.8660684202215,31.409391910008708],[94.88993543537208,31.54457137017266],[94.67963104513666,31.642485670377425],[94.76940059476169,31.73754130009098],[94.64106591965651,31.8369958502783],[94.69101809990542,32.044715134795695],[94.64887553517787,32.15375120055751],[94.75852597009748,32.348124660124995],[94.64835727027184,32.46344007030308],[94.77274567976934,32.55444445474785],[94.61145155044875,32.67678382011724],[94.43985895972327,32.5651470453999],[94.39239459473481,32.60514713003607],[94.3671952951268,32.5230448953057],[94.19606146026825,32.517138944906435],[94.13826041988256,32.43401166020999],[93.85674228532827,32.467601405180744],[93.82340448003276,32.548684404961364],[93.71718958033495,32.58027805968476],[93.52003045004528,32.47629442474795],[93.2409766098827,32.6652224947224],[93.06464315485778,32.628532069899165],[93.0095330802875,32.74186355495914],[92.25433806524956,32.72451017020825],[92.19823420024818,32.75634075492195],[92.19728961982014,32.869716609833745],[91.95674817518818,32.82142530023748],[91.83685936976417,32.950248915155385],[91.4971545646315,33.11100486048599],[91.4342150453881,33.06814135513946],[91.22930130481143,33.144615395084486],[91.14511857486241,33.07423467029383],[90.70131937518909,33.138240104697104],[90.09020448524888,33.470386750148464],[89.98581919509985,33.58763701033979],[90.0064289854094,33.69125034043094],[89.9046610048016,33.74127177027606],[89.93938095476733,33.804010815346885],[89.7926151302841,33.866468754829214],[89.63270215997676,34.050265150216546],[89.81375685519475,34.170641965554296],[89.86935993541277,34.33496957468617],[89.79752837033806,34.39629707534982],[89.79631871024037,34.62867255979086],[89.72114153495392,34.70484894032637],[89.86679129538203,34.817753679988414],[89.78490396534579,34.92361195982414],[89.57719930020761,34.89591169506872],[89.58987880486302,35.10911072507997],[89.44677297019649,35.22562263018028],[89.53080436492957,35.28083866557199],[89.5040880996861,35.372472409973795],[89.76422396496406,35.48394512496759],[89.69650684501494,35.54384128534707],[89.76249646533967,35.589932780373545],[89.72262265541127,35.65049920997063],[89.80007725496142,35.848519045417675],[89.54799998521122,35.85687056542429],[89.42133196519808,35.91915981007725],[89.40099000468501,36.01968571542346],[89.70932380474983,36.09319327055306]]],[[[86.12107291038654,30.96970051486693],[86.09632561543486,31.062141470052836],[85.91841749966795,31.08391901475079],[85.7578034853426,30.956235365170016],[85.92915545975671,30.93043294512438],[85.94467617996179,30.8690002048956],[85.86299103011203,30.87085004469384],[85.90024207970828,30.786371230048303],[85.8188014798045,30.78507893034839],[85.95707138014012,30.744587900411318],[86.12107291038654,30.96970051486693]]]]}},{"type":"Feature","properties":{"name":"南昌市","adcode":"360100","level":"city","parent_adcode":"360000"},"geometry":{"type":"Polygon","coordinates":[[[116.39537100996415,29.055720769697814],[116.27525307976589,29.110017500107574],[116.23342969972089,28.993185750222267],[116.1372614746374,29.086767644711074],[116.16844001489483,29.12081698011957],[115.92516074976879,29.096820940134307],[115.7606686951043,28.8962139251326],[115.4681877645537,29.00775001535095],[115.52432014525857,28.867703310059767],[115.43496378465102,28.761254205317357],[115.5546359595819,28.732342304653685],[115.51874433957971,28.59897569966887],[115.57847428545995,28.57720154991165],[115.5265592449133,28.39603208501279],[115.61095567536415,28.419470469786404],[115.64441022974836,28.337897270242877],[115.81470969519637,28.411051450264267],[115.87409386523973,28.290766374768452],[116.06299030515856,28.295130319708562],[116.22458169458957,28.16062668027712],[116.31007586540898,28.256981230499434],[116.35362777480202,28.208375169878252],[116.45604446517996,28.248364565172608],[116.55868503998272,28.5026890095902],[116.43915224468037,28.707007815358452],[116.22403149026115,28.857904190026375],[116.34091606002823,28.883592580533218],[116.39537100996415,29.055720769697814]]]}},{"type":"Feature","properties":{"name":"南充市","adcode":"511300","level":"city","parent_adcode":"510000"},"geometry":{"type":"Polygon","coordinates":[[[106.42060058544871,31.754168410343937],[106.3332364354132,31.85490885525951],[106.21056572023184,31.77169009512187],[106.1247631952653,31.836905620398113],[106.07808495465702,31.70066470481231],[105.86431145031327,31.614537334830175],[105.72674201483215,31.730558364776755],[105.6956829998706,31.590137470467937],[105.50855084004928,31.583573344933995],[105.45395509495171,31.525994619656046],[105.49638093982855,31.404367740378973],[105.63964292018466,31.397006134725416],[105.59177085474124,31.294046160302116],[105.67657142523115,31.255129620235834],[105.72301222503421,31.11215699494943],[105.70269462985334,31.026743844952534],[105.60969450499749,30.993664799790736],[105.79361705458348,30.808891255027447],[105.8818289397538,30.461573949578167],[105.93036097987539,30.520895884737342],[106.10911779035382,30.505778819836735],[106.23483148038855,30.689727060355608],[106.2040267199572,30.7276074501238],[106.38803648039931,30.681595984866874],[106.48349526539425,30.79038819495929],[106.58363755502921,30.7423709195823],[106.66390875028867,30.91758442008495],[106.94742571532458,31.161265325134707],[106.95986064035634,31.29707255525426],[106.81829068496722,31.542911774758636],[106.64509733967054,31.59338128012206],[106.6222399250326,31.51759941508101],[106.56325965041259,31.520318095303878],[106.36107692516003,31.699124364897557],[106.42060058544871,31.754168410343937]]]}},{"type":"Feature","properties":{"name":"南京市","adcode":"320100","level":"city","parent_adcode":"320000"},"geometry":{"type":"Polygon","coordinates":[[[119.05611597497239,32.46323672009862],[118.8798725951442,32.59214838494006],[118.57466554987525,32.5955999253963],[118.58861053464852,32.48238307511889],[118.68588541507995,32.47511541534419],[118.70232491955949,32.336568549898686],[118.63858332016412,32.21183696000776],[118.50428605985383,32.19668770477381],[118.49543832541849,32.122950274835375],[118.37794732480927,32.06149345975541],[118.35419713968633,31.93375306475218],[118.47306992523693,31.88518286010094],[118.51551073033602,31.74522571019844],[118.63726108023468,31.76130903998029],[118.68623374499145,31.717578580087434],[118.65179118011895,31.64347299018641],[118.76898962497125,31.68414547993001],[118.86677496509265,31.611306565345785],[118.87129025963782,31.43638142975925],[118.69649111007675,31.301914034804895],[118.78997556032391,31.23160202001725],[119.09903948488443,31.23574472993539],[119.21290039543692,31.350799914984123],[119.13577685521773,31.453329865081287],[119.23095105964376,31.627194100127667],[119.07514203038045,31.78411991470233],[118.97283706008227,31.769324645216273],[118.97403860020131,31.84532996030947],[119.11154987023042,31.894616439896822],[119.02388787462576,31.955506910515567],[119.1149699002408,31.979960530054484],[119.09374077022039,32.087705865433406],[119.00396450985431,32.12662397481665],[119.23661760961511,32.216938285173796],[119.03099668534878,32.260244939552365],[119.00437267975542,32.41153210472288],[119.05611597497239,32.46323672009862]]]}},{"type":"Feature","properties":{"name":"南宁市","adcode":"450100","level":"city","parent_adcode":"450000"},"geometry":{"type":"Polygon","coordinates":[[[108.47587027039674,24.022046090155015],[108.36381413011804,24.01037874008682],[108.27503169525659,23.800615870326226],[108.19902097973448,23.87425581555351],[108.17254758989941,23.824615604726432],[108.12789274475443,23.855215684856034],[108.01937101476057,23.78193954507401],[107.9918661196258,23.639576189789352],[107.71161278530184,23.557794639810822],[107.74206859978614,23.44543380022975],[107.88294617522587,23.444114795161738],[107.82604202511942,23.337522305210257],[107.57869059019862,23.299172915397776],[107.55936444541288,23.206929345213155],[107.38326738977827,23.25259939544577],[107.3246441100377,23.135031165555915],[107.38787659962543,23.09835219989418],[107.34241993513194,23.04346062550752],[107.4737530452669,23.03357003992545],[107.50323935011596,22.846589495009255],[107.61206321994172,22.90722588556622],[107.68779564475324,22.8645326452654],[107.62994218018753,22.938555754744357],[107.70837294525529,22.95409827991176],[108.02590778021994,22.7887516903383],[107.99565735020661,22.68999568045632],[108.08167971984324,22.70538696033998],[108.10137365047365,22.652907579920907],[108.00086497523847,22.610037690287243],[107.98187053010093,22.503308114877655],[108.08342464023502,22.461102465406498],[108.13332554024157,22.30754059552214],[108.27688983040139,22.20896735036297],[108.41073153013605,22.272048840181867],[108.49125437009315,22.24065093009642],[108.55478610999103,22.42318664504768],[108.78077741514568,22.529861379798888],[109.14229911481237,22.51272355534786],[109.15893927962412,22.55633709977741],[109.26050173007087,22.487028714903317],[109.34707411517832,22.63173175991284],[109.61817881989668,22.682580039936965],[109.50157131506421,22.77452888969657],[109.47816614495167,22.89362173485523],[109.31037256484205,23.009386055122377],[109.3214353600539,23.098243210156056],[109.2494821652698,23.09858132466843],[109.23700037027095,23.287171059796606],[108.93462379005592,23.362920710222625],[108.81785786514843,23.497371125077393],[108.76853710969993,23.78086830502832],[108.6719549851345,23.789329675424256],[108.49741531516474,23.66539266533931],[108.4117210397942,23.819836955411233],[108.47587027039674,24.022046090155015]]]}},{"type":"Feature","properties":{"name":"南平市","adcode":"350700","level":"city","parent_adcode":"350000"},"geometry":{"type":"Polygon","coordinates":[[[119.25739407038009,27.423948885132972],[118.98590087022899,27.50646765525812],[118.95232467984022,27.452331684959347],[118.85573824482424,27.515720619710862],[118.8969712451269,27.710870204996013],[118.71289312541751,28.03537313016585],[118.809045835397,28.23255030984899],[118.71693227030812,28.317230980025784],[118.4868929898197,28.241445229913495],[118.36994737047485,28.27048858537995],[118.30715599475343,28.22450312491935],[118.3705365649106,28.18977582029794],[118.34769830043626,28.089914209972846],[118.13258753029038,28.06087137521382],[118.08318718484077,27.967223480379346],[117.85086756988255,27.949017159714174],[117.73425063475906,27.803665189996593],[117.51703293472224,27.986949380109877],[117.34720702528409,27.860766535347352],[117.27415133991246,27.87432761482762],[117.30190695973852,27.779811535174247],[117.1997440553439,27.687136474768522],[116.99831741981313,27.629761900091694],[117.01632564501256,27.558470029868033],[117.09811810466681,27.54266975990157],[117.09351742039269,27.341502360245784],[117.16764914998839,27.29353388028437],[117.04739953026422,27.103883554882202],[117.15540465999709,27.11165670019659],[117.24585174985839,27.034350825130502],[117.2732852846882,27.131650204893106],[117.37823779973473,27.102010269758182],[117.66637896991358,26.80741196459053],[117.58775534972972,26.706609599553417],[117.66278281037842,26.637091970318238],[117.84778965996486,26.68432127500688],[117.8730867446576,26.561098279861767],[117.99963716032676,26.575230800261295],[118.12976152497447,26.36822749030648],[118.33021446542534,26.44136494023985],[118.66392082488619,26.246890760200472],[118.6583978795586,26.346044124736636],[118.54348816974334,26.40012011025493],[118.61658368968563,26.550789680399475],[118.5671995850928,26.684997309778055],[118.62501236972514,26.855555889692596],[118.69140965003544,26.875230209706444],[118.67447807520307,26.966141304777466],[118.83636019027063,26.992978634956103],[118.95163851960206,27.11989422034202],[118.93274397025812,27.17851315006186],[119.12782819461552,27.055818514712712],[119.20313747491457,27.125259799600144],[119.17450752969876,27.20744708501502],[119.26751462519985,27.215902474919346],[119.20365070541584,27.26344044492066],[119.25739407038009,27.423948885132972]]]}},{"type":"Feature","properties":{"name":"南通市","adcode":"320600","level":"city","parent_adcode":"320000"},"geometry":{"type":"MultiPolygon","coordinates":[[[[120.96632706973855,32.650837549913035],[120.65826301502614,32.57559981517937],[120.59557550020918,32.651740304671364],[120.43798601024628,32.63214415462909],[120.37573750488195,32.71464788988828],[120.21966042998497,32.67802366955675],[120.27901051032688,32.37947077015997],[120.35320898041016,32.36983841501092],[120.3514864603319,32.132806679884425],[120.50773343514993,32.09509410001277],[120.55342287476594,32.011017105155304],[120.7813978001684,32.00275528982479],[120.88900184036265,31.823169604793463],[121.00378254962504,31.785106024923152],[121.09713565029006,31.76511458057348],[121.30137994992481,31.872462685404685],[121.42604355466642,31.77201392480282],[121.80958926543235,31.647850840443994],[121.95475209513313,31.710131900366946],[121.73348026480244,32.05759676028231],[121.43988224047303,32.13399298998456],[121.51484812544072,32.15801133495518],[121.41216344518693,32.176070780142425],[121.4832310002106,32.232309000260216],[121.41271447958957,32.40418771479125],[120.94420510538134,32.59982605552807],[120.96632706973855,32.650837549913035]]],[[[121.56692740017945,32.177296565084475],[121.53405722526077,32.22876013517214],[121.53488015529501,32.18416653475782],[121.56692740017945,32.177296565084475]]],[[[121.39982364504522,32.53152968494703],[121.43028937995098,32.522696390026454],[121.43114054959676,32.52919826538766],[121.39982364504522,32.53152968494703]]]]}},{"type":"Feature","properties":{"name":"南阳市","adcode":"411300","level":"city","parent_adcode":"410000"},"geometry":{"type":"MultiPolygon","coordinates":[[[[111.2542071651286,33.79799282470913],[111.12418815965589,33.67800183471695],[111.10846292012775,33.57815593464869],[111.00410708997026,33.561516670058325],[111.02937233506526,33.33507156520062],[110.97557493523516,33.271113065515635],[111.05578533002904,33.19442080057951],[111.03186190040645,33.15544316507004],[111.08588874516954,33.18453927027116],[111.17470916469625,33.11602965514453],[111.14756298034735,33.04193047021511],[111.24110411486305,33.032503090345415],[111.2389487654732,32.88430533022688],[111.45845359525725,32.77527130502676],[111.41938379002994,32.734280420205266],[111.56011826984235,32.59443056032217],[111.70973187492615,32.608584575417865],[112.3180706098708,32.328568160292434],[112.54260702509418,32.413382985036776],[112.75652668006228,32.34566146020825],[112.86684200985098,32.39937977545634],[112.98380579010518,32.37034382500758],[113.02495028003148,32.42782720506153],[113.14506716971414,32.379425660166135],[113.20295567006815,32.434778649714985],[113.42153352994853,32.27122141513627],[113.56800434532431,32.30383008519033],[113.75551816033487,32.468552115387865],[113.80950123509399,32.602241880058784],[113.64403824986539,32.71111962017437],[113.50853344466282,32.572078890228624],[113.39808322466115,32.616173740126044],[113.19728433030764,32.574020809812566],[113.18380724480858,32.65593949021536],[113.2638360997563,32.66514659463968],[113.18287057481723,32.720630320432974],[113.20150837041501,32.91911255490055],[113.08997614008683,32.95358107510657],[113.17957405499874,33.070336809796004],[113.36976547010045,33.10731278735528],[113.40122347468366,33.32407338537848],[113.03972778970581,33.44145480989164],[113.04081433531337,33.53569317979645],[112.93708615010576,33.60908402001155],[112.52543165484701,33.589017160313745],[112.41333770527092,33.67889627973955],[112.16834694485567,33.72269534531398],[112.08595836958318,33.605608925411616],[111.91379414458419,33.56408168492186],[111.62091847011135,33.72260670543517],[111.2542071651286,33.79799282470913]]],[[[111.0148910000197,33.1741170000995],[111.02719399990326,33.190525000428465],[111.00997700003859,33.17491299993503],[111.0148910000197,33.1741170000995]]]]}},{"type":"Feature","properties":{"name":"内江市","adcode":"511000","level":"city","parent_adcode":"510000"},"geometry":{"type":"Polygon","coordinates":[[[105.42028875472232,29.690211404832496],[105.36475428468253,29.831413395411914],[105.12164518477749,29.833613215377625],[105.01868900459397,29.984812079713777],[104.95785288540242,29.998478065110646],[104.79037700969133,29.85088026970874],[104.72432187465483,29.952737710377107],[104.67745236983109,29.966309554742224],[104.6747962347585,29.904662569921697],[104.65049303042906,29.958999795004615],[104.56565322971284,29.93907788533619],[104.50143869034332,30.042071464726348],[104.44827795026725,30.00003894464163],[104.4912945247226,29.795078799946737],[104.26678107458696,29.636070779642807],[104.345822560263,29.56424356009228],[104.39155011044932,29.623988360074804],[104.48018151496501,29.60882729494375],[104.5272296548248,29.421019194780058],[104.61685517982278,29.44684372016161],[104.70874370036154,29.363860364764093],[104.7564211354271,29.460391615580647],[104.95877867989225,29.421650505366586],[105.04062123987836,29.48417810993186],[105.06295943992626,29.34202437042842],[105.27686250510061,29.19074535491427],[105.43707614484828,29.369687924857885],[105.28983805038575,29.541913649995024],[105.42028875472232,29.690211404832496]]]}},{"type":"Feature","properties":{"name":"宁波市","adcode":"330200","level":"city","parent_adcode":"330000"},"geometry":{"type":"MultiPolygon","coordinates":[[[[121.23546907513776,30.452881279847247],[120.86545600009435,30.275296494637587],[120.98626464469771,30.031565879561754],[121.0878762197118,29.989624875387733],[121.00992653528147,29.90048608956141],[121.10306288494428,29.80478779532052],[120.98663824465928,29.67823151966894],[121.05437421529791,29.702575639554198],[121.10925322525623,29.554208689979134],[121.22672303963668,29.521264925336084],[121.16219777460765,29.211373305233906],[121.29068089001112,29.094279970444347],[121.3754037599756,29.20326169557086],[121.53335188967799,29.144858544686144],[121.58198296044532,29.229858629772025],[121.54052352973713,29.27790479047377],[121.70510361543961,29.131924059747632],[121.75650005023715,29.161199790138255],[121.76781991036069,29.35760717533094],[121.80738811986589,29.37914281049234],[121.79248892022758,29.320028904710227],[121.8399844853958,29.329015214780384],[121.78599835024374,29.171255484952724],[121.9364741902317,29.196662269847934],[121.99080766963834,29.27949100480606],[121.92074120484278,29.313990449999324],[121.98505716525608,29.447557080394972],[121.95445246530915,29.509403165223944],[121.99071727518219,29.59520740519764],[121.95610187500154,29.632917640536732],[121.74414861017033,29.55805304531185],[121.84367098992436,29.536008865117083],[121.80188183987502,29.475691259943744],[121.72264891011912,29.540780249708803],[121.48717403545345,29.388991000234512],[121.52291506038182,29.479033705441225],[121.43622606468125,29.410956475361104],[121.42719126496502,29.466624994747747],[121.45663614524199,29.51421753021492],[121.52576204508239,29.507795365363847],[121.56869820485838,29.548018370351542],[121.70110989530554,29.561097459979862],[121.78115795977214,29.656616864676607],[122.13343319528576,29.901812819805855],[122.01274236996449,29.87691247553039],[121.92922795500613,29.891095474876295],[121.67508679511957,30.001274954875328],[121.37388401993167,30.35830046969096],[121.2273283553194,30.367157664994295],[121.23546907513776,30.452881279847247]]],[[[121.94774622530815,29.051717005035812],[121.93744907961138,29.18492283012455],[121.8672762250178,29.131064310569514],[121.8914040651456,29.11892533983263],[121.89899889468336,29.07402524057244],[121.94774622530815,29.051717005035812]]],[[[121.86764477978284,29.14352426013653],[121.78320568009815,29.11384961027136],[121.87071030513653,29.0898366549377],[121.88665758997581,29.115217839731542],[121.86390435999829,29.129735709735257],[121.86764477978284,29.14352426013653]]],[[[121.94362387514184,29.89377136535626],[121.96666364531109,29.951723485550474],[121.9223016697863,29.93077053013593],[121.94362387514184,29.89377136535626]]],[[[122.06140144472101,29.168391045310557],[122.03178620496942,29.20854954552516],[122.0117847349776,29.154987960526],[122.06140144472101,29.168391045310557]]],[[[121.83833549478732,29.086478195212578],[121.7866915153013,29.078321589769587],[121.828625129746,29.054325834869417],[121.83833549478732,29.086478195212578]]],[[[122.2218253846338,29.432210289972943],[122.17602390028287,29.426854540304817],[122.17666164461923,29.41138811486968],[122.2218253846338,29.432210289972943]]],[[[121.97333430993046,29.1657038197755],[121.96865324964779,29.19237109984641],[121.94854613989253,29.18879682531326],[121.97333430993046,29.1657038197755]]],[[[121.78706975486534,29.297781525397113],[121.7994074847677,29.294938805281674],[121.79530403475349,29.316177434840824],[121.78706975486534,29.297781525397113]]],[[[121.69110933972433,29.54457009983031],[121.68220292992135,29.556546974963],[121.66479818488835,29.54656042002739],[121.69110933972433,29.54457009983031]]],[[[121.58486003466294,29.52041735477718],[121.56142697027849,29.532685534709685],[121.55597005047753,29.526300359873744],[121.58486003466294,29.52041735477718]]],[[[121.59010840977533,29.496634189716133],[121.60061729545191,29.50988432500162],[121.58835385044995,29.49860474011672],[121.59010840977533,29.496634189716133]]],[[[121.92696883014742,29.043625465542846],[121.94894493526067,29.04668680994837],[121.9488393953219,29.04806865514439],[121.92696883014742,29.043625465542846]]],[[[121.97723205981174,29.499090485537522],[121.9826336497232,29.51115421989141],[121.97291293978037,29.50165434027565],[121.97723205981174,29.499090485537522]]],[[[121.95829148496409,29.21468943476964],[121.94883949514667,29.1991384155055],[121.9624492998953,29.198558449912582],[121.95829148496409,29.21468943476964]]],[[[122.01860349005904,29.621022685548553],[122.03131959532311,29.61737772520189],[122.02597775996571,29.627026680037318],[122.01860349005904,29.621022685548553]]],[[[122.00549678045206,29.906083330581282],[122.01598281975134,29.91472859974516],[122.00206677516155,29.915176714833592],[122.00549678045206,29.906083330581282]]],[[[121.96748421462485,29.34319890480566],[121.9736598348336,29.34598020032604],[121.98069443530005,29.35070891478466],[121.96748421462485,29.34319890480566]]],[[[122.01973333532521,29.884067965564213],[122.00960957532175,29.892826339763815],[122.01176084988333,29.878358105142468],[122.01973333532521,29.884067965564213]]],[[[121.99016414985567,29.22220975007997],[121.99114960537008,29.229827630141074],[121.97978729544741,29.230130504719057],[121.99016414985567,29.22220975007997]]],[[[122.17950483508014,29.45833373471413],[122.18955041971617,29.46716223984555],[122.1804533698272,29.463271709721653],[122.17950483508014,29.45833373471413]]],[[[121.86182545478096,29.161330705347837],[121.86592851538876,29.168953225011364],[121.854087384825,29.163134525038345],[121.86182545478096,29.161330705347837]]],[[[121.88940432994593,29.168842815243806],[121.89164004994836,29.164191220348584],[121.90221423989533,29.168962175064394],[121.88940432994593,29.168842815243806]]],[[[122.22862927482129,28.85660331529084],[122.23794895997662,28.866566375437912],[122.226401955386,28.8617105004393],[122.22862927482129,28.85660331529084]]],[[[122.00041193536254,29.227777880045153],[122.00910227495012,29.236242729918104],[121.99739486548071,29.233396960201617],[122.00041193536254,29.227777880045153]]],[[[122.00182280977492,29.407491675300605],[122.00208590014427,29.414927459734542],[121.99808644503344,29.412608930158058],[122.00182280977492,29.407491675300605]]],[[[121.97846024504429,29.473748854725898],[121.98323130498079,29.47750171483233],[121.97478081997895,29.478194340296625],[121.97846024504429,29.473748854725898]]],[[[121.99218329512303,29.892598890426484],[121.99561777544,29.90013380533088],[121.9875130401947,29.895755984750963],[121.99218329512303,29.892598890426484]]],[[[121.57653187544577,29.49391879471665],[121.58585628473986,29.49417883008897],[121.58692200474684,29.49784697495795],[121.57653187544577,29.49391879471665]]],[[[122.01014610545849,29.895837994827673],[122.00271180490597,29.901168639920854],[122.00356430015245,29.896133445502187],[122.01014610545849,29.895837994827673]]],[[[121.74034414966286,29.60269372523527],[121.74770753507471,29.600879825043933],[121.75085738985672,29.604807935138126],[121.74034414966286,29.60269372523527]]],[[[121.99681554470169,29.625095080173878],[122.00502178013107,29.62780193970781],[122.0016113548802,29.632045260380494],[121.99681554470169,29.625095080173878]]],[[[122.16976448034654,29.40283594981929],[122.18116593505988,29.403206670151746],[122.1763140503532,29.408550215120385],[122.16976448034654,29.40283594981929]]],[[[122.25475911014485,28.88337142015496],[122.26244986047277,28.889469415381257],[122.25638459966956,28.89115923970718],[122.25475911014485,28.88337142015496]]],[[[121.57763580045184,29.533890414910786],[121.58561544539657,29.538201405070822],[121.58082275496622,29.53985414045627],[121.57763580045184,29.533890414910786]]],[[[121.65590395010724,29.537025154787102],[121.66344751019449,29.536627409827133],[121.65725465987475,29.541518319714726],[121.65590395010724,29.537025154787102]]],[[[121.6214503847275,29.536211570507646],[121.61076443962725,29.539303955013565],[121.61150898475194,29.53534800011016],[121.6214503847275,29.536211570507646]]],[[[121.58754501009423,29.193592885503335],[121.59464699496289,29.192634190215756],[121.59593738540207,29.198355820065103],[121.58754501009423,29.193592885503335]]],[[[122.22347814969692,29.37659887034164],[122.22477513486467,29.38212936547791],[122.21836234544594,29.37864807994498],[122.22347814969692,29.37659887034164]]],[[[121.57264390479247,29.486067750126608],[121.56868924041612,29.489208640466416],[121.5644989302815,29.48530526982239],[121.57264390479247,29.486067750126608]]]]}},{"type":"Feature","properties":{"name":"宁德市","adcode":"350900","level":"city","parent_adcode":"350000"},"geometry":{"type":"MultiPolygon","coordinates":[[[[119.63155986029938,27.671127134909398],[119.53473413007612,27.678706470027635],[119.46496666467988,27.527792724954338],[119.36472627519754,27.533603545067592],[119.27517365014387,27.45784422513094],[119.20309764034391,27.283184615277833],[119.26751462519985,27.215902474919346],[119.17450752969876,27.20744708501502],[119.20313747491457,27.125259799600144],[119.12782819461552,27.055818514712712],[118.93274397025812,27.17851315006186],[118.95163851960206,27.11989422034202],[118.83636019027063,26.992978634956103],[118.67447807520307,26.966141304777466],[118.69140965003544,26.875230209706444],[118.62501236972514,26.855555889692596],[118.5671995850928,26.684997309778055],[118.61658368968563,26.550789680399475],[118.54348816974334,26.40012011025493],[118.6583978795586,26.346044124736636],[118.66092904034304,26.279252325334596],[118.79613254478113,26.363205050073077],[118.7260794798841,26.440042429614493],[118.74297920972276,26.513798714738925],[118.81900694041803,26.428159135235944],[118.94286908014396,26.46923739998607],[119.02297801971986,26.60162344986236],[119.22636512964709,26.526560055002562],[119.40341808008043,26.638445844799946],[119.61462452000569,26.524299709763852],[119.78762304516749,26.57768161021818],[119.56002209474389,26.61642142990513],[119.63408899491128,26.689408670573755],[119.59300135472881,26.719995074712983],[119.6475963048257,26.74180040486482],[119.55777149995481,26.73807550018421],[119.56654381994144,26.798482290225536],[119.62269234977214,26.799122680367475],[119.72688838479121,26.704389714813544],[119.68319085537371,26.819353210382417],[119.74547270490143,26.736002134790738],[119.79752547032422,26.854352534741736],[119.8520552996124,26.851999839920722],[119.78634535495428,26.814382500052375],[119.84799991476427,26.814243454971518],[119.85442264528888,26.78033529513783],[119.7851378999942,26.71013446533334],[119.86715537991688,26.647855845271067],[119.93779621022702,26.795596774971216],[120.07604409515898,26.800717855544633],[119.95106512965208,26.617114270307354],[119.84726296981023,26.591297089688965],[119.845022665064,26.520947605547633],[120.13281313022185,26.647712854864437],[120.10014430001945,26.692518490236182],[120.15301473983845,26.72723180500384],[120.09274960471055,26.757678905057446],[120.1348263804332,26.798042670133157],[120.04642185508465,26.88791725517723],[120.22524794034018,26.912608255266832],[120.2431055102112,26.96538283994613],[120.18592733038201,26.978542694989414],[120.2921649352636,27.04100864473321],[120.2604862298557,27.11388558535151],[120.3847340600289,27.085417859846416],[120.4395367948872,27.150008084705405],[120.38716250024925,27.17093638970266],[120.35743247462904,27.23941964030422],[120.30977754509775,27.2082071254585],[120.22300103546945,27.251350485436603],[120.19471396487768,27.20131773042897],[120.18679542526877,27.275382615215563],[120.32805847981501,27.291681145568475],[120.303411765041,27.230650315060018],[120.36731695021717,27.250112004765242],[120.39052372988624,27.237651400491814],[120.38550859034922,27.206741350133257],[120.41962427504029,27.161839615006272],[120.42651700475608,27.260156754830405],[120.24449138526927,27.44309784998586],[120.04619284002763,27.340392124696848],[119.99000228038096,27.38315846998745],[119.9408115749942,27.317780730396464],[119.7658793572466,27.308946517267998],[119.63155986029938,27.671127134909398]]],[[[119.75579022473914,26.672569365284005],[119.6649292147116,26.679023805004647],[119.65232443472496,26.661201154909406],[119.68850184038763,26.637456510509594],[119.75579022473914,26.672569365284005]]],[[[120.37304307038141,26.938489495493855],[120.32036970529771,26.941972100332237],[120.39063073482066,26.93164540471173],[120.37304307038141,26.938489495493855]]],[[[120.13072865460379,26.555598285232747],[120.15284390012596,26.606953809870504],[120.11442084504597,26.56925688989361],[120.13072865460379,26.555598285232747]]],[[[119.77242659531123,26.604323665205015],[119.7914764503779,26.631179454868004],[119.75586570483847,26.620933285442845],[119.77242659531123,26.604323665205015]]],[[[119.94213184990497,26.664345694698113],[119.90431518969433,26.69339003492223],[119.90249524515946,26.68736373544806],[119.94213184990497,26.664345694698113]]],[[[120.05586396495005,26.497682100148836],[120.03860956497954,26.520100005311065],[120.02571313035673,26.496587385099815],[120.05586396495005,26.497682100148836]]],[[[119.62827150992234,26.7054766354384],[119.64792888491013,26.73507910481686],[119.62494026548097,26.715024220491443],[119.62827150992234,26.7054766354384]]],[[[119.5950567696542,26.75365031550973],[119.58970332045192,26.780306175089947],[119.57995030506254,26.754583190361984],[119.5950567696542,26.75365031550973]]],[[[120.28762750480553,26.929188245541127],[120.3125538799577,26.940127730210634],[120.27981182515566,26.934945275404175],[120.28762750480553,26.929188245541127]]],[[[119.8098042047003,26.669326714856084],[119.80150151518285,26.68671332505994],[119.79368970981227,26.686675235173993],[119.8098042047003,26.669326714856084]]],[[[120.26063449028959,26.9211149649837],[120.24474127538963,26.9364515849727],[120.24346660959645,26.91823797979896],[120.26063449028959,26.9211149649837]]],[[[120.3657891450531,26.70189114995668],[120.34223864989383,26.703220245418038],[120.34585578971303,26.694484605180435],[120.3657891450531,26.70189114995668]]],[[[120.15792152006213,26.795758644845648],[120.14811669023311,26.801870420383636],[120.1348933898181,26.79968046508145],[120.15792152006213,26.795758644845648]]],[[[120.14268033972598,26.531442430323978],[120.14121978046853,26.546258265506594],[120.12917519537905,26.533452510425093],[120.14268033972598,26.531442430323978]]],[[[120.7219622500578,26.989528265417164],[120.70995558488244,26.993247509764842],[120.71200987475595,26.976637630522305],[120.7219622500578,26.989528265417164]]],[[[120.00670529970989,26.546551850087837],[119.99791374502342,26.55403508994749],[119.99407420016428,26.53651928493713],[120.00670529970989,26.546551850087837]]],[[[120.12108426472707,26.692079479884114],[120.13062405535595,26.697688084737365],[120.11703751516927,26.697678995289436],[120.12108426472707,26.692079479884114]]],[[[120.36501786038605,26.639034000518734],[120.35623388968236,26.6497737403659],[120.34696251520802,26.64616176984987],[120.36501786038605,26.639034000518734]]],[[[120.70307067477188,27.002318410066607],[120.6894035949,27.00800318030258],[120.69176785500258,26.996299520106845],[120.70307067477188,27.002318410066607]]],[[[120.21197549467342,26.883877885456116],[120.22517990482879,26.881876005373385],[120.22385933494047,26.88981375989715],[120.21197549467342,26.883877885456116]]],[[[119.77399008017812,26.688156809789007],[119.78645175464487,26.686083750164983],[119.78514618005227,26.691396350361345],[119.77399008017812,26.688156809789007]]],[[[120.41674647506989,27.101753880237425],[120.40692154539306,27.10431057547271],[120.40141968017417,27.09838371043992],[120.41674647506989,27.101753880237425]]],[[[119.81035565998582,26.564526445139393],[119.81210521548337,26.57545772529386],[119.79755728474095,26.570544090437465],[119.81035565998582,26.564526445139393]]],[[[120.14420768533648,26.555571589757108],[120.15979680527835,26.557416555229906],[120.15624188505501,26.562609890034423],[120.14420768533648,26.555571589757108]]],[[[120.12895417979166,26.494428485186518],[120.14134142996306,26.4940820447506],[120.14073141532265,26.498134385393598],[120.12895417979166,26.494428485186518]]],[[[120.38846565026961,26.959638250404964],[120.36962386504945,26.96177728519359],[120.3738120599786,26.957399735309593],[120.38846565026961,26.959638250404964]]],[[[119.79232133016535,26.601435284710647],[119.80194370463835,26.60537929032205],[119.79511853019608,26.608125040138532],[119.79232133016535,26.601435284710647]]],[[[119.64298808513206,26.748911374860086],[119.64750796981707,26.757530985466644],[119.64124049015652,26.754581274806014],[119.64298808513206,26.748911374860086]]],[[[120.12703667500261,26.83180286540994],[120.11683542491494,26.832711214850747],[120.11249090533113,26.829612665492164],[120.12703667500261,26.83180286540994]]],[[[120.27447647480949,27.244132409782935],[120.28210283547753,27.24170564050297],[120.2789676747185,27.249711819944594],[120.27447647480949,27.244132409782935]]],[[[119.92242145988257,26.650571250163125],[119.92074913006832,26.643625335440902],[119.92480986498333,26.645444690020497],[119.92242145988257,26.650571250163125]]],[[[120.38461906012162,26.677686405203474],[120.37902707024318,26.68484691525299],[120.37935178485702,26.677950070239604],[120.38461906012162,26.677686405203474]]],[[[120.31830286538502,26.650542075256624],[120.3245110401524,26.656620510228436],[120.31731713018144,26.652748265120408],[120.31830286538502,26.650542075256624]]]]}},{"type":"Feature","properties":{"name":"怒江傈僳族自治州","adcode":"533300","level":"city","parent_adcode":"530000"},"geometry":{"type":"Polygon","coordinates":[[[98.6952599646757,28.21930394542079],[98.39529723497947,28.108831770270058],[98.27894547485386,28.397491619942343],[98.20497785534383,28.35837425496794],[98.26664057470282,28.24748365494679],[98.16628977545281,28.211109109797633],[98.1326956948505,27.98406550521895],[98.32014963030127,27.519214000225986],[98.42890898546136,27.55324666040508],[98.43593420509956,27.666407460436005],[98.7038182496126,27.561474670219923],[98.77947849034013,26.624911369963797],[98.67192685004414,26.24381689543344],[98.71894500021165,26.132838835443977],[98.57257707537178,26.12146052478346],[98.73033617477472,25.836754944685026],[98.75290269020707,25.577489615053764],[98.8719864054483,25.553695294802083],[98.86775791009956,25.776899994838914],[98.99941511521547,25.72916453011902],[99.05050920963237,25.743903455280304],[99.02560641470433,25.82236285476199],[99.13687631009367,25.787934695230035],[99.0585044650091,25.97144649475996],[99.00808238989043,25.96642603033706],[99.00803231024298,26.12123753518415],[99.04591343026067,26.160870494977416],[99.19770550990143,26.110174405424516],[99.15741961532302,26.16329422005225],[99.46868666485778,26.381290840000304],[99.52097805009697,26.4399651148982],[99.49105374483452,26.576642785336333],[99.64390018964212,26.68193067016432],[99.55796754536601,26.90667136459183],[99.41341993018568,26.97729430019183],[99.36849997029748,26.910918060420215],[99.28341879514136,27.0783342355366],[99.2154908246419,26.985719765155068],[99.00083119040715,26.999320475059903],[98.9619574697615,27.176451005509534],[99.00289608508632,27.322546165073504],[98.91781687494887,27.338604984732285],[98.91513795465295,27.636925830262896],[98.83299072504201,27.71745885054554],[98.8713512349716,27.769935220034426],[98.6952599646757,28.21930394542079]]]}},{"type":"Feature","properties":{"name":"攀枝花市","adcode":"510400","level":"city","parent_adcode":"510000"},"geometry":{"type":"Polygon","coordinates":[[[101.8384156697474,26.08651128546751],[101.9281476852675,26.43329483518852],[102.02563967013475,26.428036259965495],[102.04794589478729,26.489832845209662],[102.00130052979569,26.720255190124988],[102.04889173966211,26.739834260242958],[102.1150208951982,26.63636356532635],[102.1750549549223,26.704411160047073],[102.2462052448762,27.101295560541757],[102.15826566003227,27.18602514484462],[102.03532079461905,27.07146940009278],[101.93998122015722,27.10578805997102],[101.89267380485228,27.26076225037758],[101.86940016508561,27.133147194787284],[101.70776818025735,27.131369365503872],[101.64069045040401,27.21176867998065],[101.65895459477878,27.31609001034576],[101.59705735471323,27.344240429851993],[101.39536853532968,27.15021945056725],[101.31316927004582,27.20077057030562],[101.16647849039009,27.168624710262236],[101.1336832451857,27.026707604872115],[101.36575061020255,26.886821450149853],[101.38689284502885,26.726498205527832],[101.51157223017435,26.77426186489322],[101.39611964460596,26.548203750003097],[101.63581775988177,26.39922392504417],[101.65825147512555,26.31002483517807],[101.58413406003888,26.283688060455688],[101.81031975545244,26.167794975257948],[101.8384156697474,26.08651128546751]],[[101.90869639532247,26.67618423971095],[101.93880162979144,26.693794495119903],[101.93246428539851,26.63821965001688],[101.90869639532247,26.67618423971095]]]}},{"type":"Feature","properties":{"name":"盘锦市","adcode":"211100","level":"city","parent_adcode":"210000"},"geometry":{"type":"Polygon","coordinates":[[[122.33047461960803,40.904406199786365],[122.32045866043893,40.96839145520153],[122.4149438798562,41.011287105015924],[122.36208012469808,41.17293689012541],[122.48377785526384,41.25088967991485],[122.32933723532517,41.18781684517131],[122.20992382502459,41.213744074929195],[122.27607354985446,41.33848209497273],[122.1936933400757,41.45562724510131],[121.57564731487173,41.23837217553552],[121.61838605996877,41.20527169503276],[121.57560316985052,41.10619827033395],[121.7588260846561,41.098629065179296],[121.66700624983866,41.089567544806414],[121.66648816030045,40.96879189542966],[121.55789558980973,40.840918444830436],[121.72521211015078,40.84672509029076],[121.70990914459139,40.88526013974371],[121.84874167968485,40.97942572032076],[121.85816804511921,40.82065772997032],[121.9527251050796,40.801229309784844],[121.9403931847977,40.7527390602595],[121.96227392490175,40.682809209677316],[121.95663300021283,40.754821999835485],[122.05552923508617,40.65789397532677],[122.2658745004079,40.692465600107425],[122.091321054623,40.79845370517438],[122.33047461960803,40.904406199786365]]]}},{"type":"Feature","properties":{"name":"平顶山市","adcode":"410400","level":"city","parent_adcode":"410000"},"geometry":{"type":"Polygon","coordinates":[[[113.07630637034276,34.26766026490935],[112.60227627033362,34.32980391471892],[112.5402394249096,34.27260221492031],[112.6171020951856,34.14380541508791],[112.48941769017438,33.93045598515562],[112.53428186961264,33.88706459485525],[112.27748392534295,33.810637965369835],[112.24319853498446,33.721765029932214],[112.52543165484701,33.589017160313745],[112.93708615010576,33.60908402001155],[113.04081433531337,33.53569317979645],[113.03972778970581,33.44145480989164],[113.39527873472593,33.33666141009604],[113.37927328983051,33.131035085400924],[113.61623426539904,33.148767750231514],[113.68292043043357,33.4177194752736],[113.45205111526684,33.43012228461578],[113.62349057483027,33.626416035072],[113.57291774006171,33.75557678514059],[113.36550890511194,33.78678287522956],[113.40743673511724,34.016063689987334],[113.24938996957155,34.11469696039643],[113.14811712960193,34.10489541039493],[113.07630637034276,34.26766026490935]]]}},{"type":"Feature","properties":{"name":"平凉市","adcode":"620800","level":"city","parent_adcode":"620000"},"geometry":{"type":"Polygon","coordinates":[[[107.05379659523675,35.464967294804865],[106.59839249531746,35.74829193982123],[106.42982137036,35.688879825143886],[106.50142303544482,35.36013814965594],[106.35869320013114,35.23849687043429],[106.23448983963448,35.41108385503594],[106.16880102005109,35.43737474544821],[106.10353500503652,35.36489798515396],[106.0910100200964,35.510372650277645],[105.88609673997263,35.548600185550185],[105.8337570152741,35.49299457014337],[105.68736719464039,35.68531204011862],[105.75010939543233,35.73232127980327],[105.4559112849779,35.721356245394475],[105.52612496969164,35.61628961987009],[105.34382664518358,35.483423129673724],[105.42806537501713,35.35633709038444],[105.48584037463365,35.38979690040668],[105.53550857506076,35.34061099020511],[105.5485363997351,35.23390044534932],[105.6179338849409,35.23246639990447],[105.63167337462659,35.114765785312784],[105.74537337038481,35.02035678523748],[105.78584963974913,35.07777897541945],[105.89668119028477,35.05143233513422],[106.27055899480183,35.17290894039536],[106.48433847963719,35.02171171012736],[106.55582590474177,35.09228682517687],[106.98453355507957,35.07158344511993],[107.18945223023627,34.88126426513378],[107.29141292027009,34.94462468508118],[107.49362631959906,34.907654335479265],[107.56889918994574,34.968822014924115],[107.63484321464273,34.919313540387634],[107.85461836534535,34.98841108010731],[107.64835228542967,35.24136275528696],[107.71617794005994,35.24499537513651],[107.74023290002839,35.340719840548275],[107.59517086004723,35.49417685487799],[107.49196367008739,35.455812074967355],[107.18489200016575,35.52013219024843],[107.16669000523962,35.466370030352664],[107.05379659523675,35.464967294804865]],[[105.89219989460952,35.45279229542814],[106.04867863461135,35.44897117048316],[105.88948620022802,35.41817020519085],[105.89219989460952,35.45279229542814]],[[106.05911599990355,35.42783499978549],[106.07094400036539,35.43153100025552],[106.06803500021516,35.42063899979007],[106.05911599990355,35.42783499978549]]]}},{"type":"Feature","properties":{"name":"萍乡市","adcode":"360300","level":"city","parent_adcode":"360000"},"geometry":{"type":"Polygon","coordinates":[[[113.91092004042764,27.995891385079403],[113.74428741493227,27.934413765083264],[113.7594525396031,27.805599039963795],[113.57493589517549,27.544223884624614],[113.62423832513866,27.518144994995566],[113.60278557959089,27.35740277961463],[113.86528337482798,27.383051795104336],[113.7653801195969,27.101740705169448],[113.9039007653081,26.96240838533879],[114.15268958035995,27.248382049991676],[114.02463513490363,27.42896907975927],[114.16583297511181,27.44617697488752],[114.27694356998984,27.581250285372448],[114.1377520803943,27.763722519878456],[113.97093658495544,27.762517035332962],[113.89189523507707,27.841683415257478],[114.00161562016478,27.960098444987295],[113.91092004042764,27.995891385079403]]]}},{"type":"Feature","properties":{"name":"莆田市","adcode":"350300","level":"city","parent_adcode":"350000"},"geometry":{"type":"MultiPolygon","coordinates":[[[[119.1302107999885,25.386764240077696],[119.2287626250951,25.55713036057773],[119.12769066039573,25.645546265048154],[119.14745264991996,25.74962398525878],[118.94809961990165,25.715316645147084],[118.9485157946682,25.76364428015944],[118.87420024994162,25.701269060318907],[118.5450173247898,25.678976210383837],[118.45463848537781,25.447849209773267],[118.53246082041062,25.294772544817135],[118.65845695962105,25.30281206482499],[118.68805595042181,25.155636654907767],[119.01771542003064,25.286687350041234],[118.97065677968669,25.235364795449016],[119.07778815959591,25.22259226492116],[119.02422462486663,25.162927920087498],[119.06934670468672,25.102539335022357],[119.15881337973372,25.14108435975544],[119.09939729544885,25.200546005493834],[119.13279318525736,25.248416044764724],[119.27253221538945,25.172440009798663],[119.29097804979722,25.243039314812563],[119.36823787507797,25.25631573997947],[119.1302107999885,25.386764240077696]]],[[[119.57203396969203,25.21000553972391],[119.441719949716,25.206890305243462],[119.54955721019712,25.167678235362303],[119.57203396969203,25.21000553972391]]],[[[119.1152981303045,25.026192264961082],[119.1521986250666,25.10500180019295],[119.11143714021193,25.083817094883045],[119.11645460989234,25.052131399944187],[119.09073277539733,25.05367688488036],[119.1152981303045,25.026192264961082]]],[[[119.02361714991162,25.17471178991724],[119.01274625023927,25.18632463477411],[119.01362341478887,25.174533330249062],[119.02361714991162,25.17471178991724]]],[[[119.52395303040805,25.27001326549987],[119.5130252746967,25.28299042057148],[119.5095007803368,25.270939530335113],[119.52395303040805,25.27001326549987]]],[[[119.45574649490493,24.987525060133464],[119.45440703026031,24.995847579702115],[119.44459915532684,24.995503825541164],[119.45574649490493,24.987525060133464]]],[[[119.36216438997462,25.120941670122022],[119.36778568965792,25.126937159722218],[119.36520004524596,25.13115915027464],[119.36216438997462,25.120941670122022]]],[[[119.3604172446602,25.330961465399355],[119.36262377536696,25.333959470553168],[119.3560064999001,25.335523145177035],[119.3604172446602,25.330961465399355]]],[[[119.58823427968832,25.190835535231827],[119.59421435490856,25.197170210436923],[119.58643677503721,25.192850360156058],[119.58823427968832,25.190835535231827]]],[[[119.5820686050821,25.24583152540464],[119.57822896039829,25.254721755504647],[119.57529672986027,25.25397900003088],[119.5820686050821,25.24583152540464]]],[[[119.59066863025316,25.23910777470411],[119.59189390527956,25.24525704477685],[119.58409755026184,25.24171222034272],[119.59066863025316,25.23910777470411]]],[[[119.56717126973842,25.26337673554798],[119.57578751508186,25.269244124816566],[119.56831353464202,25.270511069929967],[119.56717126973842,25.26337673554798]]],[[[119.2524677604788,25.356615205027765],[119.2592721354008,25.356800565193964],[119.25566295548106,25.360276755168172],[119.2524677604788,25.356615205027765]]],[[[119.62412023036438,25.25615584501628],[119.62584814007971,25.26122832982361],[119.62098825500402,25.257928944765013],[119.62412023036438,25.25615584501628]]],[[[119.63510124033007,25.23099092019487],[119.64054533489934,25.23454805994504],[119.63358863011126,25.234220794853854],[119.63510124033007,25.23099092019487]]]]}},{"type":"Feature","properties":{"name":"濮阳市","adcode":"410900","level":"city","parent_adcode":"410000"},"geometry":{"type":"Polygon","coordinates":[[[115.47719289473639,36.14820070010228],[115.31476122465085,36.085608804802575],[115.24493664960676,36.18940804544502],[115.11923414983619,36.21044300014438],[114.91994880459367,36.056510265136694],[114.97851398543219,36.0252838899396],[114.975627554668,35.90876163544118],[114.86424973973374,35.60489308984427],[114.95752703474488,35.57193312031728],[114.97862913462689,35.3415467051164],[115.34987938002939,35.493744645199286],[115.33889749502339,35.552737629937724],[115.50543796968657,35.72492956484757],[115.68779687522567,35.75419871040219],[115.76747653511404,35.85418435522388],[115.86962267524632,35.85949752469105],[115.90643725507528,35.960542055571466],[116.03923482482742,35.96737918020506],[116.0972180696582,36.113223580004274],[115.34879569966188,35.781340915251064],[115.34934434546528,35.96779565534524],[115.44138970507095,36.00899532497431],[115.47719289473639,36.14820070010228]],[[114.87705400014204,35.606085900244125],[114.87564509974163,35.605013099874725],[114.87640819967874,35.60624219971777],[114.87705400014204,35.606085900244125]]]}},{"type":"Feature","properties":{"name":"普洱市","adcode":"530800","level":"city","parent_adcode":"530000"},"geometry":{"type":"Polygon","coordinates":[[[100.79955035976133,24.72531705523795],[100.63379947996208,24.8255306251383],[100.56672795543085,24.70801654522745],[100.40480274035423,24.70187402996254],[100.54646973978674,24.467237595039023],[100.49558662002653,24.09392910544392],[100.36154633469567,24.05528073511789],[100.41355934019145,23.918172614974253],[100.34627480044173,23.749705834756526],[100.43456162521886,23.657586844956995],[100.18428089514725,23.6142884148785],[100.07208958496642,23.232235944733134],[99.893395879916,23.258111959899054],[99.79677474455889,23.19941999533654],[99.67236632964244,23.249892390221703],[99.64166591035354,23.152963055400733],[99.5103531150043,23.121865599817625],[99.5597724451423,22.918732849641344],[99.43973087458028,22.93572088481102],[99.4614830503026,22.84754110004178],[99.31412655020017,22.73953505030238],[99.38094727000055,22.49686277000086],[99.24892617490309,22.39381302525095],[99.27713498019523,22.34874123462032],[99.15480322039235,22.163988920152576],[99.21732027501076,22.114853499689332],[99.9712161501053,22.055950195345304],[100.09412236985156,22.243312474591107],[100.22646652031369,22.29698179027747],[100.35065357520239,22.24614887517049],[100.41318139020905,22.439288814727092],[100.61111859504717,22.44500347483057],[100.80927781461952,22.596857669745702],[100.90286161027518,22.52834914459737],[101.02683073515038,22.59312318998326],[101.30078826476665,22.528659434985002],[101.44420665521301,22.58699576534235],[101.55293959998261,22.331607820444617],[101.64697059521683,22.3346320552252],[101.672402269749,22.47868462509541],[101.7644100799613,22.508166150047828],[101.87924263963617,22.387687599802916],[102.02281521974663,22.456577344868606],[102.2664143404495,22.41773050495891],[102.32231773487564,22.5541916249436],[102.27556384509546,22.614737729862384],[102.08218204006914,22.654446855038373],[101.99048814541163,22.79701302543083],[101.79850750032097,22.878775060120972],[101.87561315482327,23.017808314901856],[102.01739659487703,22.996822949719387],[102.06873910992203,23.10535648511376],[101.98802943491057,23.187276445251825],[101.83240845028979,23.16781983491751],[101.82540797010182,23.252318619908408],[101.89059119532749,23.296787274812914],[101.7456150900644,23.397358704740498],[101.78065389466155,23.470821350425012],[101.66087211035966,23.621150130574108],[101.70812309500491,23.65792098986185],[101.53451987469253,23.68621515970193],[101.53864408016022,23.783096170352053],[101.40963570492391,23.750446750217407],[101.39684835536735,23.829424099842356],[101.53250127531368,23.9190511599831],[101.31581601529695,24.24207113547459],[101.05216018464489,24.49111010504737],[100.94813418984103,24.726199819865826],[100.79955035976133,24.72531705523795]]]}},{"type":"Feature","properties":{"name":"七台河市","adcode":"230900","level":"city","parent_adcode":"230000"},"geometry":{"type":"Polygon","coordinates":[[[131.78115942007128,45.90184418496119],[131.92897331986285,46.00672506540951],[131.92170482012136,46.07748638508866],[131.77604329026565,46.05560454511374],[131.6954232551791,46.091268505337325],[131.71713877543425,46.19738227986835],[131.49319333530423,46.25019465046279],[131.4022166985419,46.24688142393859],[131.3471087292845,46.017522483276025],[131.27528819349538,45.96614249348136],[131.24818109368255,46.055485066582605],[131.13541759434656,46.00528328219775],[131.05499890937222,46.06549118536998],[130.64781430008998,45.94572506456012],[130.23198919974186,46.11993142959187],[130.10955573021283,46.068997849770994],[130.09578100958595,45.977869529755026],[130.1879322202958,45.87059399481706],[130.1562427949691,45.69459242020406],[130.20328832499627,45.65028938984352],[130.33401547013796,45.61658964519603],[130.3916547854401,45.67353255967993],[130.62120380501165,45.58673087532969],[130.71189613010233,45.654704699562274],[130.8945561295618,45.60870877998627],[131.0123640953268,45.68396352989305],[131.29742487975443,45.59589977025826],[131.34961518029638,45.70340828986076],[131.47132914542374,45.723800060224676],[131.44354358536827,45.80988201983939],[131.56617617469078,45.913246840269494],[131.78115942007128,45.90184418496119]]]}},{"type":"Feature","properties":{"name":"齐齐哈尔市","adcode":"230200","level":"city","parent_adcode":"230000"},"geometry":{"type":"Polygon","coordinates":[[[126.55165823463983,47.584187889859265],[126.51214159495873,47.72296219025293],[126.5618769846352,47.72756728480243],[126.56033794963673,47.87994903012367],[126.62590586976012,47.948465300233465],[126.58382787006019,48.06207520011043],[126.66224092028233,48.129629139872975],[126.56701703011197,48.21252872971718],[126.31240696011321,48.17621177535318],[126.27842284533813,48.27109742510612],[125.83650923980963,48.356036500184416],[125.79267884994908,48.554092560323454],[125.70053843470112,48.554838955353546],[125.70830917522835,48.60745456057958],[125.885693149919,48.63497520014545],[126.00073811507207,48.73506233525865],[125.95293411032105,48.77871336972629],[125.83224295045181,48.86619928526886],[125.69077742973468,48.80113602510755],[125.61338175466426,48.8880038447017],[125.30179051032383,48.72470718508856],[125.12129725466468,48.723579005366844],[124.98234659002321,48.815870514812445],[125.00511671466472,48.889467060556456],[124.78965298489743,48.92981207476748],[124.64788860507508,48.83254285556836],[124.52024680004979,48.55848754536396],[124.508058030254,48.37734649544444],[124.57653241533876,48.2952761200969],[124.49512847989547,48.11888852498549],[124.41095916963002,48.08652244525467],[124.47140530501088,48.1651379751375],[124.31031000500275,48.345541380430404],[124.32625880519981,48.43035484000393],[124.25223957539617,48.53452656005277],[123.56876151493202,48.0406367654744],[123.293320774834,47.951860900160455],[123.16086636029434,47.78157727986763],[122.56874065985369,47.53330584478897],[122.41234066538948,47.334653855191334],[122.62034722484464,47.11548385469621],[122.8462651696019,47.07022697999116],[122.76855171458999,46.97201554468171],[122.88924428459609,46.95843574491374],[122.9010057199381,46.805646864811024],[123.00044769490523,46.7260619053327],[123.14914440519021,46.740084120285985],[123.22882266033753,46.861780715008024],[123.36767053516712,46.83550003010237],[123.39795358988636,46.933523540379156],[123.29712118029829,46.962426494587135],[123.29496572478843,46.99805596491092],[123.4118638302516,46.93246738466212],[123.52085033527487,46.95721856018844],[123.49639725532916,46.825826250381226],[123.5998960099929,46.88898557472453],[123.5979141748993,46.68803509964022],[122.99630373043283,46.57258991998884],[123.00509809999733,46.43307852985032],[123.15906001530755,46.23941064508523],[123.56339579537973,46.22189216998771],[123.84332723536363,46.30063178023255],[123.75931839472821,46.73987818542997],[123.84773681010574,46.74411831980467],[123.88087671958499,46.6830633451973],[123.99107917006768,46.73503797482272],[123.91841547489435,46.853433179897365],[123.99525277979205,47.00070495486983],[124.18911916022114,47.129107904706075],[124.41193729477038,47.18151986025339],[124.4232949048361,47.34335874491018],[124.62671750021252,47.30578062987223],[125.04022910988556,47.47640572544395],[125.0731603047044,47.39041919019354],[125.30786998491192,47.37893772999229],[125.32611597017592,47.2829250048851],[126.44107369459539,47.377321595215506],[126.55165823463983,47.584187889859265]]]}},{"type":"Feature","properties":{"name":"潜江市","adcode":"429005","level":"city","parent_adcode":"420000"},"geometry":{"type":"Polygon","coordinates":[[[112.7094931748702,30.63366996999315],[112.61708792007153,30.622242714629635],[112.616555995363,30.507267830046374],[112.56300220029141,30.513762044982457],[112.49519573989153,30.375206269953424],[112.57251643038899,30.119715824825505],[112.81093444976511,30.08129415470154],[112.84785976041962,30.18445145477085],[113.01191292973795,30.147306515283503],[112.95174013969574,30.381642555059898],[112.99039228537572,30.479330340322974],[112.9032221946486,30.577330034753345],[112.86563828527869,30.49440332495351],[112.76618788546261,30.584555724966776],[112.6865576199383,30.557399920569935],[112.7094931748702,30.63366996999315]]]}},{"type":"Feature","properties":{"name":"黔东南苗族侗族自治州","adcode":"522600","level":"city","parent_adcode":"520000"},"geometry":{"type":"MultiPolygon","coordinates":[[[[108.88376983530969,27.12597795501864],[108.80958844515067,27.20719074495696],[108.87246205038338,27.3083048995515],[108.83947566506993,27.34848965007734],[109.0340974697225,27.402190575134966],[108.92464929502898,27.524548480028386],[108.7542044146021,27.472537515094302],[108.60881958005962,27.525275285126384],[108.48435114528917,27.408307465117446],[108.20857885483036,27.36216120047908],[108.16729384043845,27.285517679697193],[108.01825496959123,27.319221410140017],[108.0316886753921,27.23553021994377],[107.86632489527773,27.138909165525604],[107.66241352466449,27.239801360244655],[107.70748472533984,27.131596045021524],[107.59625349989915,26.914507824876296],[107.63616269005615,26.841234794949855],[107.7600465753892,26.82655517558095],[107.68335194973275,26.715039685233364],[107.73871156009051,26.582093480030153],[107.58447710523427,26.61658067555777],[107.50521900525297,26.555083765103745],[107.32681577492815,26.554928050189403],[107.35420448484916,26.497194635224275],[107.2936220599102,26.43682739466857],[107.4006114854318,26.37495083990939],[107.50436220495186,26.423180539650218],[107.51491394512254,26.348599294721737],[107.58203364993307,26.369202185432584],[107.64631688041976,26.282340019876074],[107.7717319946359,26.31768982982186],[107.73244597530157,26.170544665004343],[107.82028660504284,26.097812599771714],[107.85546773005177,26.143726830329],[107.95194871506123,26.061565324879894],[108.21271019012323,26.069774580232718],[108.07839777533712,25.785441660304457],[108.09329087037742,25.682919820293534],[108.16324767004397,25.703877544812883],[108.18528177513389,25.614769280178166],[108.23799915034056,25.629840379829716],[108.4250570747243,25.437771219865965],[108.48394536039012,25.45963870036576],[108.6134790952841,25.3096440102629],[108.5839679646499,25.425276569957816],[108.68643072459832,25.520476920373653],[108.68286785976397,25.624941689907132],[108.78256922978619,25.62447432033366],[108.80696512544023,25.528498634704306],[109.07324735957803,25.540162019661523],[109.04930614496266,25.746956759746695],[108.94206433460141,25.679442204893917],[108.89123867522477,25.71625713006256],[109.1129173552518,25.812283305430242],[109.14353743000845,25.744242679556066],[109.17302112502495,25.80929413521619],[109.20256781035624,25.74160589519596],[109.33680255519386,25.734869419987774],[109.33409054524253,25.83751499502108],[109.47833549988349,26.027561409731334],[109.44633918540512,26.104010415248524],[109.50967087021456,26.132402579715347],[109.43186045029961,26.24753783500313],[109.4636859196695,26.31639784038805],[109.335601054645,26.266653610375897],[109.2682309354094,26.33595004505861],[109.40704239039405,26.543493145192542],[109.28333101481456,26.70343775005216],[109.518155730003,26.752598169869714],[109.51396574542287,26.879805665299273],[109.43168533970675,26.86579059006374],[109.55360751047829,26.947747210165687],[109.52109706977399,27.072278110046796],[109.45128927517999,27.069088515122928],[109.47017074478413,27.134320135565872],[109.39659681968755,27.16270092990402],[109.24641876501403,27.15524545481395],[109.15971982011365,27.068133054696773],[109.09641874462943,27.0727854949547],[109.12676537961863,27.126994310339228],[109.02176315544534,27.10788254504348],[108.87141226006781,27.001000434722357],[108.78610587488629,27.087572559925775],[108.88376983530969,27.12597795501864]],[[107.92365190031501,27.16413960056218],[107.95425510019277,27.15749170048167],[107.94310560044318,27.14705180000061],[107.92365190031501,27.16413960056218]],[[109.47478360048285,26.84154809986495],[109.46987650010044,26.83234740041223],[109.45694979969358,26.833398000117654],[109.47478360048285,26.84154809986495]]],[[[109.59303835033967,26.75847499032858],[109.52230396535577,26.74839313513513],[109.54258082034863,26.721248795295708],[109.59303835033967,26.75847499032858]]]]}},{"type":"Feature","properties":{"name":"黔南布依族苗族自治州","adcode":"522700","level":"city","parent_adcode":"520000"},"geometry":{"type":"MultiPolygon","coordinates":[[[[107.66241352466449,27.239801360244655],[107.55320858510817,27.270125920474925],[107.50182657993275,27.20857796989742],[107.45634422990236,27.241754790251434],[107.4817488950955,27.383249640558518],[107.40725169990611,27.344642200177475],[107.35497324961585,27.47124755543041],[107.2662688651161,27.488098715583305],[107.13349210477685,27.250948994800297],[107.25716474475723,27.220052255307394],[107.16516084479719,27.151758484666402],[107.16296699543057,27.030623655057695],[107.24610024533013,26.967711500385462],[107.26239577464537,26.807017209876392],[107.07200059475173,26.80875922006203],[106.96407736987476,26.743074495091946],[106.9577027296973,26.650037970176243],[106.86159121496269,26.63217904502693],[106.91117491958693,26.584967265426997],[106.8363864348861,26.57197211492121],[106.8280529750648,26.456101074804792],[106.75323232521168,26.396005544620266],[106.84035305484969,26.387679030263087],[106.77801982975143,26.324150154705933],[106.86526555975786,26.318135075173643],[106.88317157970471,26.220006140071348],[106.82446802018302,26.186323889935636],[106.78946255525278,26.27218730529995],[106.67398275979662,26.295849939623054],[106.61349305046394,26.228400879696892],[106.38408964462144,26.2891768450354],[106.33711599470746,26.226390599946285],[106.29396120524547,26.25210776516127],[106.23352190021558,26.227580160196283],[106.29641834013432,26.204465054718526],[106.25096313973717,26.134474464824734],[106.29265893026547,26.107864744962058],[106.22144431000697,26.038923615332635],[106.31134681540328,25.992790284743876],[106.23131743974812,25.701416010440596],[106.30445093985907,25.731233284688415],[106.32008965471385,25.674021530469304],[106.48530893535911,25.646792354883303],[106.38437744476335,25.404896249762146],[106.49094514490258,25.280214344716285],[106.44125499472227,25.17970582506382],[106.51603039968325,25.062336304876624],[106.64524134990842,25.170295540406926],[106.99271138002621,25.243181684687045],[106.9600236847453,25.44046848543229],[107.20313089967135,25.61334392038566],[107.32527146540588,25.498775229893],[107.31064258488743,25.406875285266267],[107.41845771035509,25.388737429988453],[107.46748247463654,25.217135105001148],[107.66237184468497,25.32203766001004],[107.68224413965538,25.197087659867634],[107.75889060032102,25.23488358980586],[107.76273653036662,25.11963448034703],[108.11247716968569,25.214520454755245],[108.13734496479833,25.392065605043683],[108.18907591502153,25.40681884471394],[108.1546811203375,25.44367248479739],[108.24204959970933,25.428464744852135],[108.29422497510257,25.489998460060917],[108.16324767004397,25.703877544812883],[108.09329087037742,25.682919820293534],[108.07636849471032,25.77781873504665],[108.21834410010018,25.99209323551446],[108.21271019012323,26.069774580232718],[107.95194871506123,26.061565324879894],[107.85546773005177,26.143726830329],[107.82028660504284,26.097812599771714],[107.73244597530157,26.170544665004343],[107.7717319946359,26.31768982982186],[107.64631688041976,26.282340019876074],[107.58203364993307,26.369202185432584],[107.51491394512254,26.348599294721737],[107.50436220495186,26.423180539650218],[107.4006114854318,26.37495083990939],[107.2936220599102,26.43682739466857],[107.35420448484916,26.497194635224275],[107.32681577492815,26.554928050189403],[107.50521900525297,26.555083765103745],[107.58447710523427,26.61658067555777],[107.73871156009051,26.582093480030153],[107.68335194973275,26.715039685233364],[107.7600465753892,26.82655517558095],[107.63616269005615,26.841234794949855],[107.59625349989915,26.914507824876296],[107.70748472533984,27.131596045021524],[107.66241352466449,27.239801360244655]]],[[[106.22121727525712,26.028517465508685],[106.20844569980926,26.0309939052446],[106.20879572044618,26.023416730297924],[106.22121727525712,26.028517465508685]]]]}},{"type":"Feature","properties":{"name":"黔西南布依族苗族自治州","adcode":"522300","level":"city","parent_adcode":"520000"},"geometry":{"type":"MultiPolygon","coordinates":[[[[105.25198179032742,25.989452590364806],[105.18046818505877,26.177058319685727],[104.99336708512294,26.129633710127678],[104.8697074097692,25.806652120399065],[104.88653171526653,25.36553408033359],[104.64024863536628,25.35651692531593],[104.66057469496627,25.285023185171895],[104.81629292957513,25.265010200260576],[104.82132244477509,25.1714967900449],[104.73940677979908,25.211025985161143],[104.61737323518673,25.062175534873063],[104.7117132248855,25.001455265448215],[104.52760939985399,24.734765425284195],[104.73879505015151,24.622726540297663],[105.03096945037987,24.79092724529619],[105.03359846999348,24.873235955375094],[105.0600154696383,24.88981153987072],[105.0693855653916,24.912746299801938],[105.13078298025039,24.965602944920022],[105.2084602150669,24.998559915207977],[105.2636343753262,24.933046225103283],[105.43840741487037,24.92568866999619],[105.49632167990165,24.81084977999342],[105.79770872527752,24.705324810491675],[105.9350694748764,24.729747700196242],[106.01954906473759,24.635579929770017],[106.18417423974944,24.791513534921762],[106.14553469536997,24.960819899718672],[106.51586835983699,25.05658243972789],[106.44125499472227,25.17970582506382],[106.49094514490258,25.280214344716285],[106.41601783455548,25.364358310287855],[106.12531458490025,25.453336784764872],[106.07316025544151,25.60331736000819],[106.04252306029105,25.55924679000742],[105.97215744501011,25.615498095260932],[105.93862145521604,25.437079070143],[105.78377570508479,25.463756599787303],[105.6851257801307,25.661638820075552],[105.52831869495185,25.696182539792403],[105.25198179032742,25.989452590364806]]],[[[105.0855788750651,24.91748338515015],[105.09549540968544,24.931922669695496],[105.07825783513107,24.917677855448744],[105.0855788750651,24.91748338515015]]]]}},{"type":"Feature","properties":{"name":"钦州市","adcode":"450700","level":"city","parent_adcode":"450000"},"geometry":{"type":"MultiPolygon","coordinates":[[[[109.60705505514676,22.67551335525718],[109.34707411517832,22.63173175991284],[109.26050173007087,22.487028714903317],[109.15893927962412,22.55633709977741],[109.02908098479969,22.508622645019102],[108.83848882010301,22.54478967969999],[108.6700211954219,22.43398532466307],[108.63024789462469,22.46334550499114],[108.55478610999103,22.42318664504768],[108.49125437009315,22.24065093009642],[108.41073153013605,22.272048840181867],[108.18880000481641,22.16585400525821],[108.19708417999095,21.988116169825446],[108.28879879502841,21.90539414032736],[108.43489737021753,21.919800989923772],[108.47856571483595,21.842523425515708],[108.5495636200651,21.916453005501864],[108.62244309497294,21.89348653007937],[108.63383258510578,21.88152943553507],[108.60128845040174,21.85993455033929],[108.61227178961144,21.84409640002889],[108.56159432501812,21.789789894887804],[108.59230690493979,21.762388009898814],[108.59699396999576,21.736631015509033],[108.59497668992236,21.71288246985017],[108.62259145972814,21.696022704983875],[108.62530483035368,21.774442050460323],[108.65792121479228,21.78074296511579],[108.65743780041424,21.660027045112088],[108.71623991034363,21.733531195408375],[108.74400063022495,21.60593237977554],[108.86566920027343,21.626636400149778],[108.8277304454038,21.81352254053286],[108.89223624460709,21.74732521548634],[109.09423055469642,21.880717194842703],[109.18550175000581,21.84383131046667],[109.26376112497599,21.914288789695945],[109.60154806469149,21.91092891983385],[109.54027008969297,22.105219419640548],[109.58870332489857,22.307067179806552],[109.67556439508081,22.30314696036396],[109.72804028972763,22.38475864009922],[109.84274065535703,22.319573885126772],[109.80462271506633,22.439902985134722],[109.86504277460443,22.51730244455223],[109.8147335149398,22.582900130436713],[109.71456083991092,22.5620294153253],[109.60705505514676,22.67551335525718]]],[[[108.62149985993068,21.889718310451713],[108.57482445038812,21.883763665360902],[108.57262675012447,21.838054855247435],[108.583819734793,21.837540890000128],[108.62149985993068,21.889718310451713]]],[[[108.50409827531519,21.763376815387744],[108.52085736467569,21.72166768971215],[108.54961618993525,21.752157975210423],[108.50409827531519,21.763376815387744]]],[[[108.6883376596553,21.596702064748513],[108.69424499501059,21.613244615346787],[108.6724214050239,21.594441234775218],[108.6883376596553,21.596702064748513]]],[[[108.58067547019687,21.751180180121253],[108.57515955037303,21.770291815015298],[108.56523291996336,21.76591753506625],[108.58067547019687,21.751180180121253]]],[[[108.59534532472702,21.73061387023398],[108.57591875534632,21.73815101006113],[108.58639572498276,21.717500355457105],[108.59534532472702,21.73061387023398]]],[[[108.55334382046101,21.73039807970764],[108.552362294984,21.746727130352838],[108.54026939471686,21.735134000433845],[108.55334382046101,21.73039807970764]]],[[[108.56519290462893,21.76800179035041],[108.56769910023337,21.778092875286006],[108.56442271983269,21.777561759967284],[108.56519290462893,21.76800179035041]]],[[[108.5699503398364,21.748564455185488],[108.57535954520688,21.746315284922503],[108.5699921403251,21.75193513040199],[108.5699503398364,21.748564455185488]]]]}},{"type":"Feature","properties":{"name":"秦皇岛市","adcode":"130300","level":"city","parent_adcode":"130000"},"geometry":{"type":"Polygon","coordinates":[[[119.15208627995787,40.61280210463349],[118.69364798976301,40.49013044516397],[118.60350513965057,40.42749878993726],[118.64628154026093,40.3700216952451],[118.56126703544544,40.2757185804482],[118.91865431964118,40.14790166033339],[118.76965846966266,39.76244923484438],[118.85547579027559,39.573690884926464],[118.9773352549181,39.53780275968967],[118.9988334647926,39.46627414023942],[119.28298924525757,39.421901875571166],[119.26076452526274,39.52978831457909],[119.36079758504059,39.743577774694586],[119.53076583467555,39.809745080371215],[119.56098078013895,39.90575651045464],[119.86571300045466,39.95660600006693],[119.72824606520385,40.104370250087015],[119.73741854483,40.20592047514987],[119.6174244701632,40.22527344041697],[119.56399901464283,40.53308366058252],[119.29101055039666,40.527474410016055],[119.15208627995787,40.61280210463349]]]}},{"type":"Feature","properties":{"name":"青岛市","adcode":"370200","level":"city","parent_adcode":"370000"},"geometry":{"type":"MultiPolygon","coordinates":[[[[120.8501334796764,36.610874615471175],[120.72055580030997,36.624074410305866],[120.6323284602903,36.5748318904794],[120.65576422983543,36.64820072967996],[120.53908448965751,36.74960225993641],[120.61813842015204,36.90703890022513],[120.5555715296025,36.960271665205255],[120.60228329963468,37.0456051946241],[120.5310362003604,37.04856240473123],[120.51164328001346,37.14827225985698],[120.3434039446364,37.07635931513033],[120.23154856991061,37.1250225402581],[120.15270069028475,37.01191083511702],[119.6043840603761,37.0145800247484],[119.53984443497279,36.72817858497376],[119.72219098472624,36.56237962022334],[120.00958917460082,36.485847885171836],[119.81394034507093,36.25727096977948],[119.8264134346324,36.18055749523228],[119.66324100017209,36.1750443803939],[119.626921769624,36.071015520350045],[119.71114017028265,36.04446978994889],[119.73180183978309,35.86292306484762],[119.60697586514414,35.81310483052357],[119.61933722473316,35.71311633485101],[119.51683310046724,35.73206943545614],[119.51290468999946,35.61376920508479],[119.87184965034112,35.613031664779555],[119.94636004488018,35.71620688024336],[119.91632475967992,35.760758250293065],[120.01256219478955,35.72247527991027],[120.06661299029736,35.88670983978733],[120.29267653529394,35.972951015377134],[120.30427285510825,36.01232879523775],[120.24007126507684,35.97469914994588],[120.24914399999568,36.023253000425655],[120.20530309975834,35.99570320034246],[120.18805721996478,35.9988580904286],[120.23510432020828,36.06070779053215],[120.10591738547907,36.10033284978124],[120.13059834014132,36.14889807038969],[120.11210605485064,36.18917656984286],[120.11700411974437,36.19602958999366],[120.30642240477027,36.18958754472948],[120.3121108451395,36.259604679912115],[120.36969714001111,36.15161357510647],[120.28869653521701,36.05242667035458],[120.71421374526824,36.135111105493195],[120.64598590032915,36.32771147520447],[120.72911967543268,36.329348815095784],[120.68788993966905,36.38268119977761],[120.75521163041253,36.46336900057895],[120.83835829459963,36.46363425022054],[120.88546597497486,36.37597449482712],[120.97450161036113,36.544364044864835],[120.8501334796764,36.610874615471175]]],[[[120.15322832972367,35.76109158041214],[120.1865607202011,35.75653403481789],[120.17606041495628,35.78775685499494],[120.15322832972367,35.76109158041214]]],[[[120.96759748533577,36.41649425990221],[120.95194036045928,36.424383780187384],[120.9448560202892,36.417718610425595],[120.96759748533577,36.41649425990221]]],[[[119.91991699007713,35.627226984837534],[119.9305049549398,35.63463639035717],[119.92937991475128,35.63646559521112],[119.91991699007713,35.627226984837534]]],[[[120.7644351852357,36.22941667004335],[120.77253279964907,36.227396350261415],[120.76799789538666,36.2378714654958],[120.7644351852357,36.22941667004335]]],[[[120.58908235996296,36.09042038009653],[120.58280925504312,36.098294510283495],[120.57550559990352,36.09220944550958],[120.58908235996296,36.09042038009653]]],[[[120.9215245801953,36.41684542987275],[120.92923950969566,36.41555662044175],[120.93024301999947,36.4189077102227],[120.9215245801953,36.41684542987275]]],[[[120.30754458961121,35.942380809826545],[120.3140665351425,35.94249102534059],[120.30847145519351,35.94705945542955],[120.30754458961121,35.942380809826545]]],[[[120.4903991196237,35.959581940254395],[120.49524779015348,35.961854710526495],[120.48989957500544,35.96170682510996],[120.4903991196237,35.959581940254395]]]]}},{"type":"Feature","properties":{"name":"清远市","adcode":"441800","level":"city","parent_adcode":"440000"},"geometry":{"type":"Polygon","coordinates":[[[112.99065142502332,24.927532680388936],[112.7880300446509,24.893669545113482],[112.65598525961207,25.13584176458579],[112.20397987037472,25.19429908523466],[112.11530998476803,24.990785550412852],[112.15999480971277,24.854566554902647],[111.95588512509852,24.724561024871434],[111.92269475016263,24.63387427018148],[112.05674977538195,24.373514999817417],[111.93742774519433,24.23815711505887],[112.03888638959529,24.191911000492325],[112.0702258896132,24.263480414989203],[112.15845386995022,24.18772833549434],[112.24586890542571,24.247751060163353],[112.28416515969445,24.390488685404534],[112.36838899495626,24.34971383482565],[112.44475918029195,24.282924325097554],[112.42468288041061,24.130288090523038],[112.48072285037927,24.11797255049288],[112.51093533529752,23.979305700197983],[112.67750417008142,23.941791275147295],[112.65100586542837,23.81627207519614],[112.77594725006566,23.674534040113883],[112.7449796502907,23.611595324864425],[112.79685158992902,23.548219195559454],[112.89484867003011,23.57054129504479],[112.95281462989135,23.449653904903812],[113.1871378399394,23.517182199598892],[113.37189087476418,23.731778054813446],[113.59416788543967,23.668428975317],[113.63463128460614,23.81726393478283],[113.79537497487524,23.90622774491453],[113.71331489496652,23.99568243020002],[113.92734953545278,24.19682393028023],[113.83632236488529,24.26647752531761],[113.79807741963725,24.4060626850449],[113.59295955543917,24.516202854777987],[113.43593400515033,24.456935074993794],[113.2417956103792,24.50827815481307],[113.06265520037721,24.470440025087157],[112.88186077975126,24.598383299949376],[112.89276209539446,24.71990036481003],[113.01511319961458,24.85956635470353],[112.99065142502332,24.927532680388936]]]}},{"type":"Feature","properties":{"name":"庆阳市","adcode":"621000","level":"city","parent_adcode":"620000"},"geometry":{"type":"Polygon","coordinates":[[[106.7988939451995,37.14448295022805],[106.75570735031403,37.080489254675456],[106.60260082516811,37.12947857487643],[106.63894568009925,36.962551460081954],[106.53461285999555,36.97856668510457],[106.6358314753424,36.88222506533447],[106.641439474952,36.72346843971678],[106.51104032515093,36.71689239456839],[106.45155547510524,36.55978925526995],[106.35705050028042,36.5732902897152],[106.51846720539737,36.477759635399025],[106.49951791971631,36.26878361487212],[106.8296651798043,36.22949253505254],[106.94223095959126,36.12229664497431],[106.94536185036918,35.99154899529003],[106.8853681845942,35.97172267995779],[106.94144012995821,35.9410177100994],[106.84759922532407,35.88723665544734],[106.9092343552814,35.77151365992745],[106.7481943545859,35.68859329034825],[107.05379659523686,35.46496729480492],[107.16669000523973,35.46637003035272],[107.1848920001658,35.52013219024843],[107.49196367008744,35.45581207496741],[107.59517086004723,35.49417685487805],[107.74440357526487,35.307172119997404],[107.86201835046666,35.25778624014305],[108.60035740027382,35.311176790276704],[108.62030316985539,35.536049274954166],[108.51407872025686,35.64903354526194],[108.49253612973865,35.87375940986897],[108.64672690002647,35.944132994941924],[108.70364363524556,36.109731935180776],[108.61053880502192,36.43853611984616],[108.39632573994106,36.44629174996436],[108.34467111967655,36.555841684745985],[108.20431951543338,36.573849114944835],[108.21653992967413,36.63156194982429],[108.14136070033624,36.56096577535038],[107.99870584959535,36.633981980484066],[108.00724628029172,36.681325355181116],[107.9342018697206,36.655575120095705],[107.82532674483355,36.786138889897984],[107.53369006004829,36.825963550077915],[107.48144189982384,36.914013124706116],[107.30383313509117,36.9120157151533],[107.26974820991211,37.0930965698509],[107.17757507463011,37.14084106016685],[106.99206730985861,37.10578952027032],[106.9002821852747,37.151029014677476],[106.89149812014233,37.099976450053134],[106.7988939451995,37.14448295022805]]]}},{"type":"Feature","properties":{"name":"琼海市","adcode":"469002","level":"city","parent_adcode":"460000"},"geometry":{"type":"MultiPolygon","coordinates":[[[[110.5482321949599,19.474325799695976],[110.36256341017332,19.38626755470392],[110.3334833596694,19.226149654982635],[110.14106146041814,19.207837610017748],[110.15180265986493,19.004229280357038],[110.2861415399002,18.985210535537817],[110.47426934995059,19.104524005078815],[110.57164066468499,19.09077052014345],[110.55559946544304,19.142135045196255],[110.68450539530778,19.336264864931593],[110.6558611202945,19.402692994685992],[110.58315826504196,19.361107175056134],[110.5482321949599,19.474325799695976]]],[[[110.56034550534088,19.14360375051274],[110.57472230499042,19.140971829686237],[110.57495244959591,19.150875110098298],[110.56034550534088,19.14360375051274]]],[[[110.61829999974526,19.210800000219876],[110.62400000000008,19.2166999998052],[110.61870000020491,19.21930000009496],[110.61829999974526,19.210800000219876]]]]}},{"type":"Feature","properties":{"name":"琼中黎族苗族自治县","adcode":"469030","level":"city","parent_adcode":"460000"},"geometry":{"type":"Polygon","coordinates":[[[109.87171286006048,19.389418219775052],[109.63938257014956,19.402377095226825],[109.70991731013584,19.331627820167796],[109.69839663499675,19.136464200062846],[109.54156534006847,19.06893300505419],[109.52359617962003,19.00201714507523],[109.59884477996269,18.911497475428177],[109.72596943973792,18.91538794979408],[109.7099812654231,18.835715810036675],[109.82645314979311,18.729817399753244],[109.94866977479035,18.77446468519713],[110.01255173047804,18.734545089884023],[110.09536634518076,18.809949235169142],[110.04197996969992,18.884076205552503],[110.15351051020195,19.021204795165204],[110.11538254966501,19.1325808096567],[109.81662890989634,19.291669574691184],[109.87171286006048,19.389418219775052]]]}},{"type":"Feature","properties":{"name":"曲靖市","adcode":"530300","level":"city","parent_adcode":"530000"},"geometry":{"type":"Polygon","coordinates":[[[104.6814993649038,26.37260079539044],[104.461712675,26.598533964770695],[104.41848864043845,26.715117074593365],[104.34626889469382,26.623088284996413],[104.12487439503735,26.6471064150291],[104.04859033957257,26.509083144771353],[103.81688075544258,26.533843485288685],[103.70130352473791,26.81222269002518],[103.77592237481781,26.9471844450062],[103.68654397992077,27.05495366997593],[103.59470778463663,26.991402334749978],[103.4240835452195,27.006400535356477],[103.36421952481129,26.78248190491604],[103.38935805542997,26.759250804880764],[103.38271352510918,26.736406514948783],[103.40251241021963,26.711780650056994],[103.23986341986102,26.729316705101894],[103.20329686495842,26.62621526552215],[103.05942296969437,26.60221175486862],[103.10494787474471,26.262201229703066],[103.25161286993807,26.180802444677113],[103.30349138541914,26.05476241495353],[103.28817116007104,25.859683734916473],[103.46043617029306,25.866547260048037],[103.55542117984362,25.786744629561042],[103.48654719539684,25.63325488980138],[103.53965475496301,25.587508979955487],[103.41954340960075,25.58088123458134],[103.42379036533316,25.489801094844722],[103.3570272048417,25.487942914733765],[103.27609534512413,25.36634978971108],[103.31791230041239,25.327309039780403],[103.25569403025537,25.220327360119597],[103.32298990955672,25.139827550001485],[103.46602061036293,25.175958369882892],[103.49307852535372,25.09706822481877],[103.40352561521502,25.05613813956353],[103.49411176994226,24.83630739007407],[103.65911443538295,24.878657115433555],[103.66306832004699,24.73009153529614],[103.74981185513309,24.76856469520459],[103.75009604539622,24.69586824042699],[103.80799779995857,24.73304597459213],[103.97438689533902,24.658276374754962],[104.0383555996313,24.52754721962856],[104.00866683040994,24.451979895056184],[104.17779797489669,24.45852906486448],[104.20634064000859,24.36454392516208],[104.28944733023019,24.35060039549188],[104.55401373974235,24.45817692992142],[104.50346370998227,24.630518035379055],[104.44688744459995,24.64563408044853],[104.7117132248855,25.001455265448215],[104.61770680002888,25.062668584587584],[104.73940677979908,25.211025985161143],[104.82132244477509,25.1714967900449],[104.81229370469077,25.2689173552518],[104.66057469496627,25.285023185171895],[104.64384538485666,25.360036489592346],[104.53658483532195,25.408084850035834],[104.55375062509131,25.52856158994547],[104.43401501468122,25.47599552477368],[104.42080044038806,25.584644345160427],[104.3149806200596,25.629801305186163],[104.32644744019728,25.766142514965168],[104.36904739472158,25.734474644589227],[104.42796835455596,25.82198056465137],[104.45511853009617,26.088031690110483],[104.51755236504965,26.091701034675054],[104.53997808981705,26.25711043469886],[104.6814993649038,26.37260079539044]],[[103.38575450526628,26.74193014555982],[103.39792448462731,26.740891854875258],[103.40688037962587,26.740666015324393],[103.39118119525602,26.736469645557747],[103.38575450526628,26.74193014555982]]]}},{"type":"Feature","properties":{"name":"衢州市","adcode":"330800","level":"city","parent_adcode":"330000"},"geometry":{"type":"Polygon","coordinates":[[[118.33984351016989,29.478559435369675],[118.18526082522692,29.394979305150855],[118.16489731965567,29.28442717487428],[118.06758920477807,29.291916079563464],[118.03083779512815,29.101375564730574],[118.37835302517203,28.79032380479981],[118.40930870982913,28.501002955222248],[118.47719999968035,28.474180714768238],[118.43893576037715,28.254731644749654],[118.61697359975187,28.259675664999975],[118.73700043492215,28.36549654023321],[118.7454420202331,28.527090124909364],[118.86477402030482,28.516711614849214],[119.0483820347032,28.730138040238444],[119.32654318531979,28.810884520004663],[119.3309319497497,29.07803258993215],[119.21673643024212,29.195953300104748],[119.22010001970023,29.296570594557352],[119.18534358963507,29.20988702536596],[118.99776438491847,29.210409009867988],[118.89619374974177,29.335359554999513],[118.70662218516577,29.188584810140924],[118.6236819198848,29.195805049563432],[118.59815739484793,29.328393869581475],[118.4580608599208,29.36136137992378],[118.33984351016989,29.478559435369675]]]}},{"type":"Feature","properties":{"name":"泉州市","adcode":"350500","level":"city","parent_adcode":"350000"},"geometry":{"type":"MultiPolygon","coordinates":[[[[118.40622180039588,25.89338914978947],[118.34464364518817,25.942006745115236],[118.0071761653478,25.86009384465524],[117.9991371804366,25.689020175340886],[117.93143760985788,25.65541045462885],[118.03522969009816,25.62917083996234],[118.02325270524818,25.567746160357046],[117.79123280465024,25.481095814820037],[117.71379765473807,25.517834994589407],[117.67878232964085,25.35085652041215],[117.55072433006387,25.19518727457313],[117.73531350481448,25.03720834488928],[117.59928534544235,24.953469415081486],[117.61925959475457,24.869856080094053],[118.18963684986079,24.895625895218927],[118.33846445467088,24.782868190214856],[118.32413389995963,24.60244602506407],[118.39239159969259,24.582586700116167],[118.44223003009188,24.697918274708684],[118.44002361539765,24.629885775108505],[118.56971945488897,24.58272932000216],[118.57384025012755,24.520852025100908],[118.67266072521238,24.589130675440344],[118.6525504102733,24.683745159811338],[118.77831554512636,24.760554574933735],[118.72810196973023,24.817027740238075],[118.65036993022818,24.791069670029287],[118.66987899981609,24.95690599981208],[118.70208560546644,24.850887740476878],[118.98118302497664,24.88041987477743],[118.89897052976619,24.938488844784388],[118.91368249505115,24.961124265372575],[119.00745563486976,24.94493926993141],[119.02734499987196,24.960495999890554],[118.97946736043036,24.987345604915788],[119.01705676016138,25.053094085523696],[118.97820431028072,25.017899735084768],[118.8572310654614,25.08747165549255],[118.96230312019293,25.11861941555361],[118.9130022451576,25.24082337539852],[118.68805595042181,25.155636654907767],[118.65845695962105,25.30281206482499],[118.50852767990852,25.317614125091836],[118.45750293041601,25.51051691522349],[118.54812504543452,25.636110304746808],[118.3763485847195,25.81499630013917],[118.40622180039588,25.89338914978947]]],[[[118.43244982010322,24.50916208046567],[118.30326356975797,24.485598039717786],[118.2781292299801,24.413466914966193],[118.45688603506255,24.42148895485144],[118.43244982010322,24.50916208046567]]],[[[118.22580023958949,24.405412354696466],[118.23184071507706,24.44837333486157],[118.21201823984995,24.412231455117592],[118.22580023958949,24.405412354696466]]],[[[118.17228588968214,24.385805535097404],[118.16470761036794,24.395529024844677],[118.16104783009337,24.39624594549406],[118.1633105648308,24.387041170313807],[118.17228588968214,24.385805535097404]]],[[[118.99045005482628,25.17485490982625],[118.99999917502203,25.186003225168747],[119.00035080544535,25.18969204545158],[118.99045005482628,25.17485490982625]]],[[[119.02408927509998,25.03246218987823],[119.02730130541102,25.040850240346344],[119.02211154001566,25.042873075532043],[119.02408927509998,25.03246218987823]]],[[[118.77615319991025,24.828345070568616],[118.76490523518851,24.831212530134223],[118.76494696013413,24.828576750316813],[118.77615319991025,24.828345070568616]]],[[[119.0358865852977,25.075669905341897],[119.04096348487701,25.08486766491086],[119.03417824483017,25.080214300149862],[119.0358865852977,25.075669905341897]]]]}},{"type":"Feature","properties":{"name":"日喀则市","adcode":"540200","level":"city","parent_adcode":"540000"},"geometry":{"type":"MultiPolygon","coordinates":[[[[85.8188014798045,30.78507893034839],[85.83897771504957,30.671411985574707],[85.70832049489496,30.641693589987256],[85.8673762647029,30.596709150506967],[85.89603080547732,30.502723224797023],[85.93031482976562,30.332712435430608],[85.86643127508336,30.36617165010165],[85.76075180475203,30.259444410231424],[85.84648311510375,30.118735015208813],[85.77238469459803,30.14804082972057],[85.80048823514397,30.05508560981309],[85.66532917969795,29.972553595372176],[85.69514430006944,29.903145245456756],[85.54292028504318,29.873728780159126],[85.58924520000602,29.783930790373745],[85.4292644397022,29.863452245125075],[85.39375782486377,29.720552169946757],[85.16558806493731,29.695764044874807],[84.86366110977247,29.984725174627158],[84.73211019462985,29.999503734709663],[84.70753644994727,30.25391552038502],[84.57446044469384,30.409354129689405],[84.45113795485281,30.446277875523606],[84.54946243494345,30.745427730505412],[84.77542086987728,30.929001809885676],[84.61282585502926,31.07252367992396],[84.6065143697424,31.25851343994333],[84.20489560524805,31.369413490040586],[84.37959053507518,31.49551516469313],[84.51838433007282,31.486923594947996],[84.666271434679,31.651414199905446],[84.46071800992826,31.701142845565926],[84.37754091538102,31.809344764949003],[84.39359253506751,31.619118305065797],[84.21280639000298,31.676683505439485],[83.76183202492808,31.567250194740723],[83.39558017008886,31.606834754820113],[83.30420223964171,31.731628899753957],[83.26492230512036,31.652825845036773],[83.16738879495699,31.692133305107973],[83.05045505026044,31.60929134471985],[82.95467116484247,31.650467409843145],[82.91567274510118,31.616139990568172],[82.98430653501862,31.578803749993142],[82.82675994541523,31.56340185990797],[82.96489452026594,31.472285749987407],[82.99078755510163,31.261537640549705],[82.96818013040877,31.171220425382387],[82.82101698994217,31.155500884857986],[82.79878749994322,31.022295850273338],[83.03662654028267,30.81020847494119],[83.14274338959581,30.80772647469712],[83.18222581007313,30.70869231979475],[83.06849537046503,30.50793234000554],[82.94921686476653,30.538072069770237],[82.94764491997711,30.6483516497089],[82.70810767003303,30.799057565054625],[82.63571423012769,30.728936124702443],[82.63034481526108,30.362793155279917],[82.46468383978743,30.428392174859027],[82.42075067000746,30.357511150019604],[82.31923709501598,30.43771156503675],[82.14662345540819,30.202285689932694],[82.20829908543448,30.156314499914288],[82.17246439971234,30.073366490571118],[82.55957421008179,29.960063020292182],[82.62729620975233,29.839136829800907],[82.72976175040452,29.828280535118665],[82.69451598482487,29.767901714892275],[83.27021125044888,29.574507115211247],[83.57885675463558,29.18377620530765],[83.64605273544544,29.16740550975652],[83.91293307989775,29.328066720502818],[84.09816857491984,29.297172380401094],[84.20012779995807,29.240595599707206],[84.1639731201634,29.179480574668844],[84.18908474036851,29.05014060500497],[84.24808191504837,29.036677149630805],[84.22947511458494,28.89463010029897],[84.40389497507311,28.861047090351008],[84.48089385486759,28.74184253500505],[84.63549671520133,28.730496924593467],[84.85706173531088,28.57303524538031],[84.981916040393,28.59313939007086],[85.05725090010901,28.678609659608128],[85.18432174535235,28.64548047994026],[85.18598576543081,28.546698024594207],[85.10656648985167,28.46470707467182],[85.12713986481299,28.334308184774954],[85.37541207960385,28.27955490993122],[85.5022586600092,28.332228730071904],[85.59987366044112,28.25579655536677],[85.70894273491933,28.385231890039734],[85.75201097992283,28.2341361203857],[85.84909298545296,28.176791105525126],[85.99594681039702,27.91394444527998],[86.12560269031195,27.928869944692224],[86.08122083976997,28.084845239716117],[86.18598850996182,28.17188592519534],[86.22698693020271,27.977528460070403],[86.41139516045837,27.90926767476344],[86.5125222500019,27.961467099826848],[86.56633264503557,28.10704132529696],[86.70719673514128,28.104899810178154],[87.16725362515473,27.821894855263395],[87.56036109518845,27.86594689473344],[87.67066700547798,27.80602911555127],[87.83710897020285,27.950610500274422],[88.11044165535816,27.869650954927693],[88.14479347503891,27.961333824796213],[88.40677974039278,27.981535509955847],[88.6429286551334,28.114696215158233],[88.84147087977732,28.009048150052138],[88.8870008902789,27.84697462507893],[88.78192389017545,27.466070510046052],[88.98284557526313,27.213086215556473],[89.18001570965731,27.377063060312025],[89.09506895526812,27.47414507033875],[89.16076086492205,27.573032560204524],[89.13028497487176,27.634044844893708],[89.60510006971248,28.165389755133162],[89.80482608005963,28.24867089044926],[90.03664319522733,28.138245294784554],[90.12610663541295,28.193381949717264],[90.18870227998627,28.161630300298157],[90.22497575033066,28.349906844725183],[90.08949051977174,28.393653565259854],[90.1333590696654,28.51028470517508],[90.0654171947478,28.622580020151872],[90.2239483954022,28.811742439961677],[90.17995113543662,28.96932473984492],[90.34723705994242,29.309432620219297],[89.93622415542052,29.339862824709655],[89.78285137968749,29.42430598483338],[89.76531551529882,29.49925568470212],[89.81886079019336,29.523439334957402],[89.75112919475657,29.584227670470682],[89.893784049994,29.746206479745297],[89.82862547968222,29.913954754708186],[89.90106591006378,29.97618457036168],[89.77026742530148,30.186467339995772],[89.71219005023067,30.157188444890892],[89.69918635526614,30.224505725358995],[89.49091558488641,30.256739850263955],[89.37319763046634,30.226939020119744],[89.19442289470089,30.311063050419477],[88.94705101459272,30.20107268975289],[88.64704990992544,30.230119455448573],[88.49157862465387,30.05995988494078],[88.41321016012085,30.2466724903432],[88.20302960023594,30.218211579900526],[88.08873165963843,30.374068075381444],[87.86221654975401,30.395376950086245],[87.72515074541064,30.333663859699413],[87.53171755492127,30.3819791605099],[87.4695136046692,30.554460830003336],[87.18183079465553,30.55425215041646],[87.07265653007488,30.94457491470058],[86.92377957496745,30.756631140115076],[86.86055687000362,30.75805803505034],[86.97644967011627,30.923683890199413],[86.73033239462438,30.834877460526457],[86.7868797504002,30.66141621528618],[86.86575943544966,30.650852140014308],[86.89488612479488,30.72968431028272],[86.84910039476745,30.587771290512705],[86.92514308028899,30.61558084987638],[86.94187558029387,30.515297864904596],[86.8546557201854,30.569781264893493],[86.70903893519875,30.551424039787662],[86.71661365499625,30.45477183555181],[86.5367810296209,30.459432710551198],[86.57914191017107,30.395709975335137],[86.52724498017176,30.463408095307386],[86.52496395502254,30.488509140384565],[86.42414845988355,30.47751959045678],[86.42646121041656,30.70131096502905],[86.33079131047066,30.805901350067302],[86.31356188467328,30.95639326993353],[86.19144833547239,31.006756925092077],[86.12107291038654,30.96970051486693],[85.98941699040182,30.74868970556554],[85.8188014798045,30.78507893034839]]],[[[85.82474182027886,30.800061060069936],[85.90013810998585,30.78625272008702],[85.86299103011203,30.87085004469384],[85.94788652044662,30.897724194915725],[85.75790732016674,30.954617090006764],[85.82474182027886,30.800061060069936]]]]}},{"type":"Feature","properties":{"name":"日照市","adcode":"371100","level":"city","parent_adcode":"370000"},"geometry":{"type":"Polygon","coordinates":[[[119.01767381469483,35.9755969152655],[118.9892506901673,36.03801390501775],[118.88004900975409,36.004264825361474],[118.71112152034198,35.83393589002935],[118.70005838518637,35.73763141046129],[118.80018345010615,35.71227015014739],[118.68950683477271,35.531589054891015],[118.72052481996457,35.47498611471747],[118.5997806396648,35.39126737468962],[118.8629526053785,35.395004775450104],[118.9320795996938,35.33064422035454],[119.01546343488963,35.392280370143],[119.14856559512623,35.332744304606024],[119.16085926004689,35.13734493981718],[119.36403925520756,35.0805678297416],[119.42272106012888,35.11383303456694],[119.37595698462724,35.134381855338404],[119.40864463044545,35.27046444977458],[119.47182272543853,35.331191234787696],[119.53010081030425,35.30620008506594],[119.65815610472055,35.581682069871704],[119.53281089480697,35.589005644994586],[119.49312614035921,35.78955027492532],[119.36160697038542,35.776315800433906],[119.34303159043566,35.90015892489453],[119.14994347970787,35.88234525992584],[119.17398276539234,35.971992589886156],[119.01767381469483,35.9755969152655]]]}},{"type":"Feature","properties":{"name":"三门峡市","adcode":"411200","level":"city","parent_adcode":"410000"},"geometry":{"type":"Polygon","coordinates":[[[111.92822930483862,35.03608780470847],[111.92998184518609,35.08428136519291],[111.81163382034458,35.069714420084495],[111.66046878040993,34.98785904026255],[111.56486838456834,34.84473772016969],[111.15240813003123,34.81598417033325],[110.96375997494295,34.70121803998063],[110.9193356197431,34.73221165534369],[110.82697743995698,34.617941144967915],[110.37169402455964,34.60063893973535],[110.3630965597585,34.4977747646937],[110.50128937020833,34.341991814870426],[110.43272165977686,34.245429034722235],[110.63775522962021,34.16205571979566],[110.57602499995386,34.0448840000966],[110.67192010542857,33.950360510029554],[110.58526600971862,33.90069147503158],[110.60567598505872,33.85353454957988],[110.77721089506679,33.79664536958819],[110.83226106039967,33.66705554038094],[111.0163515053178,33.55074925537389],[111.10839913031566,33.57809659018557],[111.12418815965589,33.67800183471695],[111.25513228962353,33.79889970016109],[111.19719340475189,33.89070211511057],[111.35203912970212,33.9868242850128],[111.36257330521391,34.09185862037907],[111.1517719154416,34.22604974000353],[111.19422303036862,34.298125544758136],[111.13886647500789,34.38783890474173],[111.55799586531697,34.569958944949406],[111.6887397954053,34.532408645043006],[111.66551610488438,34.57517369530984],[111.82577300472047,34.654157010137965],[111.9250555199963,34.60330617513995],[112.02608617523686,34.783003004684986],[111.87721486967058,34.89966232035982],[111.97939370465582,34.96021910023137],[111.92822930483862,35.03608780470847]]]}},{"type":"Feature","properties":{"name":"三明市","adcode":"350400","level":"city","parent_adcode":"350000"},"geometry":{"type":"Polygon","coordinates":[[[118.66392082488619,26.246890760200472],[118.33021446542534,26.44136494023985],[118.12976152497447,26.36822749030648],[117.99963716032676,26.575230800261295],[117.8730867446576,26.561098279861767],[117.84778965996486,26.68432127500688],[117.66278281037842,26.637091970318238],[117.58775534972972,26.706609599553417],[117.66637896991358,26.80741196459053],[117.57124668019026,26.92897282463622],[117.4990109552914,26.9310805747088],[117.52649714992356,27.002340054949627],[117.27412193028294,27.132077249765302],[117.2485829450469,27.035059935167908],[117.06017364539753,27.112314490421454],[116.93480483457552,27.02193605480511],[116.64995406522803,26.964902975192217],[116.50547325528657,26.71737213001984],[116.56245753498729,26.639255679805842],[116.53007282490103,26.561930230096095],[116.6451509300714,26.47180716506864],[116.59547357544523,26.374663684581435],[116.50853781027183,26.41040362043077],[116.37594087477157,26.212555565387106],[116.48645967527386,26.123610810090838],[116.3995207903522,26.031596184816124],[116.48202978484676,25.970865059674793],[116.63631427528367,26.015028720299256],[116.81093192996468,25.783991689664788],[117.01364151044743,25.859343030356627],[117.05121126988422,25.686929974638645],[117.16525890037803,25.562745175249688],[117.28928570956793,25.671057314643406],[117.23773948458961,25.69358495957829],[117.26475934476798,25.735111354705282],[117.36866651484786,25.78923073970691],[117.38500044521447,25.66142177499495],[117.4553781150081,25.73896954970502],[117.53387826457026,25.728480909566372],[117.74318422027557,25.60029474490659],[117.6780058603822,25.521549870030526],[117.79123280465024,25.481095814820037],[118.02325270524818,25.567746160357046],[118.03522969009816,25.62917083996234],[117.93143760985788,25.65541045462885],[117.9991371804366,25.689020175340886],[118.0071761653478,25.86009384465524],[118.34464364518817,25.942006745115236],[118.4552397001521,25.86445530476857],[118.50620140986723,25.89756372538568],[118.51133472481774,26.062446045348793],[118.59626314472837,26.05870555002116],[118.57374373488551,26.207150694748805],[118.66392082488619,26.246890760200472]]]}},{"type":"Feature","properties":{"name":"三亚市","adcode":"460200","level":"city","parent_adcode":"460000"},"geometry":{"type":"MultiPolygon","coordinates":[[[[109.40047307037594,18.624835225065624],[109.30922140474411,18.519148075423402],[109.20101169543346,18.555974340143734],[109.18359553530576,18.456816905276014],[108.97501002469295,18.380378609785055],[109.1070197703462,18.361679564960014],[109.18378279484017,18.284948920556303],[109.30933407540732,18.306293980382918],[109.46076290538383,18.281114675402023],[109.49655186507658,18.25011171518355],[109.48166680547877,18.188397159801127],[109.56574229037449,18.257493274994715],[109.54369806521362,18.221432389992856],[109.57401726998108,18.159388555037822],[109.6466893396414,18.232647669754215],[109.71152301997148,18.1970440648318],[109.74141232991514,18.254947164779878],[109.70475433014826,18.259748000369996],[109.699948280289,18.284728225127537],[109.68626098545616,18.2589029002487],[109.67394478532367,18.275896930299155],[109.70045205981478,18.287324934797937],[109.7092098998171,18.26385803971681],[109.73741487489661,18.272335685143787],[109.80821127533017,18.464374629685437],[109.77230039005104,18.525913694961105],[109.67934769543984,18.398342394985605],[109.54088866048335,18.396466650215757],[109.53217723988774,18.531906869706347],[109.40047307037594,18.624835225065624]]],[[[109.48292159985203,18.235860799936006],[109.49384380045109,18.245109569950728],[109.4732419997186,18.23067200041254],[109.48292159985203,18.235860799936006]]],[[[109.36341290008534,18.22959340481185],[109.37774931028252,18.231099584877995],[109.36816259482794,18.245967585235917],[109.36341290008534,18.22959340481185]]],[[[109.75570546023886,18.311415530402428],[109.76842115541206,18.3151706397133],[109.75544999971777,18.315273520356754],[109.75570546023886,18.311415530402428]]],[[[109.65859420515852,18.215957630340426],[109.66750597042426,18.21739278015275],[109.65966951463645,18.222423690201197],[109.65859420515852,18.215957630340426]]],[[[109.10985917466127,18.345390405542844],[109.11109668046748,18.352391630369482],[109.10741734533428,18.35133962502374],[109.10985917466127,18.345390405542844]]],[[[109.6928347697089,18.182023560139214],[109.69780757006339,18.188874164710967],[109.69083860481783,18.185338669843816],[109.6928347697089,18.182023560139214]]],[[[109.41222214003977,18.213474120134606],[109.41804224475385,18.21711019517943],[109.41332314045064,18.222635230531523],[109.41222214003977,18.213474120134606]]],[[[109.27394579965897,18.28362297991663],[109.27596226045,18.29100317995284],[109.27156232464165,18.290650675388406],[109.27394579965897,18.28362297991663]]],[[[109.28135850029463,18.29164708554464],[109.27567651975562,18.29717535036218],[109.27604482001249,18.2926984154995],[109.28135850029463,18.29164708554464]]]]}},{"type":"Feature","properties":{"name":"厦门市","adcode":"350200","level":"city","parent_adcode":"350000"},"geometry":{"type":"MultiPolygon","coordinates":[[[[118.34989182514767,24.581490455320306],[118.29883750504689,24.82802951015384],[118.16547119503969,24.900752229631735],[117.91480906518632,24.885691699712197],[117.96114481967777,24.664746379941505],[117.88222273968779,24.59359357548317],[117.95284247999655,24.4602550599231],[118.04143393033166,24.441005299954668],[118.02914740962535,24.551802955042376],[118.18096875500407,24.66377747465077],[118.20751993529689,24.54886962553286],[118.24283114993773,24.535966735576437],[118.28859391487731,24.586181540345876],[118.34989182514767,24.581490455320306]]],[[[118.19232271472151,24.473141340300685],[118.13753087964642,24.55996384035899],[118.0662245204453,24.4628146455795],[118.13184159031721,24.423747165099655],[118.19232271472151,24.473141340300685]]],[[[118.37251200042851,24.56228770021727],[118.2900604249487,24.559958300535186],[118.36892278006235,24.54186184554777],[118.37251200042851,24.56228770021727]]],[[[118.05355535979209,24.444971370432427],[118.07047741979716,24.447380360115574],[118.05601024008058,24.454312660001335],[118.05355535979209,24.444971370432427]]],[[[118.37964910022583,24.561208969718223],[118.38744183547237,24.55671774013166],[118.39342022985977,24.561208969718223],[118.37964910022583,24.561208969718223]]],[[[118.00211952479629,24.43178598993154],[118.01018590035903,24.434381419866668],[118.00114372979931,24.435671099841443],[118.00211952479629,24.43178598993154]]]]}},{"type":"Feature","properties":{"name":"山南市","adcode":"540500","level":"city","parent_adcode":"540000"},"geometry":{"type":"Polygon","coordinates":[[[94.25545182034529,27.561714200150277],[94.2108740246166,27.61425195556336],[94.35516937007043,27.723539065275702],[94.3020359549954,27.948473585187855],[94.14448324460614,28.090213325384696],[94.15763938994593,28.233691820221395],[94.03054621003963,28.365727960077322],[93.89272149030461,28.392115460160426],[93.88854513495005,28.54962610026439],[93.75542137479664,28.697648635576115],[93.46936851494507,28.671313434667354],[93.33121264504757,28.762653689815977],[93.08898152537716,28.723116534800283],[92.9198064247268,28.773190184679322],[92.81841317992439,28.701998265107875],[92.55708609964387,28.80884137542921],[92.50384089524118,28.72119308009661],[92.44443791497787,28.755500875265227],[92.49581803967084,28.870021339613174],[92.66211378002697,28.821345624700882],[92.79378298030036,29.080290190439996],[92.91871635467606,29.130556010151793],[93.11405986976723,29.355804860206206],[93.08215488503998,29.531253545115078],[92.93487995974243,29.708723870010658],[92.58985846969267,29.675130015138166],[92.48846485976554,29.552625470389216],[92.50163347960148,29.794286814684824],[92.40301478000816,29.825916025004574],[92.38559551542073,29.632454604796237],[92.2353370298801,29.551821769659],[91.84318767507119,29.58576664971116],[91.69342124459484,29.524157545234573],[91.59686154462463,29.58367064478449],[91.3996273704069,29.48821861459743],[91.21564396459735,29.529599424773664],[90.9813839454128,29.38158217028098],[90.59165695500451,29.264043654890827],[90.43573641520345,29.241255325273073],[90.34166252500557,29.309112455275624],[90.234824990481,29.16203236000547],[90.17775458000995,28.93000227008872],[90.2239483954022,28.811742439961677],[90.0654171947478,28.622580020151872],[90.1333590696654,28.51028470517508],[90.08949051977174,28.393653565259854],[90.22497575033066,28.349906844725183],[90.18870227998627,28.161630300298157],[90.46131712538511,28.04786827020456],[90.79729702044119,28.045845725499873],[91.09556990512709,27.85123583506578],[91.31465826966348,28.063477534960327],[91.46066199515502,28.007702964819998],[91.61996593468018,27.87433742553179],[91.54144372025155,27.82879454033582],[91.64317068547882,27.762226414917166],[91.56100504045031,27.64041019507448],[91.58377019993486,27.544374389766347],[92.0440887351071,27.429525420162065],[92.1251083596631,27.283317734725756],[92.02307192962593,27.107481754979062],[92.12227375502982,26.962146560315546],[92.10544858528402,26.857036820392977],[92.63066067045366,26.953428790506337],[93.0889448600173,26.879879649826023],[93.61604306003926,26.952215265122447],[93.83328785035405,27.03573434486418],[93.8756422548862,27.21110062039736],[94.25545182034529,27.561714200150277]]]}},{"type":"Feature","properties":{"name":"汕头市","adcode":"440500","level":"city","parent_adcode":"440000"},"geometry":{"type":"MultiPolygon","coordinates":[[[[116.91287463535616,23.552580314829697],[116.8306503797113,23.64824114511282],[116.78063021791024,23.581752294932528],[116.7088378848606,23.60043480482244],[116.69792548507314,23.439366210182527],[116.57947783513407,23.467373820045793],[116.56449298676205,23.380721895299303],[116.46117310275656,23.44347865971241],[116.48479387813506,23.500000029577734],[116.37376137498757,23.50321596024844],[116.31289191522978,23.448968099897968],[116.35050790971229,23.350986005200014],[116.24875092511513,23.127213809569696],[116.38316183005452,23.043039324605218],[116.53650754968373,23.10389708508245],[116.61181069031113,23.216501079761088],[116.64898463473321,23.166195250110775],[116.72169121497768,23.263573584953008],[116.79060557988362,23.211857614737198],[116.758715710062,23.317048585024224],[116.91287463535616,23.552580314829697]]],[[[117.12549144967068,23.48049865009267],[117.02226708535773,23.436146885470464],[116.98030094513263,23.4633381951017],[116.94099609489388,23.426263534934264],[117.12131899017936,23.392471585495343],[117.12549144967068,23.48049865009267]]],[[[117.09646463543459,23.478530265259565],[117.10233833974269,23.478950934837826],[117.10183215003372,23.482644294898364],[117.09646463543459,23.478530265259565]]],[[[117.28376159961817,23.256376350188475],[117.27965476545512,23.259986434826146],[117.28153342043106,23.256371310387692],[117.28376159961817,23.256376350188475]]],[[[117.3034835396337,23.27640610026134],[117.29785012967977,23.279207220436945],[117.29921385983187,23.272712115172055],[117.3034835396337,23.27640610026134]]]]}},{"type":"Feature","properties":{"name":"汕尾市","adcode":"441500","level":"city","parent_adcode":"440000"},"geometry":{"type":"MultiPolygon","coordinates":[[[[115.60190747035358,23.474608915369174],[115.46735931987678,23.374212405378273],[115.493516224794,23.323703835263814],[115.4216365199095,23.237555764686817],[115.27886173018476,23.159889742617565],[115.28540400039435,23.098174050492105],[114.91840764539654,22.91482363969925],[115.01979012981076,22.706096020015366],[115.04845517016997,22.79763327525552],[115.1842671451127,22.779423945458745],[115.32505659508581,22.916290160562482],[115.23030826461479,22.781295379777987],[115.41373998491247,22.78790071494609],[115.35148483535693,22.71201286480192],[115.5701695598774,22.653774459823524],[115.60102965469491,22.752139220548656],[115.5215106550927,22.753724979824028],[115.60867804515567,22.865581840229765],[115.80945433504962,22.819815295439582],[115.81570878533228,22.741223045407253],[116.03858739479244,22.84862794512361],[116.0951686999756,22.819561639857852],[116.2202962550682,22.91939003012584],[116.10186592966897,22.892494975163004],[115.93976454010146,22.958959835028395],[115.96182803503586,23.04975114489946],[115.90378641970756,23.129070209922304],[115.8454207498678,23.100292495302483],[115.72416918466024,23.184451709778614],[115.82711584012395,23.260928755257908],[115.81411932534661,23.341621889938324],[115.6705268450379,23.357578515136424],[115.60190747035358,23.474608915369174]]],[[[116.73043262976216,20.697521695170167],[116.71176327965168,20.710606185227334],[116.70630067973264,20.70553885983054],[116.73043262976216,20.697521695170167]]],[[[115.10324709967392,22.784980459780456],[115.11270203477113,22.784099605312576],[115.11070900491666,22.787442920454453],[115.10324709967392,22.784980459780456]]],[[[115.19062116023838,22.744182779911398],[115.18135043507459,22.740195999845582],[115.19055457983006,22.738152125020576],[115.19062116023838,22.744182779911398]]],[[[115.57013144031373,22.65041109969252],[115.56791970972688,22.652648409696383],[115.5666499947016,22.650808845551808],[115.57013144031373,22.65041109969252]]]]}},{"type":"Feature","properties":{"name":"商洛市","adcode":"611000","level":"city","parent_adcode":"610000"},"geometry":{"type":"Polygon","coordinates":[[[110.42426525004134,34.409875105251956],[110.09961279999078,34.430187565303925],[110.0019726401253,34.36907166972185],[110.013529619996,34.23370310011802],[109.825591250336,34.29075815016853],[109.7971558500625,34.225029114701954],[109.75046139018104,34.252442814983965],[109.74149939508106,34.18960813960399],[109.81944853002568,34.14856874984798],[109.5485376049266,34.05128665505515],[109.52812777527669,33.98234501011416],[109.60128843041679,33.941313480432825],[109.50183672478511,33.849016825066485],[109.04339386513482,33.924587120099545],[108.91280341964216,33.868768980504115],[108.82423581033441,33.787584084837704],[108.93378608505986,33.76308661525513],[108.92541648508279,33.68253688466956],[108.78694682463629,33.653559329899224],[108.82344618489356,33.61764152523625],[108.73472064474203,33.52878009032895],[108.63793919983425,33.54860391993503],[108.57187873001942,33.301225734679974],[108.66681719965408,33.31713420028319],[108.94440385975037,33.128009130217265],[109.05808758497415,33.211161300054016],[109.42815681998133,33.148098669917715],[109.61999090975274,33.27287610994455],[110.22587409531332,33.160097570346636],[110.46587185480234,33.17435116467459],[110.55829436039647,33.254135670225025],[110.58894871461155,33.157124659875194],[110.70500029992394,33.09597252521195],[110.82354102519821,33.20403624038022],[110.9154671697741,33.20456814530371],[111.02937233506526,33.33507156520062],[111.0003007597723,33.576200105250734],[110.83226106039967,33.66705554038094],[110.77721089506679,33.79664536958819],[110.60567598505872,33.85353454957988],[110.58526600971862,33.90069147503158],[110.67192010542857,33.950360510029554],[110.57602499995386,34.0448840000966],[110.63775522962021,34.16205571979566],[110.43272165977686,34.245429034722235],[110.5013720547766,34.3413542701835],[110.42426525004134,34.409875105251956]]]}},{"type":"Feature","properties":{"name":"商丘市","adcode":"411400","level":"city","parent_adcode":"410000"},"geometry":{"type":"Polygon","coordinates":[[[116.19359244003908,34.57157832987605],[115.9941101846374,34.61627708981587],[115.82323483471987,34.55925152493796],[115.52901365485639,34.576566030198194],[115.43944754986455,34.662894209800015],[115.42582355471336,34.804814845029114],[115.3112729396945,34.862888020265984],[115.1573670503492,34.780247644713086],[114.82394408525136,34.76337724536364],[114.85490485017874,34.68686889538327],[114.93083491989569,34.68001052966224],[114.88323979977702,34.654419054595735],[114.91658370967048,34.494449019606634],[114.8576456096572,34.4563160345574],[114.8620948202198,34.30114529461969],[115.12772889497262,34.18004927525391],[115.13379449032357,34.052656890003504],[115.04302247001101,33.94062421033908],[115.2459707350614,34.02009334523177],[115.45063765490386,33.987322569680884],[115.55128784475824,34.092610149638745],[115.80880637531402,34.06623701532607],[115.85021510494323,34.00422772962605],[115.98007069011032,33.9924154304278],[115.97997403996999,33.902793824675314],[116.17528194460613,33.70759070994336],[116.55721327517256,33.90953885513409],[116.64408766521365,33.899815629787554],[116.52702200975796,34.122467920358304],[116.57966306040203,34.276662099975965],[116.3665491647123,34.2688288349828],[116.20152400992515,34.38343098025558],[116.15298175530381,34.45102199007283],[116.19359244003908,34.57157832987605]]]}},{"type":"Feature","properties":{"name":"上海市","adcode":"310000","level":"city","parent_adcode":"310000"},"geometry":{"type":"MultiPolygon","coordinates":[[[[121.87476087501443,31.635155750537535],[121.44599765017153,31.763433959909378],[121.30137994992481,31.872462685404685],[121.0969773048588,31.765101589866504],[121.38222840022058,31.547084410517186],[121.142915229854,31.44529679501113],[121.10241268499749,31.357299720106028],[121.15648667042353,31.28402316034061],[121.0576644803316,31.270033990076627],[121.06401212016328,31.151679064737095],[120.85401133475534,31.110649824729705],[120.8972467502374,31.01966432964514],[120.98812515495194,31.010077580016343],[120.98573981474067,30.825745515143467],[121.115849210173,30.85165946461268],[121.12248404040622,30.780896965022976],[121.21439583989616,30.7882468246313],[121.26789025543098,30.69170051017045],[121.52507013008255,30.819084969695666],[121.97249050483299,30.88498853479308],[121.91987190036798,31.095614099910847],[121.77298080482035,31.216486324784114],[121.83631530001117,31.222298099977365],[121.85449898024376,31.29879546024233],[122.08937750007158,31.263566199920263],[122.11286279977844,31.314415200301312],[121.8734273000299,31.36299781469745],[121.88720684012367,31.451337884735665],[121.98786520031877,31.497296799907417],[121.87476087501443,31.635155750537535]]],[[[122.03546059023415,31.21573894499636],[121.94580249988553,31.177477214801684],[122.02516637542794,31.16682582974829],[122.03546059023415,31.21573894499636]]],[[[121.92276931545166,31.228778389810884],[121.8749302551272,31.232252405224358],[121.91460213038408,31.200949395198506],[121.92276931545166,31.228778389810884]]]]}},{"type":"Feature","properties":{"name":"上饶市","adcode":"361100","level":"city","parent_adcode":"360000"},"geometry":{"type":"Polygon","coordinates":[[[117.08425797992186,29.699635235078063],[116.79475522537336,29.564956920325642],[116.5127142897328,29.614129990007086],[116.53298599520758,29.34547417519309],[116.64172242035352,29.232305210217305],[116.46799389480248,29.15843203481063],[116.3991471849946,28.95671459540233],[116.2267266801922,28.863417994644806],[116.2373162098753,28.80805168973376],[116.43915224468037,28.707007815358452],[116.58523683001579,28.46921164030499],[116.57255288990405,28.384090180017836],[116.72941182459613,28.413677029970984],[116.78502649527661,28.349703230120042],[116.86896451520033,28.384599750278312],[116.87446040532348,28.508990944976176],[116.99881148036559,28.499572105068637],[117.0523179899833,28.610577480166626],[117.14815096039854,28.565590650288357],[117.25640448018271,28.615894235230826],[117.32959848038558,28.44535900981049],[117.32124429478847,28.349286469894707],[117.25177578472471,28.310627160215347],[117.26748624029779,28.154676905015208],[117.44168974458614,28.10391304974752],[117.4276696349458,27.93866641532287],[117.52409697989174,27.98653212525744],[117.72610493989112,27.803780689926953],[117.85086756988255,27.949017159714174],[118.08318718484077,27.967223480379346],[118.13258753029038,28.06087137521382],[118.34769830043626,28.089914209972846],[118.3705365649106,28.18977582029794],[118.30715599475343,28.22450312491935],[118.48024101491092,28.328134105104937],[118.42517022002971,28.40151627495618],[118.47719999968035,28.474180714768238],[118.40930870982913,28.501002955222248],[118.42788508982505,28.67933053997251],[118.36551015506961,28.811795314702067],[118.26431478539905,28.92189632975186],[118.18992846043011,28.907759644591977],[118.22278468506522,28.9476260351135],[118.09459166037686,28.993105724949316],[118.03191845467302,29.097775809705922],[118.06668308475662,29.290718000035724],[118.16489731965567,29.28442717487428],[118.20392073515382,29.350375025287235],[118.13202920508377,29.506425494640894],[118.02219697041392,29.57638253982242],[117.76918702456157,29.575047759746383],[117.50664243490053,29.44039317540478],[117.36987509036317,29.1957535301014],[117.41554234460364,29.13853855001412],[117.49103973969227,29.163333134916286],[117.51811433980504,29.057612019679027],[117.45164261001855,28.972728125202877],[117.55576396533479,28.898507330349048],[117.54597049484255,28.813731699858124],[117.38963439541112,28.832662544940547],[117.39685742992651,28.786557534902386],[117.24294626965468,28.722382689809365],[116.95198802532718,28.90812270000265],[117.07343809519205,29.122569419743],[117.00114093490629,29.28338881494193],[117.06838947479446,29.314261145035857],[117.02241312986212,29.60486041957273],[117.08425797992186,29.699635235078063]]]}},{"type":"Feature","properties":{"name":"韶关市","adcode":"440200","level":"city","parent_adcode":"440000"},"geometry":{"type":"Polygon","coordinates":[[[113.93938420461745,25.444592785328837],[113.81516009046584,25.332700960181228],[113.74202828467764,25.36876321485056],[113.57634302481085,25.309195455405984],[113.23908239983291,25.519557234978436],[112.91916463034352,25.29923042034767],[112.84779631504796,25.340375750240753],[112.86300007998977,25.251796830159662],[113.03110960992058,25.209187230406428],[112.95995650958525,25.146693384592083],[113.01511319961458,24.85956635470353],[112.9443780403144,24.81918101039537],[112.87902123514198,24.601618389776945],[113.06265520037721,24.470440025087157],[113.2417956103792,24.50827815481307],[113.43593400515033,24.456935074993794],[113.59363132472595,24.51592734477117],[113.79807741963725,24.4060626850449],[113.83632236488529,24.26647752531761],[113.92731808975805,24.19742446516699],[113.71331489496652,23.99568243020002],[113.79443925007138,23.906888084717366],[114.26437617032411,23.963378275087393],[114.23223311976278,23.912845475438417],[114.34347028522552,23.889982629794588],[114.387460200428,24.02509004526945],[114.59525596958736,24.21427214044695],[114.5541487601572,24.250214990329596],[114.45514606533868,24.172308635235368],[114.47547269960546,24.11907869502579],[114.32338856513024,24.12963094511207],[114.23628748477961,24.425728260051187],[114.30849879038692,24.480879425545083],[114.3034533949583,24.5763567698491],[114.16326198515253,24.692563440550373],[114.32805169023334,24.749470285025666],[114.39078846541543,24.952852925322304],[114.55673716458853,25.08178294982332],[114.72539173494067,25.118616499951543],[114.67440762491208,25.198061194868274],[114.73876271033089,25.277567239736356],[114.53526656480017,25.42194091973772],[114.3754928653035,25.31867482508318],[114.1345115748494,25.314849965253757],[114.0303102599106,25.25380037488742],[114.03842254046788,25.393507845111003],[113.93938420461745,25.444592785328837]]]}},{"type":"Feature","properties":{"name":"邵阳市","adcode":"430500","level":"city","parent_adcode":"430000"},"geometry":{"type":"Polygon","coordinates":[[[112.08646150519439,27.208809920341594],[111.85738376005253,27.463287155078206],[111.6453875346071,27.518245760433558],[111.55583609036336,27.63526539488214],[111.35383312969526,27.526033070070184],[111.0752451248627,27.58897076548851],[110.9847456899617,27.66622290516301],[110.86462530011755,27.661105230322164],[110.80117177515734,27.562942885405903],[110.67752472988246,27.613347215101953],[110.62315617961406,27.540519860403265],[110.69159258992613,27.457685709727798],[110.60488074964695,27.292396630000553],[110.54635019990184,27.317267329923368],[110.44800265489869,27.20838900524842],[110.37211530477754,27.22681008491753],[110.33710830020794,27.153612285078964],[110.19286294986529,27.123998024689115],[110.03403484523199,26.838523710400978],[110.06734374541759,26.703427920462218],[109.81817648485696,26.61895553956657],[109.8879931152901,26.52977593980785],[109.8548199048148,26.470873009581794],[109.98199856977823,26.428464714974666],[110.0140034449031,26.307012195356606],[109.96370547532746,26.20326948969523],[110.09313837013974,26.17270156032879],[110.05806633469365,26.04143257994963],[110.15380384477169,26.02077313537194],[110.18836469477492,26.071639044806147],[110.3033590352913,25.970476735113266],[110.615269309631,26.340120359666912],[110.74335878997624,26.319617034698467],[110.75659196494729,26.25012434456289],[110.92309807021985,26.257003540381106],[110.94009807536594,26.376660335106408],[111.01296440488346,26.37108917532521],[111.12085773539621,26.625030319693565],[111.17697836016328,26.466155839720273],[111.28552937028428,26.49425146982952],[111.34439117001654,26.86506351966574],[111.54279524980097,26.846328064888326],[111.57692197996545,26.967031049943046],[111.72506584011649,27.069869109571812],[111.86446134001886,27.017294874958566],[111.89469348501638,26.930334864962106],[112.03794501525033,26.974008684653143],[112.08646150519439,27.208809920341594]]]}},{"type":"Feature","properties":{"name":"绍兴市","adcode":"330600","level":"city","parent_adcode":"330000"},"geometry":{"type":"Polygon","coordinates":[[[120.86545600009435,30.275296494637587],[120.71401278995836,30.291616749913146],[120.59462512005337,30.148115100231735],[120.29780105037821,30.134641770301528],[120.35954236508815,29.977944565189603],[120.16174882964481,29.91974372039641],[120.09521431009239,29.821209125400856],[119.89519754982712,29.732948235272886],[120.03439140463968,29.660955429849253],[120.00137519960583,29.57689476038496],[120.07318687527413,29.506605150407438],[120.19160766516165,29.558535810379396],[120.27533734993881,29.49732241479768],[120.2851613299315,29.357794004989387],[120.46612150460385,29.49782271034985],[120.56892868960745,29.342102949591492],[120.76742968033557,29.3107037004155],[120.7702380949122,29.227621655215273],[120.97197441468757,29.321328325242064],[121.1922785996777,29.32599254482011],[121.22127514992826,29.53738528470319],[121.10925322525623,29.554208689979134],[121.05437421529791,29.702575639554198],[121.02848635516125,29.662932905029606],[120.98526742964827,29.683931119725457],[121.10306288494428,29.80478779532052],[121.00992653528147,29.90048608956141],[121.0878762197118,29.989624875387733],[120.98626464469771,30.031565879561754],[120.86545600009435,30.275296494637587]]]}},{"type":"Feature","properties":{"name":"深圳市","adcode":"440300","level":"city","parent_adcode":"440000"},"geometry":{"type":"MultiPolygon","coordinates":[[[[114.22433710007715,22.815305025406644],[114.17433620984832,22.65969583989113],[113.9299410551356,22.84403228985832],[113.83601521043363,22.835523884919382],[113.75260429035575,22.697317095407698],[113.8851660191965,22.540105879183045],[113.88687055463242,22.446378899766444],[113.9506299893826,22.522593794667955],[114.05234156001507,22.502360664712967],[114.38842806969967,22.61476134965659],[114.50060314531902,22.45098669498003],[114.62130976003743,22.50969276540883],[114.49878966511096,22.55560394456643],[114.59553789985421,22.654465759687128],[114.42702996486105,22.663605514782716],[114.40235661036934,22.781550299806554],[114.22433710007715,22.815305025406644]]],[[[113.8455664737138,22.507827469861923],[113.85192764654369,22.5125947625383],[113.83756530259666,22.51881315720152],[113.8455664737138,22.507827469861923]]],[[[113.83464973919422,22.50151419222624],[113.84703563948324,22.49961903469074],[113.83779167454622,22.50652585858154],[113.83464973919422,22.50151419222624]]]]}},{"type":"Feature","properties":{"name":"神农架林区","adcode":"429021","level":"city","parent_adcode":"420000"},"geometry":{"type":"Polygon","coordinates":[[[110.76237067027029,31.83439308007661],[110.40344011526918,31.82128101500689],[110.2306472803478,31.73115525471127],[110.21386001972417,31.56964260542196],[110.12224721513695,31.606488770340547],[109.9356252497056,31.481369405373812],[110.11195529989726,31.41290652531592],[110.17213395531786,31.29626106459648],[110.33506371491859,31.399861010077586],[110.56574639468045,31.327641790436303],[110.60899494026432,31.487171000241517],[110.70381933989069,31.479184700313738],[110.7901961197552,31.555679719643422],[110.85208569040236,31.501774074713808],[110.97670597480095,31.642885345282536],[110.76237067027029,31.83439308007661]]]}},{"type":"Feature","properties":{"name":"沈阳市","adcode":"210100","level":"city","parent_adcode":"210000"},"geometry":{"type":"Polygon","coordinates":[[[123.55632732464642,43.00278987465305],[123.46562669521586,43.04022193529414],[123.25312932525821,42.990998970326245],[123.17800891517936,42.923104784658165],[123.21593999973129,42.82299202965851],[122.76232187965104,42.70680651460901],[122.96385031484022,42.5697866952998],[122.8134878802615,42.479356250090916],[122.89590995977687,42.34730087463572],[122.42788506024738,42.14235332494604],[122.51771061964939,41.90252964542685],[122.43734690483586,41.89959987993058],[122.45379368033412,41.840636960427446],[122.59496613987551,41.765334915174265],[122.47224786494712,41.57806831030433],[122.63211434480127,41.501371555053254],[122.64863736482255,41.34845837515394],[122.54886419023023,41.24046730542187],[122.61704736044737,41.197822064636625],[123.1068608897184,41.61238769503615],[123.12861699008204,41.53487182467501],[123.2139119646655,41.56277718521898],[123.46354924959826,41.46057067000049],[123.73975680023625,41.51865822989345],[123.71578892971536,41.56650886988848],[123.78276394529985,41.59499770517999],[123.77599720520686,41.7929889799575],[123.65838409015373,41.796718654642234],[123.80737588508907,42.04848255022955],[123.44342464982776,42.20233395504806],[123.5227261447958,42.33685870966178],[123.44859643957409,42.43941933023797],[123.63741116978974,42.55081716498023],[123.67802045967653,42.507823685115056],[123.75358767003502,42.55004937507863],[123.57305213005179,42.674245180370804],[123.55632732464642,43.00278987465305]]]}},{"type":"Feature","properties":{"name":"十堰市","adcode":"420300","level":"city","parent_adcode":"420000"},"geometry":{"type":"MultiPolygon","coordinates":[[[[110.98824928497658,33.25396253004675],[110.70509075463468,33.095968905440714],[110.5309084950311,33.258353739733366],[110.46587185480234,33.17435116467459],[110.22587409531332,33.160097570346636],[109.61999090975274,33.27287610994455],[109.44864040483088,33.170944194618926],[109.7966404450006,33.06891436020959],[109.78423002469594,32.8848742053803],[109.86484008989828,32.91489606999767],[110.09962456492178,32.8343065552034],[110.2012248300619,32.637721615060514],[110.02407912535142,32.5442998403654],[109.62171476982081,32.59955785970749],[109.63341828522573,32.53669658507937],[109.49638642489367,32.39282322041532],[109.48626353993046,32.290087984772754],[109.603582334757,32.20470973476648],[109.61806903515793,32.10023265531282],[109.57871620518875,31.896154390312915],[109.63593492465714,31.812112960045113],[109.57866199045856,31.730037349743952],[109.72991937997546,31.696847630413856],[109.7197250097015,31.552077254961375],[109.9467581398763,31.508188519784426],[110.12224721513695,31.606488770340547],[110.21386001972417,31.56964260542196],[110.23087479983218,31.731454875542113],[110.49978777488599,31.859528630342083],[110.75882306962905,31.830386809903416],[110.93469845047315,31.879883270396647],[110.9959484700459,31.824286345138773],[111.01900363031336,31.834295765337345],[110.98966373958996,31.992623145441883],[111.09929655499207,31.950719775197513],[111.05123314529351,32.06943326023685],[111.23273273512768,32.168982365144075],[111.22741615543129,32.31578124510844],[111.53428700044475,32.50079525509699],[111.57694817002209,32.5871178651974],[111.41938379002994,32.734280420205266],[111.46720823996839,32.763318420208975],[111.2389487654732,32.88430533022688],[111.24110411486305,33.032503090345415],[111.14756298034735,33.04193047021511],[111.17470916469625,33.11602965514453],[111.08588874516954,33.18453927027116],[111.03207787979039,33.15527957029599],[111.05578533002904,33.19442080057951],[110.98824928497658,33.25396253004675]],[[110.96876858989856,31.944293434794247],[110.99077317024569,31.943086295496187],[110.98715164982883,31.922595089791628],[110.96876858989856,31.944293434794247]],[[111.02719399990326,33.190525000428465],[111.0148910000197,33.1741170000995],[111.00997700003859,33.17491299993503],[111.02719399990326,33.190525000428465]]],[[[111.14444756510312,32.03788741527205],[111.10704849968857,32.05150986538803],[111.07855995038148,32.00314689511316],[111.14444756510312,32.03788741527205]]]]}},{"type":"Feature","properties":{"name":"石河子市","adcode":"659001","level":"city","parent_adcode":"650000"},"geometry":{"type":"Polygon","coordinates":[[[86.1210558601399,44.44945144982461],[85.90796096982297,44.41590096475778],[85.98358175459435,44.156846955122944],[86.09481271023844,44.12400657024705],[86.1210558601399,44.44945144982461]]]}},{"type":"Feature","properties":{"name":"石家庄市","adcode":"130100","level":"city","parent_adcode":"130000"},"geometry":{"type":"Polygon","coordinates":[[[113.82422262977059,38.75805006006226],[113.54831827027203,38.55525416984409],[113.58505730525053,38.45989079032779],[113.52708588470591,38.41890742024128],[113.53429595009811,38.26492463976035],[113.82733353041817,38.16626921994862],[113.85827443471749,37.99817585533151],[114.03744631469567,37.78644395052794],[113.98591802040039,37.713443159774044],[114.12613422001834,37.694010230387846],[114.02939645967888,37.44193519545297],[114.14630405029175,37.534474780187],[114.28042796537841,37.492115665006],[114.45601749491152,37.57905819487985],[114.68516870027531,37.563999104774894],[115.10444980981094,37.811486509994495],[115.27577419482327,37.62962578480216],[115.38811897521055,37.7114515400566],[115.33857859992247,37.746497165112146],[115.35415420485276,37.88760092544243],[115.45800056997041,37.953596685438754],[115.47741836466582,38.082401550391296],[115.37711722957658,38.087298875143006],[115.31844805473395,38.24820329044957],[115.0560765297081,38.30024858520409],[115.04028299476442,38.255081915198275],[114.88037026997199,38.26483985977177],[114.93684661977579,38.340937265442506],[114.90539855539907,38.40151218014307],[114.79407434455538,38.49627899977605],[114.67053284011854,38.47060872970917],[114.45396668001831,38.70275596981219],[114.0802914298057,38.65707943546761],[113.82422262977059,38.75805006006226]]]}},{"type":"Feature","properties":{"name":"石嘴山市","adcode":"640200","level":"city","parent_adcode":"640000"},"geometry":{"type":"Polygon","coordinates":[[[106.9662809553019,39.052731680222905],[106.85999775029597,39.091429745286575],[106.78080106501722,39.36884675457412],[106.59828659025402,39.37461144486235],[106.50377606031697,39.26942845515913],[106.27706922036828,39.27345617056585],[106.283306695048,39.14288845543791],[106.14539941485117,39.15496197531496],[105.96458399505536,38.894192790365025],[106.377308150251,38.77426438958997],[106.43659385981886,38.69070100025101],[106.59789591486464,38.68219277967307],[106.65922110966653,38.60079851463979],[106.69986382015924,38.714080054950614],[106.95372680984445,38.944341955416974],[106.9662809553019,39.052731680222905]]]}},{"type":"Feature","properties":{"name":"双河市","adcode":"659007","level":"city","parent_adcode":"650000"},"geometry":{"type":"MultiPolygon","coordinates":[[[[82.61558155534453,44.923366889870124],[82.27585400995463,44.86001374004212],[82.08728172527145,44.881131454852834],[82.56011481504675,44.705608834879854],[82.71828114006263,44.82122542980977],[82.64520584497382,44.79059296509331],[82.65091654985895,44.88589037484098],[82.56596979546975,44.8509123005623],[82.61558155534453,44.923366889870124]]],[[[82.13030832986561,45.03553867487],[82.05035843989015,45.0407734900046],[81.93757198985548,45.0079369254488],[82.19645734513045,44.917041515453604],[82.13030832986561,45.03553867487]]],[[[82.23341893533564,44.68100313548638],[82.18588093475739,44.75585633540163],[82.12311610522414,44.679461055383456],[82.23341893533564,44.68100313548638]]],[[[82.11829660960092,44.805190345058406],[82.10121056541533,44.84808692027519],[82.08478321976986,44.83257028029425],[82.11829660960092,44.805190345058406]]]]}},{"type":"Feature","properties":{"name":"双鸭山市","adcode":"230500","level":"city","parent_adcode":"230000"},"geometry":{"type":"Polygon","coordinates":[[[134.17495385034,47.325175329977526],[134.30272746000435,47.443836245146656],[134.25570492474253,47.42796139979879],[134.17338207012654,47.57436008055333],[134.10349882960736,47.50464446017378],[133.68605681477027,47.54116177989226],[133.58303803008107,47.437535500463014],[133.44627082044212,47.46303469969172],[133.28392580543164,47.29971241029955],[133.29749940977,47.20554136993832],[133.14025239513194,46.895698015551034],[132.8049575451546,46.75188251056949],[132.712836309748,46.814564460381575],[132.54663755497927,46.780789894837824],[132.42547880520272,46.825846950076766],[132.39055119997795,46.76062144052713],[132.20698928033107,46.805582889738616],[132.18761974505526,46.87556997497444],[132.25969909493733,46.94147400502135],[132.05116158473936,46.98701013990609],[131.83179480538604,46.95597498485773],[131.8571998446971,46.88473743548434],[131.52042113043092,46.888661615541196],[131.53137891990127,47.074031835301014],[131.20463337513024,46.96306000491535],[130.82826128023396,46.937497729936354],[130.82153843515073,46.852366625319576],[130.6584710549953,46.828866664864734],[130.64934567016655,46.776320779580374],[130.72311362039727,46.712276194990466],[130.72308096961115,46.60290263974508],[130.93230316515906,46.58132577966103],[131.05506420015274,46.3983216995868],[131.2602225797084,46.35538122486366],[131.42371802007062,46.24005542481808],[131.71355651492127,46.19943610029583],[131.6954232551791,46.091268505337325],[131.77604329026565,46.05560454511374],[131.92170482012136,46.07748638508866],[131.92897331986285,46.00672506540951],[131.78069942044192,45.90112460501655],[131.78143692027766,45.78642020502849],[131.92007994033702,45.88144442052362],[131.9664205754492,45.81757511020322],[132.18978086989125,45.84086802513929],[132.26886977502022,45.886817474946554],[132.30248312000003,46.027571880138225],[132.4778132445856,45.98979128543954],[132.72122959966634,46.18264280522135],[132.85841605975338,46.124591620207184],[132.94609267024055,46.167608735155056],[133.0828739048069,46.46566643006173],[133.19991661046322,46.468973675195],[133.21625948009103,46.56645452016005],[133.30466183537544,46.609011944845406],[133.49173902503605,46.515229464668096],[133.8759806303019,46.51726776009912],[134.00759953509055,46.642483789595246],[134.0546766196303,46.97760244979327],[134.22094546036476,47.112014260349895],[134.17495385034,47.325175329977526]]]}},{"type":"Feature","properties":{"name":"朔州市","adcode":"140600","level":"city","parent_adcode":"140000"},"geometry":{"type":"Polygon","coordinates":[[[112.6177837048541,40.238277364708665],[112.456099550354,40.29863365511915],[112.30354342468934,40.2551476399517],[111.96628489962848,39.79511687524365],[111.91784911034824,39.66435988969721],[112.00259671526624,39.526565004971076],[111.89088122019223,39.50599679481627],[112.07299680965514,39.25654959958439],[112.16297434998637,39.2676026353534],[112.28962744035414,39.09789000002354],[112.51473658522525,39.144854139606934],[112.62047901979099,39.08576522508514],[113.0850604646688,39.361172870131895],[113.1855213697155,39.29627116508226],[113.37896493028734,39.302142569823786],[113.55384640468787,39.39425879510736],[113.3241648502277,39.786819909910946],[113.4388971552795,39.85409423516086],[113.28664825960959,39.947226404774824],[112.9551468597399,39.915801815401494],[112.95158113506136,39.853358169743785],[112.80318203472314,39.77413762994769],[112.61928070014426,39.753243120573586],[112.63958406535244,40.03033451502591],[112.57183536481034,40.14112227487311],[112.6177837048541,40.238277364708665]]]}},{"type":"Feature","properties":{"name":"四平市","adcode":"220300","level":"city","parent_adcode":"220000"},"geometry":{"type":"Polygon","coordinates":[[[124.00943725042885,44.00222992057445],[123.81237745475585,43.98407290973705],[123.67649923035526,44.10806070993385],[123.32224392511716,44.068699285143964],[123.53228247035975,43.64029673970282],[123.50640631489955,43.59010847032971],[123.41737287475837,43.60976025513173],[123.4467583152441,43.54334834015384],[123.2983697001016,43.548246979714406],[123.30986501525831,43.48951538472727],[123.60547658477662,43.36405113515184],[123.69853870979364,43.368125094597474],[123.79182871042667,43.48726527467272],[124.02661800491705,43.27825836513148],[124.27740168983621,43.227411899939284],[124.27790136485612,43.16356117500828],[124.4196959547046,43.07367939538784],[124.32734246488292,42.99487277036212],[124.43541676507175,42.957277185094085],[124.36030721970246,42.8893217304136],[124.45189832005144,42.82057966032312],[124.68495255971288,43.05219081005788],[125.03494466476457,43.21853391500821],[125.19672695508496,43.22572389044524],[125.37568850522041,43.10306434484369],[125.3604381446047,43.21397624530755],[125.41657603455644,43.23109209482436],[125.4881395647891,43.0986328797037],[125.69717281007718,43.053577405472936],[125.78339954974945,43.095970665214054],[125.64163576527835,43.20890365527953],[125.69180361014855,43.26026893036692],[125.53664131484481,43.355661744693805],[125.57598875967358,43.40367795527345],[125.48887897028828,43.41938537473533],[125.44208517039431,43.60126140009362],[125.3677419796087,43.54989463033297],[125.37372675018946,43.47105669001428],[125.24333481474991,43.44812303534985],[125.28371754023237,43.64736414473953],[124.89327461033508,43.48207173032614],[124.86439449530974,43.39816572536796],[124.9204511701854,43.31378697468921],[124.83492490526021,43.15910408548518],[124.77390034032851,43.20819946543304],[124.65701021005316,43.66128272541749],[124.35618775546061,43.76877615979197],[124.07531958972731,43.710667445146555],[124.00943725042885,44.00222992057445]]]}},{"type":"Feature","properties":{"name":"松原市","adcode":"220700","level":"city","parent_adcode":"220000"},"geometry":{"type":"Polygon","coordinates":[[[125.68451691532346,45.51370457530595],[125.41474314518007,45.485907580370565],[125.35448507512615,45.38867544471606],[125.06804972011855,45.37822865992479],[125.02610115534412,45.487665319698806],[124.91461893001963,45.53987433962914],[124.87546623967523,45.43527778973828],[124.27929512516994,45.41837910491182],[124.08196144006843,45.32481906035139],[124.06284035509839,45.23386441021444],[123.91201142958391,45.20624921502929],[123.4861399100289,44.95752249456751],[123.41317785037756,44.853556780421115],[123.51747468500878,44.705149460279415],[123.14223680518444,44.55191468011844],[123.11715004044208,44.36209494042919],[123.38399525018076,44.1604874251546],[123.32224392511716,44.068699285143964],[123.67649923035526,44.10806070993385],[123.81237745475585,43.98407290973705],[124.30188961041722,43.98872000532401],[124.50822933041934,44.1138642752162],[124.72559160546825,44.14656693521596],[124.7558500502397,44.22253855541004],[124.61134049976431,44.209658644930585],[124.618806895322,44.35731116497834],[124.54402692000644,44.417043320492894],[124.63729931461171,44.44666880532117],[124.53937029520307,44.5124574604435],[124.62832789461675,44.63886678507413],[125.6369337498927,44.93874892472314],[125.94611610527409,44.75937042010884],[126.04018175498402,44.788703109960636],[126.05445293015862,44.90060883502974],[126.18578165519932,44.91348409511494],[126.13748706037961,44.97215143534055],[126.1773332053632,45.12138400037139],[125.75019452036088,45.28062429037874],[125.68831990004344,45.35135322996763],[125.68451691532346,45.51370457530595]]]}},{"type":"Feature","properties":{"name":"苏州市","adcode":"320500","level":"city","parent_adcode":"320000"},"geometry":{"type":"Polygon","coordinates":[[[120.7813978001684,32.00275528982479],[120.43329152038746,32.03858308044488],[120.36705611534751,31.94476752050474],[120.57997587978309,31.784913995384613],[120.59493949965827,31.618604775090375],[120.53983956494403,31.57933661539255],[120.59996728006604,31.52303067002947],[119.91541099542121,31.17356566032703],[119.98963069490071,31.03441672035541],[120.12739875464888,30.94591464554452],[120.36551491478156,30.950305859727678],[120.36097336003263,30.882268109885388],[120.43150528963747,30.925941389983223],[120.49957820027373,30.760281279657363],[120.58484901996633,30.858364440166838],[120.69480761028308,30.87111740504423],[120.68501053980458,30.967384075314897],[120.88942705511454,31.007077580166253],[120.87437948982165,31.135424174885827],[121.06401212016328,31.151679064737095],[121.0576644803316,31.270033990076627],[121.15648667042353,31.28402316034061],[121.10241268499749,31.357299720106028],[121.142915229854,31.44529679501113],[121.38223587988205,31.547165659767415],[121.07092762520983,31.78100721541074],[120.88900184036265,31.823169604793463],[120.7813978001684,32.00275528982479]]]}},{"type":"Feature","properties":{"name":"宿迁市","adcode":"321300","level":"city","parent_adcode":"320000"},"geometry":{"type":"Polygon","coordinates":[[[119.16879098011975,34.09444811029209],[119.06586108532088,34.268602740024505],[119.08359868473156,34.42188506464407],[118.77931208478492,34.312252244745366],[118.63334719022066,34.35818528462323],[118.468980949811,34.09830350480297],[118.22712276460402,34.101597150388216],[118.17945384521886,34.165229240237295],[117.99447588995042,34.13856370035455],[118.05889455473994,34.06011071483766],[118.02690818496478,33.985603875318645],[118.16260692536935,33.88283607972136],[118.18078294967347,33.74302236538989],[118.10133290019326,33.47682336530613],[118.04423452979972,33.49342454540647],[117.93628204008417,33.22930532018444],[118.03227504485744,33.13713858537744],[118.17212231469318,33.218102315269675],[118.40137038513524,33.18706307460127],[118.77102324033035,33.34646137998874],[118.79559384458037,33.82267552495557],[118.8611760549311,33.89410592494852],[119.00329000482986,33.899856784562985],[119.16879098011975,34.09444811029209]]]}},{"type":"Feature","properties":{"name":"宿州市","adcode":"341300","level":"city","parent_adcode":"340000"},"geometry":{"type":"Polygon","coordinates":[[[117.02594142475698,34.24311902532281],[116.96544035968486,34.39272573980111],[116.56769914539927,34.48661732482975],[116.42485382004782,34.65234017006287],[116.19124754503821,34.576895655110434],[116.15298175530381,34.45102199007283],[116.20152400992515,34.38343098025558],[116.3665491647123,34.2688288349828],[116.57966306040203,34.276662099975965],[116.52702200975796,34.122467920358304],[116.59853534972672,34.02001537490969],[116.79685837991042,33.994724800409244],[116.80717386548156,34.07967359985679],[116.96587444984607,34.08132241509742],[116.99153535976905,33.91539129497232],[116.92362435498,33.67254968042346],[116.8555744597935,33.62752782015281],[116.93085671996175,33.581813454927044],[116.95370300009347,33.280431339634674],[117.08983529016655,33.28639347967538],[117.05475307529423,33.392762954846546],[117.12013477010362,33.3825997847523],[117.15516119463348,33.45831843015151],[117.1971153549897,33.42526879461923],[117.23781179997468,33.50185658531319],[117.38022282472366,33.46213945976831],[117.47019857990063,33.34975550491265],[117.73071646009657,33.27599504513529],[118.00851575499814,33.356984504631214],[118.1804169750634,33.74612670458379],[117.73717070016778,33.72490463963749],[117.75297327509668,33.88744404490677],[117.61765001513618,34.03434742969017],[117.55875794512315,33.97972915477675],[117.50837544467106,34.062285610092886],[117.40855754499478,34.022440244821496],[117.35248330995682,34.08866928535929],[117.14359819020433,34.07987467027988],[117.02800417005642,34.16680623472001],[116.97538667985145,34.14078637479139],[117.02594142475698,34.24311902532281]]]}},{"type":"Feature","properties":{"name":"绥化市","adcode":"231200","level":"city","parent_adcode":"230000"},"geometry":{"type":"Polygon","coordinates":[[[128.12494670472665,48.07585388494891],[127.8726460047094,48.058170715206415],[127.8850481548485,47.95219966038604],[127.68623676491484,47.77490945980378],[127.63951077030583,47.83722119470241],[126.71402348529568,47.717571029779265],[126.58032224977205,47.635964354771204],[126.44107369459539,47.377321595215506],[125.32611597017592,47.2829250048851],[125.27820777536863,47.080747330225165],[125.33643662505028,46.99595435990585],[125.228937569913,46.96149277527144],[125.13528601034113,46.75785792460357],[125.27033574959523,46.67173118504621],[125.17321905991173,46.65133388025441],[125.25944335972338,46.50704073004573],[125.15439586457751,46.517974520207986],[125.26403249490374,46.4341853695592],[125.06894474970045,46.48757355537532],[124.98443149461787,46.42957363981168],[125.0537045802023,46.267095499957406],[124.91121689004751,46.20707679525793],[124.92469514016864,46.10908697538366],[124.86957960041832,46.066791714765884],[125.14033290493967,46.04183436966048],[125.21676608508687,46.13558964534593],[125.08153827467174,46.15722541462122],[125.07420837461689,46.21455132968015],[125.3501522898963,46.145762859968045],[125.41316468030584,45.883267970440556],[125.68924489503593,45.90551445043161],[125.70839363505831,45.805769555021016],[125.77876662028336,45.773841915472076],[125.71495372983088,45.74355257539111],[125.8023611750283,45.696772545016984],[125.70320992479822,45.67593466055621],[125.7400414253716,45.55416910042368],[125.85165802020151,45.512032195129734],[126.00894139982586,45.70558014001148],[126.12260736523774,45.67079884549037],[126.36257147029721,45.7337893805755],[126.35794211024029,45.88759424997471],[126.1626455298674,46.05995214037904],[126.41627128019547,46.08229471472936],[126.60908532972428,46.232596675296406],[126.67531081973857,46.37458221010098],[127.18110245991068,46.64032955986136],[127.39658218501984,46.66715595518326],[127.56331463975891,46.510835219769604],[127.80838715484333,46.60386882998256],[128.0967060553403,46.50205191006762],[128.19104746506855,46.52749542507388],[128.2322848351771,46.57520169510218],[128.08800137516334,46.60566813957303],[127.62208307457433,46.9916289347276],[127.8662098850782,47.079642784686826],[128.22407420026423,47.10000081968212],[128.49375990519547,47.27054426040934],[128.53215806973924,47.425053639813655],[128.44759530967588,47.3445500048789],[128.22433298467956,47.53135581511884],[128.31612528495396,47.715902170448885],[128.2695527101895,47.81596995035301],[128.34265575475933,47.86218337546245],[128.1574882547792,47.944017675175644],[128.12494670472665,48.07585388494891]]]}},{"type":"Feature","properties":{"name":"随州市","adcode":"421300","level":"city","parent_adcode":"420000"},"geometry":{"type":"MultiPolygon","coordinates":[[[[113.71263328979455,32.41928027496476],[113.42153352994853,32.27122141513627],[113.20614507973175,32.434279710340434],[113.05368201501301,32.35893643476868],[113.09397935526306,32.31550572520911],[113.01756212998839,32.26513541057079],[113.04898139987176,32.114802235434865],[112.97787288522557,31.977605909784984],[113.02693457477085,31.959142935198372],[112.967152915175,31.83030810483524],[112.74244476001775,31.739741975311972],[112.7316617196127,31.61310678505015],[112.8769635251466,31.5574463604612],[112.90134960470061,31.467839660072286],[113.13874261997603,31.439737089894834],[113.29644168963239,31.327845020131633],[113.34769669524633,31.426903874913933],[113.6277554000917,31.38875152476311],[113.71735292469782,31.472067089724476],[113.94258563461938,31.384443469990174],[114.05553855006406,31.438041474834222],[114.11232580539172,31.80711183014688],[113.982329235306,31.75123307984279],[113.9294656654082,31.881649970569754],[113.83389300465853,31.855016375505386],[113.71863296034292,32.088927644795035],[113.77725674999908,32.188357090407465],[113.73243344025116,32.255074460118294],[113.76460620531213,32.3713018952663],[113.71263328979455,32.41928027496476]]],[[[113.7635819998095,32.28002500005374],[113.74847600016733,32.29146499971],[113.75600900041513,32.27062700013602],[113.7635819998095,32.28002500005374]]]]}},{"type":"Feature","properties":{"name":"遂宁市","adcode":"510900","level":"city","parent_adcode":"510000"},"geometry":{"type":"Polygon","coordinates":[[[105.79361705458348,30.808891255027447],[105.40748985517274,31.07436513534276],[105.3614036247775,31.161264944721495],[105.19446400041335,31.09813228527679],[105.17285211533294,30.961571829776176],[105.26849155973775,30.75405927511548],[105.1675517953791,30.72467064023789],[105.05860271474353,30.525987999946267],[105.12193738979875,30.344427400104507],[105.22724898525252,30.281184759868836],[105.40732388978574,30.2986653402333],[105.575728509763,30.17535624489483],[105.65794083500157,30.214624290378765],[105.62063464527273,30.278609724759065],[105.71857135028762,30.253542579626412],[105.79260983007964,30.433604735370295],[105.99721293492905,30.379097944914292],[105.94823576456895,30.51885481489785],[105.89937757991146,30.463351650258517],[105.84396613532897,30.492416034572386],[105.79361705458348,30.808891255027447]]]}},{"type":"Feature","properties":{"name":"台湾省","adcode":"710000","level":"city","parent_adcode":"710000"},"geometry":{"type":"MultiPolygon","coordinates":[[[[121.55021458003887,25.290850694903725],[121.40701032986294,25.186794089875377],[121.4455779149888,25.16634879546058],[121.46152789509631,25.122189660224706],[121.41575170507724,25.16934188492013],[121.38960665502316,25.1472618100845],[121.33605193994515,25.125503029741083],[121.21213343520992,25.108594439781598],[121.03795500042304,25.027104000349368],[120.9034682052935,24.748180550192274],[120.72329675494132,24.60557777469461],[120.379783659988,24.094051325108637],[120.4344365003443,24.090034385378658],[120.26050512011523,23.8352094547526],[120.16559545036978,23.767349945143906],[120.20166782960666,23.75654036034939],[120.15712817502526,23.52203986514769],[120.1555489646131,23.518532400350068],[120.15332189968603,23.517924345332347],[120.11919019986794,23.51599355485871],[120.163403340292,23.392889844890476],[120.03864864501907,23.063469514906217],[120.17523099001824,22.97672186002586],[120.25168991505757,22.645397024952786],[120.34149785494208,22.54358829966037],[120.30350152457572,22.526553544710396],[120.64266350971332,22.303128235579663],[120.72849902001383,21.918535615026656],[120.7659952904504,21.959272819984733],[120.86620052543401,21.900484515547987],[120.89337198972555,22.331694364903058],[120.97885961527913,22.558903415060627],[121.41201388972934,23.123220434775305],[121.6468793100322,24.0077132655548],[121.61713039505173,24.08319725984569],[121.87354167490844,24.53454969990878],[121.83353684005317,24.865348804803546],[122.00488500044253,25.007167000057052],[121.93546825535577,25.022732500204768],[121.92425107532688,25.129230234887473],[121.7421543401507,25.130467795552363],[121.55021458003887,25.290850694903725]]],[[[119.65587978032761,23.607273954729294],[119.56178567516884,23.585051224934148],[119.59606739539402,23.526778535101357],[119.54809040514817,23.554284674897872],[119.54124922547146,23.539006920033387],[119.60647059544169,23.50796791498732],[119.6934216652777,23.5551886050701],[119.65587978032761,23.607273954729294]]],[[[121.56773374041984,22.085675264801694],[121.5113381353467,22.04722914480925],[121.59380757495967,22.0032193348045],[121.56773374041984,22.085675264801694]]],[[[120.01988680503212,23.43584573489278],[120.07686224979307,23.522063195360204],[120.00000000039972,23.468044629755923],[120.01988680503212,23.43584573489278]]],[[[119.51791794545693,23.566914710545518],[119.50218221983368,23.631125774934617],[119.50298772460383,23.578390755029375],[119.46796231990515,23.56083475482012],[119.51791794545693,23.566914710545518]]],[[[120.27847232993417,22.608171794892485],[120.26268783497562,22.613807939684705],[120.31674826042399,22.5541617197876],[120.27847232993417,22.608171794892485]]],[[[119.61220074007213,23.652833220177],[119.55106620963795,23.661916165099],[119.60362338501125,23.624289289719],[119.61220074007213,23.652833220177]]],[[[121.5092064003552,22.676238859935495],[121.46412830008103,22.67315592010965],[121.50380262509111,22.635347645177717],[121.5092064003552,22.676238859935495]]],[[[120.36544964018879,24.059499294756677],[120.4055350399102,24.06353827057478],[120.41943355491469,24.086020685006645],[120.36544964018879,24.059499294756677]]],[[[119.51540437001574,23.36869398543911],[119.4909645298892,23.396510755566965],[119.49059075545904,23.353206670551458],[119.51540437001574,23.36869398543911]]],[[[119.42978860545986,23.18832179021848],[119.44487784533635,23.220652895314913],[119.41059630497557,23.214438394716183],[119.42978860545986,23.18832179021848]]],[[[120.36097759044355,22.346471885369283],[120.38688225531189,22.342244225490674],[120.38814252475777,22.35036526994128],[120.36097759044355,22.346471885369283]]],[[[119.60200550465038,23.730744660038056],[119.61006491046726,23.755868549693844],[119.5964819351932,23.73770148983192],[119.60200550465038,23.730744660038056]]],[[[123.46441581024146,25.735344500348447],[123.47703598032626,25.751764674799972],[123.45858929515987,25.73943638508115],[123.46441581024146,25.735344500348447]]],[[[120.1378006398877,23.66468823537383],[120.14062506959135,23.66629921523662],[120.15028034486204,23.684673879995614],[120.1378006398877,23.66468823537383]]],[[[119.51177101002418,23.483136045092465],[119.54366547987809,23.4945784054691],[119.50890328515857,23.485499080318334],[119.51177101002418,23.483136045092465]]],[[[121.94231262043115,24.837711214700846],[121.95556987025338,24.849632949700947],[121.9396235000246,24.843780115060326],[121.94231262043115,24.837711214700846]]],[[[121.39377569978876,25.165879100240318],[121.37512310045076,25.171668900499412],[121.37182699971629,25.156542999759665],[121.39377569978876,25.165879100240318]]],[[[120.15352822035118,23.717580054775738],[120.16864713515724,23.73700632558149],[120.15638334031894,23.738481249709935],[120.15352822035118,23.717580054775738]]],[[[119.54061860466493,23.365993240395767],[119.52955717462396,23.371657140064997],[119.5188790203506,23.363746025258934],[119.54061860466493,23.365993240395767]]],[[[120.15730955479216,22.986379569761368],[120.15556358039498,22.97269508980662],[120.16526800001827,22.97206760043946],[120.15730955479216,22.986379569761368]]],[[[119.67889927528142,23.26083131011694],[119.66558996460526,23.258562209978038],[119.67194157494384,23.244069185544504],[119.67889927528142,23.26083131011694]]],[[[120.08627079516111,23.23993743476484],[120.08955346542018,23.241654194685395],[120.09667779034783,23.258078805492516],[120.08627079516111,23.23993743476484]]],[[[119.31517724483399,23.39918573503371],[119.33081018963856,23.406054375509086],[119.31933498512149,23.411747430299727],[119.31517724483399,23.39918573503371]]],[[[119.60505272520322,23.60911826009965],[119.60693968002226,23.622271610346615],[119.59695536529796,23.61674008998324],[119.60505272520322,23.60911826009965]]],[[[121.36622200024522,25.139905000515398],[121.37905900047258,25.1522769999836],[121.36454900043611,25.143051999949876],[121.36622200024522,25.139905000515398]]],[[[121.76401469532198,25.153166590465844],[121.7759951749374,25.157900924787896],[121.75744524040556,25.160916345313126],[121.76401469532198,25.153166590465844]]],[[[120.24436336048075,23.825541195070173],[120.23775522032724,23.835197045007646],[120.23088093031072,23.834680280170858],[120.24436336048075,23.825541195070173]]],[[[120.0495693752265,23.124488350257195],[120.05737303004139,23.131562150372986],[120.05825306522684,23.1365871302919],[120.0495693752265,23.124488350257195]]],[[[122.0649186797533,25.62928155999606],[122.07672998969736,25.63535000979516],[122.06619412525879,25.634263025318432],[122.0649186797533,25.62928155999606]]],[[[119.62012907509677,23.2456532199202],[119.61308558483199,23.252998324812893],[119.60862572539702,23.24904859501669],[119.62012907509677,23.2456532199202]]],[[[121.61360505532912,21.94606899528793],[121.60338973534806,21.9521137002871],[121.607493310368,21.94458289528444],[121.61360505532912,21.94606899528793]]],[[[123.69054647523967,25.930976984700123],[123.70028145472543,25.93532370492511],[123.69162196548143,25.937280980432945],[123.69054647523967,25.930976984700123]]],[[[119.52206044043703,23.26207656538122],[119.51461464475017,23.26240738009659],[119.51236684505386,23.25583167039531],[119.52206044043703,23.26207656538122]]],[[[119.51975975970515,23.647924779804782],[119.51979216047994,23.6552581953095],[119.51357817968926,23.654108404879025],[119.51975975970515,23.647924779804782]]],[[[120.14671896031189,23.519918879752538],[120.15423055039969,23.522750660514646],[120.14517403025741,23.525627070133226],[120.14671896031189,23.519918879752538]]],[[[119.50969210480685,23.272376765175636],[119.5048488850681,23.26835553478014],[119.51049047975187,23.26723793558233],[119.50969210480685,23.272376765175636]]],[[[121.50933571027485,22.653989930191187],[121.51020509029274,22.655993234800007],[121.50844710005367,22.654848360063795],[121.50933571027485,22.653989930191187]]]]}},{"type":"Feature","properties":{"name":"台州市","adcode":"331000","level":"city","parent_adcode":"330000"},"geometry":{"type":"MultiPolygon","coordinates":[[[[121.16151292018515,28.024345855476895],[121.14290314026778,28.015884400544678],[121.14175445510409,28.016391760271574],[121.16151292018515,28.024345855476895]]],[[[121.25547788000017,28.045828360490475],[121.25029474530629,28.052707229854832],[121.25659458976861,28.05265692987348],[121.25547788000017,28.045828360490475]]],[[[121.41334245009409,28.053651990147273],[121.41291242486852,28.05972852035501],[121.413430419978,28.059463480255488],[121.41334245009409,28.053651990147273]]],[[[121.27848898517857,28.060634869703506],[121.28333351972617,28.066581085448775],[121.29025239992836,28.066069534881194],[121.27848898517857,28.060634869703506]]],[[[121.52776904500547,28.098446984740576],[121.50596935000556,28.080775114979645],[121.49790720485373,28.07720458972011],[121.51900968514894,28.102960379917647],[121.52776904500547,28.098446984740576]]],[[[121.39976660464515,28.081177229745435],[121.4056782153774,28.10421728050312],[121.40695280023158,28.083777980069783],[121.39976660464515,28.081177229745435]]],[[[121.36562257961839,28.101058735572224],[121.34218498984546,28.0979116147293],[121.36923521023687,28.11196724039587],[121.36562257961839,28.101058735572224]]],[[[121.39265324964776,28.12445645480159],[121.38926259958942,28.125693644945784],[121.39940285495788,28.13245731475331],[121.39265324964776,28.12445645480159]]],[[[121.14310634028539,28.165668835448457],[121.15103935538195,28.17826927530689],[121.15779703030876,28.166414015494468],[121.14310634028539,28.165668835448457]]],[[[121.16757317985844,28.213632750451097],[121.16814473499164,28.239431940131965],[121.17869407037506,28.2386908502026],[121.16757317985844,28.213632750451097]]],[[[121.16057333009519,28.24623426010305],[121.16763726464808,28.255682440392377],[121.17111431977014,28.24827864484365],[121.16057333009519,28.24623426010305]]],[[[121.15340286544995,28.258650265197616],[121.1613465051372,28.263632324971866],[121.16281268965395,28.259780304717367],[121.15340286544995,28.258650265197616]]],[[[121.59900324980015,28.453660495135807],[121.659465349946,28.403405915150927],[121.61730394981748,28.36188833517855],[121.62831408972352,28.34180822037314],[121.66536732983843,28.34722317510949],[121.62494859460207,28.265680590287047],[121.46181175980496,28.328338270095117],[121.29171355543633,28.07181680979801],[121.15420370543677,28.040032079716752],[121.12918895030987,28.135872590048052],[121.20342548509814,28.170378514856623],[121.20421069037116,28.375374350046286],[121.25375551460536,28.411114329962402],[121.15134400971829,28.52494994978042],[120.88787197531144,28.48708532512768],[120.70236620523622,28.615252919686554],[120.6152980400725,28.536001534942955],[120.44223253970006,28.58773816528418],[120.39458334964195,28.468069014773278],[120.28559894993168,28.53722132050757],[120.37782723973544,28.586150469768427],[120.31877734499858,28.69030499477975],[120.41646389009657,28.832631480558405],[120.72491309476356,28.98577478527818],[120.69005000510367,29.092701389557533],[120.77759842982368,29.226981024954398],[121.16133835458152,29.346892174934],[121.16207143964527,29.21162284551798],[121.21746982517232,29.21221106508864],[121.26508337959433,29.104253049938336],[121.37656135472275,29.203234015337614],[121.40115519475648,29.159692900507025],[121.64958714533054,29.103830509770262],[121.63008386467868,29.042071794977403],[121.57603450538818,29.05526956993475],[121.54421936023539,29.053100020249758],[121.5297652998288,29.00188373494649],[121.55865887500715,29.05011704006938],[121.70047320047786,29.017252565053866],[121.7001575150573,28.915209775011135],[121.51384529502445,28.9416411098494],[121.68749047500546,28.805630270520624],[121.65958892488902,28.71754448469028],[121.4816696053681,28.674703209685447],[121.63050351982167,28.51880803526268],[121.57887059030554,28.49394337518669],[121.65466361503388,28.46377568999617],[121.59900324980015,28.453660495135807]],[[121.60850296034346,28.470588520343995],[121.6085027849756,28.470588719993486],[121.60864930522132,28.4703753747238],[121.60850296034346,28.470588520343995]]],[[[121.56736941516647,29.136049070108527],[121.57202520539897,29.171118680083055],[121.59880954482469,29.147347395066276],[121.56736941516647,29.136049070108527]]],[[[121.64040799543272,28.22673172498918],[121.6307261595847,28.232098455379457],[121.64229732536137,28.234543950343095],[121.64040799543272,28.22673172498918]]],[[[121.67551802004061,28.27995967050242],[121.68312337974021,28.29257017557319],[121.68352370035859,28.27653881491443],[121.67551802004061,28.27995967050242]]],[[[121.65766587488031,28.290538900250112],[121.6556557902826,28.298418474932703],[121.66007245527965,28.29924517492492],[121.65766587488031,28.290538900250112]]],[[[121.64680467529558,28.29611042515603],[121.6469527549657,28.304902255035074],[121.65101576966208,28.30275058477173],[121.64680467529558,28.29611042515603]]],[[[121.63874144466206,28.35264815009208],[121.65476731046306,28.368169640116832],[121.65225161981641,28.359389700174575],[121.63874144466206,28.35264815009208]]],[[[121.67800236032076,28.376903854929026],[121.6851214197178,28.371774819852078],[121.67386762469118,28.37471708502551],[121.67800236032076,28.376903854929026]]],[[[121.68245745514753,28.37789280970543],[121.68643924487526,28.387920680395155],[121.69142492981678,28.383951724892256],[121.68245745514753,28.37789280970543]]],[[[121.65697711470216,28.410927375298172],[121.66880379495922,28.416379890219787],[121.65922315532441,28.40652156511817],[121.65697711470216,28.410927375298172]]],[[[121.6764714300125,28.4176659198464],[121.66941394539731,28.408895720461203],[121.6682857503871,28.414068090270177],[121.6764714300125,28.4176659198464]]],[[[121.66112488510544,28.419316799930414],[121.65998445032221,28.426932165487074],[121.66991306013972,28.42320633540413],[121.66112488510544,28.419316799930414]]],[[[121.6367820197745,28.435799360352235],[121.64195845541849,28.428371989975403],[121.63510957484709,28.431355185093764],[121.6367820197745,28.435799360352235]]],[[[121.70053110512652,28.901017060289178],[121.6673848797085,28.88745170992854],[121.65632450996827,28.896003235560897],[121.70053110512652,28.901017060289178]]],[[[121.67082555995171,29.05702830481249],[121.65429059513497,29.066953315543117],[121.67532327544882,29.062798610467553],[121.67082555995171,29.05702830481249]]],[[[121.6837933701679,29.09868587505315],[121.6902440750041,29.108607745351208],[121.69220579046487,29.09692244481505],[121.6837933701679,29.09868587505315]]],[[[121.72594873044966,28.378821730238712],[121.72502840473715,28.385780724700737],[121.72798703487388,28.383222370216288],[121.72594873044966,28.378821730238712]]],[[[121.90845339540795,28.39770692033818],[121.9166135549716,28.39870402027435],[121.9072199653292,28.391223314704234],[121.90845339540795,28.39770692033818]]],[[[121.91570171975866,28.466169920005882],[121.89052252989086,28.436312955078847],[121.87192147969256,28.433549389692644],[121.91570171975866,28.466169920005882]]],[[[121.8842093853549,28.513906894687466],[121.89308401041876,28.480976115355475],[121.87132323537912,28.480332680109143],[121.8842093853549,28.513906894687466]]],[[[121.8068395846791,28.59934324989115],[121.8138241549608,28.60579859972563],[121.81664665471942,28.60316507001204],[121.8068395846791,28.59934324989115]]],[[[121.81686058005175,28.606664545232604],[121.811588805479,28.61404912047061],[121.81988079486291,28.611412855019296],[121.81686058005175,28.606664545232604]]],[[[121.80264620515834,28.70909620032944],[121.78394961997901,28.68178987999903],[121.74317128542657,28.69366706528291],[121.80264620515834,28.70909620032944]]],[[[121.92181726525462,28.711289425566576],[121.91294502519281,28.720380129839157],[121.9385318004023,28.723481910461828],[121.92181726525462,28.711289425566576]]],[[[121.8716140797261,28.746870284835836],[121.84358160990348,28.73166358540618],[121.87621303999981,28.753664904811558],[121.8716140797261,28.746870284835836]]],[[[121.89355353476788,28.75437596547846],[121.88917974045273,28.765107560165802],[121.90074470000798,28.76292754057357],[121.89355353476788,28.75437596547846]]],[[[121.81581665961119,28.75857264011529],[121.82259355035217,28.771637925150173],[121.82550167006605,28.770461379888843],[121.81581665961119,28.75857264011529]]],[[[121.84684747003473,28.810402840418817],[121.85840097492508,28.78601691554826],[121.83341500529832,28.77421153033788],[121.84684747003473,28.810402840418817]]],[[[121.70547060988076,29.085926605028874],[121.69182294547261,29.089233060557376],[121.69256822984005,29.093530729959298],[121.70547060988076,29.085926605028874]]]]}},{"type":"Feature","properties":{"name":"太原市","adcode":"140100","level":"city","parent_adcode":"140000"},"geometry":{"type":"Polygon","coordinates":[[[113.14074057541734,38.411534019979115],[113.07205655476628,38.411348079750155],[112.77538561535391,38.247605635191974],[112.63572344038448,38.247124544662086],[112.60833024464512,38.20606892484108],[112.26654265012326,38.31145163958155],[112.20770476516282,38.132473624658076],[111.83938778541801,38.23215322029495],[111.5165984797361,38.065502190174016],[111.54159702997902,37.884494995347836],[111.72914675491887,37.873380810176286],[111.96206588493271,37.7125698398263],[112.09657405964515,37.715688800197995],[112.28723767997496,37.565011819639835],[112.323185655094,37.45845773523632],[112.5005496153725,37.47719010983576],[112.62173040033781,37.526776030389556],[112.572192949645,37.63156144960129],[112.80945488513487,37.9985243102488],[113.06212243030598,38.05497050038832],[112.91451596004356,38.1593938651348],[113.14452739032686,38.32638962518109],[113.14074057541734,38.411534019979115]]]}},{"type":"Feature","properties":{"name":"泰安市","adcode":"370900","level":"city","parent_adcode":"370000"},"geometry":{"type":"Polygon","coordinates":[[[117.93379923494683,35.99553259984964],[117.44171277532439,36.090037445172015],[117.47888381493613,36.166972630482576],[117.37915272501834,36.22609468052514],[117.34560296030838,36.46134058509995],[117.28306651540743,36.47597750016155],[116.97317610489335,36.24385034012113],[116.77081039548341,36.316177990122185],[116.50912927009983,36.25629007023059],[116.46794259477497,36.210404810433715],[116.56141752030237,36.108959779969894],[116.43242364483535,36.038359295045495],[116.38258034460728,36.08937819534748],[116.25705548522251,36.045862114944725],[116.23852867495839,36.16158810520693],[116.16321944502147,36.17192626538491],[116.04168918530775,35.94178780496327],[116.22665669045398,35.89177309035591],[116.29676489998019,35.77738758996537],[116.66274938007984,35.93831395502508],[116.60429443004398,35.85392998468109],[116.686971335159,35.78530603514548],[116.60791863493716,35.704050350243506],[116.86862396532376,35.68173645527327],[116.99865993470826,35.80898105043519],[117.12072917970795,35.765059644686914],[117.30102776541912,35.80042635469255],[117.58761264530744,35.63261217021551],[117.6165567947603,35.702514559998974],[117.83854190528473,35.74262398510888],[117.82717943977934,35.83719616537081],[117.99845788472362,35.92311868058272],[117.93379923494683,35.99553259984964]]]}},{"type":"Feature","properties":{"name":"泰州市","adcode":"321200","level":"city","parent_adcode":"320000"},"geometry":{"type":"Polygon","coordinates":[[[120.25408132029679,32.59329270029792],[120.10340567523178,32.63017855499635],[120.22872044039605,32.77933502029498],[120.15288991483771,32.78528736492001],[120.20578076027391,32.85515669022914],[120.17085110459482,32.931827654722554],[120.29618625019532,32.95694824476573],[120.29194172982704,33.131280665070676],[120.07642589513898,33.18346178533318],[119.74268267516538,33.13242670982487],[119.68273966999982,33.20711991495216],[119.63520234481246,33.12074964977654],[119.68876318517289,32.953452870453646],[119.78649685024948,32.90777706995584],[119.90730794010938,32.627122405075],[119.80957732463389,32.62572155000959],[119.8099270547898,32.474459074826484],[119.86819605020764,32.4213197152327],[119.81824001456505,32.30395174008078],[119.9518768451403,32.03838209545739],[120.17252836988837,31.930485789987245],[120.45809236007437,32.04723325541045],[120.55258454474097,32.011317045245505],[120.50773343514993,32.09509410001277],[120.3514864603319,32.132806679884425],[120.35320898041016,32.36983841501092],[120.28006576042651,32.377114944798905],[120.25408132029679,32.59329270029792]]]}},{"type":"Feature","properties":{"name":"唐山市","adcode":"130200","level":"city","parent_adcode":"130000"},"geometry":{"type":"MultiPolygon","coordinates":[[[[118.56157685009157,40.283132075185165],[118.5624820653951,40.41344792528156],[118.23317748984937,40.463828789866795],[118.03021489500145,40.30352925047458],[117.56936843530514,40.19152613512307],[117.79012019489119,39.995393544976196],[117.53117513002826,39.9962296653668],[117.49750485976153,39.90362246510472],[117.5331336501979,39.75998248980011],[117.662826989574,39.665529860015056],[117.61523937519712,39.59092623006154],[117.70982055497473,39.52885143504574],[117.76135798997927,39.59779357011723],[117.92780060491407,39.572795189846204],[117.85971058467578,39.377371654878004],[117.79846867518927,39.357080079781895],[118.0207125053779,39.29024017024773],[118.02309365025178,39.202094625366726],[118.13053970024703,39.18730970977532],[118.21143288012343,39.06908488485959],[118.36761258475303,39.037625155376645],[118.40388709021715,38.96663697991272],[118.41834246543249,39.026489040237095],[118.47417266043999,39.05421938551626],[118.41837325012546,39.00922516051281],[118.41837833039574,38.9596807247857],[118.46126078985367,39.02133789532763],[118.50946719535489,38.917134734980095],[118.64738852026403,39.04511233516621],[118.56782801964744,38.99092447038805],[118.48063534514517,39.05052073474417],[118.57600652538088,39.11058851005174],[118.53555179028297,39.1513759151664],[118.98107751021894,39.18960842998513],[118.9164440351642,39.12355217529273],[119.30498939014831,39.43112964551676],[118.9988334647926,39.46627414023942],[118.9773352549181,39.53780275968967],[118.85547579027559,39.573690884926464],[118.76965846966266,39.76244923484438],[118.91865431964118,40.14790166033339],[118.56157685009157,40.283132075185165]]],[[[118.8110993347666,39.136072630347655],[118.83742294970943,39.13911824021466],[118.83823770490619,39.15161610969574],[118.8110993347666,39.136072630347655]]],[[[118.85581513506054,39.10795949043819],[118.85208340992153,39.13327450041794],[118.84488463461821,39.1086569101883],[118.85581513506054,39.10795949043819]]],[[[118.22919440959436,39.031966055389205],[118.22473974464356,39.0372940447844],[118.22257241538478,39.03494313511766],[118.22919440959436,39.031966055389205]]],[[[118.1935928704147,39.00877357494056],[118.20022597484888,39.00923458540785],[118.19513816019798,39.01129585042321],[118.1935928704147,39.00877357494056]]],[[[118.26556789983874,38.98184360020201],[118.26923170547889,38.98388193969981],[118.26467919968536,38.98337847493673],[118.26556789983874,38.98184360020201]]],[[[118.84168641969256,39.106442850357325],[118.84286771517293,39.107247200398035],[118.83725245533662,39.107348759937395],[118.8380591346214,39.10632784505407],[118.8347032100852,39.10683195013445],[118.83295287037868,39.10568912495319],[118.84168641969256,39.106442850357325]]],[[[118.7097882349392,39.0447225752867],[118.71314201998825,39.04794291533335],[118.71060627985594,39.04924316504008],[118.7097882349392,39.0447225752867]]],[[[118.72566003967916,39.02970139969989],[118.7301242149606,39.02897093975713],[118.72729622484098,39.03142024514824],[118.72566003967916,39.02970139969989]]]]}},{"type":"Feature","properties":{"name":"天津市","adcode":"120000","level":"city","parent_adcode":"120000"},"geometry":{"type":"Polygon","coordinates":[[[117.56936843530514,40.19152613512307],[117.40921154547652,40.24741198557473],[117.34798488489457,40.13771869526164],[117.17666042973508,40.06028273506024],[117.1472101553245,39.87926938977057],[117.25092712508683,39.82882503035091],[117.14992804504334,39.816056544973605],[117.19956745997035,39.76262356482573],[117.14721372473366,39.73495350470051],[117.16633796542487,39.63516077524963],[116.97082078495134,39.63514036963238],[116.91409607027754,39.70573850462836],[116.79384603956316,39.60281467485743],[116.77951921973624,39.466072964595696],[116.86993842971481,39.43350645475914],[116.81218795461052,39.372453044972076],[116.88366524975152,39.32227616011676],[116.85764049481304,39.15340014520058],[116.92026902039902,39.11879769975411],[116.75042156500331,39.04935828455723],[116.70242538502362,38.929809055043904],[116.73873096476223,38.751773329975265],[116.86193847538038,38.74558362458464],[116.8715828652571,38.68009479983522],[117.03927883025392,38.70492493044122],[117.09185533025936,38.586008859621245],[117.21415248504923,38.64301243517582],[117.24700525538833,38.55549352980262],[117.60215427539958,38.6170145699665],[117.57868632541363,38.67392282457877],[117.71957099470569,38.7013596599204],[117.68769711483003,38.757973290335144],[117.60883986966428,38.71454384971895],[117.61862839478465,38.84135134019226],[117.72947489475064,38.82764313971916],[117.69047642464739,38.87072320001573],[117.7509089595809,38.87359631002175],[117.68367587993794,38.89776867018804],[117.84528058473131,38.87319446505256],[117.85684799493913,38.91878474991631],[117.76400152465067,38.92891560467149],[117.70649338985811,38.9855161949165],[117.87381704542042,38.929114835081634],[117.87849863540373,38.94563502043991],[117.71413392024431,38.98844064991613],[117.78662904469468,38.97362892463519],[117.7627766354334,39.05031824968751],[117.82904137995581,38.97372804521319],[117.80483974955484,39.058473165304406],[117.72432750541009,39.08981497028469],[117.81834327961872,39.073131805288654],[117.82645264457392,39.17138753490684],[118.05846323988669,39.23006826513836],[117.79658386974984,39.3598662352386],[117.85971058467578,39.377371654878004],[117.92394951545782,39.57713004981201],[117.76135798997927,39.59779357011723],[117.70982055497473,39.52885143504574],[117.61499380002397,39.5912063895633],[117.662826989574,39.665529860015056],[117.5331336501979,39.75998248980011],[117.5043953348769,39.939062940202575],[117.53130157021133,39.99625820984858],[117.7901063947943,39.99720838046244],[117.56936843530514,40.19152613512307]]]}},{"type":"Feature","properties":{"name":"天门市","adcode":"429006","level":"city","parent_adcode":"420000"},"geometry":{"type":"MultiPolygon","coordinates":[[[[113.32364971496247,30.896451569684245],[112.87969313033375,30.698314455447814],[112.79318437495897,30.832902304697654],[112.58686229515888,30.670067030569044],[112.70944107984201,30.655931734861724],[112.67989513015618,30.562634734805215],[112.76618788546261,30.584555724966776],[112.83296235492878,30.50076888017975],[112.9032221946486,30.577330034753345],[113.15041725994865,30.432792540543346],[113.45581456489037,30.380630324929598],[113.42865499503205,30.555183195148402],[113.45539839462026,30.638026044966068],[113.41697102459318,30.70055329519846],[113.42896297506127,30.786452310225968],[113.32364971496247,30.896451569684245]]],[[[113.44279609046725,30.50459721498953],[113.45180554009369,30.50731672528667],[113.45115697961103,30.513291284964907],[113.44279609046725,30.50459721498953]]]]}},{"type":"Feature","properties":{"name":"天水市","adcode":"620500","level":"city","parent_adcode":"620000"},"geometry":{"type":"Polygon","coordinates":[[[105.74537337038481,35.02035678523748],[105.55458977959472,35.16762124962105],[105.52456263955423,35.05608635460163],[105.44655435979593,35.13404869968781],[105.2416375399406,35.01525462460131],[105.21322747536777,34.93281348035788],[105.06262077502879,34.98373363959587],[105.02626621011757,34.92227306984637],[104.90686645512284,34.94372745485822],[104.8883601350123,34.86024866474412],[104.61872565456537,34.8729416700221],[104.59137493020893,34.65502392511411],[104.69571106521357,34.67450227476024],[104.66793346505744,34.5777780797946],[104.74129000962631,34.55440826472966],[104.7854760148063,34.429567235439606],[105.02911111468626,34.4196200402327],[105.14206786034356,34.52642639526198],[105.23993057003986,34.52992234963676],[105.25864159473389,34.44932390457461],[105.5472466397207,34.32052183471495],[105.58889087481407,34.076017274777485],[105.73261741526159,34.17719047975686],[105.77747891022358,34.12223723526023],[106.03502669482617,34.161210095369654],[106.22175195009248,34.11823155504226],[106.29706493020245,34.23232257512677],[106.36321779456563,34.10055925990196],[106.46581290504162,34.14589264982595],[106.52341553519886,34.29762320504693],[106.69584275973563,34.27748854995667],[106.71419098982238,34.37258046012022],[106.59893786489062,34.46600382032011],[106.32928799524484,34.518804724558436],[106.30897651995048,34.588858544885966],[106.45829503498794,34.638959630382715],[106.45285400980475,34.71264314956176],[106.57473694495411,34.78358033976093],[106.49139029492625,35.01759979479476],[106.3993038102227,35.03658447959009],[106.37185647529617,35.1368062998709],[106.1777485549519,35.16586568035689],[105.92587233044378,35.057671159696326],[105.78584963974913,35.07777897541945],[105.74537337038481,35.02035678523748]]]}},{"type":"Feature","properties":{"name":"铁岭市","adcode":"211200","level":"city","parent_adcode":"210000"},"geometry":{"type":"Polygon","coordinates":[[[124.88543068028173,43.1306358797421],[124.68495255971288,43.05219081005788],[124.44897285960985,42.821151715479346],[124.36030721970246,42.8893217304136],[124.43541676507175,42.957277185094085],[124.32734246488292,42.99487277036212],[124.4196959547046,43.07367939538784],[124.27790136485612,43.16356117500828],[124.27740168983621,43.227411899939284],[124.02661800491705,43.27825836513148],[123.84644038521571,43.403747849683555],[123.84903451023456,43.46419789531666],[123.75307723013009,43.47617405009237],[123.5406572045664,42.97501253979692],[123.59842600965271,42.926760259878165],[123.57305213005179,42.674245180370804],[123.75351920464766,42.54965027484036],[123.67802045967653,42.507823685115056],[123.63741116978974,42.55081716498023],[123.44859643957409,42.43941933023797],[123.5227261447958,42.33685870966178],[123.44342464982776,42.20233395504806],[123.7978231703031,42.05759817471602],[123.7863043702506,41.98636616516643],[124.0960353048855,42.07120723482609],[124.33593977500072,42.006974834920754],[124.54951325483296,42.1178704999237],[124.50913609975123,42.236709360348755],[124.56813669994881,42.34814287479389],[124.7759653600134,42.33541341459744],[124.8158194603999,42.416055070285324],[124.9974670004018,42.37216484043512],[125.1030714402948,42.4789492798854],[125.06048570495136,42.500351040168425],[125.09323956515391,42.61071738489943],[124.96012724977277,42.673861365010055],[124.96820487495506,42.80150851020966],[124.85278780001704,42.81990399517332],[124.83416351493429,43.02641107541086],[124.88543068028173,43.1306358797421]]]}},{"type":"Feature","properties":{"name":"通化市","adcode":"220500","level":"city","parent_adcode":"220000"},"geometry":{"type":"Polygon","coordinates":[[[126.02251170545105,42.787107865036035],[125.72819632969697,43.00301548487687],[125.73607471547575,42.84421415036286],[125.8382027900268,42.76371321968941],[125.63827483511557,42.73073100543172],[125.7217239952663,42.603098760199714],[125.55627954506508,42.43259504972184],[125.25675458015985,42.31083930479025],[125.299758875272,42.14380099511993],[125.48439631034148,42.13363699045482],[125.28668899470142,41.961527499994304],[125.34538990032365,41.92606625505363],[125.29031475542172,41.88407582054282],[125.30893875991592,41.67710746543719],[125.44417298969176,41.671621515520656],[125.54262334519137,41.398770019820745],[125.7855350951686,41.165123215064455],[125.57101188539036,40.90157895970134],[125.70572819806318,40.85680894170787],[126.02058433509933,40.897554480055305],[125.97378038006059,40.9146541750502],[126.1013319147363,41.00249877979502],[126.11783067464603,41.088899770308274],[126.28221678018042,41.16053033510701],[126.43132798529848,41.3507696355104],[126.53267271527363,41.35674805058221],[126.50627459959321,41.43406153031549],[126.56935206044932,41.53011911000897],[126.3939995499394,41.51364807529842],[126.41799258978631,41.65674824513559],[126.2957347002963,41.66849799019019],[126.3155132004739,41.79851773040912],[126.11448812482718,41.95053294533932],[126.56954145497434,42.202881465007636],[126.50517767041333,42.408714470096754],[126.62340496037064,42.468362004802714],[126.61749791999307,42.5748632351503],[126.74465637988806,42.66993594478805],[126.64395978501625,42.72859911485739],[126.41606824025723,42.676541004763635],[126.37475063533361,42.81420761019314],[126.02251170545105,42.787107865036035]]]}},{"type":"Feature","properties":{"name":"通辽市","adcode":"150500","level":"city","parent_adcode":"150000"},"geometry":{"type":"Polygon","coordinates":[[[122.265755854649,44.25362087000718],[121.8237974502922,44.409616375495375],[121.39545074465616,44.84924286026984],[121.02734249036371,44.99636887042709],[120.93999423044943,45.12124927473428],[120.9625526546813,45.181884319905464],[120.54869196506218,45.355709359799164],[120.5334162147866,45.43305231481253],[120.31360388521125,45.55406312970973],[120.02142431478035,45.59314481498126],[119.99346770007435,45.47852331539872],[119.90070189987284,45.503042075531425],[119.91226009472769,45.56000199979252],[119.55888293969599,45.654080490022636],[119.48933062990466,45.54837948992156],[119.29734207527656,45.46625259488138],[119.24126803988815,45.30163281040592],[119.64790321466171,45.103935475441915],[119.744554800164,44.925598634869175],[120.17492343986487,44.63348071026661],[120.1528711351948,44.59162279535576],[120.29368732471028,44.50246742513161],[120.44854467519667,44.260422635096575],[120.6407683854527,44.23282611972968],[120.73964448540471,44.11157444030823],[120.68701783470533,44.03493460045149],[120.78125038509722,43.81209654052299],[120.98231601027567,43.65414547003746],[120.41974128493246,43.380863129829606],[120.76916844486789,43.42605264981],[120.3420436247136,43.05726644519035],[120.42260304999081,42.983992114844284],[120.39080033976393,42.88305553048838],[120.56439968040104,42.53844372030153],[120.85454861492667,42.26806074490753],[121.06346835498061,42.25041560029979],[121.40995362476008,42.483797675222604],[121.60147786481173,42.51438646975981],[121.6964876300002,42.43744748031702],[121.86611126482308,42.528105814631715],[121.95801601542678,42.697710640134005],[122.19071336542959,42.676745079821615],[122.19949971484004,42.73035110032305],[122.39032961981616,42.6817717549626],[122.45463698540857,42.76178858507518],[122.36582169021892,42.77411834968217],[122.35345126006769,42.83359295465118],[122.72580187006031,42.784682919581144],[122.84945247035523,42.70499014487933],[122.88191115957238,42.76799814479858],[123.21593999973129,42.82299202965851],[123.17800891517936,42.923104784658165],[123.25312932525821,42.990998970326245],[123.60587893966135,43.04684868511879],[123.69853870979364,43.368125094597474],[123.48050381020278,43.442929300346975],[123.41346408030313,43.40743951991794],[123.30986501525831,43.48951538472727],[123.2983697001016,43.548246979714406],[123.4467583152441,43.54334834015384],[123.41737287475837,43.60976025513173],[123.50640631489955,43.59010847032971],[123.53226246044426,43.64061473548173],[123.31468471502762,44.04981325507771],[123.38399525018076,44.1604874251546],[123.11715004044208,44.36209494042919],[123.12691728490483,44.50299652057299],[122.66997057518199,44.283835655391215],[122.265755854649,44.25362087000718]]]}},{"type":"Feature","properties":{"name":"铜川市","adcode":"610200","level":"city","parent_adcode":"610000"},"geometry":{"type":"Polygon","coordinates":[[[109.49046303484124,35.35378320463121],[109.45911011513977,35.50822836524691],[109.23769999515872,35.522928769746954],[109.1979923853404,35.58128101001063],[109.04996222018036,35.54912880974683],[108.92043903972996,35.3634656700047],[108.6659700301928,35.21461205500236],[108.58137027022184,35.036747604918105],[108.81735925042915,34.807155659805915],[108.9695482899217,34.822395045095334],[108.97284442033379,34.889470964613395],[109.05442695034355,34.89172324023542],[109.27404910028582,35.10307506456263],[109.43613781480838,35.083878215307436],[109.42835076507583,35.16827407019224],[109.37482852541615,35.15148482026831],[109.2758009553499,35.25139281492653],[109.49046303484124,35.35378320463121]]]}},{"type":"Feature","properties":{"name":"铜陵市","adcode":"340700","level":"city","parent_adcode":"340000"},"geometry":{"type":"MultiPolygon","coordinates":[[[[117.79110251536883,30.751208829823668],[118.14967008960298,30.90460627036316],[118.1552074996265,30.971437165093164],[117.84477846985055,31.140748284605706],[117.65815941012875,30.953411414804975],[117.50378803528963,31.005217040234243],[117.36217527486906,30.953552379938458],[117.17111002990407,31.092822054794055],[117.07395293458035,30.970802640329623],[117.09735221503274,30.759787309936428],[117.20136746024014,30.701549049748905],[117.20927512974356,30.62968532042123],[117.73882448506197,30.812171089724075],[117.79110251536883,30.751208829823668]]],[[[116.9418330048893,30.629447425458352],[116.93680703032021,30.66548951013283],[116.91032661498139,30.651601005482064],[116.9418330048893,30.629447425458352]]]]}},{"type":"Feature","properties":{"name":"铜仁市","adcode":"520600","level":"city","parent_adcode":"520000"},"geometry":{"type":"Polygon","coordinates":[[[109.26982557009404,28.49792937014439],[109.14449606504144,28.41564396509699],[109.08046748478665,28.18715036469763],[109.02012692531741,28.223367545575798],[108.98090939475281,28.166808275581502],[108.81717540472118,28.24874902534731],[108.75600321967289,28.19506846993397],[108.7202614653944,28.279859385302416],[108.77707964031322,28.430452430335436],[108.71947924047464,28.49590156530502],[108.63978483530195,28.47224036540058],[108.66617864502848,28.34083409541722],[108.57508050536109,28.347669075167744],[108.62654664481187,28.643734459677603],[108.32904849009583,28.679379835411112],[108.38468767989258,28.793726235077713],[108.30361456006398,29.08209657050037],[108.22930487531983,29.030433375200175],[108.06467816516528,29.089235289976727],[108.12000790004458,28.87076770046906],[108.21063315009985,28.78440783505357],[108.02161194003907,28.585874410275892],[108.04510438485954,28.391889269873957],[107.97341161485423,28.453297749991236],[107.99365679482526,28.377570935150572],[107.87534375541003,28.378286844961963],[107.85771021475466,28.206152095243056],[107.79759959034885,28.184880814897724],[107.77522530500386,28.07528323043681],[107.92631848011382,28.01448873546684],[107.87529705991147,27.869505900576883],[107.94605120030269,27.775478825487482],[107.90517447542175,27.579195644763274],[107.74979060515238,27.466522020075217],[107.77322187988591,27.355717129941638],[108.16577740989959,27.28516454021144],[108.20857885483036,27.36216120047908],[108.48435114528917,27.408307465117446],[108.60711511027421,27.524782925191914],[108.7542044146021,27.472537515094302],[108.92464929502898,27.524548480028386],[109.0340974697225,27.402190575134966],[108.83947566506993,27.34848965007734],[108.87246205038338,27.3083048995515],[108.80958844515067,27.20719074495696],[108.88376983530969,27.12597795501864],[109.13666529027097,27.45126772042903],[109.29264776997866,27.425558794802612],[109.47105750959645,27.6412775201415],[109.32655528499845,27.78488553983584],[109.29603225968111,27.961092589751274],[109.37385575034267,28.03756404054809],[109.29419461019319,28.052081844901295],[109.39407681499307,28.274674925007844],[109.26809391020583,28.312466195558557],[109.26982557009404,28.49792937014439]],[[107.91291594031844,27.337186664832757],[107.90845166521223,27.33591581036643],[107.90743423520183,27.33738662009648],[107.91291594031844,27.337186664832757]]]}},{"type":"Feature","properties":{"name":"图木舒克市","adcode":"659003","level":"city","parent_adcode":"650000"},"geometry":{"type":"Polygon","coordinates":[[[79.5947525603824,39.892219200056104],[79.48277594985024,40.097959135206],[79.03384039461855,40.03479305515543],[78.94132365985905,39.908449050083675],[78.9878469652653,39.86338626796197],[78.90498276014631,39.83120270474109],[78.99219505515771,39.781653280474586],[78.86919048015659,39.7615955327077],[78.88243867470516,39.70221371529078],[78.80834925281584,39.6547676155331],[78.77393035809962,39.82754822057399],[78.65461653962166,39.73194706030864],[78.70414232790614,39.649695155007464],[78.99865398968996,39.62360938556475],[79.32281375515072,39.80311453001161],[79.26513297031039,39.876285010245056],[79.5947525603824,39.892219200056104]]]}},{"type":"Feature","properties":{"name":"吐鲁番市","adcode":"650400","level":"city","parent_adcode":"650000"},"geometry":{"type":"Polygon","coordinates":[[[91.16733543478256,43.49345631016064],[90.38224180991165,43.49655791001959],[90.16775888976099,43.552409790379556],[89.67634821489827,43.40892627552722],[88.93383031501708,43.63153816045781],[88.97391519043373,43.553165835135246],[88.92331850474528,43.42861301517854],[88.52968471997389,43.350527999867325],[88.52482186983349,43.26646699495592],[88.43029045044398,43.19520101531464],[88.251055365213,43.21923396527535],[88.22693049015004,43.32107294556005],[88.16634330959613,43.33045478016402],[87.36543966970504,43.27962084522591],[87.37929613510863,43.11247809009183],[87.25937297018646,43.13585626525452],[87.3608225053544,43.04608489989829],[87.58171548997797,43.00014650995354],[87.480983569736,42.867553450531375],[87.54116677482688,42.8439488053931],[87.50719255978885,42.78954747483613],[87.8374239046895,42.7666664952626],[87.90799168037182,42.659568570133445],[88.19978679962117,42.500307274661054],[88.11771831464858,42.36858668982393],[87.89419519525211,42.247352114608475],[87.99361183991454,42.06744472499412],[88.13639492498584,42.00244613508113],[88.33906767463355,41.76654858534897],[88.31636324996407,41.491462924574364],[88.73370856519819,41.47358650491333],[89.19279875955516,41.3587398996267],[89.34117073993775,41.40407639041314],[89.85903673545704,41.37509043507555],[90.18867576977101,41.24421553491908],[91.44478596989666,41.19624346486404],[91.90918917004421,41.27027320504442],[91.9076333096296,41.39360238494214],[91.78417692512505,41.507528685200725],[91.85437812994678,41.73447651557876],[91.77688506009753,41.93061912507261],[91.63137851041,42.07391262486777],[91.63602536497865,42.13919635023143],[91.46245171527448,42.24447224979457],[91.38848597984418,42.94759275020533],[91.16733543478256,43.49345631016064]]]}},{"type":"Feature","properties":{"name":"屯昌县","adcode":"469022","level":"city","parent_adcode":"460000"},"geometry":{"type":"Polygon","coordinates":[[[110.22637913029268,19.224074865063017],[110.15342803517575,19.392734905091856],[110.24838664962425,19.497358174740043],[110.18625823522945,19.59329243040139],[110.04623104522659,19.457379324895953],[109.93381515004921,19.489514165546325],[109.81975441013799,19.342240990329515],[109.82255240966606,19.28594243469564],[110.05370161543726,19.133824205123005],[110.22637913029268,19.224074865063017]]]}},{"type":"Feature","properties":{"name":"万宁市","adcode":"469006","level":"city","parent_adcode":"460000"},"geometry":{"type":"MultiPolygon","coordinates":[[[[110.57164066468499,19.09077052014345],[110.47426934995059,19.104524005078815],[110.2861415399002,18.985210535537817],[110.15648212025371,19.007093940333107],[110.04197996969992,18.884076205552503],[110.09536634518076,18.809949235169142],[110.01037792969777,18.7346466997854],[110.02200049982326,18.647191280253423],[110.17600890019065,18.588114025441996],[110.19211195480295,18.61302648538407],[110.25617356535781,18.6588133503559],[110.39292022009215,18.70360535020677],[110.32727955021113,18.667596655561283],[110.41349046541274,18.660371700093947],[110.46440953017571,18.769329465482485],[110.53924240990938,18.781853079855807],[110.50778472008881,18.891772670172656],[110.51253742036573,18.801766550286118],[110.43490579466675,18.835675225431373],[110.4693190002717,18.849452685393146],[110.4627598300022,18.87449288503865],[110.46506392995644,18.876539605318555],[110.46885962477194,18.878770075078933],[110.47185235989855,18.869772835547963],[110.49162652984052,18.888843439772984],[110.50808263490575,18.89454637541496],[110.51453844519312,18.891481095576125],[110.57164066468499,19.09077052014345]]],[[[110.47477763507987,18.667733730227496],[110.49458802521724,18.667035080204812],[110.48601076998114,18.674674115018433],[110.47477763507987,18.667733730227496]]],[[[110.47298674044578,18.675634795109772],[110.48329703962673,18.680545644765743],[110.47141536043063,18.690163585581047],[110.47298674044578,18.675634795109772]]],[[[110.19152399963292,18.606683000420162],[110.20000500043051,18.607564000578236],[110.19790599986209,18.612189999868633],[110.19152399963292,18.606683000420162]]],[[[110.35298909547043,18.64115501539169],[110.36305547513012,18.640251355016062],[110.36072395035006,18.64352505543701],[110.35298909547043,18.64115501539169]]],[[[110.2011315002186,18.611614004782552],[110.20847249970615,18.61475779993259],[110.20312820470292,18.617473940470006],[110.2011315002186,18.611614004782552]]],[[[110.46469500017417,18.874571000151604],[110.46335300034076,18.874557000405275],[110.46700799981937,18.871430000094506],[110.46469500017417,18.874571000151604]]]]}},{"type":"Feature","properties":{"name":"威海市","adcode":"371000","level":"city","parent_adcode":"370000"},"geometry":{"type":"MultiPolygon","coordinates":[[[[121.46872703462498,36.781225184894424],[121.46919421534085,36.82292520043768],[121.48754572525513,36.79447165544258],[121.55674991018032,36.83857603995233],[121.59142856507628,36.85169581490999],[121.61418180044984,36.8498324151339],[121.47917395521392,36.77876815522626],[121.64299275041515,36.7372659050975],[121.62310431531193,36.823853305285866],[121.9987321150951,36.99138024000615],[122.02633020517487,36.909293214610216],[122.08557248018587,36.92086432462895],[122.18970637474945,37.04965728975219],[122.22715804960433,37.03548276022127],[122.1423881603854,36.9381980097304],[122.25329377009143,36.90714709496251],[122.1806731497461,36.84606566499849],[122.34402921047979,36.83083581971738],[122.44123020980635,36.87676005523241],[122.42820592486362,36.92517646052528],[122.51154893983175,36.900948550135524],[122.57270476980932,37.04208983018157],[122.4368888396483,37.02170421028114],[122.44708922009147,37.11442746535528],[122.57679046001181,37.14808956977788],[122.62201212535933,37.20016392972161],[122.55436448972944,37.31600867546007],[122.70560440541908,37.395926705153386],[122.17004355976258,37.42852538014222],[122.14441149469474,37.55485095001137],[122.06772281985229,37.56268543988119],[121.7857536204333,37.29997852978539],[121.72903546991108,37.12484237997194],[121.39070450510894,37.09565179469462],[121.29495026044617,37.14404710548956],[121.18758004488325,37.06628228030303],[121.17437855032995,36.997820654799455],[121.3577207745941,36.92193166971083],[121.35539176971452,36.845771975196556],[121.46872703462498,36.781225184894424]]],[[[122.19405813027856,37.509863190234114],[122.16981937496428,37.50077560481037],[122.21067284967239,37.49624337513171],[122.19405813027856,37.509863190234114]]],[[[121.61405608961695,36.71501850509998],[121.6257480999949,36.72401140989871],[121.62272833484485,36.730770410426146],[121.61405608961695,36.71501850509998]]],[[[122.25624228015715,36.748194169825126],[122.26275904469423,36.753157565069614],[122.24969885521807,36.75592333019756],[122.25624228015715,36.748194169825126]]]]}},{"type":"Feature","properties":{"name":"潍坊市","adcode":"370700","level":"city","parent_adcode":"370000"},"geometry":{"type":"Polygon","coordinates":[[[118.96521242521328,37.281703964966084],[118.66061408517191,37.225147980195175],[118.65964479497143,37.0813406095815],[118.55573409505246,37.062758140276],[118.54924527514936,36.93788215523733],[118.46861028973319,36.95537510038065],[118.47625716033974,36.852450204913055],[118.22175222018882,36.717645674808125],[118.17028284497735,36.585318960401764],[118.23051267541973,36.38392200969304],[118.30114991024027,36.251985125313354],[118.38169596979321,36.23866390491531],[118.39593935501728,36.13055336474605],[118.48608509465146,36.12920746005631],[118.48352831038324,36.06781093013035],[118.61588235518661,36.17730532997706],[118.72050004004484,36.140956660121844],[118.75784397971597,36.205850835148],[118.83860269026206,36.20201318516041],[118.87486016526452,36.084750999958715],[119.05698910965975,36.0865033703343],[119.01767381469483,35.9755969152655],[119.17398276539234,35.971992589886156],[119.12755076545557,35.89201427503883],[119.34083907476361,35.90111996471467],[119.36160697038542,35.776315800433906],[119.4607591801921,35.81076699520071],[119.5218144147035,35.72268373556602],[119.61933722473316,35.71311633485101],[119.60697586514414,35.81310483052357],[119.7326976247956,35.87182027548539],[119.63853367019283,36.12854877050938],[119.67610018037908,36.18147319033551],[119.8264134346324,36.18055749523228],[119.81394034507093,36.25727096977948],[120.00505915995234,36.509018825058774],[119.72219098472624,36.56237962022334],[119.53984443497279,36.72817858497376],[119.6076967904745,37.0291178552049],[119.54418402537249,37.0553707600526],[119.55128938989344,37.12385487040598],[119.32815212462094,37.067790615144816],[119.25026271455272,37.08939051496037],[119.28182950023131,37.20394558971725],[118.96521242521328,37.281703964966084]]]}},{"type":"Feature","properties":{"name":"渭南市","adcode":"610500","level":"city","parent_adcode":"610000"},"geometry":{"type":"Polygon","coordinates":[[[110.54413432973558,35.85622568047086],[110.12378778527813,35.68082233038626],[110.28095151460076,35.56481975003152],[110.08239565533529,35.40706396552963],[109.53880999538507,35.44357554037896],[109.4934106051154,35.35235563520445],[109.2758009553499,35.25139281492653],[109.37482852541615,35.15148482026831],[109.42835076507583,35.16827407019224],[109.43613781480838,35.083878215307436],[109.27404910028582,35.10307506456263],[109.05442695034355,34.89172324023542],[108.9624867097939,34.878943300193214],[109.04074158995246,34.69032778959587],[109.41344477465668,34.73862684505292],[109.4460785996477,34.550752275097466],[109.38385823496964,34.470036845324216],[109.48619969975641,34.270194915063314],[109.749136919933,34.21279726468208],[109.825591250336,34.29075815016853],[109.9675629400777,34.211309015298866],[110.05525439027792,34.41461359534122],[110.42420045478724,34.40968175460932],[110.37169402455964,34.60063893973535],[110.23692789011011,34.650845454554144],[110.23086207532458,34.92345024463316],[110.33485866499547,35.05235887965864],[110.41628728503025,35.34873345468526],[110.60822651004548,35.58889487459885],[110.54413432973558,35.85622568047086]]]}},{"type":"Feature","properties":{"name":"温州市","adcode":"330300","level":"city","parent_adcode":"330000"},"geometry":{"type":"MultiPolygon","coordinates":[[[[121.06706022025298,28.28456089976578],[121.25375551460536,28.411114329962402],[121.1095549999634,28.540201480414055],[120.99605207534307,28.47568052493631],[120.86581082490966,28.494350689832515],[120.74289169989208,28.613977629763838],[120.6152980400725,28.536001534942955],[120.43866513508794,28.585597455058576],[120.32686524493522,28.410229489699248],[120.43478959486401,28.2387851054483],[120.33571681497904,27.97505088539009],[120.2272061403512,27.93397176538474],[120.15969351544345,27.985479975120825],[119.86694577492767,27.974637090229578],[119.78365079994455,27.9137188701298],[119.78069904512495,27.79896121498814],[119.64263040496928,27.71523607988121],[119.62623271536756,27.587794349729506],[119.7658793572466,27.308946517267998],[119.9408115749942,27.317780730396464],[119.99000228038096,27.38315846998745],[120.04619284002763,27.340392124696848],[120.24449138526927,27.44309784998586],[120.34149702037121,27.399217519872707],[120.4026834803584,27.20474077047021],[120.48047294966693,27.166895630528984],[120.56340913472388,27.29534378029126],[120.50937139017753,27.33998560505171],[120.54184109968708,27.4004542603559],[120.64509903029602,27.3645026097077],[120.6881902754609,27.476348685443554],[120.59183114499137,27.593910295423825],[120.64983219010355,27.592683005016738],[120.78180471461599,27.7952078755431],[120.83131356506908,27.76799461525934],[120.88424825964955,27.91651229030998],[120.97131745543629,27.93991274977361],[121.00120384977788,28.08968812041047],[121.12990480975918,28.24122929009968],[121.06706022025298,28.28456089976578]]],[[[121.17277921488892,27.81669253982892],[121.12766949535103,27.85327514493207],[121.08839592533172,27.820554330318146],[121.15620986988961,27.825075785219383],[121.17277921488892,27.81669253982892]]],[[[121.1183153499735,27.985020810062395],[121.03989339016789,27.949079169767913],[121.13379242967699,27.956354940528115],[121.1183153499735,27.985020810062395]]],[[[121.06393795037616,27.863578934820055],[121.02331714017396,27.839850120286883],[121.08475720538081,27.86857223971714],[121.06393795037616,27.863578934820055]]],[[[121.08009041464095,27.47480165007613],[121.04506573479591,27.461539310091155],[121.10572499960915,27.447884045512353],[121.08009041464095,27.47480165007613]]],[[[121.23470863989189,27.993873729988707],[121.16896065481046,27.983645695392568],[121.18171978543978,27.96722015468646],[121.23470863989189,27.993873729988707]]],[[[121.13774763004915,27.877552595376017],[121.10754215984286,27.890842069705798],[121.10252141033493,27.869671535013367],[121.13774763004915,27.877552595376017]]],[[[121.08380495013841,28.002356479967602],[121.0382376951136,27.99102056514704],[121.03795080508564,27.985062755341914],[121.08380495013841,28.002356479967602]]],[[[121.16956082547176,28.33858632000272],[121.20236114015461,28.33364676488634],[121.1858814350802,28.353491019894705],[121.16956082547176,28.33858632000272]]],[[[120.52305929475074,27.14928032003081],[120.52277584462956,27.18358057977997],[120.51280117963074,27.16331469022083],[120.52305929475074,27.14928032003081]]],[[[121.13936821467144,27.795094460241216],[121.15223875961112,27.819608530409425],[121.12763515473864,27.791377955228484],[121.13936821467144,27.795094460241216]]],[[[120.98020525017228,27.655911009685383],[120.96479346034994,27.66622497989897],[120.96655549484024,27.64783810504457],[120.98020525017228,27.655911009685383]]],[[[121.1440006504098,27.86038117495133],[121.16816747524888,27.868546154881187],[121.17319749496846,27.875380124693038],[121.1440006504098,27.86038117495133]]],[[[121.19142070040505,27.624841475353833],[121.21040720542828,27.626902990380756],[121.21595421481527,27.635226935374817],[121.19142070040505,27.624841475353833]]],[[[120.4840766203398,27.14342268480908],[120.47218578514594,27.162684500189584],[120.46547886525752,27.164358490152267],[120.4840766203398,27.14342268480908]]],[[[121.0696527004119,27.781557079695517],[121.0914552201823,27.786926150121758],[121.08601648467311,27.795954440545074],[121.0696527004119,27.781557079695517]]],[[[121.20336362972785,28.34062933057919],[121.20300535511308,28.36139123042102],[121.19288262033672,28.360655670422886],[121.20336362972785,28.34062933057919]]],[[[120.58693295509181,27.336367904954898],[120.58036216468224,27.346553010413174],[120.5821626604785,27.33776570052669],[120.58693295509181,27.336367904954898]]],[[[121.1092989602788,27.90840272030937],[121.11912989472887,27.923826145560213],[121.10395381991293,27.912237680424653],[121.1092989602788,27.90840272030937]]],[[[120.82573965516099,27.647933790212278],[120.81966910004894,27.64781875972801],[120.8194787648332,27.640145725145146],[120.82573965516099,27.647933790212278]]],[[[121.13351591962407,27.77940228518736],[121.14371237542582,27.771908540346885],[121.14566435482618,27.774700365129775],[121.13351591962407,27.77940228518736]]],[[[120.82565618998126,27.68776131473294],[120.8374229798867,27.6840854051174],[120.82812101497291,27.6901116497329],[120.82565618998126,27.68776131473294]]],[[[121.12815748547962,27.756963330493363],[121.13854122509747,27.765238044799958],[121.12690590978002,27.7651465801506],[121.12815748547962,27.756963330493363]]],[[[121.2052216146858,27.62137667978999],[121.20570621526963,27.612042635159526],[121.21231903009925,27.62241348479455],[121.2052216146858,27.62137667978999]]],[[[121.10577285972977,27.46862976475188],[121.11773019529232,27.46930657473871],[121.10382992031464,27.476744965407875],[121.10577285972977,27.46862976475188]]],[[[121.07986716963421,27.427953630056038],[121.08264371493556,27.434724540305353],[121.0707552899247,27.435005975045783],[121.07986716963421,27.427953630056038]]],[[[121.21323980996931,27.615588609826546],[121.22421562994748,27.61934034038444],[121.22017728995002,27.62082312009096],[121.21323980996931,27.615588609826546]]],[[[120.54946437028457,27.247512240097876],[120.56267853988277,27.244881109775463],[120.56258948991308,27.24574851488211],[120.54946437028457,27.247512240097876]]],[[[121.16259313546493,27.630755499866495],[121.17371019037307,27.63103812530926],[121.17069105025178,27.63440950019833],[121.16259313546493,27.630755499866495]]],[[[120.88413766012502,27.71043553027556],[120.89664448505505,27.71152203541368],[120.89809796484928,27.713914535127742],[120.88413766012502,27.71043553027556]]],[[[120.90609372474569,27.694072534719737],[120.90719502013417,27.702762449827276],[120.8981037546846,27.698562989990023],[120.90609372474569,27.694072534719737]]],[[[121.20931439963988,27.823188664925],[121.22018269487558,27.82437190024308],[121.22041890990488,27.82659776997116],[121.20931439963988,27.823188664925]]],[[[121.13387943009172,28.25560607985676],[121.13246690992003,28.265394395435067],[121.13233340466297,28.25567253975595],[121.13387943009172,28.25560607985676]]],[[[120.81204511538988,27.69720322045231],[120.81614112980935,27.69559925530143],[120.81890321491153,27.696803235281152],[120.81204511538988,27.69720322045231]]],[[[121.1415346598967,27.76317353503066],[121.14877302515504,27.76011969007169],[121.14955049535911,27.764910660098963],[121.1415346598967,27.76317353503066]]],[[[121.08489571536506,27.491815414849555],[121.08963804016344,27.4964024698981],[121.08229029486131,27.495239940570855],[121.08489571536506,27.491815414849555]]],[[[121.12209815480605,27.472561720347187],[121.13020038543948,27.473895080393675],[121.12195833001294,27.47599048547255],[121.12209815480605,27.472561720347187]]],[[[121.1454739098931,27.87759791041526],[121.143639675131,27.882207079792977],[121.13979889460336,27.878989895467328],[121.1454739098931,27.87759791041526]]]]}},{"type":"Feature","properties":{"name":"文昌市","adcode":"469005","level":"city","parent_adcode":"460000"},"geometry":{"type":"MultiPolygon","coordinates":[[[[110.58574793481938,19.358952420118158],[110.83640336022694,19.529612535290312],[110.7853050902578,19.628068640155675],[110.87147793985508,19.620452500282738],[110.87971260015644,19.64547308481508],[110.88805819542944,19.649261934890433],[110.90262392015785,19.649064469849463],[110.87378871008099,19.60966660542954],[110.8230976954024,19.597059454830003],[110.86443421486717,19.524223245406517],[111.04219469972566,19.64306254020414],[110.93273494985812,20.01171253530532],[110.78123681992338,20.01192555502041],[110.68456329006386,20.16146004494516],[110.5664531448968,20.04636893557796],[110.70905170976863,19.84959513510745],[110.60434518987864,19.69782252488966],[110.66827732503856,19.649347249975676],[110.63767711540663,19.549292844789022],[110.46193797465787,19.531169724902952],[110.54234623469102,19.494061670209987],[110.58574793481938,19.358952420118158]]],[[[111.19696572968473,19.910209469791255],[111.20404057481272,19.908014929745264],[111.19828859014638,19.914251819865626],[111.19696572968473,19.910209469791255]]]]}},{"type":"Feature","properties":{"name":"文山壮族苗族自治州","adcode":"532600","level":"city","parent_adcode":"530000"},"geometry":{"type":"Polygon","coordinates":[[[105.54470553513238,23.187555139757933],[105.58305346534519,23.310407130384817],[105.69774773986637,23.331822890414117],[105.62626580512284,23.40475518520367],[105.8643107146678,23.53605301043814],[106.00546859529948,23.452175700148473],[106.13883495476938,23.57588333005168],[106.1331668750513,23.802006220410817],[106.19682891502248,23.876527780033086],[106.0012850004025,24.128356460082614],[105.79520349014899,24.026327200340063],[105.75733535544236,24.074572540190616],[105.64380537022174,24.033873380152443],[105.59637189964349,24.141437650527223],[105.52525362015848,24.13087989029475],[105.49155253462186,24.02081398028099],[105.31459502474064,24.12037626025625],[105.25609119475291,24.063748909784408],[105.17923489527425,24.135492674947045],[105.24175453544353,24.207574130142063],[105.15596902025413,24.283043495161223],[105.1945263998735,24.338094680325298],[105.10547597513619,24.416376139946976],[104.75323811994332,24.460250330388476],[104.69707137974046,24.320206395009166],[104.56457348028192,24.475851524628183],[104.29725822458744,24.350474170246798],[104.20634064000859,24.36454392516208],[104.17779797489669,24.45852906486448],[103.96223372970292,24.443306909686157],[103.77560794485083,24.209223404936267],[103.58019841502488,24.10586261976414],[103.71195787935272,23.892602024863606],[103.6406746246343,23.824071514888544],[103.66172262489926,23.65598011978676],[103.59259192987372,23.544788325121146],[103.74761988534948,23.540314910204984],[103.81382604533576,23.340172549723434],[103.934685290294,23.261237159767177],[103.9075443049258,22.69251005989139],[103.96275681497508,22.683800054828737],[104.02876302509361,22.838060259973076],[104.13397023983475,22.90460059004522],[104.18144468532404,22.844770390441226],[104.27302713509425,22.866799939565624],[104.26957971533164,22.742030335331776],[104.36635418959423,22.691921764777646],[104.57412033508547,22.84843330035659],[104.73261692982749,22.82462183542941],[104.86104521536447,22.949691180103912],[104.80101537975605,23.115631815056247],[105.08161973026642,23.26464206497934],[105.23449305491062,23.265998929706882],[105.3221547798193,23.392461215412823],[105.54470553513238,23.187555139757933]]]}},{"type":"Feature","properties":{"name":"乌海市","adcode":"150300","level":"city","parent_adcode":"150000"},"geometry":{"type":"Polygon","coordinates":[[[106.85999775029597,39.091429745286575],[107.07560657038698,39.047048075508314],[107.13490137030203,39.26547790518123],[107.0547811649189,39.221587919946614],[106.93813180473904,39.29894795038763],[106.96378134003686,39.451478414797066],[106.87126864503199,39.795674230081715],[106.96252793961276,39.85864870507373],[106.92852899501719,39.915411909831846],[106.77873048032745,39.81192393983798],[106.76408153503485,39.86510067525603],[106.7440325646512,39.85761288033024],[106.770351485133,39.635275925343706],[106.6012872052404,39.53644993471676],[106.74652713471954,39.43637937051159],[106.85999775029597,39.091429745286575]]]}},{"type":"Feature","properties":{"name":"乌兰察布市","adcode":"150900","level":"city","parent_adcode":"150000"},"geometry":{"type":"Polygon","coordinates":[[[114.80054500534777,42.14749409977293],[114.79215875532236,42.2059065055808],[114.67013100504187,42.19602062525172],[114.67800797528787,42.271791815340066],[114.56903553026552,42.29488101494695],[114.3982835547423,42.19803046523384],[114.4588918747603,42.16874055972909],[114.44111228510394,42.096776814998066],[114.31325646031746,42.18736470991348],[114.09315316498669,42.12370927546277],[114.05036553544119,41.94809774041846],[113.90761201468274,41.976242875508376],[113.88873735474522,42.056344435247524],[113.70240206979975,42.12811776472313],[113.36498533510519,42.141512959755346],[113.15633421535176,41.941965915394746],[113.07151578972196,41.93219775542212],[112.73088300474694,42.14261580557502],[112.61852013539601,42.333014880432415],[112.02184484476379,42.58259947048924],[111.74541925979105,42.98557442971622],[111.4961930999317,43.17655725001714],[111.20866776480557,43.27463402983665],[111.14055414995414,43.37810773028758],[111.01217033499302,43.32885883516718],[110.62366768521554,42.933580839684055],[110.33282651463202,42.73483743489976],[110.7238510450897,42.440931925168286],[110.77819301499568,42.17460209531049],[111.05283813477217,41.79802953523489],[111.3679148950564,41.62937190538918],[111.43437867033941,41.51898265492565],[111.38068495514665,41.37912183500475],[111.4187067453201,41.31678069497315],[111.8249322204457,41.25818112495898],[111.873483134639,41.12944102018696],[112.02730686462019,41.045691130341424],[112.03484168959233,40.9676009052576],[112.12618492959086,40.95352605478365],[112.17789582493242,40.818187310296196],[112.08602961477493,40.73872159012933],[112.10838901993736,40.65746479996062],[112.03838813010816,40.65429206552648],[112.09244372979435,40.5855718147875],[112.0461864699297,40.55700153509281],[112.21828862462041,40.44771861532189],[112.30354342468934,40.2551476399517],[112.45733361985071,40.29843469540492],[112.73879994536128,40.16214994506396],[112.96814713458264,40.35056432498368],[113.25097368468789,40.41380384007522],[113.30933064998953,40.31860163975392],[113.52933620520173,40.33261336501482],[113.78745817005858,40.518037464957104],[113.86341324542502,40.44831156982315],[114.06875085536774,40.54156740521165],[114.0541794703064,40.718705735481365],[114.12667970020811,40.74495334512085],[114.03801347034539,40.82951003476035],[114.05031225510652,40.9246449100346],[113.81809441462565,41.09398620539912],[114.00434038969729,41.22184548987752],[113.895500760152,41.30646568514328],[113.93747834514954,41.392609060359916],[113.86962489966947,41.425962664945075],[114.0346652152275,41.52981117044919],[114.22434940010476,41.511623259805674],[114.193774195223,41.78749018502407],[114.34594310519026,41.95184486554814],[114.50410020496054,41.97113536480532],[114.45936949030977,42.03582686052124],[114.50828907528069,42.116632990520145],[114.80054500534777,42.14749409977293]]]}},{"type":"Feature","properties":{"name":"乌鲁木齐市","adcode":"650100","level":"city","parent_adcode":"650000"},"geometry":{"type":"Polygon","coordinates":[[[88.0011969252979,45.00036959538056],[87.3330611703368,45.0004369249242],[87.55231458025372,44.66723520024436],[87.59316558542349,44.480281050430165],[87.69035949539443,44.41557778978324],[87.70874490974984,44.26177525052742],[87.64963342044604,44.19514982030802],[87.58120227026859,44.23822457550381],[87.5068880196664,44.001504330460534],[87.45936264467036,44.07747488046141],[87.27779291491117,43.949389019887406],[87.27583137481815,43.79920834548881],[86.89805724494596,43.427476149804534],[86.93716921488743,43.36578518543803],[86.80041924795,43.10300322511881],[87.05139186963913,43.02192309507484],[87.22145824520192,43.04260334546808],[87.53208517978726,42.92243443540093],[87.58786142536457,42.961746210419335],[87.56326115517822,43.0153734450285],[87.27345696496701,43.08586274047315],[87.25937297018646,43.13585626525452],[87.37929613510863,43.11247809009183],[87.36543966970504,43.27962084522591],[88.16634330959613,43.33045478016402],[88.22693049015004,43.32107294556005],[88.251055365213,43.21923396527535],[88.42735307488454,43.19472101026645],[88.52482186983349,43.26646699495592],[88.52968471997389,43.350527999867325],[88.92918763959796,43.43412583503931],[88.97391519043373,43.553165835135246],[88.84516277034561,43.71227578999577],[88.70332335019253,43.70667902022063],[88.51028425971089,43.85675856045924],[88.135195789654,43.754895005300284],[88.01509537015528,43.87378235986807],[87.99056163001529,43.99959692056149],[87.77109950993452,44.1159942250535],[87.79245590481622,44.361436919977905],[88.0011969252979,45.00036959538056]]]}},{"type":"Feature","properties":{"name":"无锡市","adcode":"320200","level":"city","parent_adcode":"320000"},"geometry":{"type":"Polygon","coordinates":[[[119.91541099542121,31.17356566032703],[120.59996728006604,31.52303067002947],[120.538610674643,31.59800733966705],[120.59468735493749,31.61742322510179],[120.55200787965998,31.65854524007085],[120.59198166002568,31.76271314969216],[120.3750931604211,31.91402247505721],[120.36727193015554,31.995928404872018],[120.25125034532721,31.935938685322128],[120.00274873506612,31.949484388194037],[120.00000000039972,31.827979275323344],[120.1712506248166,31.87118617510197],[120.20095656029707,31.755417270091016],[120.15091670514187,31.759453760182964],[120.0504572596949,31.578580330517866],[120.12467504541712,31.508237205482715],[120.0377440097783,31.406185334985253],[120.09318844958739,31.336333684951626],[120.01781514025663,31.367466945243393],[120.04255378013295,31.492272210294345],[119.9264604752708,31.559032289708455],[119.83436649022144,31.527883540393134],[119.66015874023378,31.61391632058178],[119.56247868464368,31.506608275151848],[119.51416685971287,31.31630011006206],[119.57120793969477,31.1117270047975],[119.91541099542121,31.17356566032703]]]}},{"type":"Feature","properties":{"name":"芜湖市","adcode":"340200","level":"city","parent_adcode":"340000"},"geometry":{"type":"Polygon","coordinates":[[[118.65211079018093,31.306876424607367],[118.57025761459727,31.294029975203216],[118.37138676508721,31.52198223499221],[118.31899439047879,31.437834740480923],[118.2430028179258,31.53567492485797],[118.13036254009921,31.519172740329736],[118.1674468553881,31.40003447041454],[117.97490185513652,31.434719700253993],[117.96026288512417,31.50058659459569],[117.72985695013824,31.487245580119463],[117.4752558904471,31.04101160540131],[117.65815941012875,30.953411414804975],[117.80689121016133,31.137484609826913],[118.00294529488951,31.08107521544889],[118.1552074996265,30.971437165093164],[118.15231536536191,30.90679687497584],[117.9618238797683,30.807450950301188],[118.10240260959279,30.741662205246598],[118.1206901552265,30.644408760156182],[118.21098471017626,30.717194184863786],[118.30505059011273,30.70240153510281],[118.29572045483519,30.801101080150772],[118.37575452495139,30.851951194791866],[118.47502055025825,30.76573565977293],[118.48916023016056,30.943027060050838],[118.72860767470445,31.151923155129566],[118.65211079018093,31.306876424607367]]]}},{"type":"Feature","properties":{"name":"吴忠市","adcode":"640300","level":"city","parent_adcode":"640000"},"geometry":{"type":"Polygon","coordinates":[[[106.81982290490322,38.16206843990665],[106.85312373007616,38.04808944477213],[106.75958514963503,37.97880992004184],[106.8755086903738,37.833468539841306],[106.76504607501641,37.73846171543585],[106.76954490027697,37.63607907968583],[106.64441591526236,37.65508946530662],[106.56765200493612,37.59323096983343],[106.27944423456381,37.83500995984184],[106.35327933986969,37.92361063991916],[106.20533570028238,38.066173909997985],[106.21613501481914,38.12971703980958],[106.07398058463633,38.21125775044487],[105.95666264956168,38.14696508966722],[105.96644666997787,38.22214530016555],[105.88915816531716,38.25958564536131],[105.77703722528776,38.21047046054338],[105.76104822989197,38.121360374781545],[105.84063093476988,38.00430552557958],[105.80259743002745,37.86124240511293],[105.76822141498639,37.79438947969078],[105.61862147959766,37.77807352497325],[105.59691773956212,37.70655196520107],[105.89695241502199,37.738932315374086],[105.87823072526783,37.614947330055315],[105.92674218530368,37.669609900176795],[106.02039622970227,37.64548274533246],[105.99848848475585,37.59372883991409],[106.07098178987775,37.52715178962342],[105.8425097552211,37.39389054471292],[105.92338329480327,37.30764080038267],[105.73000806022384,37.28900096512251],[105.77229042995941,37.195857500023635],[105.70867961986863,37.1870691649101],[105.67145439970085,37.2766487102698],[105.56470796020426,37.212044349866915],[105.66097591470674,37.19213071036404],[105.8427471249799,36.98041742512413],[105.73194728993553,36.91686854504735],[105.74045557976126,36.81778815509932],[105.82926030971561,36.79770022968188],[105.91817772472228,36.9330055499662],[106.14654882486843,36.57802377957381],[106.46450495983606,36.62018428487687],[106.51314982980085,36.718537900303886],[106.64143947495188,36.72346843971678],[106.6358314753424,36.882225065334524],[106.6049585400047,36.88106571511071],[106.53461285999555,36.97856668510451],[106.63894568009914,36.9625514600819],[106.60951595519725,37.13428882456964],[106.75570735031403,37.0804892546754],[106.77633175011022,37.158304715290456],[106.89149812014222,37.09997645005319],[106.9002821852747,37.15102901467736],[106.9920673098585,37.10578952027021],[107.32602401539606,37.129708134922566],[107.2543873100264,37.22833606515735],[107.30465402995958,37.235635890084325],[107.25127366464795,37.33358635022995],[107.28060431034072,37.481867345301794],[107.3666981050336,37.578211959814155],[107.30755376979073,37.60853373484406],[107.41597992523344,37.65057023532813],[107.38072048006615,37.6918456602491],[107.46601344016818,37.686594019698305],[107.4922481247512,37.76426764553548],[107.62368819035777,37.77225220977169],[107.66136179990718,37.851953195283784],[107.41518515477111,37.93954557526814],[107.43545502023306,37.995275695516966],[107.1850376049016,38.1542475855577],[107.02778390020688,38.116148700102485],[106.81982290490322,38.16206843990665]]]}},{"type":"Feature","properties":{"name":"梧州市","adcode":"450400","level":"city","parent_adcode":"450000"},"geometry":{"type":"Polygon","coordinates":[[[110.60123289977855,24.255327975205944],[110.54244475991777,24.407019155409728],[110.45684497991198,24.31646960039177],[110.32114547508365,24.291891230495935],[110.45197737505589,24.186240829850476],[110.41387234992908,24.15108936538195],[110.45578212514499,24.126182970467767],[110.33651928024068,24.062309070007643],[110.39707152483106,24.05638345053586],[110.3522090648965,23.887193504776462],[110.57908464464072,23.790595605203066],[110.53762517526167,23.66017077975772],[110.62459539975794,23.462622300578744],[110.55957127539409,23.36904841005611],[110.65846453980674,23.28306810530887],[110.54090961538651,23.205559649858003],[110.54979059505996,23.112982674910597],[110.74038746500958,23.05689494014939],[110.71877742533798,22.90479783025569],[110.79702661458663,22.848441319611254],[110.78565002522856,22.716595305429053],[110.94442136465432,22.612550829557165],[111.35433536958169,22.892620884746066],[111.42877748489309,23.03912486981693],[111.34386670518438,23.274608109976327],[111.3875603252489,23.450353254599065],[111.48175703046263,23.629173885466514],[111.66015730021928,23.702688060505636],[111.61225772001785,23.73627690975161],[111.65065477479806,23.92813782540037],[111.54313141997909,23.999999999800195],[111.58542992535081,24.09373207477546],[111.5043317746917,24.17087358524782],[111.39726504974232,24.077448345464802],[111.36150073507093,23.873164009811262],[111.15513365499424,23.946906494838913],[110.92089731495918,23.66322546018688],[110.83181759030958,23.836177680155856],[110.86258745974351,23.88087447058041],[110.71717108507755,23.951094919994603],[110.74846022036292,24.01547591488162],[110.66918111041997,24.06364115031886],[110.7194688699924,24.173831715361416],[110.60123289977855,24.255327975205944]]]}},{"type":"Feature","properties":{"name":"五家渠市","adcode":"659004","level":"city","parent_adcode":"650000"},"geometry":{"type":"Polygon","coordinates":[[[87.69035949539443,44.41557778978324],[87.50302499530733,44.59651361531115],[87.51007236524754,44.549107469734],[87.36814363971723,44.5632830748541],[87.44477491533013,44.444591775190304],[87.42063926459042,44.350310750440826],[87.52007748488808,44.23097504516227],[87.49407441530207,43.99959704556727],[87.58120227026859,44.23822457550381],[87.64963342044604,44.19514982030802],[87.70874490974984,44.26177525052742],[87.69035949539443,44.41557778978324]]]}},{"type":"Feature","properties":{"name":"五指山市","adcode":"469001","level":"city","parent_adcode":"460000"},"geometry":{"type":"Polygon","coordinates":[[[109.5187412902784,19.03178683979087],[109.31947074967542,18.921180934552524],[109.40317834980107,18.628836414968646],[109.69991439473358,18.725821335086607],[109.72603925500766,18.915322454867464],[109.59875007955259,18.91154743996242],[109.5187412902784,19.03178683979087]]]}},{"type":"Feature","properties":{"name":"武汉市","adcode":"420100","level":"city","parent_adcode":"420000"},"geometry":{"type":"Polygon","coordinates":[[[114.43408006514301,31.308563370203444],[114.27632082004982,31.362913190291522],[114.19721202011874,31.304237964810284],[114.24227537510853,31.182595170230968],[114.15184795971561,31.030538410219492],[114.17237334505387,30.757802270558386],[113.9019566199022,30.773096570250573],[113.93955566486216,30.596454420235375],[113.69762832988363,30.383650109864732],[113.74813738023602,30.37802220016448],[113.79862294479312,30.282622989859135],[113.75089488958758,30.234339650054835],[113.81541121985197,30.18204821984949],[113.96240440014299,30.300414700578017],[114.03337055480733,30.19836847512505],[114.10819613474393,30.20085518511877],[114.20670311515676,30.005762974781533],[114.35985953019326,30.034205950044623],[114.52958050493646,29.971818969769686],[114.56066320534273,30.03187747486561],[114.50080640469184,30.152549669831444],[114.58807489474066,30.289138110435488],[114.61749678474882,30.56025408006178],[114.85326388961687,30.63588298031533],[114.79382067008794,30.73479907491742],[115.07698727993909,30.884577969997395],[114.97208817472949,31.030425389719994],[114.8501436450133,30.99397410002473],[114.85648285010348,30.946867184972632],[114.75238654540283,30.998398509983303],[114.61840707043007,30.922136299950353],[114.50433008966195,31.016696135218524],[114.51602811470582,31.143379520148812],[114.40071601043564,31.23364264469234],[114.43408006514301,31.308563370203444]]]}},{"type":"Feature","properties":{"name":"武威市","adcode":"620600","level":"city","parent_adcode":"620000"},"geometry":{"type":"MultiPolygon","coordinates":[[[[103.86723977009939,37.606605375237905],[103.8376629349965,37.647270125416014],[103.67168570033488,37.78498818555636],[103.39749591000827,37.86143672972133],[103.3477785598327,38.06040016983201],[103.55009604489663,38.15951593011613],[103.4118416551683,38.40452035483054],[103.85941945984024,38.646256074858],[104.03206320515284,38.89186229530873],[104.16922289961718,38.939123964799194],[104.20006181000457,39.085202770191756],[104.04430106983858,39.29664040513063],[104.08739779996853,39.41929232987718],[103.84781604527433,39.46069023976281],[103.35795228526979,39.33367755547488],[103.01005465000213,39.098543440227616],[102.45407012513624,39.254968874713825],[101.82853124991732,39.09283998028093],[102.07145386010762,38.89054478491397],[101.96713087498995,38.994107310504035],[102.41594330493962,38.892436950405],[102.39272889542224,38.66870618024609],[102.61387057047051,38.47081893544555],[102.5712870699424,38.4170012648965],[102.70287874505811,38.40822589980547],[102.72676478986324,38.22542211493868],[102.67746426016754,38.15800952971608],[102.53271128030138,38.18500051536154],[102.09237269524374,38.03392475472373],[102.2039535096468,37.85757392030024],[102.034762750001,37.6247202798171],[102.12817875464589,37.5468707205074],[102.10121881989267,37.48159873489374],[102.6002692301409,37.17359227995979],[102.64047709504194,37.09990646031497],[102.49536507523811,37.08714860492421],[102.44881325502774,36.968616215466],[102.5595112697294,36.9192479848067],[102.57195484983652,36.882614530236424],[102.63733968507847,36.852900984692724],[102.72985916007224,36.76250495024328],[102.72837926539086,36.755342590288365],[102.72274739507628,36.75313708031206],[102.80425390989006,36.77460214027661],[102.83280391976513,36.763608225039604],[102.8095616996128,36.8422673000959],[102.97493605035851,36.94880728043171],[103.25733984985425,36.95849177017908],[103.39565611024136,36.82597474034202],[103.51634582040333,36.84979312015645],[103.47733287481236,36.93987872032676],[103.36613314542836,36.90734784972352],[103.31469703973664,36.986524224713264],[103.5687528296794,36.97682891971891],[103.77486737472964,37.32603861459046],[103.72848319983984,37.39281119458104],[103.75607267981036,37.53771837040654],[103.86723977009939,37.606605375237905]]],[[[102.7182443546933,36.767905444780524],[102.6121978647397,36.73849940981995],[102.6051395797279,36.681910804839845],[102.72183856539755,36.614725005254854],[102.75084697500796,36.52630434516942],[102.77018704039966,36.52134196975618],[102.78755858516064,36.50367299041625],[102.78896514012916,36.50422319024807],[102.79578050476653,36.49976256998667],[102.79691381512055,36.49961715051114],[102.76845622047824,36.67224131488484],[102.71700767536396,36.65583396476569],[102.68903428020792,36.66507660050479],[102.72132750496047,36.65877647995063],[102.75947599522107,36.67406527039594],[102.72854562468092,36.669091069797105],[102.7182443546933,36.767905444780524]]]]}},{"type":"Feature","properties":{"name":"西安市","adcode":"610100","level":"city","parent_adcode":"610000"},"geometry":{"type":"Polygon","coordinates":[[[109.81944853002568,34.14856874984798],[109.45113500008023,34.30358580014462],[109.4589897004144,34.39185433001336],[109.38380951959374,34.470711430388235],[109.44600807031622,34.550267945209555],[109.42707052528459,34.71922848470683],[109.3537204045731,34.740960959880454],[109.16977409040203,34.69744222018238],[109.12546891515836,34.58055815043832],[108.9509430596745,34.566827264566655],[108.9577553198522,34.42148976044416],[108.79723501488411,34.36275723016212],[108.68384019506902,34.238853700038305],[108.02494979000085,34.22897046011872],[107.94375213025666,33.984486654735406],[107.80572526001282,33.99666425045484],[107.71205901541128,33.9298517549546],[107.65834737043485,33.76930907035734],[107.82795558997856,33.697465734955756],[107.8968304800427,33.75175094055351],[108.1761391997643,33.712770000035505],[108.34168887514153,33.79512277509605],[108.58143849998686,33.765655195031286],[108.6458323551791,33.84266223527396],[108.83842681994184,33.81567632540214],[109.04339386513482,33.924587120099545],[109.50183672478511,33.849016825066485],[109.60128843041679,33.941313480432825],[109.52812777527669,33.98234501011416],[109.5485376049266,34.05128665505515],[109.81944853002568,34.14856874984798]]]}},{"type":"Feature","properties":{"name":"西宁市","adcode":"630100","level":"city","parent_adcode":"630000"},"geometry":{"type":"Polygon","coordinates":[[[101.91310447539126,37.14739869979019],[101.4947571553185,37.336642150315015],[101.0834011999055,37.38296544469955],[100.95127518000561,37.46985825555413],[100.88406145017586,37.43204659017806],[100.92858625964823,37.26080431506716],[101.13209169967229,37.20550832544893],[101.2893827352251,36.996545374769255],[101.28086012459511,36.900040474987975],[101.0408355554166,36.78662497975904],[100.9027966747268,36.79840524960264],[101.00769383020616,36.52617517554398],[101.22593499470429,36.3225355755564],[101.35510849985747,36.40308547521454],[101.59624975991852,36.32576760049443],[101.66887124541171,36.22877266552615],[101.82072980024014,36.295151579881576],[101.91481278977847,36.566313945532215],[101.77853579519086,36.72718976509566],[101.91310447539126,37.14739869979019]]]}},{"type":"Feature","properties":{"name":"西双版纳傣族自治州","adcode":"532800","level":"city","parent_adcode":"530000"},"geometry":{"type":"Polygon","coordinates":[[[101.64697059521683,22.3346320552252],[101.55083057017475,22.331952470330293],[101.44420665521301,22.58699576534235],[101.30078826476665,22.528659434985002],[101.02683073515038,22.59312318998326],[100.90286161027518,22.52834914459737],[100.80927781461952,22.596857669745702],[100.61111859504717,22.44500347483057],[100.41318139020905,22.439288814727092],[100.35065357520239,22.24614887517049],[100.22646652031369,22.29698179027747],[100.09412236985156,22.243312474591107],[99.95828806474248,22.039583400153845],[99.99665787006472,21.97013994969899],[99.94632962481239,21.8142805898774],[100.03016447541029,21.675740345240797],[100.16839330011078,21.665908624783242],[100.10686704477837,21.594236040061276],[100.1298368746721,21.50721162961304],[100.24687823044604,21.46667312536448],[100.42504118530252,21.54278105490181],[100.56383514487612,21.45310511480926],[100.7214946353692,21.515222259799486],[100.88447999465609,21.687242319877214],[101.1206174700203,21.776205879997406],[101.13804321961896,21.572359345107714],[101.22265094488523,21.503237434659923],[101.14109888480573,21.410515790271575],[101.2465090099829,21.29814754477343],[101.22304559977465,21.228042794939086],[101.29106997489947,21.181220789607778],[101.54019396008323,21.253353835311316],[101.59894463508692,21.176407105403655],[101.74939458988848,21.144730529590333],[101.83408864467526,21.210501039991073],[101.7253702752181,21.35031558979267],[101.74340300514461,21.579416270344666],[101.8267747498549,21.6180115096235],[101.74716707530035,21.733913495411514],[101.77348986466558,21.832809845398117],[101.60548214518491,21.967091050111947],[101.54630352958429,22.237423144562513],[101.64697059521683,22.3346320552252]]]}},{"type":"Feature","properties":{"name":"锡林郭勒盟","adcode":"152500","level":"city","parent_adcode":"150000"},"geometry":{"type":"Polygon","coordinates":[[[119.94518225046056,46.604106529792546],[119.79494488010221,46.67751871991305],[119.67028492031284,46.581174344620365],[119.55002648543405,46.631085350308695],[119.36370279005178,46.599325494575965],[119.10927892018606,46.64057939961964],[118.89726894500586,46.77144975460254],[118.77758205986424,46.683171750376005],[118.30662724015508,46.73670962474944],[117.71116711976686,46.51550898025528],[117.58719720528688,46.601318289707365],[117.40861865482714,46.57871341009587],[117.36045300480237,46.359566999717345],[116.82844657484964,46.38148583959986],[116.57937649502924,46.29014428043422],[116.26314612489386,45.965347849823445],[116.28195576474684,45.77678746496957],[116.1707877049887,45.689221685132736],[116.02708795984154,45.68082835474485],[115.68975116498439,45.458630929573815],[115.35785638996049,45.39120770537136],[114.96857657035252,45.375265315541924],[114.73723116488645,45.43730235521957],[114.5440807302416,45.385021105339774],[114.45378018490771,45.21072559051362],[114.10661682001034,44.954695585433],[113.90254645015864,44.91199920469961],[113.6226463551452,44.74441022485206],[112.70401035009763,44.87929687025439],[112.42484947981973,45.07249626039413],[111.9962507454756,45.0900073997218],[111.73837497992145,44.94260742998898],[111.40827235498523,44.35604649514971],[111.65633116515119,44.05861387043382],[111.86383296481955,43.93725132528846],[111.95177784487169,43.82128828992268],[111.94213508006993,43.692672475054735],[111.78491219514177,43.67110861017426],[111.55846040022737,43.48796695541074],[111.14055414995414,43.37810773028758],[111.20866776480557,43.27463402983665],[111.4961930999317,43.17655725001714],[111.74541925979105,42.98557442971622],[112.02184484476379,42.58259947048924],[112.61852013539601,42.333014880432415],[112.73088300474694,42.14261580557502],[113.07151578972196,41.93219775542212],[113.15633421535176,41.941965915394746],[113.36498533510519,42.141512959755346],[113.70240206979975,42.12811776472313],[113.88873735474522,42.056344435247524],[113.90761201468274,41.976242875508376],[114.05036553544119,41.94809774041846],[114.09315316498669,42.12370927546277],[114.31325646031746,42.18736470991348],[114.44111228510394,42.096776814998066],[114.4588918747603,42.16874055972909],[114.3982835547423,42.19803046523384],[114.57558010004163,42.2944062052822],[114.67800797528787,42.271791815340066],[114.67013100504187,42.19602062525172],[114.8027544696431,42.19829950551781],[114.90357263037265,42.001333685401335],[114.93320607959697,41.844827480104186],[114.86255662478845,41.81156158999545],[114.85979542012262,41.59836981031856],[115.09221771967213,41.62169075532415],[115.1975669850284,41.56930642515147],[115.37050295964389,41.60004529495444],[115.3083987046366,41.70097868042183],[115.8235636700274,41.93286459012876],[115.9154620399413,41.94868286542197],[116.0101358795672,41.77490897536899],[116.0919091800647,41.774184299865624],[116.10536227524892,41.851790884841535],[116.19294126522732,41.86212814479808],[116.32768142995405,42.0073628546121],[116.41413036962092,41.98775738039882],[116.38632067985554,41.94196880041983],[116.4904694599976,41.98069386043335],[116.58204475476168,41.92358334019906],[116.78312317009829,41.97144706532987],[116.87657461972299,42.01505917983735],[116.88582870023436,42.10341187006179],[116.77685021986179,42.205667490062694],[116.91794167027194,42.198065045065846],[116.8795267549558,42.53278726971678],[116.58196172035719,42.59798986993661],[116.66776613030277,42.75943185499614],[116.65860886001099,42.93109754981214],[116.39182195511921,43.104621365383764],[116.3634889048891,43.24111712995165],[116.59958312016488,43.41774041488827],[116.6157785450439,43.50315872969168],[116.82562450047033,43.502198365262416],[116.79955975987502,43.605493269698684],[117.04737761018862,43.750860245503986],[116.97963441979266,43.83832422028661],[117.02595024980428,43.952670500343345],[116.95506244497597,44.0229340605585],[117.11361561516856,44.17735203017213],[117.51539868040481,44.22506824490364],[117.6796774149808,44.09384742501868],[117.64190109475976,44.03036422512895],[117.78359900029363,44.017583460408446],[117.89963603997137,44.120992010373016],[118.1081432502109,44.12913291545175],[118.13748083507255,44.20657671054681],[118.25548131960727,44.238880200161134],[118.23942263035019,44.3241999699527],[118.41749316997391,44.311942785131464],[118.60033025493738,44.461380794887816],[118.77476444522301,44.45351208041825],[118.97167718015783,44.55567968017317],[118.99056137021114,44.651773499847195],[118.92403725041879,44.719073919825576],[119.06399911007088,44.7091534398794],[119.17537998989474,44.77500680032364],[119.0618122448393,44.86671249048908],[119.06844804993761,44.929542869807676],[119.22248124011719,44.91478493477695],[119.15027711020059,44.988790860010226],[119.22225385013519,45.01636870994804],[119.15212012504378,45.09805938972909],[119.2060858347935,45.149384939963056],[119.36480017968461,45.102686819840926],[119.29997624530756,45.19101173989992],[119.33060421521247,45.250265550514825],[119.24126803988815,45.30163281040592],[119.29734207527656,45.46625259488138],[119.48933062990466,45.54837948992156],[119.55888293969599,45.654080490022636],[119.67497445041067,45.66767457552129],[119.80140425530226,45.818748760546896],[119.88293388988723,46.207861565259066],[119.82907901528438,46.23347707470731],[119.83112541000969,46.373843180518406],[119.97772779530158,46.417169334896926],[119.90315142469854,46.427455325403],[119.94518225046056,46.604106529792546]]]}},{"type":"Feature","properties":{"name":"仙桃市","adcode":"429004","level":"city","parent_adcode":"420000"},"geometry":{"type":"Polygon","coordinates":[[[113.45952895020093,30.393776995012388],[113.15041725994865,30.432792540543346],[113.0681715851506,30.51432793528602],[112.93866833997197,30.521256904982238],[112.99444673492894,30.47069287457657],[112.95158290492714,30.387343329630994],[112.99874089517618,30.21746927498708],[113.08772857511372,30.148806730146532],[113.36678863498753,30.19530184990049],[113.52653024487495,30.07062647483201],[113.81948226459485,30.162958385421177],[113.75059031978753,30.235231850369644],[113.79862294479312,30.282622989859135],[113.74813738023602,30.37802220016448],[113.61458301029779,30.419723120425715],[113.62331752998011,30.486582045225248],[113.45952895020093,30.393776995012388]]]}},{"type":"Feature","properties":{"name":"咸宁市","adcode":"421200","level":"city","parent_adcode":"420000"},"geometry":{"type":"Polygon","coordinates":[[[114.72028254969996,29.895795195192136],[114.35985953019326,30.034205950044623],[114.20670311515676,30.005762974781533],[114.10041016509706,30.208967905444524],[114.03337055480733,30.19836847512505],[113.96240440014299,30.300414700578017],[113.90170005501363,30.268741454954238],[113.8605668048142,30.192062550346463],[113.95662222973215,30.204342590538147],[114.08115936461309,30.097307904835986],[113.81028205527275,29.92969088052979],[113.63361092010791,29.90754575503263],[113.53209337460964,29.700970405459884],[113.65850631541423,29.686856529805084],[113.73574804004011,29.593323310222615],[113.62530100993376,29.52574695036151],[113.74959760494562,29.451507519756262],[113.6006486204376,29.26948857054117],[113.68746680015272,29.2287095003432],[113.6807038246219,29.080843994754616],[113.81399293502602,29.10754159546832],[113.93948560497677,29.04759995007771],[114.06696235472896,29.208384224952056],[114.24953351466002,29.23865618473519],[114.30244224491378,29.367802505181544],[114.50891422011523,29.325850020262294],[114.92182930497847,29.419300539988],[114.93152425474068,29.49042702039071],[114.88016128011907,29.43862014040718],[114.85471558515621,29.47770582496389],[114.9678521196796,29.522423699993794],[114.86484042524546,29.69750072028205],[114.70847293497798,29.757179609851164],[114.72028254969996,29.895795195192136]]]}},{"type":"Feature","properties":{"name":"咸阳市","adcode":"610400","level":"city","parent_adcode":"610000"},"geometry":{"type":"Polygon","coordinates":[[[108.86457398969793,35.34475097967402],[108.7569130098276,35.49234806461152],[108.62357890993883,35.54476356528636],[108.57669142047274,35.29202458516653],[108.24983661526767,35.25286886500618],[108.16640246030533,35.3064443751079],[107.96310637975569,35.24258587553777],[107.73728486030814,35.31239475021761],[107.71516074477262,35.24401030543129],[107.6536303903303,35.25247287462349],[107.8582811898251,35.000573300117765],[107.81451441980471,34.970828315174685],[107.8502494453557,34.84554178512536],[107.9444940151867,34.86143205024899],[108.00012602029966,34.76454741533098],[108.03085519990759,34.6267195398749],[107.9767673352444,34.57607828468514],[108.04886048971986,34.33149992997784],[107.94937618546265,34.323607110080104],[107.98469511538735,34.22349400974082],[108.68384019506902,34.238853700038305],[108.79723501488411,34.36275723016212],[108.9577553198522,34.42148976044416],[108.9509430596745,34.566827264566655],[109.13500986501333,34.586188789581],[109.17490097969653,34.70238105494178],[109.04074158995246,34.69032778959587],[108.97153939972355,34.82521423534871],[108.81995716519106,34.80616554040739],[108.68603205963188,34.880560634665585],[108.58137027022184,35.036747604918105],[108.6659700301928,35.21461205500236],[108.86457398969793,35.34475097967402]]]}},{"type":"Feature","properties":{"name":"香港特别行政区","adcode":"810000","level":"city","parent_adcode":"810000"},"geometry":{"type":"MultiPolygon","coordinates":[[[[114.2094653747273,22.52434553012216],[114.21774577994381,22.55590512032512],[114.16111384742612,22.56192077002754],[113.99892951518507,22.489295465113685],[113.9149799101948,22.375252900500982],[114.10570130027486,22.368979335128245],[114.30529221536347,22.264288920297474],[114.25073541990378,22.354128925509542],[114.31996781026635,22.393691380253074],[114.35704780521212,22.33533722533275],[114.40569020024259,22.41279708501753],[114.32149425025955,22.480481595549236],[114.21731578979188,22.408031470476033],[114.17710582047732,22.44945492020844],[114.33663421999336,22.508240569846464],[114.30439110546524,22.499294495444644],[114.27441710006917,22.509718434757986],[114.25640691974365,22.549472495459327],[114.2094653747273,22.52434553012216]]],[[[114.04782732487126,22.346349484940845],[113.92983708001725,22.280247309965432],[113.89717123466482,22.291197965114065],[113.8460830254113,22.197418930239508],[114.00428520459855,22.215048125370743],[114.04782732487126,22.346349484940845]]],[[[114.22818602486518,22.28327178036841],[114.13876303978248,22.290329805476176],[114.11636714462804,22.274721900495365],[114.18763759479918,22.24471105527101],[114.21401641012926,22.19417145045213],[114.22349444521251,22.24651645057378],[114.24265759507205,22.208082490314723],[114.26132355473828,22.207868680095544],[114.22818602486518,22.28327178036841]]],[[[114.14923364491688,22.181207240222022],[114.10579076483202,22.234129710317916],[114.10313528536517,22.21814727008052],[114.11415110538928,22.183401130058144],[114.14923364491688,22.181207240222022]]],[[[113.96162440464263,22.317286030525963],[113.8931940053991,22.31089393990345],[113.89421683493902,22.29448707541826],[113.96162440464263,22.317286030525963]]],[[[114.1176620847375,22.33098088056323],[114.07899744477629,22.358596084741578],[114.09192262532895,22.32605532968978],[114.1176620847375,22.33098088056323]]],[[[114.32312169491036,22.342217485048934],[114.3006964350925,22.38028848972209],[114.3039029696464,22.35080486035605],[114.32312169491036,22.342217485048934]]],[[[114.31549796026275,22.549942370543988],[114.28868824017025,22.553585829922156],[114.28670905537865,22.533118629820933],[114.31549796026275,22.549942370543988]]],[[[114.0412500296652,22.205685695438547],[114.02683592523783,22.221627714747285],[114.01824221510617,22.197910420529524],[114.0412500296652,22.205685695438547]]],[[[114.25480557521723,22.15513156476993],[114.2659263146478,22.18077362490294],[114.24981762488358,22.1658740601398],[114.25480557521723,22.15513156476993]]],[[[114.29908761989782,22.50431751034489],[114.30924507030386,22.52623122049448],[114.29567362973432,22.50715285512024],[114.29908761989782,22.50431751034489]]],[[[114.04361740501929,22.2412085304494],[114.03270687042584,22.258683065571063],[114.02645690506222,22.256579750055494],[114.04361740501929,22.2412085304494]]],[[[114.29608429975065,22.24202884525505],[114.28042083015725,22.249437470163173],[114.28714964044366,22.239995335116646],[114.29608429975065,22.24202884525505]]],[[[114.15183658509034,22.238717275282056],[114.15922322966833,22.245268835488446],[114.14394470498416,22.243736830490377],[114.15183658509034,22.238717275282056]]],[[[114.36675023013902,22.476476900088926],[114.35332116483994,22.480722940311523],[114.36093076034638,22.465141950240877],[114.36675023013902,22.476476900088926]]],[[[113.90408480976623,22.156375044772574],[113.91147978026765,22.17012589469431],[113.89880761048289,22.159775650326026],[113.90408480976623,22.156375044772574]]],[[[114.44092257491695,22.54149574992897],[114.42712316969858,22.540688950135007],[114.43992075983522,22.538402594704053],[114.44092257491695,22.54149574992897]]],[[[114.3307570002354,22.328653034909678],[114.31565426962891,22.33850970525873],[114.32080488034103,22.326174624759176],[114.3307570002354,22.328653034909678]]],[[[114.29334129466508,22.373350310068815],[114.28801903035401,22.36699942548313],[114.29631454508024,22.352863400425633],[114.29334129466508,22.373350310068815]]],[[[114.32161134468788,22.53387029038163],[114.30783733002886,22.53276265027614],[114.3189985002806,22.52300082512801],[114.32161134468788,22.53387029038163]]],[[[113.98240395008224,22.193866664814777],[113.99490465962242,22.194256744852964],[113.98741613984305,22.20222754046864],[113.98240395008224,22.193866664814777]]],[[[114.05454445026623,22.34945737016153],[114.06631471515209,22.34566213040307],[114.06479246959691,22.355880419945493],[114.05454445026623,22.34945737016153]]],[[[114.256119070139,22.182720690407564],[114.24367004463693,22.188021774785113],[114.24449148989038,22.178560260247878],[114.256119070139,22.182720690407564]]],[[[114.35367640963864,22.31725686011606],[114.34945274005202,22.324142795453724],[114.34751839006174,22.312947004900423],[114.35367640963864,22.31725686011606]]],[[[114.04578422526185,22.281056025315365],[114.035193090289,22.289290924836337],[114.03782050461268,22.28123949510666],[114.04578422526185,22.281056025315365]]],[[[113.91573366977309,22.183772434949958],[113.90537664541591,22.17922728021489],[113.92091920475752,22.179663794948226],[113.91573366977309,22.183772434949958]]],[[[114.36939739537354,22.314965785043],[114.36095347542266,22.3165499498204],[114.3674500097103,22.306704879826384],[114.36939739537354,22.314965785043]]],[[[114.32938087023103,22.373577879915274],[114.3205505547644,22.37273637978018],[114.32860426967136,22.36579976494727],[114.32938087023103,22.373577879915274]]],[[[113.88524342474432,22.37925593041689],[113.87734361531568,22.38137365037369],[113.88193280535472,22.370242535464683],[113.88524342474432,22.37925593041689]]],[[[114.29505956544665,22.32367723981281],[114.30214899038367,22.325307189974865],[114.2936172948024,22.331686684692784],[114.29505956544665,22.32367723981281]]],[[[114.36669868010006,22.330026504719456],[114.36105635516674,22.3387161347419],[114.36141355958819,22.330733715388703],[114.36669868010006,22.330026504719456]]],[[[114.05371392995391,22.259022420248527],[114.04756654036362,22.262327915301114],[114.04715668513302,22.25836283497688],[114.05371392995391,22.259022420248527]]],[[[114.36399479012755,22.50374963523751],[114.35579827996673,22.500711965484868],[114.3579619453875,22.49587103542001],[114.36399479012755,22.50374963523751]]],[[[114.28288187529836,22.185586579756887],[114.28959495014692,22.18816282985074],[114.28707142460667,22.18995279548517],[114.28288187529836,22.185586579756887]]]]}},{"type":"Feature","properties":{"name":"湘潭市","adcode":"430300","level":"city","parent_adcode":"430000"},"geometry":{"type":"Polygon","coordinates":[[[112.99068655973701,27.812785259831912],[113.06221148477232,28.01398271033389],[112.88078889489168,27.976708885406765],[112.77767503027849,28.07678276990896],[112.72642574525196,27.920385084903785],[112.65005111996322,27.945806240065963],[112.63521011545447,27.88238446477129],[112.47399043021426,28.063431639858322],[112.39254243968196,27.96612229021156],[111.99544285480397,27.91088986017894],[112.12866427503627,27.751081495414724],[112.03993688497928,27.711771435403477],[112.07235068543582,27.64878188057935],[112.29541127001414,27.707360169935953],[112.30043733541481,27.49614752468858],[112.41915093466798,27.530162440344384],[112.53203467516016,27.420752139699516],[112.68188414543704,27.458473344968922],[112.8253559151434,27.341611814933344],[112.9834149150663,27.44456510019927],[112.9653793154032,27.572549580198995],[113.0351614748223,27.62759966009628],[112.98732835991598,27.67602350458111],[113.05325750982627,27.729222740137402],[112.99068655973701,27.812785259831912]]]}},{"type":"Feature","properties":{"name":"湘西土家族苗族自治州","adcode":"433100","level":"city","parent_adcode":"430000"},"geometry":{"type":"Polygon","coordinates":[[[109.77734174482572,29.581755075336503],[109.510069984842,29.627977699611222],[109.38706371012216,29.376207610392953],[109.33322867006711,29.36847301541735],[109.35218646962994,29.292591515386164],[109.25938768499373,29.226289125243],[109.27375721991984,29.124278145120343],[109.22146958485354,29.11676455494029],[109.3164127696337,29.048190259672822],[109.230515094596,28.882944680152946],[109.29601415542896,28.742458440204928],[109.17581501465128,28.623756200288483],[109.30194466991065,28.62404486018221],[109.26809391020583,28.312466195558557],[109.39407681499307,28.274674925007844],[109.29244010482705,28.03409214034008],[109.37385575034267,28.03756404054809],[109.29586760460631,27.95965314028024],[109.35820775538366,27.72489093516856],[109.45466550011281,27.80688387529068],[109.63892029973209,27.832831464800336],[109.61929814039695,27.901656165499674],[109.732773935169,28.031603320536874],[110.05142628479524,27.92609531045025],[110.10706001031127,28.094053885578433],[110.24217409965502,28.21543951002542],[110.16643836533837,28.283320150104885],[110.20889984495193,28.36009752508079],[110.10119265521695,28.463649314564293],[110.15788614992596,28.46924338997053],[110.16523549512209,28.585474790229455],[110.23196132025879,28.56598084004378],[110.20928204962695,28.64398449009218],[110.3918465347898,28.86772143499627],[110.3029318447289,28.946666655441845],[110.34407067522153,29.02168856547496],[110.30072315025325,29.088820695318873],[110.25715862517046,29.07011813504397],[110.19353790005408,29.167290865081384],[110.09262386979583,29.14169877487859],[110.11085353506263,29.289491930008637],[109.93182025500084,29.319179954591277],[109.91651574530545,29.447446384643],[109.8236926250147,29.378503774729495],[109.7292410897046,29.53786137500248],[109.77734174482572,29.581755075336503]]]}},{"type":"Feature","properties":{"name":"襄阳市","adcode":"420600","level":"city","parent_adcode":"420000"},"geometry":{"type":"MultiPolygon","coordinates":[[[[113.11358595003162,32.37719860513158],[113.02495028003148,32.42782720506153],[112.98380579010518,32.37034382500758],[112.86684200985098,32.39937977545634],[112.74944653972614,32.34561349486694],[112.54260702509418,32.413382985036776],[112.31782341501867,32.328599954924016],[111.61606034500898,32.62980124533124],[111.46720823547173,32.43099127003114],[111.22741615543129,32.31578124510844],[111.23273273512768,32.168982365144075],[111.05123314529351,32.06943326023685],[111.09929655499207,31.950719775197513],[110.98966373958996,31.992623145441883],[111.01900363031336,31.834295765337345],[110.93469845047315,31.879883270396647],[110.75965793546538,31.838262055249686],[110.90370779477894,31.65879563021423],[110.97266127030144,31.6519437549004],[110.94285796522297,31.56874324020845],[111.03684381538983,31.567213755110743],[111.08288388538307,31.419992040000693],[111.21712176525733,31.463986965326228],[111.26811800983836,31.385250804880798],[111.51280234515218,31.298333640385238],[111.73392586468697,31.36966875990538],[111.73489976481238,31.293425660465914],[111.85702201495411,31.231325185309117],[111.94078375966285,31.274198405132324],[111.94716298008751,31.441389280291105],[112.17599072988833,31.46931816979776],[112.20329633525773,31.530412049976178],[112.42946033542626,31.504654335229418],[112.54110502507694,31.57288640968011],[112.71268549473984,31.476871865244448],[112.74244476001775,31.739741975311972],[112.967152915175,31.83030810483524],[113.02693457477085,31.959142935198372],[112.97787288522557,31.977605909784984],[113.04898139987176,32.114802235434865],[113.01756212998839,32.26513541057079],[113.11358595003162,32.37719860513158]],[[111.10704849968857,32.05150986538803],[111.14444756510312,32.03788741527205],[111.07855995038148,32.00314689511316],[111.10704849968857,32.05150986538803]]],[[[110.99077317024569,31.943086295496187],[110.96876858989856,31.944293434794247],[110.98715164982883,31.922595089791628],[110.99077317024569,31.943086295496187]]],[[[111.03549111002678,31.429097920332822],[111.05516135521242,31.432075695237188],[111.04870476521279,31.439233029780553],[111.03549111002678,31.429097920332822]]]]}},{"type":"Feature","properties":{"name":"孝感市","adcode":"420900","level":"city","parent_adcode":"420000"},"geometry":{"type":"Polygon","coordinates":[[[114.55408104030778,31.565656085260173],[114.57953707477623,31.76649429527555],[114.29156304989488,31.750656850033636],[114.16448777459118,31.85608203975437],[114.09994758980952,31.785451094792222],[114.1299007300347,31.680670885353152],[114.05553855006406,31.438041474834222],[113.94258563461938,31.384443469990174],[113.71735292469782,31.472067089724476],[113.6277554000917,31.38875152476311],[113.32728526480321,31.41760928983689],[113.32400816494487,31.32027023018702],[113.48268124534331,31.212830040174254],[113.46203072024161,31.053549074730086],[113.32176149030056,30.913112480056952],[113.42896297506127,30.786452310225968],[113.43058438526123,30.495380514798967],[113.45674640012635,30.395839234892833],[113.5919613547328,30.49397092012191],[113.67469891462326,30.393081110404978],[113.76998034971348,30.435695985581333],[113.93955566486216,30.596454420235375],[113.9019566199022,30.773096570250573],[114.17237334505387,30.757802270558386],[114.15184795971561,31.030538410219492],[114.24227537510853,31.182595170230968],[114.1733134099859,31.261549380299698],[114.27632082004982,31.362913190291522],[114.43512533007004,31.308725044924927],[114.42670652998243,31.38736570006705],[114.55408104030778,31.565656085260173]],[[113.45180554009369,30.50731672528667],[113.44279609046725,30.50459721498953],[113.45115697961103,30.513291284964907],[113.45180554009369,30.50731672528667]]]}},{"type":"Feature","properties":{"name":"忻州市","adcode":"140900","level":"city","parent_adcode":"140000"},"geometry":{"type":"Polygon","coordinates":[[[111.92703474975394,39.61047969018563],[111.77524818475598,39.58633394995189],[111.48627848536387,39.65901916500252],[111.34683546528453,39.42655933494541],[111.13900797523792,39.4092315152223],[111.10831601047556,39.36887165050632],[111.24179403516666,39.29990600535791],[111.13074906471763,39.061982284854594],[110.97964963032626,38.98332063503932],[111.01032152042188,38.887710204562325],[110.93952715965077,38.728736475408084],[111.01210722956506,38.64979928500907],[111.20034499522541,38.72631041029723],[111.26241320540515,38.59427439005111],[111.42532698495245,38.57260589534587],[111.49515610517017,38.48667133461447],[111.72669923018537,38.60106431016982],[111.76556644513539,38.53540683016115],[111.71200385019756,38.506238450044464],[111.83753226460237,38.31631689540848],[111.76116876482672,38.25703985980175],[111.90955765516173,38.1778464498538],[112.23056460976898,38.14032766039327],[112.21462829036341,38.25258934971879],[112.2737744602232,38.31221988543939],[112.61742098039394,38.20766710465318],[113.08308247507625,38.41605426978879],[113.54060910992257,38.51607204468917],[113.61495639981808,38.65050141540803],[113.82422262977059,38.75805006006226],[113.849636594853,38.81827491005913],[113.76173085509492,38.97697921491891],[113.95735467987458,39.09989355014727],[113.96181783982149,39.26690984531314],[113.89424815472864,39.37247490029648],[113.5644790145949,39.43883762505641],[113.37896493028734,39.302142569823786],[113.05801553498895,39.35222758983144],[112.6218120102161,39.08597841477206],[112.51473658522525,39.144854139606934],[112.28962744035414,39.09789000002354],[111.9125232199707,39.46146065478547],[111.89631628017224,39.510646689992825],[112.00267636462263,39.527102189814286],[111.92703474975394,39.61047969018563]]]}},{"type":"Feature","properties":{"name":"新乡市","adcode":"410700","level":"city","parent_adcode":"410000"},"geometry":{"type":"Polygon","coordinates":[[[113.99065849529336,35.70625151469568],[113.77991427992015,35.674857190207206],[113.73763937995352,35.81477783033267],[113.58043318014722,35.826615100106835],[113.61936178012206,35.63314494478345],[113.54505468992204,35.65461677034773],[113.50121309001213,35.51537028541037],[113.37672262005299,35.50084193021098],[113.54240929994933,35.23096499523837],[113.52560497468994,35.15122728501126],[113.64369437969196,35.03485908977524],[113.5803112095947,34.945391500117694],[113.88777938970713,34.879987750334465],[114.02160752496741,34.96713977997689],[114.25537522468699,34.89575942006121],[114.7642994652482,34.89648183017238],[114.74138695994031,34.95423090503232],[114.87939313498521,35.10369521995847],[114.8428242652277,35.16979199000838],[115.01567737990717,35.332056604728564],[114.85249675532111,35.389237510402836],[114.48202476972745,35.20780468533803],[114.38872022525823,35.21780737051381],[114.4222552150062,35.469622305325174],[114.3090639351525,35.44524029520352],[114.09330193533606,35.55657860471888],[113.99065849529336,35.70625151469568]]]}},{"type":"Feature","properties":{"name":"新余市","adcode":"360500","level":"city","parent_adcode":"360000"},"geometry":{"type":"Polygon","coordinates":[[[115.40228426960346,27.875952599832658],[115.13621313512817,27.898313325199865],[115.1580078101124,28.052318680462804],[115.093216834989,28.093834905156825],[114.88099252978145,28.02912678996944],[114.77441070489022,28.04384921526912],[114.7772199396486,28.111668839945082],[114.58347469969772,28.083234064700378],[114.60675186031017,27.98671305985988],[114.4798641197334,27.898310965378812],[114.58072316993844,27.814140610101106],[114.52975150023155,27.568895710268862],[114.63387183481734,27.534891984877277],[114.77783731973659,27.63185861548277],[114.87067762966899,27.593196294873167],[115.05034556489602,27.735407220466925],[115.15196717544484,27.71636365975513],[115.40228426960346,27.875952599832658]]]}},{"type":"Feature","properties":{"name":"信阳市","adcode":"411500","level":"city","parent_adcode":"410000"},"geometry":{"type":"Polygon","coordinates":[[[115.40467788537615,32.57836742481686],[114.95756494026989,32.663772534874624],[114.80966754022484,32.62429993499404],[114.78716923477248,32.51207988517859],[114.71543979041405,32.5509128098783],[114.56457543970487,32.50631769500569],[114.56651410464224,32.428867639729845],[114.64005336986713,32.38805336017447],[114.57444593982837,32.31078868484997],[114.41541336533464,32.27996458539735],[114.19073402985168,32.49391452053874],[114.07716857986611,32.452740774766994],[114.05582312523711,32.54682012025239],[113.96210906548106,32.504283200109626],[113.915367644801,32.6081372049681],[113.81541664546182,32.62249615037712],[113.70580015545283,32.42259854488697],[113.7657235347134,32.36475184052506],[113.73243344025116,32.255074460118294],[113.77725674999908,32.188357090407465],[113.71527810510054,32.12409851033806],[113.78642757037608,32.03874676515113],[113.75033102006057,31.995865155552565],[113.83408684543167,31.85479573043864],[113.95223136538527,31.85968614479981],[113.98170373973585,31.75142498977152],[114.1671839546758,31.856322434832578],[114.29156304989488,31.750656850033636],[114.57664300966724,31.76741285022291],[114.56163314485377,31.55810612469793],[114.63992486034408,31.583459515044638],[114.82560220038135,31.459404159574376],[114.99108212523993,31.471277059588658],[115.16701672464217,31.604688254759196],[115.23148471994398,31.55705050497687],[115.24668987523762,31.39385412516782],[115.3692830247918,31.40657773527431],[115.36646843546998,31.49619650996101],[115.51846367465896,31.701682464873898],[115.67396866472211,31.781260530149382],[115.90540284046881,31.79519549557574],[115.93386995983087,32.16423821472188],[115.839254085108,32.50612718981802],[115.9245172551673,32.56965328557072],[115.55826025530655,32.405621254817106],[115.40467788537615,32.57836742481686]],[[113.74847600016733,32.29146499971],[113.7635819998095,32.28002500005374],[113.75600900041513,32.27062700013602],[113.74847600016733,32.29146499971]]]}},{"type":"Feature","properties":{"name":"邢台市","adcode":"130500","level":"city","parent_adcode":"130000"},"geometry":{"type":"Polygon","coordinates":[[[115.2490628102006,37.64488952013528],[115.23753850989442,37.7218985352892],[115.10444980981094,37.811486509994495],[114.68516870027531,37.563999104774894],[114.45601749491152,37.57905819487985],[114.28042796537841,37.492115665006],[114.14630405029175,37.534474780187],[113.76623587488575,37.15228547549435],[113.76119922536407,37.01389410013269],[113.86573392528044,37.02110967477171],[114.09375507044024,36.83848264535783],[114.54602235484788,36.8331548097467],[114.55326634986227,36.88859378977162],[114.86244622491336,36.96988991988394],[115.09161144980862,36.964003785146645],[115.15340104012591,36.8510382953811],[115.31307413516322,36.871928675068375],[115.32326915025112,36.773159449648915],[115.39481984985628,36.75683077492039],[115.67755763957348,36.812046564797186],[115.83299929488157,37.09514968520983],[115.70951837956966,37.258044310096864],[115.33593603472025,37.44672843536904],[115.44910423976887,37.500937280431174],[115.35728251457647,37.56583059480613],[115.355517759637,37.52362352980214],[115.18401575492317,37.565954689557316],[115.19371641538032,37.64395108027816],[115.2490628102006,37.64488952013528]]]}},{"type":"Feature","properties":{"name":"兴安盟","adcode":"152200","level":"city","parent_adcode":"150000"},"geometry":{"type":"Polygon","coordinates":[[[122.41174881975235,47.348175635197435],[122.07760127987524,47.17822482971218],[121.74529988987808,47.28292118996097],[121.6378600901711,47.16677851051992],[121.51957690015388,47.19693197023429],[120.96355102985615,47.09485337008704],[120.61752225504813,47.24139082522646],[120.72637235989657,47.38215255539615],[120.58836575047906,47.5438738599907],[120.2608396697151,47.654899870033034],[120.01465986975722,47.551062460364335],[119.90125297024849,47.56775664475339],[119.76071478995561,47.4348561601837],[119.47627887517001,47.33291494496876],[119.7148675849711,47.17738861039612],[119.85306759539333,46.915800804963226],[119.92085222025378,46.90256180508328],[119.90315142469854,46.427455325403],[119.97772779530158,46.417169334896926],[119.83112541000969,46.373843180518406],[119.82907901528438,46.23347707470731],[119.88293388988723,46.207861565259066],[119.80140425530226,45.818748760546896],[119.67497445041067,45.66767457552129],[119.55888293969599,45.654080490022636],[119.91226009472769,45.56000199979252],[119.90070189987284,45.503042075531425],[119.99346770007435,45.47852331539872],[120.02142431478035,45.59314481498126],[120.31360388521125,45.55406312970973],[120.5334162147866,45.43305231481253],[120.54869196506218,45.355709359799164],[120.9625526546813,45.181884319905464],[120.93999423044943,45.12124927473428],[121.02734249036371,44.99636887042709],[121.39545074465616,44.84924286026984],[121.8237974502922,44.409616375495375],[122.265755854649,44.25362087000718],[122.28043842469356,44.47579215008773],[122.12573394996184,44.575432455243686],[122.09706814517881,44.67185778480899],[122.15551479986823,44.726219220540656],[122.09288317971505,44.74270233044825],[122.16326278484973,44.76819523981851],[122.09388920002664,44.78026848989896],[122.03898218517975,44.89743899551331],[122.10380554039341,45.13987715530652],[122.22429474040996,45.20483362996811],[122.23321753046469,45.274273215136816],[122.1412694046594,45.29342231488795],[122.15894562534038,45.44188622037285],[121.99660540461582,45.50587412968741],[121.94334131984613,45.70918989999393],[121.75084135044801,45.68876499500857],[121.63896373009209,45.75069346043489],[121.81122054029572,45.873744060040394],[121.7558748397521,45.99702553000424],[121.99750225982154,45.980537560160315],[122.25295147013435,45.792878025300695],[122.36703583973224,45.85400211010932],[122.35600387507884,45.91535236991598],[122.43989548009245,45.914828250423454],[122.53616043985244,45.772076665006125],[122.7360880701084,45.7031229997267],[122.82120327021482,45.8962669754406],[122.78711503463126,46.07131862495464],[123.10566492539601,46.127992000030815],[123.17204654041552,46.246139205360066],[123.00509809999733,46.43307852985032],[122.99668868973129,46.573504099734464],[123.07133707984246,46.62089486960258],[123.2219549047951,46.586464920419814],[123.27083344470782,46.65965665523049],[123.62527805993454,46.72770458539833],[123.5998960099929,46.88898557472453],[123.55620049955348,46.82368374510878],[123.47831566523587,46.84245934022641],[123.52085033527487,46.95721856018844],[123.4118638302516,46.93246738466212],[123.334765050167,46.9843241554355],[123.29496572478843,46.99805596491092],[123.39795358988636,46.933523540379156],[123.36767053516712,46.83550003010237],[123.22882266033753,46.861780715008024],[123.14914440519021,46.740084120285985],[123.00044769490523,46.7260619053327],[122.9010057199381,46.805646864811024],[122.88924428459609,46.95843574491374],[122.76855171458999,46.97201554468171],[122.8462651696019,47.07022697999116],[122.62034722484464,47.11548385469621],[122.41174881975235,47.348175635197435]]]}},{"type":"Feature","properties":{"name":"许昌市","adcode":"411000","level":"city","parent_adcode":"410000"},"geometry":{"type":"Polygon","coordinates":[[[113.88280645985026,34.331656385034194],[113.65529591017821,34.27602951505014],[113.31956825966756,34.40701384471322],[113.05831414498186,34.23228749527175],[113.15650658481115,34.09891338994106],[113.39028778515319,34.04223239490915],[113.36548663969677,33.786836359710264],[113.44537408524593,33.739368730182775],[113.72775868961185,33.69756168542352],[113.73002118512966,33.86982431514008],[113.85035187963558,33.874270979721985],[113.85186847025375,33.94115664046666],[113.95738069995934,33.98683361008307],[114.04251449534775,33.98704738522872],[114.15380555987872,33.80304276531143],[114.29084486479871,33.76623586479337],[114.27049941491612,34.23466213984591],[114.13097811514797,34.196411255475084],[113.88280645985026,34.331656385034194]]]}},{"type":"Feature","properties":{"name":"宣城市","adcode":"341800","level":"city","parent_adcode":"340000"},"geometry":{"type":"Polygon","coordinates":[[[118.71482158484832,31.32452966041552],[118.64225445527893,31.249223050203682],[118.72860767470445,31.151923155129566],[118.48916023016056,30.943027060050838],[118.47502055025825,30.76573565977293],[118.42539334003072,30.84318031461987],[118.31347847964821,30.82404823993437],[118.30505059011273,30.70240153510281],[118.17483189017969,30.697947684937787],[117.96264021957052,30.516976530442605],[118.12208071485315,30.512491124865562],[118.11522146509856,30.426164965141083],[118.22018711474357,30.457417714755763],[118.30035631968849,30.353804694930773],[118.28360627031316,30.19836270507483],[118.36644494008203,30.098076964580287],[118.49381724526972,30.08052673981723],[118.54176446525798,29.956624484932092],[118.73808594541015,30.0931967746115],[118.86172887988391,30.100948745388337],[118.89395182531655,30.144898190199342],[118.84346039538104,30.165756705107924],[118.92733744486725,30.207943115382534],[118.8757793551332,30.317563899654317],[118.94880788547562,30.362045695452537],[119.22299759036662,30.290629615364537],[119.39340128544109,30.367901469976914],[119.32550973478646,30.535768320551597],[119.24141577961461,30.52824255534972],[119.23514850499953,30.61189877001226],[119.38463965479627,30.691304505398648],[119.43977093987701,30.654428349888462],[119.47728049509885,30.777085720030016],[119.57370840032252,30.831355389839416],[119.54806434998977,30.902895505323386],[119.64518810025072,31.10531218470959],[119.38072400480905,31.170721129876313],[119.34866722531228,31.30464241511544],[119.34234221512122,31.25970404970218],[119.18072230009409,31.303463894942865],[119.09903948488443,31.23574472993539],[118.79751030975308,31.230601779648453],[118.71482158484832,31.32452966041552]]]}},{"type":"Feature","properties":{"name":"雅安市","adcode":"511800","level":"city","parent_adcode":"510000"},"geometry":{"type":"Polygon","coordinates":[[[102.99167755527503,30.780322085096202],[102.88444777964139,30.768912680375934],[102.89253460488817,30.90473327532044],[102.81360860025677,30.941222850054544],[102.47047005494915,30.770976799839502],[102.40937600030225,30.26950212042658],[102.26687147034215,30.08046062525773],[102.27008565542872,29.87520409009676],[102.35587557010155,29.77483065041423],[102.27497970035296,29.611504830283764],[102.31402723027253,29.538229159947832],[102.20421692017476,29.462541360395505],[102.16409109502808,29.536338304769004],[101.9363029696064,29.50174357010974],[101.95705752018847,29.318889569797875],[102.12361095498164,29.24096456006646],[102.05139499987939,29.18019602043006],[102.12967000506671,29.177326420477982],[102.24603602034614,28.91361650999397],[102.34817107993143,28.85782118979614],[102.46065515001521,28.874683964693247],[102.59900972961537,29.205756760266297],[102.76773668010378,29.16037003964567],[102.78728474519488,29.26100601481579],[102.87183952017779,29.20569922523913],[102.9309392697316,29.300792270347074],[103.00139103466859,29.289920705176428],[102.9944191852972,29.38324096529834],[102.84665476530523,29.500651974808818],[102.92228594534015,29.562811950011508],[102.93337648014051,29.715473204624743],[103.14978179469415,29.67163355534433],[103.16761444525054,29.78811252457342],[103.08581078543943,29.899184980102802],[103.29903226522691,30.08768771481624],[103.39248776000215,30.097080149729152],[103.3699380250199,30.23024257983127],[103.30341684511137,30.26851573501324],[103.22667147970509,30.209445420269958],[103.07743383530334,30.22232399975286],[103.05975321513881,30.311122105300967],[103.18487718013779,30.513019900148322],[103.1329960296431,30.659391889923825],[102.99167755527503,30.780322085096202]]]}},{"type":"Feature","properties":{"name":"烟台市","adcode":"370600","level":"city","parent_adcode":"370000"},"geometry":{"type":"MultiPolygon","coordinates":[[[[121.92248293983585,37.469224479925856],[121.76657026460612,37.42390674989662],[121.5077923900069,37.45226601536439],[121.37310778000005,37.55504799057235],[121.43245934512277,37.59507658012012],[121.38666520013896,37.61899079528905],[121.17466023508189,37.58366514473067],[121.13771929960603,37.71184163987982],[121.01556452997909,37.71653675027085],[120.93035367528194,37.81653483001844],[120.72975585494885,37.82579111027155],[120.22164001047815,37.68676339981113],[120.32422711518927,37.64555212533037],[120.20836462492753,37.59222638483982],[120.2217212354467,37.52839208962331],[119.83782713541405,37.37088429047765],[119.90630299538702,37.29661823544325],[119.87371302493625,37.22781757002491],[119.7497726549841,37.12223148529489],[119.59425274966475,37.14800214488315],[119.55382285024439,37.069954445141605],[119.72535390036228,36.98799680520847],[120.02828852969196,36.997145330492685],[120.19998348035335,37.03748672493248],[120.23154856991061,37.1250225402581],[120.3434039446364,37.07635931513033],[120.51164328001346,37.14827225985698],[120.5310362003604,37.04856240473123],[120.60919706988898,37.023446730382375],[120.5555715296025,36.960271665205255],[120.60758866478511,36.82846806035275],[120.53680116494183,36.76766136517989],[120.65576422983543,36.64820072967996],[120.63164124514742,36.575366965513126],[120.89518521002947,36.65968362969579],[121.0132595648771,36.5793025201952],[121.0486305097902,36.63616794999098],[121.47205899492678,36.77211749512634],[121.35539176971452,36.845771975196556],[121.3577207745941,36.92193166971083],[121.17437855032995,36.997820654799455],[121.19133732515752,37.07037494025133],[121.29495026044617,37.14404710548956],[121.39070450510894,37.09565179469462],[121.72903546991108,37.12484237997194],[121.7409931903835,37.23817309970883],[121.92248293983585,37.469224479925856]]],[[[120.75984236463353,37.92168773020461],[120.68093359011311,37.98972153472113],[120.7591916196975,37.89479625993948],[120.75984236463353,37.92168773020461]]],[[[121.60473013978424,37.452306250133404],[121.63056774040899,37.484605480558514],[121.57386441521066,37.445919475403514],[121.60473013978424,37.452306250133404]]],[[[120.77898743991852,38.15846529983378],[120.75268483493721,38.178597280340284],[120.74087094034167,38.1995038900925],[120.73652368502007,38.15982081018228],[120.77898743991852,38.15846529983378]]],[[[120.80191506462859,38.285807550578056],[120.80892969025308,38.312995539912265],[120.79481919514978,38.289178165539965],[120.80191506462859,38.285807550578056]]],[[[120.62625758501963,37.976299000298695],[120.59505799523038,37.967864499846826],[120.61997252541175,37.945762799913325],[120.62625758501963,37.976299000298695]]],[[[120.90124644996376,38.36003832520862],[120.89163745470478,38.36475684045587],[120.91324637022387,38.34530937982407],[120.90124644996376,38.36003832520862]]],[[[120.92648356516452,38.38364544977776],[120.91068010979927,38.39943071005928],[120.89500683489757,38.38429121516748],[120.92648356516452,38.38364544977776]]],[[[120.68291002477793,37.93158077003653],[120.6679908547942,37.946643770393734],[120.66909463500951,37.92971344022317],[120.68291002477793,37.93158077003653]]],[[[120.44741457002647,37.77099041507563],[120.45022942015169,37.78655479556744],[120.43300301967372,37.78302576053045],[120.44741457002647,37.77099041507563]]],[[[120.85083369991537,38.34334396545171],[120.83829259462755,38.354705705204196],[120.8361011401555,38.336101279850254],[120.85083369991537,38.34334396545171]]],[[[120.92853766528106,38.026768074886775],[120.9440593504587,38.0292025054913],[120.92782764962635,38.035799405018565],[120.92853766528106,38.026768074886775]]],[[[120.63912827475019,37.96562310512223],[120.65371507509076,37.97453526519041],[120.6479646696339,37.979293405466365],[120.63912827475019,37.96562310512223]]],[[[121.50623539464777,37.552835415522054],[121.50601738459466,37.563697910130486],[121.50200444504912,37.55560183985307],[121.50623539464777,37.552835415522054]]],[[[121.18715994997183,36.661811935572416],[121.19412124489963,36.662326935040085],[121.18904113024405,36.67148369991287],[121.18715994997183,36.661811935572416]]],[[[120.63346427975273,38.13654926044006],[120.64247182461509,38.137667235554545],[120.63954310503038,38.14396750539612],[120.63346427975273,38.13654926044006]]],[[[121.17828251002993,36.65518687557392],[121.18649425020953,36.655836499954546],[121.18308924966925,36.663187454937145],[121.17828251002993,36.65518687557392]]],[[[119.81262752464056,37.31336384486559],[119.81922075493401,37.3130501649332],[119.81747040983157,37.31586645037646],[119.81262752464056,37.31336384486559]]]]}},{"type":"Feature","properties":{"name":"延安市","adcode":"610600","level":"city","parent_adcode":"610000"},"geometry":{"type":"Polygon","coordinates":[[[110.41384324516969,36.97263405991396],[110.35622888965162,36.94284483012484],[110.2063233799201,37.015215644886155],[110.11258580469121,36.96871199955916],[109.96273091959631,37.15566209522956],[110.00974076002814,37.27050517517375],[109.91046663003101,37.31177807479838],[109.89519885494326,37.265065345189555],[109.76263801013613,37.26960438543409],[109.80752421037408,37.31905985482848],[109.73700108962862,37.42155544542754],[109.48453989480038,37.49999024035736],[109.29280617026859,37.33537506041074],[109.00918539019364,37.303427970324606],[108.94134604968053,37.23303667040608],[108.85802825979641,37.26049890979692],[108.87425447476426,37.15099458503215],[108.7371872395995,37.08127190497447],[108.80889879014711,37.02578006999431],[108.76872154985972,36.98070587457653],[108.6527502047582,37.03736723021353],[108.48968894988519,37.004670635241666],[108.5463955198374,37.16611306546565],[108.4456740748987,37.25639044516299],[108.41200166964143,37.40781554475166],[108.20983577969753,37.321761564844394],[108.28222626982654,37.25548578474121],[108.20721809963567,37.168028375009555],[108.12540316502412,37.20657718049256],[108.09112979500412,37.12516128496537],[107.89042304968405,37.080524120491816],[107.85384979033563,37.21393003484326],[107.77797604515843,37.23934791557389],[107.6807414597506,37.13311906019652],[107.70602047526478,37.06576108990242],[107.64931626963022,37.05810277991941],[107.74818151026852,37.00026956988478],[107.68746022011311,36.976466275298435],[107.68881202525483,36.81032132516907],[107.90089081475935,36.74517636969375],[107.9342018697206,36.65557512009576],[108.00724628029167,36.68132535518106],[107.99870584959535,36.633981980484066],[108.13351831531804,36.563392420523826],[108.21679984004066,36.63143971487102],[108.20431951543333,36.57384911494478],[108.34467111967649,36.555841684745985],[108.396325739941,36.44629174996436],[108.49119225032217,36.42125795529046],[108.50665097486268,36.47482535530594],[108.62822258000813,36.41700542555998],[108.70900667481823,36.14319973028336],[108.64672690002647,35.94413299494181],[108.49293958539363,35.8771665903659],[108.5140787202568,35.64903354526194],[108.7569130098276,35.49234806461152],[108.85678629964809,35.34395135467133],[109.04996222018036,35.54912880974683],[109.172189385232,35.581224185447866],[109.23769999515872,35.522928769746954],[109.45948816045029,35.50805525024964],[109.4934106051154,35.35235563520445],[109.5668430299819,35.44855218983173],[110.08239565533529,35.40706396552963],[110.27064681459888,35.5416033997771],[110.12378778527813,35.68082233038626],[110.54610075044934,35.873611869792],[110.44404897528005,36.13616930986581],[110.49807785970552,36.48970503965592],[110.4917258698531,36.58201764989468],[110.38610176538424,36.68296515022155],[110.44703137539773,36.73032608957743],[110.37679220479646,36.769466264956236],[110.41384324516969,36.97263405991396]]]}},{"type":"Feature","properties":{"name":"延边朝鲜族自治州","adcode":"222400","level":"city","parent_adcode":"220000"},"geometry":{"type":"Polygon","coordinates":[[[128.43559036490365,44.444656445438795],[128.34027882500789,44.50717469525608],[128.16143184490375,44.341920699880404],[128.06419239506306,44.3717367951171],[128.09557360024166,44.13279032511355],[127.77746917965908,43.99433310049227],[127.75624713000116,43.934862425560596],[127.84519777495757,43.893895719911654],[127.80145787488107,43.826074655421166],[127.91043853970689,43.654702535293836],[127.69196298040731,43.48235865992433],[127.69426645982946,43.38498823551885],[127.61328494044778,43.33487488506796],[127.62792192026052,43.22099573536508],[127.47400557989363,43.13638671057839],[127.46401710490557,43.025404055053116],[127.81363000542069,42.87314515982138],[127.84338324973737,42.7242681750364],[128.02226327003405,42.559980664875866],[128.00317985496645,42.41365400003224],[127.80246776497552,42.30338629024516],[128.05639011531173,42.00835450465678],[128.56401910459817,41.99722302552226],[128.74494674539608,42.05129916482463],[128.9132423504542,42.009717949723665],[128.96226430975014,42.093725140103174],[129.22116853010368,42.20431360478915],[129.17638605047603,42.259630140318905],[129.23632280535332,42.308116515564905],[129.19286622499635,42.314713205550106],[129.35141393000913,42.454382625457924],[129.54569338973818,42.36022998972243],[129.60989415958795,42.46193721483064],[129.7051456400593,42.427353254948855],[129.74732340964772,42.647195879985986],[129.80379918028802,42.67894116490288],[129.7607097454586,42.726402920058774],[129.90104153044228,43.004921025085366],[130.12398502508893,42.98627466524374],[130.10766082538703,42.91228378476893],[130.26112884022393,42.90405582981282],[130.24982399967791,42.70765908989523],[130.4305793447611,42.60632789021997],[130.43651693510867,42.54654422513596],[130.51702046032608,42.6115251199883],[130.56338076541022,42.440641515193875],[130.6363699845873,42.41700965027525],[130.56792933037434,42.499693485565956],[130.6275878404067,42.58854085507659],[130.58870001479386,42.663325135446655],[130.39924650961882,42.728138175436584],[130.79984095529596,42.87596176542331],[131.0274344404471,42.861254189729266],[131.0260521051207,42.92558613469237],[131.13663250468653,42.93538439497394],[131.08824107986197,43.02216901019182],[131.20582023471616,43.13594884056664],[131.30818377516118,43.49352190491214],[131.13471566989233,43.422993405321506],[130.99392899522718,43.50563881527927],[130.85432514039303,43.435724000462244],[130.61709849519968,43.62177958995625],[130.40596190022154,43.649394730282665],[130.35844567043137,44.04128017004393],[130.072232760034,43.8347235101819],[129.93180125012793,44.02571122998944],[129.72878115982292,43.87698137519038],[129.24802756002407,43.81704891997185],[129.21803185488636,43.5850763300088],[128.87592196043033,43.53879746033459],[128.72108495530676,43.7382370105297],[128.75255208980718,43.859516934958776],[128.63022317006346,43.88923948001809],[128.44362274969023,44.201332779883955],[128.43559036490365,44.444656445438795]]]}},{"type":"Feature","properties":{"name":"盐城市","adcode":"320900","level":"city","parent_adcode":"320000"},"geometry":{"type":"Polygon","coordinates":[[[120.96632706973855,32.650837549913035],[120.94474848025823,32.68897523032268],[120.89236174979499,32.69693898964272],[120.96868676488236,32.87601609007055],[120.90989074516187,32.87225586541592],[120.90527800007965,33.02515599974964],[120.81233774039447,33.04666939467688],[120.86122255038049,33.05576210533695],[120.83616944456423,33.215269695440156],[120.72616445462597,33.3492205701732],[120.69195844022988,33.330718004732205],[120.6711806601594,33.33008415985614],[120.70529995023253,33.42530491498991],[120.54176211492972,33.55564246482794],[120.58111782003141,33.65709650020335],[120.46814040975221,33.799417654801005],[120.27616164514382,34.297172370408646],[120.00879852033552,34.425383055083955],[119.78993430012792,34.45264631047888],[119.73357307523725,34.309134140528215],[119.49741066527008,34.17276866524173],[119.64209305015424,33.92563092992356],[119.45041095030513,33.64432057473476],[119.49278306968301,33.52146097044749],[119.61280390007994,33.455632319775816],[119.55951308476108,33.39329045039403],[119.64240781017236,33.282584179916],[119.70455806010648,33.28727520468698],[119.74268267516538,33.13242670982487],[120.07642589513898,33.18346178533318],[120.29194172982704,33.131280665070676],[120.29618625019532,32.95694824476573],[120.17085110459482,32.931827654722554],[120.20578076027391,32.85515669022914],[120.15288991483771,32.78528736492001],[120.22872044039605,32.77933502029498],[120.10764381491015,32.61546252027915],[120.20733117529358,32.605381030210424],[120.21966042998497,32.67802366955675],[120.37566472994342,32.71465718977754],[120.43798601024628,32.63214415462909],[120.59557550020918,32.651740304671364],[120.64774540502651,32.57638202031404],[120.96632706973855,32.650837549913035]]]}},{"type":"Feature","properties":{"name":"扬州市","adcode":"321000","level":"city","parent_adcode":"320000"},"geometry":{"type":"Polygon","coordinates":[[[119.5607351447112,33.39754051508277],[119.29049181964183,33.367702165222795],[119.22833666480528,33.349141679844706],[119.25815011963243,33.303223869985686],[119.1466894402655,33.28771093521152],[119.14224685500847,33.21479839043343],[119.35910378031531,33.046256450274996],[119.32965202022467,32.82442013528106],[119.17951347007067,32.82780657471369],[119.2163580548804,32.57991335491744],[119.17134984002314,32.5955987949485],[119.08030201022962,32.45288420044557],[119.01293873483485,32.459801135414125],[119.03099668534878,32.260244939552365],[119.3780250997786,32.22724283049229],[119.57241272007104,32.28702310513222],[119.61856011515727,32.220799255481325],[119.8443713796355,32.33291357470176],[119.80957732463389,32.62572155000959],[119.90730794010938,32.627122405075],[119.63544663485436,33.11877382485221],[119.70455806010648,33.28727520468698],[119.64240781017236,33.282584179916],[119.5607351447112,33.39754051508277]]]}},{"type":"Feature","properties":{"name":"阳江市","adcode":"441700","level":"city","parent_adcode":"440000"},"geometry":{"type":"MultiPolygon","coordinates":[[[[112.16041059956956,22.387486104899892],[111.97774652528199,22.508491270255945],[111.95284326000848,22.6367016599537],[111.89284213975299,22.573718430061547],[111.81712260042775,22.600235695121285],[111.8656941001027,22.643686990162507],[111.8299844848961,22.693085855328036],[111.59233339027378,22.37506021985331],[111.35422393998289,22.23550287525751],[111.28339057471533,21.916175560154045],[111.41380646000022,21.848941105447693],[111.37635553517987,21.737459515044634],[111.43093897035726,21.712769760516096],[111.41295308521677,21.579754650157042],[111.4739990998786,21.502945584870872],[111.64525777502638,21.51625107522699],[111.78480023494296,21.619348250221606],[111.7866445753869,21.713500355357155],[111.73552501037102,21.718006879713755],[111.68784673983521,21.77372398047737],[111.84070558539452,21.751866705484133],[111.81087716494926,21.712548914900538],[111.83056857477999,21.673820000392766],[112.02097841002569,21.791655265078475],[112.17663504017503,21.806371174789945],[112.30306265971399,21.707993060031754],[112.36498338017896,21.864069365109174],[112.33445708492661,21.94931170507118],[112.2200071346216,22.06976809961816],[112.02161413988074,22.129373025344876],[111.99773875473983,22.25691686991769],[112.16041059956956,22.387486104899892]]],[[[112.01921221527152,21.636788219900495],[111.84712706046554,21.657672184723594],[111.80582759486765,21.55865341002692],[112.01921221527152,21.636788219900495]]],[[[111.80779195973122,21.695996705583525],[111.78959098013968,21.699434630303983],[111.79135631963851,21.678132080531157],[111.80779195973122,21.695996705583525]]],[[[112.18507129520412,21.55276023539659],[112.17704061463269,21.54889361015205],[112.1994075498186,21.55204639492524],[112.18507129520412,21.55276023539659]]],[[[112.11286698991967,21.644003969907317],[112.12459762977687,21.643596200204513],[112.12292314968363,21.647393074930505],[112.11286698991967,21.644003969907317]]],[[[111.81160889023818,21.72308376040729],[111.81958144492779,21.72561273044323],[111.81791651473543,21.733722205115726],[111.81160889023818,21.72308376040729]]],[[[112.13622905013062,21.60516844976422],[112.14268190524581,21.607789184823048],[112.13887111980637,21.61564572517011],[112.13622905013062,21.60516844976422]]]]}},{"type":"Feature","properties":{"name":"阳泉市","adcode":"140300","level":"city","parent_adcode":"140000"},"geometry":{"type":"Polygon","coordinates":[[[113.54060910992257,38.51607204468917],[113.14621821020228,38.414957044731864],[113.14452739032686,38.32638962518109],[112.91590147986949,38.145616350314356],[113.06212243030598,38.05497050038832],[113.2527037446821,38.08866788971142],[113.36126500527587,37.83795006484365],[113.51907943996423,37.67903868478754],[113.98276282994073,37.67850678525997],[114.03744631469567,37.78644395052794],[113.85827443471749,37.99817585533151],[113.82839188048092,38.16506234505124],[113.53826143961385,38.257293980332975],[113.51698305012769,38.37616409040049],[113.58506010484007,38.45998255984733],[113.54060910992257,38.51607204468917]]]}},{"type":"Feature","properties":{"name":"伊春市","adcode":"230700","level":"city","parent_adcode":"230000"},"geometry":{"type":"Polygon","coordinates":[[[130.77329754154835,48.352622240224264],[130.75652762524976,48.49939437974689],[130.62258588043414,48.489188519734455],[130.60319498536035,48.58488691020278],[130.52215656497356,48.61654973538202],[130.67562208509116,48.874799680061244],[130.23149413015005,48.863559394650395],[129.91221773016423,49.04266759992987],[129.71587507997106,49.28771123958211],[129.56267700474007,49.285874785293174],[129.51095023996163,49.42075553474018],[129.40168539026865,49.437316579896276],[129.347243320423,49.35260776993272],[129.23625877002632,49.37605681526986],[129.16351586976168,49.286920200406996],[129.23318879033047,49.17556886960767],[129.21365320513132,49.08465614496515],[129.43055721534324,49.040634909973164],[129.51835986491585,48.867560679881535],[129.16561268497753,48.76087136981789],[129.22352579977587,48.67326767995951],[128.99137565036608,48.52591630959006],[128.90476977990147,48.27753999467507],[128.80861739997306,48.25603402455067],[128.73447112474264,48.40745939033866],[128.4908622652814,48.375444965312965],[128.32859547959777,48.146218269957274],[128.12494670472665,48.07585388494891],[128.1574882547792,47.944017675175644],[128.34265575475933,47.86218337546245],[128.2695527101895,47.81596995035301],[128.31612528495396,47.715902170448885],[128.22560549479783,47.52918766477899],[128.44759530967588,47.3445500048789],[128.54796082003588,47.407227059681134],[128.47857281008714,47.24179604984789],[128.22407420026423,47.10000081968212],[127.8662098850782,47.079642784686826],[127.62208307457433,46.9916289347276],[128.08800137516334,46.60566813957303],[128.20477013023742,46.571670880306954],[128.37493827038497,46.562776034886156],[128.45978274038123,46.62349260989606],[128.67282992526088,46.57358388039182],[128.69821630993476,46.481431135438584],[128.9039787497196,46.525370030302724],[129.00917555480805,46.48464543024244],[129.0769809845848,46.554820724696754],[129.1968218696336,46.53667260995303],[129.27455017964712,46.64019898999146],[129.49589113366892,46.61768491852422],[129.70119117353386,46.74059192967388],[129.527353457696,46.97898603158012],[129.70163212732086,47.06155034966895],[129.68334375790812,47.11813489870667],[129.90812779696034,47.3591705486819],[129.82881394350875,47.410689853354086],[129.89578542026095,47.43737603357715],[129.8619682133624,47.53736602752019],[129.93482864602527,47.56230670638945],[129.88660208401905,47.59099278998531],[129.90521438203814,47.717423922276225],[129.76515549632916,47.78010116143952],[129.66443339398597,47.971529351198626],[129.77294945375434,47.996773349810326],[129.725410238192,48.10177634919921],[129.8026191429591,48.17284636566728],[129.7747456435966,48.2423281065569],[129.87494495474596,48.31391847975408],[130.11850281005673,48.139425265163936],[130.24620995532518,48.16371689521861],[130.25768336479553,48.28305337481345],[130.77329754154835,48.352622240224264]]]}},{"type":"Feature","properties":{"name":"伊犁哈萨克自治州","adcode":"654000","level":"city","parent_adcode":"650000"},"geometry":{"type":"MultiPolygon","coordinates":[[[[83.4655038099529,44.03560312048768],[83.31657719967808,44.00317020494106],[83.09171586479539,44.09836560998497],[82.69362067015788,44.07163795482779],[82.35710635477449,44.2641953954012],[80.88720559466253,44.52947721470173],[80.65835328977255,44.62785829542406],[80.6896313247259,44.67306296988022],[80.63382569020348,44.73052638498473],[80.18335902030259,44.823553770090484],[80.40567165042637,44.616835625263946],[80.34667371042343,44.4802417302717],[80.39187581012061,44.11200621471511],[80.59204484988999,44.01478542490747],[80.56769676489387,44.173147450494525],[80.69718719473332,44.13835160044607],[80.74180565960359,43.925293194725214],[80.51781867529166,43.843228180236395],[80.51882295541509,43.813981309989515],[80.6291220848164,43.84915884490482],[80.77387874470838,43.8011129504024],[80.772270595012,43.71869150490909],[80.61246319522036,43.6828032204923],[80.75174266998829,43.490712564933006],[80.68343427457216,43.3299176645686],[80.77248798003632,43.3063954998525],[80.79866205031345,43.17388926457795],[80.37765645028503,43.02919826508793],[80.59714353014988,42.89535679018377],[80.25803816992567,42.82336255034147],[80.16267718980055,42.62549356537579],[80.27776849521996,42.50915221490283],[80.21080959009055,42.46678082037863],[80.23364847509708,42.348665514901654],[80.4297860645753,42.30361210461501],[80.57102205042736,42.36589518531463],[80.98355358522986,42.36265703959077],[81.1369220154387,42.25887926036961],[81.21197111017864,42.346985180221964],[82.06606452026148,42.418033569793465],[82.13422253464233,42.488086935064075],[82.61810307989327,42.558310079746434],[82.5990223897715,42.71427409547317],[82.47728682023063,42.80079352490128],[82.5243778253764,42.89988054015487],[82.64144573003648,42.87843349990612],[82.65067788507639,42.93493939513701],[82.82244873042464,42.9812170147535],[83.35788354508958,43.026649189808325],[83.75395173978103,43.146607064964144],[84.27716585961679,43.17340310546899],[84.41261171965522,43.10026929509195],[84.42321040983262,43.161446025313865],[84.65137584491936,43.17413742979858],[84.52976181965232,43.291413090441836],[84.6738537501505,43.37116787519733],[84.65527292480567,43.487373775179606],[84.89858252046702,43.41797630526236],[84.94414154489641,43.4617933905526],[84.78420004539583,43.64044988525404],[84.60659791046527,43.65891577993932],[84.62734439502788,43.72841024983319],[84.31700819507222,43.720210219725914],[83.9781296150897,43.91611096554868],[83.4655038099529,44.03560312048768]],[[80.73722211460898,43.88600444504914],[80.91483109967555,43.88835892502442],[81.13053756006042,43.86518639513611],[80.76194767474544,43.852930730169135],[80.73722211460898,43.88600444504914]],[[80.93464671037742,43.93583807486732],[81.09080443018036,43.96125841974032],[81.07344253064832,43.91304183481287],[80.93464671037742,43.93583807486732]]],[[[84.78078099474715,44.428020789827656],[85.1773930148758,44.32421645992173],[85.25239873531342,44.475829905425826],[85.20206371546817,44.63518315028222],[84.85371569342459,44.55155856567529],[84.78078099474715,44.428020789827656]]]]}},{"type":"Feature","properties":{"name":"宜宾市","adcode":"511500","level":"city","parent_adcode":"510000"},"geometry":{"type":"Polygon","coordinates":[[[105.14291849489268,28.945354319746116],[105.07172548983954,28.937954779789322],[104.93710594038691,29.063870814586494],[104.71663642493115,28.999630079764415],[104.68841934497686,29.206812794574887],[104.54299607520875,29.14447055467241],[104.43868964481135,29.244310250317824],[104.2517152602511,29.271736864864465],[104.2512575098263,29.212274589600668],[104.1851021498444,29.240219839573967],[104.1213053545585,28.967212725187153],[104.05369114493044,28.96925105479238],[104.07976099007772,28.917134844897248],[103.99888396022664,28.799266854781592],[103.93077662983768,28.765341355119517],[103.7719070898404,28.830474009667853],[103.69877474985486,28.749688340144814],[103.72507646001065,28.682045464626526],[103.61229041467095,28.60220326486882],[103.70665424539715,28.559584715062613],[103.716604179939,28.47261003532492],[103.85093039032529,28.671702094675993],[103.94217340987501,28.60479852483212],[104.40777679036665,28.641485200381737],[104.24446164518884,28.527629430353954],[104.28587978982051,28.3164970648877],[104.36887619528022,28.33946546036276],[104.46327584960085,28.249073214757118],[104.39747812031908,28.20164170470099],[104.44886392962673,28.12069217510384],[104.29629611547341,28.04831622971028],[104.63122280009219,27.854269414701776],[104.8852868898781,27.916733550513015],[105.04280364986863,28.101763215000403],[105.17708208017393,28.070423455078412],[105.35518153030347,28.158389999798715],[105.32296851968152,28.419153599958747],[105.18706111497852,28.448516034887177],[105.23408289031318,28.527648850314222],[105.16275282498293,28.654386205359117],[105.23879165960744,28.777803089840802],[105.14291849489268,28.945354319746116]]]}},{"type":"Feature","properties":{"name":"宜昌市","adcode":"420500","level":"city","parent_adcode":"420000"},"geometry":{"type":"Polygon","coordinates":[[[111.85577180982125,31.231271725110105],[111.73489976481238,31.293425660465914],[111.73392586468697,31.36966875990538],[111.51280234515218,31.298333640385238],[111.26811800983836,31.385250804880798],[111.21712176525733,31.463986965326228],[111.08288388538307,31.419992040000693],[111.03350831535653,31.569212410224623],[110.6087463253827,31.486975309562922],[110.57133597527508,31.331153775226596],[110.49099530019299,31.374770450196195],[110.42194837971402,31.31419711470511],[110.5356888503602,31.133698685246202],[110.44090220966928,31.02463490957348],[110.4379789903382,30.883838020408348],[110.31173728494781,30.76604334482454],[110.4249717151726,30.780917914730026],[110.48412880010409,30.557560329945318],[110.36213964962519,30.470317395031827],[110.34119705529992,30.246367520344847],[110.25079363022189,30.236827739608543],[110.3525995253479,30.125006854782555],[110.30175787512587,29.953787269566874],[110.41839503959943,29.956766969919784],[110.52008101462718,30.065408569649833],[110.73393438956049,30.042930480057635],[110.76567361034893,30.122685540005705],[111.19531111471622,30.042825075017277],[111.38293061985229,30.126043249696295],[111.5192429452058,30.100439909874012],[111.57162406030221,30.127933110224888],[111.5676224099463,30.258169085235124],[111.73088742511464,30.376244160439683],[111.8215795550525,30.287556190365933],[111.88812370004877,30.279995009861864],[111.92103425003069,30.35508138509789],[111.98903584982469,30.283501964743948],[112.04083030477477,30.279661265155312],[111.90357909529905,30.461622750389665],[112.07545656516845,30.660168225183497],[112.0284646500237,30.929611245362707],[111.85577180982125,31.231271725110105]],[[111.05516135521242,31.432075695237188],[111.03549111002678,31.429097920332822],[111.04870476521279,31.439233029780553],[111.05516135521242,31.432075695237188]]]}},{"type":"Feature","properties":{"name":"宜春市","adcode":"360900","level":"city","parent_adcode":"360000"},"geometry":{"type":"Polygon","coordinates":[[[115.46978440022997,29.008100160094386],[115.31845801022905,29.100897495023446],[115.14113557524661,29.077444415327534],[114.97482038525266,28.997581114776665],[114.89135525494112,28.77506717501018],[114.73140749525976,28.689697365141342],[114.61942519022045,28.698173079723915],[114.56229249000648,28.774223360020073],[114.45921474486465,28.69936366520102],[114.3449350146393,28.705799495250574],[114.20964193502732,28.8330503155197],[114.08030031960413,28.560087874955514],[114.2128448749911,28.487709190227008],[114.17707514999825,28.439640465535092],[114.24971918509243,28.324738530358957],[114.09883307978282,28.18495814040591],[113.98742767005103,28.166072915232917],[114.04163012003403,28.060660365483557],[113.91250041546186,28.00476753989011],[114.00161562016478,27.960098444987295],[113.89189523507707,27.841683415257478],[113.97093658495544,27.762517035332962],[114.1377520803943,27.763722519878456],[114.23135734016921,27.605975154829594],[114.41411589003633,27.551757005381546],[114.5372549001936,27.613299155331788],[114.57361671993579,27.706273050560867],[114.57107694994136,27.841434394781572],[114.49892281963253,27.83561776055126],[114.4798641197334,27.898310965378812],[114.60675186031017,27.98671305985988],[114.58347469969772,28.083234064700378],[114.7772199396486,28.111668839945082],[114.78372207491384,28.083631565044755],[114.7700745301155,28.062226569900304],[114.769895645068,28.048982739761698],[114.77441070489022,28.04384921526912],[114.88099252978145,28.02912678996944],[115.09195603494311,28.094094489968768],[115.1580078101124,28.052318680462804],[115.14000545478802,27.89596478524669],[115.40228426960346,27.875952599832658],[115.3888521448107,27.94932572520213],[115.52250574504421,27.95287427552745],[115.50252926541339,27.897590475320214],[115.73197789996016,27.733381574899795],[115.82974421042707,27.72856469540443],[115.86058837015719,27.85921258509279],[116.0523497803182,27.931364660450754],[116.14874573982411,28.130485749917455],[116.0727649447465,28.159996580178074],[116.08979289002991,28.275316444698205],[115.87409386523973,28.290766374768452],[115.81470969519637,28.411051450264267],[115.64441022974836,28.337897270242877],[115.61095567536415,28.419470469786404],[115.5265592449133,28.39603208501279],[115.57847428545995,28.57720154991165],[115.51874433957971,28.59897569966887],[115.5546359595819,28.732342304653685],[115.43496378465102,28.761254205317357],[115.52432014525857,28.867703310059767],[115.46978440022997,29.008100160094386]]]}},{"type":"Feature","properties":{"name":"益阳市","adcode":"430900","level":"city","parent_adcode":"430000"},"geometry":{"type":"Polygon","coordinates":[[[112.56746866974333,28.329331189982497],[112.7139282202113,28.598920090090132],[112.59051539526934,28.54761472963611],[112.52299113493302,28.705731574852337],[112.92001406519705,29.024048849674728],[112.91945846043961,29.152647160138372],[112.67270126515132,29.194512749863577],[112.69159028546335,29.289783564859704],[112.62689442533747,29.33934892511286],[112.49632079986509,29.314543220093583],[112.3250838352509,29.44859702493278],[112.30987679497821,29.527055654594847],[112.182848430111,29.146846784751347],[112.24193800473518,29.106295234937193],[112.27812723018758,28.73023988036624],[112.1404975203443,28.65064530533664],[111.92689894493043,28.681619790321122],[111.83355854988724,28.61550694039306],[111.74493913513305,28.664186894709474],[111.68648749010566,28.593957805508353],[111.56450087481556,28.643738820490228],[111.46303180547352,28.559596614891916],[111.20452197470945,28.53815121500662],[110.82150007047193,28.402159364862825],[110.71885608544005,28.305541920323435],[110.85644754981462,28.20682366488029],[110.81828059017715,28.08986023985824],[110.87682445528446,28.086348970029007],[110.88445483502267,28.003233809992366],[110.9638162149464,28.070108114997538],[111.09014641002886,28.00341878524881],[111.14256639022676,28.1243734500747],[111.30852783009533,28.238634610199142],[111.49136306964999,28.195312285133923],[111.48002508009341,28.045970490245963],[111.57021299973019,28.028922415437194],[111.5347381453492,27.981945250073295],[111.67577996487353,28.046161964902808],[111.72442133467689,27.98416758996234],[111.9072899849449,28.03069099968991],[111.93053526459084,28.19333812035802],[112.01037587974315,28.249915320135983],[112.10959385966896,28.275383005321487],[112.23347705971855,28.213834675230146],[112.31014215973289,28.287442135146478],[112.56746866974333,28.329331189982497]]]}},{"type":"Feature","properties":{"name":"银川市","adcode":"640100","level":"city","parent_adcode":"640000"},"geometry":{"type":"Polygon","coordinates":[[[106.65922110966653,38.60079851463979],[106.59789591486464,38.68219277967307],[106.43659385981886,38.69070100025101],[106.377308150251,38.77426438958997],[106.0031636445866,38.87686427007009],[105.89290548020381,38.78706414979075],[105.82224338992057,38.43224196499472],[105.84876294465425,38.264270169832514],[105.96644666997787,38.22214530016555],[105.9352740697426,38.16021632482358],[106.07398058463633,38.21125775044487],[106.21613501481914,38.12971703980958],[106.20533570028238,38.066173909997985],[106.35327933986969,37.92361063991916],[106.27944423456381,37.83500995984184],[106.56765200493612,37.59323096983343],[106.64441591526236,37.65508946530662],[106.76954490027697,37.63607907968583],[106.76504607501641,37.73846171543585],[106.88067357512546,37.84992134529392],[106.75958514963503,37.97880992004184],[106.85312373007616,38.04808944477213],[106.81982290490322,38.16206843990665],[106.47917852496903,38.31560526996731],[106.5961770748122,38.39040393049703],[106.65922110966653,38.60079851463979]]]}},{"type":"Feature","properties":{"name":"鹰潭市","adcode":"360600","level":"city","parent_adcode":"360000"},"geometry":{"type":"Polygon","coordinates":[[[117.44028466000907,27.93541634998462],[117.44168974458614,28.10391304974752],[117.26672867029197,28.156903319732464],[117.25177578472471,28.310627160215347],[117.32124429478847,28.349286469894707],[117.32959848038558,28.44535900981049],[117.23332905009568,28.62978100508934],[117.14815096039854,28.565590650288357],[117.0523179899833,28.610577480166626],[116.99881148036559,28.499572105068637],[116.87446040532348,28.508990944976176],[116.86896451520033,28.384599750278312],[116.78167272461656,28.349319750206348],[116.79967775542411,28.255141359686036],[116.68522246044824,28.232047224599796],[117.04416465537463,27.976238434756],[117.03482876983196,27.847794314855776],[117.11868291988094,27.914202525526207],[117.34358326465599,27.85938080058355],[117.44028466000907,27.93541634998462]]]}},{"type":"Feature","properties":{"name":"营口市","adcode":"210800","level":"city","parent_adcode":"210000"},"geometry":{"type":"Polygon","coordinates":[[[122.88819925529151,40.202828460265266],[122.87565116047278,40.30480405026674],[123.00211036510132,40.48032786543871],[122.64620245038282,40.58322075493396],[122.64650588973507,40.73999619476865],[122.51283023003111,40.7648773304245],[122.49664827969445,40.93254703521757],[122.17602373031093,40.87476931515181],[122.091321054623,40.79845370517438],[122.26716680460436,40.703333850376964],[122.15270051002062,40.70745082979204],[122.13030823463737,40.615603654684946],[122.25284544006502,40.445292679713475],[122.16062579544416,40.3362863797127],[122.03889817501079,40.31623741472498],[122.09107180481999,40.22808601975407],[121.9553245900579,40.20099863487917],[122.00869565548021,40.16738377004498],[121.95188699988523,40.11431976554479],[121.98483164496452,40.05276822487372],[122.50825519532111,39.91906441998702],[122.55482211964522,39.941954704845784],[122.53329164479362,40.06044412020003],[122.80835321542861,40.10199964526748],[122.88819925529151,40.202828460265266]]]}},{"type":"Feature","properties":{"name":"永州市","adcode":"431100","level":"city","parent_adcode":"430000"},"geometry":{"type":"Polygon","coordinates":[[[111.5387598550833,26.844798309994076],[111.32561123477075,26.841108090366106],[111.28294630962455,26.492195050361317],[111.19145799459085,26.46001408528184],[111.12746499961008,26.62348024012101],[111.06169384979137,26.58336823485621],[110.99775017992692,26.34354279986036],[111.28553951463698,26.264792049713378],[111.25949745044704,26.04899241506797],[111.19090279542775,25.97324788538168],[111.21982443484984,25.90805675961184],[111.28177680965211,25.858555940104623],[111.32514615487122,25.911031064931763],[111.48812537538583,25.871213424859718],[111.42292407468636,25.839451405358147],[111.43835790509331,25.774699114572513],[111.30370795495821,25.724146314900565],[111.2955657899293,25.451782470284854],[111.09730432013833,25.287676730197006],[111.10735659033446,25.219197944729444],[110.9957939997933,25.168549010228674],[110.94587388037536,25.045585404742667],[110.97705504485452,24.916874404730038],[111.09242346467124,24.94227618040145],[111.10273744028069,25.04115069035214],[111.2618997302884,25.14900503525422],[111.39910720483368,25.128569510174827],[111.46530226988392,25.034523214774595],[111.42858034990331,24.970163874663115],[111.48147185004592,24.80376402968625],[111.42528355039559,24.68852382531435],[111.52812855009256,24.639457120249972],[111.70146903526785,24.79246788468521],[112.01761799967096,24.743017445198973],[112.1492077547341,24.839734454581446],[112.11528388464365,24.990516125219074],[112.18073150965154,25.186444755421178],[112.35912645991823,25.19602808492823],[112.34307921543348,25.29186673006558],[112.45369888029916,25.38267739514572],[112.36943539482763,25.543074359893865],[112.23394506511272,25.611525934574274],[112.24087689465307,25.70466585004897],[112.38774465459221,25.744385869612245],[112.35369207532904,25.910861860186742],[112.2635756248153,25.89871452035885],[112.33252822529744,26.076328129739466],[112.24795681015871,26.078470230316952],[112.1770528247281,26.179568840129946],[112.2075801497042,26.310490844976584],[112.1344582301632,26.392607850172226],[112.14942118993599,26.493082014823187],[112.23771142044575,26.536660019844078],[112.14001306994726,26.51095591997978],[112.16659155006005,26.585953610370893],[112.10396184456351,26.657731309652263],[111.99301405485483,26.649158419725325],[112.0011595149997,26.600874880271533],[111.86575647528116,26.80268317009228],[111.70918856030386,26.85284302538537],[111.59828217538217,26.788403550283647],[111.5387598550833,26.844798309994076]]]}},{"type":"Feature","properties":{"name":"榆林市","adcode":"610800","level":"city","parent_adcode":"610000"},"geometry":{"type":"Polygon","coordinates":[[[111.24190680475527,39.30029541000522],[111.04809062538214,39.43417861974757],[111.13043607006864,39.58497588013279],[110.87802491981427,39.506847264789485],[110.68221351534152,39.26759696512789],[110.59456588460796,39.278260845361785],[110.51722422461836,39.382087970383566],[110.42384578465527,39.37793748492703],[110.38005326974269,39.3091212954115],[110.26942464043486,39.42515760034303],[110.12997154525067,39.451417335541635],[110.20983683959855,39.28150562988094],[109.99209075998067,39.207829264808765],[109.87763843546549,39.26370743055355],[109.9549251846496,39.19101973517269],[109.91528645480611,39.10226531509227],[109.85130866016658,39.12302414554796],[109.66744452964139,38.99773062506836],[109.6216959497084,38.85711479011553],[109.50373246957787,38.82995983018208],[109.32937412001968,38.68836500494109],[109.3577901399031,38.62371336537956],[109.26441393025874,38.61658935971121],[109.0464337948838,38.43199889982941],[108.93868476508987,38.1790273847061],[109.06206833508566,38.09376882457167],[109.06290790977226,38.02182063541403],[108.93227943015165,37.920407830357135],[108.79219810006231,38.05148473533234],[108.760952279724,37.677485954912925],[108.1288831852109,37.621006590581715],[108.01806277997338,37.65055317968557],[107.97751852006371,37.78658524481324],[107.67876031983297,37.88768375030486],[107.62368819035777,37.77225220977169],[107.4922481247512,37.76426764553548],[107.46601344016818,37.686594019698305],[107.38072048006615,37.6918456602491],[107.41597992523344,37.65057023532813],[107.30755376979073,37.60853373484406],[107.3666981050336,37.578211959814155],[107.25127366464795,37.33358635022995],[107.30471036529116,37.24242116520469],[107.25484161514851,37.22706432485876],[107.33367823526243,37.15872955052839],[107.26373908029439,37.099045034800554],[107.30284049039636,36.91280060476413],[107.48144189982389,36.914013124706],[107.53369006004829,36.8259635500778],[107.64565357015618,36.82295296520721],[107.72516326537249,36.868516010505516],[107.68711848493018,36.97490550548474],[107.74818151026852,37.00026956988478],[107.64931626963022,37.05810277991941],[107.70602047526478,37.06576108990242],[107.6807414597506,37.13311906019652],[107.7620087800812,37.23098136969452],[107.85243654531035,37.21550691511209],[107.88016721524485,37.089564680365754],[107.94518895011004,37.07821990542436],[108.09574737034495,37.1278375153891],[108.12540316502412,37.20657718049256],[108.20721809963567,37.168028375009555],[108.28222626982654,37.25548578474121],[108.20983577969753,37.321761564844394],[108.40679685499094,37.40795166523719],[108.4456740748987,37.25639044516299],[108.5463955198374,37.16611306546565],[108.48968894988519,37.004670635241666],[108.6527502047582,37.03736723021353],[108.76872154985972,36.98070587457653],[108.80889879014711,37.02578006999431],[108.7371872395995,37.08127190497447],[108.87425447476426,37.15099458503215],[108.85802825979641,37.26049890979692],[108.94134604968053,37.23303667040608],[109.00918539019364,37.303427970324606],[109.29280617026859,37.33537506041074],[109.4835753251412,37.50001937479436],[109.73700108962862,37.42155544542754],[109.80752421037408,37.31905985482848],[109.76263801013613,37.26960438543409],[109.89519885494326,37.265065345189555],[109.91046663003101,37.31177807479838],[110.00974076002814,37.27050517517375],[109.96273091959631,37.15566209522956],[110.11258580469121,36.96871199955916],[110.2063233799201,37.015215644886155],[110.35622888965162,36.94284483012484],[110.41384324516969,36.97263405991396],[110.37284852473971,37.01845622957137],[110.44309270996064,37.00927212530837],[110.68531090457464,37.28630287487783],[110.6397073250331,37.4364511997631],[110.74246835503061,37.45190727040426],[110.79053590970454,37.56114623041424],[110.79100298519967,37.66036719968656],[110.69649904459527,37.71387058955611],[110.75130377504922,37.75347613981205],[110.5123019949412,37.96091045974998],[110.5004505095834,38.18471936031028],[110.57847928489116,38.303762159995756],[110.87195051020797,38.457620450023796],[110.91510704975059,38.578292074819444],[110.87346743537393,38.622697400364814],[111.0015552501747,38.83897645459973],[110.97534728534902,38.97504484514354],[111.13074906471763,39.061982284854594],[111.24190680475527,39.30029541000522]]]}},{"type":"Feature","properties":{"name":"玉林市","adcode":"450900","level":"city","parent_adcode":"450000"},"geometry":{"type":"Polygon","coordinates":[[[110.5457231449073,23.128994450133803],[110.29889490497595,23.031013334797592],[110.2578643096902,22.870329054642184],[110.11048838962756,22.89286329520496],[110.07886465977629,22.97118756975061],[109.93972568968888,23.026461179739727],[109.80050944535469,22.978602675173363],[109.86395499512696,22.87840679044109],[109.75224459021575,22.846529899635186],[109.7876215147212,22.757837485111907],[109.65261011536461,22.641127179675664],[109.71456083991092,22.5620294153253],[109.85420959519672,22.558077490284006],[109.80462271506633,22.439902985134722],[109.84274065535703,22.319573885126772],[109.72804028972763,22.38475864009922],[109.67556439508081,22.30314696036396],[109.58870332489857,22.307067179806552],[109.54028536018131,22.106163564796702],[109.59036309478108,21.922720295405384],[109.7005638698268,21.89706108969756],[109.69489613544835,21.667850610017695],[109.8989333347057,21.655615919938782],[109.98303648004958,21.882389635273512],[110.38454438511536,21.893241915382134],[110.34388343996886,22.19874303536284],[110.62702257013558,22.152280355054415],[110.67493194035683,22.176603904746457],[110.64935123017517,22.24269683469123],[110.78426415017043,22.28980643511892],[110.67816345987586,22.477017880071173],[110.73905179460468,22.469787925272556],[110.75760014992704,22.58802414459865],[110.89243221457508,22.617128959733748],[110.78565002522856,22.716595305429053],[110.79702661458663,22.848441319611254],[110.71877742533798,22.90479783025569],[110.74038746500958,23.05689494014939],[110.5457231449073,23.128994450133803]]]}},{"type":"Feature","properties":{"name":"玉树藏族自治州","adcode":"632700","level":"city","parent_adcode":"630000"},"geometry":{"type":"Polygon","coordinates":[[[91.10647480546794,36.15132826518732],[91.1061042452148,36.09381571472352],[90.97606924979613,36.10656655540225],[90.84008364994054,36.018357865523114],[90.68328689527408,36.12808381021972],[90.23570404540544,36.16138011000413],[90.00314848521447,36.28049181484545],[89.94083658034396,36.06794891491057],[89.41668131459107,36.04649750035941],[89.42282372013864,35.91798756987049],[89.80007725496142,35.848519045417675],[89.72262265541127,35.65049920997063],[89.76249646533967,35.589932780373545],[89.69650684501494,35.54384128534707],[89.76422396496406,35.48394512496759],[89.5040880996861,35.372472409973795],[89.53080436492957,35.28083866557199],[89.44677866020709,35.22613367982552],[89.58987880486302,35.10911072507997],[89.55974247543497,34.93096218995316],[89.62034106029176,34.88312851027257],[89.78397214539825,34.92375035019853],[90.11635455531854,34.867452495136604],[90.22305883010097,34.94459125008615],[90.6264623198802,34.92246587999642],[90.91747640491224,34.83677333042493],[90.9883147101558,34.74520801993424],[91.22482621985421,34.806463945354835],[91.70881168001506,34.67397131502423],[91.95621725502235,34.57506681987786],[91.9201727601648,34.48860261511862],[92.21168179517878,34.38315012018194],[92.55069280033251,34.41368668479271],[92.70391484519399,34.07382680506305],[92.82041008495753,34.076593045033064],[92.854242834839,34.09182645972339],[92.9053252002978,34.095779669895876],[92.91946825535575,34.09367909011797],[92.70686017975356,33.94860922513567],[92.86204093004494,33.510374485294335],[92.69570955045543,33.47742656038753],[92.67534272458715,33.38612965975602],[92.5981600296617,33.35459789997316],[92.7187109951164,33.241555490293706],[92.66858657041394,33.1444368697658],[92.73080482528252,33.059046035546146],[92.59216084474724,32.87785888547921],[92.58717454017295,32.73768015971166],[92.68614035469369,32.767624165522875],[92.87268120037714,32.69889117049115],[93.0095330802875,32.74186355495914],[93.06464315485778,32.628532069899165],[93.2409766098827,32.6652224947224],[93.51972884980665,32.47635147504059],[93.71718958033495,32.58027805968476],[93.82340448003276,32.548684404961364],[93.85674228532827,32.467601405180744],[94.13826041988256,32.43401166020999],[94.19606146026825,32.517138944906435],[94.3671952951268,32.5230448953057],[94.39239459473481,32.60514713003607],[94.43985895972327,32.5651470453999],[94.61126646997167,32.67685447535382],[94.92038478013353,32.412242230094876],[95.22240215493554,32.391349790060815],[95.25813538543974,32.35143462480812],[95.07789753544296,32.28245885509216],[95.23995810028617,32.322904940510625],[95.31172653475181,32.151183094724104],[95.43932901961864,32.159938199888074],[95.45322250021826,32.00944656510694],[95.35962347993973,31.940837904945397],[95.51350345532029,31.75048661556491],[95.74059617547317,31.7639235400394],[95.82381174481623,31.68321206008858],[95.89835333503845,31.819046755503393],[95.98109125016111,31.81905455982013],[96.14304975993855,31.694379905108576],[96.16213649979966,31.602060924971738],[96.25052301982157,31.666937119852264],[96.17602809991695,31.777716430568887],[96.1873638546582,31.90581486006778],[96.38584647493491,31.925595020393928],[96.47397738514826,31.77091952541582],[96.77334041542787,31.67574342521897],[96.84128171028277,31.72582342970759],[96.72376007966403,32.02642852985281],[96.86618046545618,31.96764822488575],[96.95583710969493,31.99662392525397],[96.96636366974764,32.06792047015364],[97.16630918032445,32.026680449743026],[97.2347213853837,32.048613919796594],[97.22058291506954,32.11072327485931],[97.30205172041065,32.07478703499373],[97.29244067020085,32.291869315116855],[97.42665629545172,32.32470544530014],[97.34098095980352,32.441292469871655],[97.38844095498615,32.50360275056653],[97.34118956025009,32.559786684907635],[97.73044629965705,32.529841060316755],[97.42713121483376,32.70240837044997],[97.34749306045643,32.89740544510528],[97.37300855000461,32.95829927469185],[97.52188110023263,32.9900821800486],[97.48636249473338,33.16993407519749],[97.622388885139,33.34131926517199],[97.75823297037533,33.40506301034969],[97.5527613200789,33.466644344660835],[97.52479768526501,33.578475284806586],[97.41482168497282,33.60746432032215],[97.36966274464004,33.84314788536665],[97.63589317962658,33.92107198498417],[97.70231806013044,34.06132297487545],[97.61951248541294,34.205864409914625],[97.48571936525656,34.20170006500604],[97.47010563536685,34.286368804776544],[97.31575427044328,34.367826179734436],[97.32371809541382,34.46694067467246],[97.14615895527163,34.50443436495402],[97.19781928533183,34.60492773013067],[97.06302530517377,34.65361722535471],[97.13722870534053,34.726067339636074],[96.9356302201586,34.77180476527775],[97.00992428997404,34.904211770257064],[97.22072421025416,35.0071474998573],[97.37229204484203,35.23656755484882],[97.30755512976549,35.3362897450757],[97.12154890495805,35.34443611983113],[96.99426690519357,35.48046368475133],[96.35375762021806,35.65287634027095],[96.1334441353386,35.647264225363756],[95.9854747346713,35.53178108982547],[95.89228160541182,35.636346055526076],[95.48350902991785,35.659344195178505],[95.39638098969095,35.59813136527032],[95.1652591403971,35.673230590019784],[95.10987192534913,35.511865020354435],[94.81528562972807,35.61673798047349],[94.06099068047558,35.63832492555491],[93.75592981460932,35.76298333041643],[92.2154604253584,35.901487385434564],[91.90073701500131,36.022132460444766],[91.58440789031192,36.05306150988082],[91.56990866505294,36.15552800021709],[91.40050153032143,36.0625551697853],[91.10647480546794,36.15132826518732]]]}},{"type":"Feature","properties":{"name":"玉溪市","adcode":"530400","level":"city","parent_adcode":"530000"},"geometry":{"type":"MultiPolygon","coordinates":[[[[102.28966534967623,24.87900752997359],[102.12518621017551,24.955641775147853],[101.9426015703063,24.76873580021703],[101.90437456473444,24.62800080509311],[101.94845413515026,24.590912950072664],[101.88942488525032,24.572630790478627],[101.94575441533408,24.465729645107103],[102.01115336993212,24.47538721994431],[102.03033427960338,24.36851868039281],[101.96822000974572,24.274263990490795],[101.82620080522304,24.238726890433725],[101.82700180528911,24.30970469491581],[101.7710167146497,24.28844950524052],[101.66704132469744,24.37935087054626],[101.50410467539052,24.22418645554052],[101.39554528538667,24.43153005996436],[101.27558952993292,24.311849395433285],[101.53250127531368,23.9190511599831],[101.39684835536735,23.829424099842356],[101.40963570492391,23.750446750217407],[101.53864408016022,23.783096170352053],[101.53451987469253,23.68621515970193],[101.70779540003775,23.658283549746102],[101.66087211035966,23.621150130574108],[101.78065389466155,23.470821350425012],[101.7456150900644,23.397358704740498],[101.87204417999499,23.329823110248412],[102.10649553983734,23.317823115344538],[102.1869844052062,23.431923960522397],[102.31762697540466,23.416664999690056],[102.35931687537357,23.48385969986532],[102.29226883034232,23.63117824048345],[102.14943910463103,23.707975285431132],[102.13522682965453,23.83154656552165],[102.2753733246193,23.91165220008901],[102.22337917520883,24.012453514718004],[102.33142512966606,24.05067075994765],[102.3003121697709,24.093290055291845],[102.61631243487102,24.049424734863692],[102.6536680000782,23.912210279780652],[102.82524112497799,24.049568835033767],[102.85933913529294,23.98893038053268],[102.9699508348632,24.072369135527254],[103.03585561494475,24.035872625221543],[103.15075134479878,24.219668940569193],[103.06042263989298,24.42420939055097],[103.11234138025054,24.565881700480134],[103.04032556477307,24.57187137506395],[103.0752322904379,24.758113349951202],[103.01053202543267,24.76303034467469],[103.00383859987153,24.92029300032175],[102.83689142479949,24.753856689634574],[102.81419956995427,24.51234120458298],[102.69468818481192,24.464621370080238],[102.59520612975916,24.541401514968015],[102.43812168466809,24.515595209851085],[102.31475091472299,24.3889106450103],[102.19525642964055,24.510004204730308],[102.2951157098222,24.58342753025636],[102.28966534967623,24.87900752997359]]],[[[103.04239736534618,24.024049495487873],[103.0448499748465,24.03320613535493],[103.03239810029214,24.022329765106633],[103.04239736534618,24.024049495487873]]],[[[103.04842658491901,24.033175905543658],[103.05323060500848,24.040055090570036],[103.04598269524524,24.03459653490222],[103.04842658491901,24.033175905543658]]]]}},{"type":"Feature","properties":{"name":"岳阳市","adcode":"430600","level":"city","parent_adcode":"430000"},"geometry":{"type":"MultiPolygon","coordinates":[[[[113.5655939500009,29.850387239779366],[113.08674232459862,29.433622759782565],[113.04839557519574,29.527382919686033],[112.94725571977574,29.47288647503086],[112.90678542460773,29.607968704991777],[113.0249305695902,29.772775150053178],[112.93092115538707,29.677539844788043],[112.88014960462067,29.793733465427124],[112.67899097965005,29.59355020557757],[112.44908385993222,29.63830800511039],[112.31347497528998,29.5420176152208],[112.32309610959783,29.451001625025015],[112.49632079986509,29.314543220093583],[112.62689442533747,29.33934892511286],[112.69159028546335,29.289783564859704],[112.67270126515132,29.194512749863577],[112.91945846043961,29.152647160138372],[112.92001406519705,29.024048849674728],[112.52299113493302,28.705731574852337],[112.56240757484977,28.564293794622984],[112.69910636496684,28.60323364511669],[112.70576343993082,28.515015925144894],[112.79225561990097,28.561083800377162],[112.81870084476827,28.513956205414615],[112.97027481543046,28.524457419874068],[112.98120304958115,28.46434353992248],[113.07227090457866,28.525812975188728],[113.14897852543868,28.4675843899077],[113.22939160493866,28.663715499770547],[113.37796830968978,28.648493144942734],[113.6980148000431,28.425864435495328],[113.85060769988547,28.53511412531668],[114.11436176977986,28.589382210520625],[114.14652642475471,28.838555164689126],[113.95912406542334,28.94524589478226],[113.93751661489989,29.050069185344682],[113.81399293502602,29.10754159546832],[113.6807038246219,29.080843994754616],[113.68746680015272,29.2287095003432],[113.59970119545392,29.2593094455745],[113.74959760494562,29.451507519756262],[113.62583500488165,29.520536024817716],[113.73573686506438,29.592621419942645],[113.65900597514565,29.68645640973557],[113.53317325983812,29.69508291994083],[113.5655939500009,29.850387239779366]],[[113.1153185146378,29.437965239704113],[113.11644775016362,29.423523109703808],[113.10532478041432,29.437132429717906],[113.1153185146378,29.437965239704113]]],[[[112.93193499980043,29.76808800046092],[112.91424699979927,29.80161599977862],[112.88897099971189,29.802261999891414],[112.93193499980043,29.76808800046092]]]]}},{"type":"Feature","properties":{"name":"云浮市","adcode":"445300","level":"city","parent_adcode":"440000"},"geometry":{"type":"Polygon","coordinates":[[[112.38693503992022,22.773430779706757],[112.31042427526017,22.792100225145305],[112.30209228043441,22.913770944573457],[112.25150469498578,22.915018649591048],[112.30656399473264,23.123391840161332],[112.03350647514378,23.07452601036715],[111.9622560897468,23.1324653853693],[111.65697566969146,23.1596014001845],[111.52967765030337,23.219947170325725],[111.57432384486958,23.255217355196862],[111.52709433963213,23.327111600320166],[111.46008532517766,23.2748639697964],[111.37674176971694,23.329439480147926],[111.3685474449087,23.092472054641632],[111.42877748489309,23.03912486981693],[111.35433536958169,22.892620884746066],[111.21428388529313,22.75112294976435],[111.05157192530419,22.729644780382387],[111.16896377026183,22.608722035193807],[111.32214560463603,22.55996707472076],[111.27126882509629,22.494610460204626],[111.40833657017663,22.515103760430236],[111.4170963500166,22.429239165155423],[111.5907926600533,22.554463685151006],[111.68615320490653,22.48494222030729],[111.83497055025077,22.69265229486757],[111.81712260042775,22.600235695121285],[111.89284213975299,22.573718430061547],[111.95284326000848,22.6367016599537],[111.97774652528199,22.508491270255945],[112.18095472498067,22.36788875965857],[112.4142959401056,22.66679441542999],[112.46041040021987,22.588025759781033],[112.51669172034667,22.60995052979314],[112.45862342483122,22.714414569976498],[112.40668249999749,22.67381105463653],[112.38693503992022,22.773430779706757]]]}},{"type":"Feature","properties":{"name":"运城市","adcode":"140800","level":"city","parent_adcode":"140000"},"geometry":{"type":"Polygon","coordinates":[[[111.95611922042576,35.419230784673005],[111.80734013044275,35.43121857038079],[111.90270865498053,35.54143966021218],[111.67459568993922,35.65654032487612],[111.56961945977031,35.552938519597035],[111.29296268517982,35.53780925988946],[111.26211514489808,35.634389475194155],[111.3320149347415,35.709695099749126],[111.19058746523939,35.709435205570344],[111.11278234502925,35.8215667602978],[111.03876016544933,35.73621530469262],[110.96591480002809,35.80717887020876],[110.91103928033857,35.69298874033814],[110.62346780459558,35.782486424908654],[110.57214839493253,35.734786944761765],[110.60822651004548,35.58889487459885],[110.41628728503025,35.34873345468526],[110.33485866499547,35.05235887965864],[110.23347729484135,34.93336925958374],[110.23692789011011,34.650845454554144],[110.53266995485461,34.58378391519557],[110.74819475038748,34.65447922013993],[110.82505517505632,34.61745840508138],[110.91604985491693,34.730787919726765],[110.96375997494295,34.70121803998063],[111.14841446025918,34.81497219021446],[111.56486838456834,34.84473772016969],[111.6603036900633,34.987741390053145],[111.81153954531385,35.06968412012611],[112.04588868011854,35.04559837456537],[112.06409760971701,35.31467734468379],[111.95611922042576,35.419230784673005]]]}},{"type":"Feature","properties":{"name":"枣庄市","adcode":"370400","level":"city","parent_adcode":"370000"},"geometry":{"type":"Polygon","coordinates":[[[117.73909059985135,35.02199699486545],[117.31382889978397,35.32069021008516],[117.26124141006312,35.25480715042971],[116.80903309510131,35.158417634566206],[116.96640950959124,34.936222415432155],[117.09777555469816,34.93798383028957],[117.18691065510268,34.81898251992743],[117.15729205998059,34.78394649513467],[117.3077133003286,34.71790629513947],[117.482191064566,34.47076164493404],[117.58325785996237,34.46327994471375],[117.67866976959431,34.54797992963012],[117.79140895036278,34.52267579964848],[117.83169190505748,34.74690747959653],[117.69279837974148,34.92075285496031],[117.73909059985135,35.02199699486545]]]}},{"type":"Feature","properties":{"name":"湛江市","adcode":"440800","level":"city","parent_adcode":"440000"},"geometry":{"type":"MultiPolygon","coordinates":[[[[110.38359228455636,21.892916629698732],[109.98303648004958,21.882389635273512],[109.8989333347057,21.655615919938782],[109.79675800527781,21.629783090217472],[109.76596492973778,21.67549961021888],[109.73901699014203,21.619547245009414],[109.79269651043569,21.470432000136725],[109.93362118516961,21.433231950194397],[109.91672446985848,21.35833181016494],[109.75751308496098,21.34707113982131],[109.77411831021192,21.228285989606775],[109.67598530477807,21.12218795501019],[109.66488143483042,20.93402839979086],[109.75971818034981,20.805974744838636],[109.76606933023544,20.713512330030085],[109.79438442999754,20.686046440291022],[109.79817411464376,20.713915710141976],[109.82686781010142,20.710194964825803],[109.79463251517848,20.680573570114234],[109.76488886033269,20.69266800012815],[109.7372313502467,20.664224649847768],[109.8220710151653,20.51237295504791],[110.01049164986983,20.426418535487073],[109.97998769017983,20.346375945193756],[109.97170904493652,20.402798100052337],[109.87374225490123,20.399427780068038],[109.91930022982183,20.223273204694692],[109.98106832993955,20.290488285306196],[110.28345935506525,20.243324245317694],[110.5182764997607,20.42794759520541],[110.48928826014514,20.55927926552573],[110.40822858967772,20.580986545292888],[110.39593385546311,20.605304445443835],[110.42390673530764,20.637718899707522],[110.48419516017856,20.581328730136818],[110.46193639994499,20.674774335067582],[110.36931241473621,20.638165090246787],[110.28932382963109,20.659590255386036],[110.32298495469195,20.780131929944673],[110.38424259961636,20.714105780057764],[110.3851456853252,20.8195071098653],[110.18425020018663,20.842817570574482],[110.16314318461036,20.920933720414894],[110.19953999967129,21.114130999845827],[110.22230112030053,21.03388975021187],[110.23791975509266,21.09829746035956],[110.40386837512546,21.14590212048654],[110.36987791473405,21.41218660023145],[110.43335738513525,21.386186820365538],[110.44069353547832,21.18963162529934],[110.48672207976023,21.22067568993117],[110.6299504452569,21.227036895136678],[110.74675241499205,21.386038380067248],[110.96589689992203,21.42253427973327],[110.87665290510756,21.444767880533334],[110.759803614845,21.651023110128506],[110.68337658965794,21.493866845178786],[110.49004439483303,21.476407725336287],[110.34680573030028,21.71206914997134],[110.38359228455636,21.892916629698732]]],[[[110.55028707029214,21.06206155469704],[110.30452691018883,21.071663314910097],[110.25183493003806,20.959125120028318],[110.45650047032052,20.998306694798202],[110.5243499452938,20.926146570507854],[110.55028707029214,21.06206155469704]]],[[[110.62017531014249,21.209603959954848],[110.43028105982313,21.170995870263255],[110.56666794976616,21.093833775208623],[110.62017531014249,21.209603959954848]]],[[[110.63717475501102,20.929994399921668],[110.54917067528652,20.903108605277964],[110.58481839465327,20.865709949954294],[110.63717475501102,20.929994399921668]]],[[[110.3787420303205,21.94745188549615],[110.40842611047668,21.91051961498829],[110.4132030951468,21.937813494996874],[110.43673905995973,21.94302024498836],[110.3787420303205,21.94745188549615]]],[[[110.56505830539652,20.335396910139366],[110.57394039483341,20.3715792198052],[110.55367801532822,20.33335576475679],[110.56505830539652,20.335396910139366]]],[[[110.24696654996637,20.960816015446824],[110.20880639459949,20.98273654515549],[110.20037546535548,20.946514150008056],[110.24696654996637,20.960816015446824]]],[[[110.42954578041349,20.695252090511644],[110.40128239526638,20.683447969748045],[110.42721820995251,20.6785711504383],[110.42954578041349,20.695252090511644]]],[[[109.750681195281,20.763619889746167],[109.73868040537644,20.797996505534343],[109.73508148042606,20.78185851495857],[109.750681195281,20.763619889746167]]],[[[110.3718561048754,20.673374614946567],[110.34879912977607,20.684224959714186],[110.36924346011767,20.667199914744344],[110.3718561048754,20.673374614946567]]],[[[110.41865428986364,21.09850085553012],[110.41226958537311,21.112752195257656],[110.39146585536497,21.103582704977896],[110.41865428986364,21.09850085553012]]],[[[110.43702377542695,21.15096666517951],[110.42406300960027,21.16451509479583],[110.41595144040673,21.157042615324485],[110.43702377542695,21.15096666517951]]],[[[110.422589504602,20.60454524496714],[110.40830987490085,20.610919395014093],[110.41864992995039,20.590976630067473],[110.422589504602,20.60454524496714]]],[[[110.49415597471852,20.925150254780476],[110.48139353997993,20.92515378551883],[110.4995035999113,20.9170344704645],[110.49415597471852,20.925150254780476]]],[[[110.55355460046451,20.546860100213507],[110.54677769983107,20.552908000503862],[110.55188059970999,20.53816630003479],[110.55355460046451,20.546860100213507]]],[[[110.50751246023191,21.207244790015125],[110.51034918996322,21.21153402557485],[110.50247738991965,21.21235999981417],[110.50751246023191,21.207244790015125]]]]}},{"type":"Feature","properties":{"name":"张家界市","adcode":"430800","level":"city","parent_adcode":"430000"},"geometry":{"type":"Polygon","coordinates":[[[110.62732002989554,29.75991391489532],[110.36672597982016,29.636000815085595],[110.12466647957444,29.79250680004884],[109.81502567499496,29.776234094627796],[109.69383074998916,29.637553175338837],[109.77734174482572,29.581755075336503],[109.7292410897046,29.53786137500248],[109.8236926250147,29.378503774729495],[109.91651574530545,29.447446384643],[109.93182025500084,29.319179954591277],[110.11085353506263,29.289491930008637],[110.09262386979583,29.14169877487859],[110.19353790005408,29.167290865081384],[110.25715862517046,29.07011813504397],[110.30121302536088,29.088274189901995],[110.35822133045008,28.890963495069286],[110.52774815505336,28.88464235556029],[110.55939198475238,29.007515830091563],[110.7606846797542,28.90383057492113],[110.91045548543235,29.009263085123337],[110.85995759027065,29.11151527960652],[111.22896874501163,29.233176819654545],[111.23471979977899,29.356372354900316],[111.33461345474723,29.49537857516117],[111.2387948051362,29.60777441455764],[110.70385942537223,29.69504598028783],[110.62732002989554,29.75991391489532]]]}},{"type":"Feature","properties":{"name":"张家口市","adcode":"130700","level":"city","parent_adcode":"130000"},"geometry":{"type":"Polygon","coordinates":[[[114.80054500534777,42.14749409977293],[114.51143069047407,42.118494169870075],[114.45936949030977,42.03582686052124],[114.50410020496054,41.97113536480532],[114.3190161350866,41.92708174522642],[114.19360714525362,41.78699149476171],[114.22434940010476,41.511623259805674],[113.92403730987405,41.483757634906965],[113.86447650488685,41.411541605161005],[113.93747834514954,41.392609060359916],[113.89251953544829,41.31376961547545],[113.99983120514605,41.24962442552686],[113.99536288488923,41.184442024979546],[113.81814286020494,41.09841247515567],[114.04849972008606,40.92753718998938],[114.03801347034539,40.82951003476035],[114.27686430464405,40.59423560009293],[114.29741574963725,40.367717689719655],[114.52565189032259,40.34205383541621],[114.44918634987016,40.254427489836814],[114.06262309977626,40.18569774495501],[114.08418791973679,40.07374376496284],[113.97329738986275,40.1111612053254],[113.90359396968597,40.00738737053075],[114.01834891517035,39.98840102019096],[114.04251408975347,39.913969495296044],[114.20964572027378,39.9164796200385],[114.21935387028498,39.85017660036988],[114.38868207961434,39.865815270258565],[114.39811249019931,39.64277548520056],[114.55744812543071,39.55719955971199],[114.7134373653422,39.620149754807414],[114.8494895204251,39.583682629849534],[114.9283447547067,39.67484224986998],[115.16268720035407,39.67153236522654],[115.27718712508579,39.74415787518586],[115.44827674477597,40.028602720239405],[115.77141372476365,40.176621995508754],[115.84584816975735,40.14694449479265],[115.96181469539192,40.2624129201202],[115.76454054540989,40.44130946995614],[115.74664875543579,40.53495153538512],[115.90178683019815,40.616094435409934],[115.97731206020353,40.57746488519632],[116.1153246051465,40.62756812007274],[116.24150188040755,40.79027902965356],[116.45959063499981,40.772892020150664],[116.2611321102587,41.03104078480442],[116.20502128990063,41.32028581523821],[116.04114769990645,41.38726445509059],[115.9189586148483,41.5645720296755],[115.90392783000539,41.643439420093216],[116.07741415463954,41.77950519990509],[116.0101358795672,41.77490897536899],[115.9154620399413,41.94868286542197],[115.3083987046366,41.70097868042183],[115.35878719996936,41.5937018396682],[114.86153405964922,41.59774107988699],[114.92696259025138,41.94163288474988],[114.80054500534777,42.14749409977293]]]}},{"type":"Feature","properties":{"name":"张掖市","adcode":"620700","level":"city","parent_adcode":"620000"},"geometry":{"type":"Polygon","coordinates":[[[99.72409521502232,39.87580443053014],[99.39003509464396,39.88003614994841],[99.1408751851418,39.7956051999202],[99.02657592973549,39.85503856557739],[98.95459857466466,39.66236708557261],[98.8104822302709,39.66284734512902],[98.81519121540236,39.59103888543626],[99.07166532459524,39.615653409877154],[99.1009909898425,39.512709245535405],[99.23686450988941,39.459352150181644],[99.30322105990416,39.34893676541958],[99.2875426948396,39.291005540073684],[99.19599191019853,39.284513874715515],[99.21055925460604,39.21570954995593],[99.17094266966853,39.16075421003882],[99.14071279545931,39.25013430015781],[98.97490780974766,39.33013456475845],[98.5108409902196,39.47292202503155],[98.5491960754386,39.50890691552189],[98.42991727026595,39.57777771996598],[98.36139546482895,39.54121748999523],[98.36876866993833,39.653365319753846],[98.21668084014874,39.727000320508466],[97.96819829011906,39.66194042021431],[97.69990563503723,39.69683928040854],[97.50862070548135,39.527088789915865],[97.39301066481045,39.23948809519953],[97.49157633498004,39.079656144815374],[98.09320261021242,38.78486168042235],[98.24707107966668,38.88136951469147],[98.29076626005497,39.03726334552715],[98.58044955530278,38.92834271044785],[98.8119132998591,39.08692677055416],[99.09674143506936,38.95619514049338],[99.09148518998961,38.88008122506858],[99.81444274004048,38.36729812490859],[100.17938637987754,38.21917777033798],[100.16306915981392,38.32673258524079],[99.99926499028714,38.467510160565496],[100.06190578532392,38.51949258551457],[100.43590030475542,38.26738724972182],[100.71355479981429,38.252777665057295],[100.84232604001483,38.14772065508424],[100.91024341470188,38.17811796507209],[100.89652314532708,38.01245197497883],[101.10098432007032,37.946452790364106],[101.17056348541666,37.86005673533026],[101.35342793045476,37.78966136058341],[101.43825162970899,37.86777006044008],[101.59075100005879,37.83019400035295],[101.81272577467479,37.65350794003945],[101.99676660039836,37.7257504449272],[102.03969138464987,37.62839549515604],[102.2039535096468,37.85757392030024],[102.09237269524374,38.03392475472373],[101.88409354498128,38.10111234036225],[101.3832058755508,38.06521829129127],[101.48411399546455,38.2320328100663],[101.33238727495291,38.36689975491987],[101.51450135985004,38.43761464979633],[101.51837628493769,38.5554213151417],[101.60371745499663,38.64813682525431],[101.55779436971454,38.71295009547066],[101.3070285696129,38.786430965017075],[101.33217877972703,38.84652451489444],[101.23782872481593,38.858796005231625],[101.19649219545863,38.948137945210135],[101.22660951501723,39.0211622100681],[100.9615425248677,38.94372101491308],[100.95782874480079,39.00570508002551],[100.82875839548376,39.02761571988975],[100.82975448997792,39.40407667050198],[100.49681460471032,39.39983890044499],[100.49777723003518,39.48027536051961],[100.32359847958628,39.508266504695484],[100.26235961970082,39.67670440498449],[99.72409521502232,39.87580443053014]]]}},{"type":"Feature","properties":{"name":"漳州市","adcode":"350600","level":"city","parent_adcode":"350000"},"geometry":{"type":"MultiPolygon","coordinates":[[[[117.95813734016622,24.84554728018287],[117.61925959475457,24.869856080094053],[117.59928534544235,24.953469415081486],[117.73531350481448,25.03720834488928],[117.54153833542591,25.21475067490377],[117.47733085033849,25.167900070232122],[117.48577244464263,24.95945088515026],[117.28251874464445,24.994357879712425],[117.17884772034608,24.927481380361485],[117.14335199539835,24.784622459958598],[117.04787622041135,24.827040700168254],[117.01425720970258,24.557167400255366],[116.90834345518635,24.527052755280465],[116.9447104999897,24.433270110527246],[116.89027018022466,24.355121200183305],[116.99334278034507,24.184983424745326],[116.9221483849401,24.103439329961134],[116.95524384542716,23.8689918902636],[117.08603672021854,23.666605904738788],[117.2221440747893,23.62419517476758],[117.23022325040279,23.691356584738628],[117.24886596529211,23.60769441476549],[117.27449584500732,23.73547136001531],[117.34487943503791,23.754087005311078],[117.3806884649008,23.786768530343465],[117.39710112012062,23.787309995060298],[117.31635262497377,23.57408439008259],[117.43756823528588,23.583262619973993],[117.42384475982783,23.653871960522622],[117.53597713024044,23.73656535021081],[117.44069290545326,23.738924674833925],[117.40362351531303,23.774030760411335],[117.50425567016316,23.86552944013158],[117.40240009468869,23.93899258493991],[117.43343632532617,23.943768810582185],[117.59213202007675,23.879230110581204],[117.59027312500473,23.71905978038461],[117.69732971459473,24.044005174699123],[117.7916432399436,24.001077685286987],[117.74798599475787,23.906866304936102],[117.89861537509955,24.03462963984606],[117.95537482968473,24.20522560547738],[117.96897403502373,24.153566570440944],[118.13824028466149,24.26873476519728],[118.0995261550081,24.35659216010015],[118.04037619990174,24.344299899920486],[118.06526746462191,24.409141250568325],[117.90610827008061,24.393821160118478],[117.87937093462097,24.42883384480615],[117.90519387539712,24.477699670103732],[117.95807504502739,24.48624222499876],[117.88222273968779,24.59359357548317],[117.96114481967777,24.664746379941505],[117.95813734016622,24.84554728018287]]],[[[117.93740479509529,24.408508255551624],[117.97604671998022,24.40688326515061],[117.9786698553296,24.41340217996668],[117.93740479509529,24.408508255551624]]],[[[117.92331374962987,24.470136254784393],[117.90555944980883,24.477238280122606],[117.92424650037572,24.464330375546467],[117.92331374962987,24.470136254784393]]],[[[118.06407730542333,24.372438020298432],[118.07340175518686,24.384765460157894],[118.06269563469584,24.38267412990723],[118.06407730542333,24.372438020298432]]],[[[117.44550213981199,23.918629119838045],[117.43370276027417,23.931187824858284],[117.43008199528788,23.93052895544696],[117.44550213981199,23.918629119838045]]],[[[117.31661961030682,23.603495409985214],[117.32172871460853,23.613512950162544],[117.30843007978444,23.605257664809415],[117.31661961030682,23.603495409985214]]],[[[118.14433080022627,24.322397245136813],[118.150986494731,24.334393819918887],[118.14137951035616,24.340884614733227],[118.14433080022627,24.322397245136813]]],[[[117.714649179616,23.78038235995797],[117.70814682041953,23.771735790374464],[117.72106580014668,23.773301305011273],[117.714649179616,23.78038235995797]]],[[[117.54377087002968,23.730985445421993],[117.5496692850096,23.74132972548648],[117.5471460454537,23.740724700284716],[117.54377087002968,23.730985445421993]]],[[[117.66468238988045,23.79787677998945],[117.67162615971961,23.79149064018094],[117.6655955147213,23.80570065516116],[117.66468238988045,23.79787677998945]]],[[[117.28402778005807,23.59349380039862],[117.29415298976869,23.59951807549885],[117.28928301969563,23.60377093977712],[117.28402778005807,23.59349380039862]]],[[[117.68853723540519,23.777575455343026],[117.68441881977276,23.78736267015114],[117.67796376491583,23.783752564829058],[117.68853723540519,23.777575455343026]]],[[[117.91047200008279,24.401594999709516],[117.91434200048297,24.406303000083426],[117.90567700019346,24.40403499981545],[117.91047200008279,24.401594999709516]]],[[[117.75969982988329,23.81505836994785],[117.76094751511584,23.818663615333605],[117.75378817508431,23.814365085280485],[117.75969982988329,23.81505836994785]]],[[[117.71912928998483,23.790464555095184],[117.72641584991163,23.793364794949355],[117.71893912024427,23.793354575053627],[117.71912928998483,23.790464555095184]]]]}},{"type":"Feature","properties":{"name":"长春市","adcode":"220100","level":"city","parent_adcode":"220000"},"geometry":{"type":"Polygon","coordinates":[[[127.04285527465129,44.56441519990159],[126.97822624044875,44.822943054878124],[127.08681856992109,44.94518423046793],[126.95714431505814,45.13435099490255],[126.7872275597042,45.132660155242036],[126.57471610006803,45.24923893033241],[126.41279883499828,45.23036266510496],[126.16391176991226,45.13851554035995],[126.18593592040645,45.00065559507971],[126.13759687029938,44.97096978013133],[126.18616359007763,44.9141427504876],[126.05445293015862,44.90060883502974],[126.03975318486164,44.788284534903426],[125.91406853033845,44.76947011515375],[125.66689110524032,44.942740310217175],[124.62832789461675,44.63886678507413],[124.53937029520307,44.5124574604435],[124.63729931461171,44.44666880532117],[124.54402692000644,44.417043320492894],[124.618806895322,44.35731116497834],[124.61134049976431,44.209658644930585],[124.7558500502397,44.22253855541004],[124.72559160546825,44.14656693521596],[124.50822933041934,44.1138642752162],[124.30188961041722,43.98872000532401],[124.00943725042885,44.00222992057445],[124.07871474988588,43.86073150985135],[124.03236903000675,43.79646434485369],[124.09942880489552,43.70094407051249],[124.35618775546061,43.76877615979197],[124.65639940490871,43.66178373053481],[124.77390034032851,43.20819946543304],[124.83492490526021,43.15910408548518],[124.9204511701854,43.31378697468921],[124.86439449530974,43.39816572536796],[124.89327461033508,43.48207173032614],[125.24615636032786,43.64320608519273],[125.30342097489813,43.61335097556713],[125.24545351047118,43.44634883483093],[125.37372675018946,43.47105669001428],[125.3677419796087,43.54989463033297],[125.43956714510773,43.60275146970463],[125.48887897028828,43.41938537473533],[125.57598875967358,43.40367795527345],[125.53547107023371,43.358996910179314],[125.58998765970284,43.312209905562725],[125.69180361014855,43.26026893036692],[125.8856199001383,43.299337714863725],[126.01467372531226,43.36011963551283],[125.85254815477356,43.49295624033829],[125.88373938986103,43.64332629037608],[125.79568076985174,43.82518081024625],[126.03605760527432,43.87948624969073],[125.99950355004887,44.02448030991843],[126.15677043970413,44.155696300443935],[126.4632380053298,44.18137132972316],[126.4868664150531,44.38031875021022],[126.40772370978141,44.523811859929424],[126.62090025044631,44.57337932549552],[126.874524329834,44.510146889867144],[127.04285527465129,44.56441519990159]]]}},{"type":"Feature","properties":{"name":"长沙市","adcode":"430100","level":"city","parent_adcode":"430000"},"geometry":{"type":"Polygon","coordinates":[[[113.42029773015622,28.638908579767246],[113.17439018465939,28.603652030417038],[113.14909339044766,28.467611435219624],[113.07227090457877,28.525812975188785],[112.98120304958115,28.46434353992248],[112.97027481543046,28.524457419874068],[112.81870084476839,28.513956205414615],[112.79225561990097,28.561083800377105],[112.6672941147317,28.52115057493927],[112.54815449043747,28.320743620421865],[112.310142159733,28.287442135146534],[112.23347705971867,28.213834675230146],[112.10959385966908,28.275383005321487],[112.01037587974326,28.24991532013604],[111.93053526459096,28.193338120358078],[111.8922115450269,27.986181705321485],[112.09684540489172,27.896629730477855],[112.19238578537579,27.97390160037861],[112.39254243968196,27.9661222902115],[112.47399043021426,28.063431639858265],[112.63521011545447,27.882384464771235],[112.65005111996322,27.945806240066076],[112.72642574525196,27.920385084903785],[112.79243175482168,28.07618420004087],[112.88118416491739,27.976591620107342],[113.0685438199414,28.01313798972643],[113.12474363001468,27.91459731981047],[113.1608113696492,28.01566456037125],[113.2476411002566,28.022827405060696],[113.2679499252489,27.866118999792093],[113.4009564452839,27.857060689999003],[113.56389812989482,27.968678315452053],[113.57055148526297,27.90115435009335],[113.6915287599445,27.872482179908786],[113.85787551973954,28.0103514349708],[114.02121972471059,28.034663465246695],[113.98742767005103,28.166072915232974],[114.09883307978282,28.184958140406025],[114.24971918509254,28.3247385303589],[114.17707514999836,28.439640465535206],[114.2128448749911,28.487709190227065],[114.08030031960425,28.560087874955514],[113.85060769988547,28.53511412531674],[113.6980148000431,28.42586443549544],[113.57187268018015,28.542327084727333],[113.41690433986355,28.581369560456835],[113.42029773015622,28.638908579767246]]]}},{"type":"Feature","properties":{"name":"长治市","adcode":"140400","level":"city","parent_adcode":"140000"},"geometry":{"type":"Polygon","coordinates":[[[113.53656764028449,36.749135324735505],[113.28925212968215,36.98244968970147],[112.89968068511564,36.86419594978332],[112.87200601956226,36.98091269976135],[112.64202099966951,37.12048134523792],[112.58768414510723,37.07799800490403],[112.43244627977208,37.11147155027186],[112.54449801966791,36.97540837040003],[112.50810495028327,36.94445344027412],[112.17892934471354,37.01081905455578],[112.0578391097871,36.97042134996536],[112.08178257000964,36.88558655487566],[111.97532940482824,36.798576199931745],[112.04062109458789,36.588246005448866],[112.2049783948371,36.40532567024354],[112.43944167519317,36.33945812479266],[112.4641170504616,36.26608838537072],[112.56712987534354,36.271020875413114],[112.56378705482882,36.12425498527938],[112.49069715474991,36.03053137022658],[112.61018989514764,36.067470200389494],[112.9021286154433,35.919103490034104],[113.6361455100074,35.822509950373956],[113.62593572535354,35.98635277995686],[113.69630106004593,35.99143271474804],[113.65289171478082,36.04000248053012],[113.70681284963337,36.13237122555165],[113.64613647521821,36.171423529972],[113.73955258508374,36.37030779556835],[113.5500423102045,36.492478080299236],[113.58304420972252,36.56262022034696],[113.45486337984119,36.713892900137296],[113.53656764028449,36.749135324735505]]]}},{"type":"Feature","properties":{"name":"昭通市","adcode":"530600","level":"city","parent_adcode":"530000"},"geometry":{"type":"MultiPolygon","coordinates":[[[[105.17708208017393,28.070423455078412],[105.04280364986863,28.101763215000403],[104.87380592520333,27.91026114503586],[104.56772895492736,27.84526828470365],[104.29629611547341,28.04831622971028],[104.44886392962673,28.12069217510384],[104.39747812031908,28.20164170470099],[104.46327584960085,28.249073214757118],[104.36887619528022,28.33946546036276],[104.28587978982051,28.3164970648877],[104.24446164518884,28.527629430353954],[104.42649410042247,28.627560675185066],[104.24476903526283,28.66758919998165],[103.94217340987501,28.60479852483212],[103.84791533042824,28.670519485286093],[103.77978832467153,28.527609780167268],[103.87110704465442,28.306902755557758],[103.70991222476943,28.200621295236658],[103.63455234501475,28.264946635578838],[103.44909967990634,28.125565764948135],[103.43087596545348,28.043640284771357],[103.56185833459455,27.98066459029866],[103.48723861487025,27.800389734998305],[103.2773925398339,27.63595030506258],[103.2927287398395,27.56910095534488],[103.21745819513967,27.56726119514809],[103.1405954996826,27.42521368985996],[102.98505411045892,27.370972845120775],[102.94624934533107,27.41609664534394],[102.88122278020722,27.300557745543585],[102.86970776540113,27.030182909913435],[103.0338554399766,26.559293635492907],[103.06087171455806,26.536092845308588],[103.08012494501025,26.540812285058962],[103.1085449300046,26.635053090327915],[103.20842698461769,26.629836230157935],[103.23986341986102,26.729316705101894],[103.40251241021963,26.711780650056994],[103.38271352510918,26.736406514948783],[103.38935805542997,26.759250804880764],[103.36421952481129,26.78248190491604],[103.41972198528146,27.001788735461844],[103.61123583456617,26.99570419499264],[103.62563544012352,27.120677555025168],[103.86196421028012,27.292799000173773],[103.93075998968186,27.44798699540354],[104.17110082524295,27.266734884607274],[104.36008836468636,27.471748990423634],[104.60670000020491,27.310694954908286],[104.82149945473611,27.355369245194538],[104.86857364975418,27.29450996036644],[105.06801929465479,27.422921040074016],[105.18861375042428,27.3758571000252],[105.30104349516125,27.615335429986146],[105.26969183990656,27.79887584054768],[105.31228846963722,27.81728274510266],[105.23636266000881,27.83156790473504],[105.28033698996018,27.963388045421993],[105.17909215038247,28.000121019869198],[105.17708208017393,28.070423455078412]]],[[[103.40688037962587,26.740666015324393],[103.38575450526628,26.74193014555982],[103.39118119525602,26.736469645557747],[103.40688037962587,26.740666015324393]]]]}},{"type":"Feature","properties":{"name":"肇庆市","adcode":"441200","level":"city","parent_adcode":"440000"},"geometry":{"type":"Polygon","coordinates":[[[112.82653125531328,23.54808741969873],[112.65100586542837,23.81627207519614],[112.67750417008142,23.941791275147295],[112.51093533529752,23.979305700197983],[112.48072285037927,24.11797255049288],[112.42468288041061,24.130288090523038],[112.44276170508863,24.287683934865754],[112.28605132041218,24.391682879861094],[112.24586890542571,24.247751060163353],[112.15924993004035,24.187935454757508],[112.0702258896132,24.263480414989203],[112.03888638959529,24.191911000492325],[111.87213244016004,24.230040825323897],[111.93625119004042,23.98516817557089],[111.81721511998188,23.91399360482103],[111.80499235491328,23.808586139838553],[111.64992555502039,23.836376835022975],[111.61225772001785,23.73627690975161],[111.66015730021928,23.702688060505636],[111.48175703046263,23.629173885466514],[111.35697991958767,23.327209649805525],[111.46008532517766,23.2748639697964],[111.52709433963213,23.327111600320166],[111.58027464535866,23.191699964881536],[112.03350647514378,23.07452601036715],[112.30656399473264,23.123391840161332],[112.25150469498578,22.915018649591048],[112.30209228043441,22.913770944573457],[112.31042427526017,22.792100225145305],[112.40300818038327,22.77583445979252],[112.83218254468875,23.015968935118337],[112.75910696991082,23.205221934644612],[112.8396953749417,23.22804506982419],[112.88130028987655,23.347040709960822],[112.7792367902457,23.37673698492398],[112.82653125531328,23.54808741969873]]]}},{"type":"Feature","properties":{"name":"镇江市","adcode":"321100","level":"city","parent_adcode":"320000"},"geometry":{"type":"Polygon","coordinates":[[[119.81824001456505,32.30395174008078],[119.73752417470098,32.3159387748546],[119.61896504030437,32.220838740215754],[119.55345245996307,32.28804732502408],[119.03353106031022,32.160557800402216],[119.00359582019098,32.1179701198252],[119.07717896963379,32.10888543021849],[119.1149699002408,31.979960530054484],[119.02472397523138,31.951259614839387],[119.11137916991288,31.893332600119436],[118.97403860020131,31.84532996030947],[118.97393625465452,31.76744289027721],[119.07514203038045,31.78411991470233],[119.2555687802751,31.631256809953868],[119.31972837016826,31.69081280986336],[119.32519296478358,31.85203567510638],[119.43579080040513,31.82824610507373],[119.44744010467718,31.88962338051465],[119.73928254535326,31.732452319918707],[119.80665883483744,31.85429682973495],[119.74854132032578,31.885744175553327],[119.79282083971009,32.05567959004111],[119.9693681301352,32.017597074945115],[119.81824001456505,32.30395174008078]]]}},{"type":"Feature","properties":{"name":"中山市","adcode":"442000","level":"city","parent_adcode":"440000"},"geometry":{"type":"Polygon","coordinates":[[[113.58262557980675,22.60056557544101],[113.35908080473541,22.776184094620305],[113.15583083962156,22.67665370460486],[113.25751003466041,22.39663506455662],[113.40863440995008,22.206464270010088],[113.50771551485923,22.253552534921596],[113.46449369532786,22.312449675312337],[113.48948934525708,22.410958895037027],[113.58012145983753,22.427157449556717],[113.56914811479373,22.56357884468798],[113.6255054447206,22.505392075184147],[113.58262557980675,22.60056557544101]]]}},{"type":"Feature","properties":{"name":"中卫市","adcode":"640500","level":"city","parent_adcode":"640000"},"geometry":{"type":"Polygon","coordinates":[[[106.44065627017079,36.624812400272106],[106.14654882486843,36.57802377957381],[105.91817772472228,36.9330055499662],[105.82926030971561,36.79770022968188],[105.73406748033,36.82434842523969],[105.73194728993553,36.91686854504735],[105.8427471249799,36.98041742512413],[105.66097591470674,37.19213071036404],[105.56470796020426,37.212044349866915],[105.67145439970085,37.2766487102698],[105.70867961986863,37.1870691649101],[105.77229042995941,37.195857500023635],[105.73000806022384,37.28900096512251],[105.92338329480327,37.30764080038267],[105.8425097552211,37.39389054471292],[106.07098178987775,37.52715178962342],[105.99848848475585,37.59372883991409],[106.02039622970227,37.64548274533246],[105.92674218530368,37.669609900176795],[105.90168490483455,37.61327068529397],[105.87823072526783,37.614947330055315],[105.89695241502199,37.738932315374086],[105.35853136013424,37.71389832554735],[105.02144336541903,37.57926172494871],[104.41656904472569,37.51109744049455],[104.28447398668521,37.427330177545684],[104.6757494747585,37.40842720964804],[104.71491592473018,37.337273450109706],[104.61806967017918,37.296110954856715],[104.62352979516396,37.20514587977857],[104.82414106036168,37.22756680486418],[104.962491194613,37.0311875405726],[105.16155731032165,36.994631880057284],[105.17511209005096,36.89213491979075],[105.27551150485215,36.8694314403088],[105.33683575986248,36.76888805034332],[105.1990384595573,36.704966240299825],[105.24536656981138,36.54757021519333],[105.35763837471126,36.497617175192545],[105.48317916468676,36.191185175055864],[105.58395095007637,36.23643101058275],[105.81493495488434,36.12202904990079],[105.88094043025671,36.21728403503022],[106.00370503016308,36.1926823205327],[105.97584786518689,36.31206487509394],[106.20555278493316,36.327234405543436],[106.31113872037571,36.40969913001089],[106.30218033515439,36.48275941541476],[106.40804619987227,36.505206269753614],[106.36019354539587,36.57769211499914],[106.45155547510512,36.55978925526995],[106.44065627017079,36.624812400272106]]]}},{"type":"Feature","properties":{"name":"重庆市","adcode":"500000","level":"city","parent_adcode":"500000"},"geometry":{"type":"Polygon","coordinates":[[[109.72991937997546,31.696847630413856],[109.27613933965887,31.719319990425277],[109.27053209997649,31.802057644744536],[109.03483691479187,31.96300198994993],[108.5045572101472,32.20417072519888],[108.39692310471759,32.19551744487421],[108.44666672498943,32.07563083019869],[108.34501232515873,32.07352001973317],[108.36319907477753,31.98652417535044],[108.2566837601475,31.968574194743326],[108.53179062963392,31.75968426541658],[108.54156425478658,31.66800625548433],[108.33566892488102,31.512019639794573],[108.18655443993549,31.492683794921277],[108.17689828512783,31.327238270030193],[108.0150207152339,31.245853310282087],[108.08808507007001,31.19325670503298],[108.0050916449635,31.112100700087296],[108.04896664029826,31.042665175357627],[107.93694307526277,30.98911019497956],[107.9908847254498,30.911151355450727],[107.94840384476169,30.873022605309018],[107.843210934637,30.794624980258675],[107.71266356487166,30.89232925549078],[107.63779420503857,30.81438895548598],[107.47986450514287,30.840249114704932],[107.4200051252364,30.742641350218207],[107.5096815347751,30.643632805309778],[107.07175155988665,30.05466407958363],[106.9765688595653,30.088408060083964],[106.74865831033281,30.022081110355032],[106.6082585096226,30.295950695268402],[106.43697062539411,30.312446859734848],[106.42495686456772,30.256206404801787],[106.24025554525724,30.18049057517993],[106.15810831025038,30.31396625983507],[105.79260983007964,30.433604735370295],[105.71857135028762,30.253542579626412],[105.62063464527273,30.278609724759065],[105.640502809657,30.189029420371526],[105.53138005464587,30.16499106458599],[105.74507472531837,30.036469415031547],[105.69755030540233,29.9309100950249],[105.73395362525963,29.864752535301307],[105.61345876041355,29.84881100522375],[105.53578386023702,29.69708714455612],[105.48096777044628,29.721509275232904],[105.31736491955547,29.612313894570605],[105.32084977000096,29.45071097493161],[105.42421882533858,29.42135481007648],[105.41536486489667,29.314669855429543],[105.47137008506144,29.281321615300385],[105.71166987016841,29.298882800101183],[105.7950890945861,28.937933664606987],[105.90865036002617,28.90260620011611],[105.98084159006737,28.984172550422898],[106.04431743979808,28.909282230090923],[106.2241640199536,28.89351574495572],[106.33640881011854,28.535445699959155],[106.52175065536852,28.57872203459425],[106.46996049018452,28.83786580466318],[106.64714171002197,28.65445611955431],[106.5600756996339,28.48917528481161],[106.70448821505914,28.453884570216815],[106.75299355970509,28.613241514884066],[106.86325810028114,28.629453270552062],[106.82825078544545,28.773804525058836],[106.98945698984824,28.774839890248813],[107.01303687485193,28.88897395548372],[107.18689934992511,28.89280455028984],[107.24285841508384,28.76450376523661],[107.39028216469023,28.861368404628195],[107.43579149528136,28.951486500002034],[107.36492290536785,28.998753989904742],[107.36522209002749,29.096016439906805],[107.43988461478318,29.20774965522247],[107.56477831466754,29.222359130169764],[107.59042878526031,29.14709319539469],[107.74688550536183,29.202740899972582],[107.80687047019609,29.142651870087775],[107.80473183470644,28.98600114014056],[107.86313871507969,28.960866325520556],[108.06467816516528,29.089235289976727],[108.229662204747,29.030428455009258],[108.29115574004544,29.08887215992229],[108.38468767989258,28.793726235077713],[108.32904849009583,28.679379835411112],[108.63117074473416,28.63734691512809],[108.56938473461787,28.532076245122653],[108.57508050536109,28.347669075167744],[108.66617864502848,28.34083409541722],[108.69326683479665,28.4077070748217],[108.63668419501965,28.460653260039976],[108.70766824529335,28.503332260475474],[108.77707964031322,28.430452430335436],[108.7202614653944,28.279859385302416],[108.75576618985781,28.19520291048599],[108.81717540472118,28.24874902534731],[108.98090939475281,28.166808275581502],[109.02012692531741,28.223367545575798],[109.08046748478665,28.18715036469763],[109.14449606504144,28.41564396509699],[109.31553956030251,28.582885849802153],[109.1758034151955,28.624427115219248],[109.29028536517751,28.724712440226995],[109.230515094596,28.882944680152946],[109.3164127696337,29.048190259672822],[109.11663103999058,29.19601373004963],[109.06554545495885,29.400600254997812],[108.91422704014587,29.33012860515106],[108.93235333463872,29.431748065420948],[108.86015440010556,29.474381085318896],[108.90273298493935,29.59643236006542],[108.82456442980464,29.67443644538571],[108.7777070451441,29.636887220169115],[108.79380561483731,29.663593865364646],[108.78247918966292,29.694290569554198],[108.76094793959578,29.639069315396625],[108.67937567984382,29.695011430133434],[108.65620172992595,29.85672814009166],[108.5872329002782,29.860492259710043],[108.50043064485845,29.709941425256602],[108.36254510487277,29.82268916487311],[108.52081154961337,29.869315279876332],[108.50874804998256,30.0608103953835],[108.57960892461222,30.258804715265455],[108.39515004004238,30.393389975367143],[108.42260996547759,30.494569429735463],[108.5646640250248,30.471882870098455],[108.65390448460437,30.590055375155487],[108.80426069047854,30.493817980515416],[109.03762021490104,30.65790604982442],[109.11321517024396,30.642045914687287],[109.07605163997124,30.602568474655413],[109.140335585419,30.523586390099865],[109.3212231650171,30.62199590019071],[109.34626685493146,30.489616279567713],[109.8887272849363,30.902378180208927],[110.07835877493756,30.804981269869756],[110.16796579998174,30.981768744931685],[110.11521731992343,31.08274615491115],[110.19562810974952,31.1602735950504],[110.13955263004988,31.387174909794282],[109.94092157037426,31.47064951536288],[109.97716865011319,31.515242954798566],[109.7197250097015,31.552077254961375],[109.72991937997546,31.696847630413856]]]}},{"type":"Feature","properties":{"name":"舟山市","adcode":"330900","level":"city","parent_adcode":"330000"},"geometry":{"type":"MultiPolygon","coordinates":[[[[122.15029352042973,30.112322994710496],[121.93452929029456,30.16747473037458],[121.98419249498772,30.104025270350007],[122.02284830990163,29.99552735530324],[122.09811059972446,30.00953569012006],[122.12002422533783,29.989931625144436],[122.17044005466482,29.99276123494309],[122.2780275896016,29.941459184893517],[122.30004476495401,29.946044305500322],[122.31512047003378,29.944522139984826],[122.3383128848318,30.019550855187845],[122.25068516508838,30.066817479942813],[122.29023216498251,30.102074750549377],[122.15029352042973,30.112322994710496]]],[[[122.12471819538848,29.79140962985059],[122.04814346464923,29.71629738022],[122.18113198025674,29.65531617969799],[122.20601841471807,29.693073460371977],[122.12471819538848,29.79140962985059]]],[[[122.24100911547839,30.308045379790485],[122.17466999972078,30.343935845063243],[122.04849098517093,30.303119485375987],[122.13782105499774,30.254219900428097],[122.18872966514198,30.247306380185364],[122.19984000031582,30.238614255443565],[122.2134943152106,30.239851524728124],[122.2214985548145,30.234221970167823],[122.24100911547839,30.308045379790485]]],[[[122.42109396021817,29.945480114915426],[122.32526256991173,29.92656553497153],[122.38219903985384,29.838151539761782],[122.411688450062,29.83211020002574],[122.42109396021817,29.945480114915426]]],[[[121.92839744998241,30.008573625072813],[121.84692933532062,30.10214735551608],[121.85218181493883,30.07101091971822],[121.8375616452538,30.04900888535184],[121.84669700536256,30.00953528542516],[121.83539579537967,29.994200505449044],[121.86826591004376,29.96974408002535],[121.92839744998241,30.008573625072813]]],[[[122.43468312462653,30.414442240217284],[122.27703257519329,30.47534455041074],[122.2801902199028,30.424460110445807],[122.43468312462653,30.414442240217284]]],[[[122.31424191513236,29.830944514977432],[122.21972929517085,29.8343004350171],[122.32137810481572,29.77722863509348],[122.31424191513236,29.830944514977432]]],[[[122.53439771468288,30.706223650201366],[122.42855746535486,30.743581784771607],[122.42342066463198,30.686911989896487],[122.53439771468288,30.706223650201366]]],[[[122.40271387974178,30.274187490260545],[122.33135423481019,30.27115537472082],[122.3150811004125,30.25109303501563],[122.27250781978012,30.238551695004787],[122.39418061484355,30.22768477033594],[122.40271387974178,30.274187490260545]]],[[[122.30748257016455,29.73494857481694],[122.2140548050852,29.775548425419572],[122.25511086467475,29.735217894790082],[122.30748257016455,29.73494857481694]]],[[[122.20751506466854,30.1844489555549],[122.14191432018981,30.17852301052858],[122.15917373028344,30.14060344988934],[122.20751506466854,30.1844489555549]]],[[[121.95317540012468,30.290920400356242],[121.97864843537707,30.344038974818886],[121.92259156534851,30.313494430523576],[121.95317540012468,30.290920400356242]]],[[[122.27284538480671,29.935776125168104],[122.20921093963318,29.972654635103368],[122.18674228033206,29.97825651482634],[122.27284538480671,29.935776125168104]]],[[[122.27564613536094,29.67839425469117],[122.20352137960799,29.716250480575297],[122.23218104471948,29.690255799865326],[122.27564613536094,29.67839425469117]]],[[[122.08947709009567,30.604406224867432],[122.06858468963173,30.646418815076288],[122.03756247043168,30.642896630175414],[122.08947709009567,30.604406224867432]]],[[[122.41343617543919,30.003547725147428],[122.37754166501588,30.02503921528762],[122.37339045470583,29.977392180005154],[122.41343617543919,30.003547725147428]]],[[[121.94054706959162,30.068594765136368],[121.93847297484797,30.115982515081043],[121.90708923987654,30.096270314723313],[121.94054706959162,30.068594765136368]]],[[[122.31102869501831,30.252871560374274],[122.25978050536605,30.27100077496584],[122.25274581047086,30.238337714813724],[122.31102869501831,30.252871560374274]]],[[[122.34435190971294,29.878938559966628],[122.29774105530555,29.885460769898657],[122.27975895990812,29.864381019968164],[122.34435190971294,29.878938559966628]]],[[[122.05670110477217,30.181494380461345],[122.01365535001446,30.187572960223974],[122.02113649535306,30.164627220469924],[122.05670110477217,30.181494380461345]]],[[[122.19043904972239,29.960711200361686],[122.1630649196104,29.99059584012599],[122.13776944470419,29.974150525126674],[122.19043904972239,29.960711200361686]]],[[[122.01648185535339,29.715919555243318],[122.03926779547248,29.746719384691914],[122.03175731514807,29.761817110571258],[122.00805124986539,29.744102809896788],[122.01648185535339,29.715919555243318]]],[[[122.7853110602573,30.699544764879022],[122.77616248461106,30.730061475157015],[122.75244346459431,30.70909506048872],[122.7853110602573,30.699544764879022]]],[[[122.48253417471244,30.419711715223514],[122.44638614000837,30.426454105272796],[122.47072100047387,30.405905000315556],[122.48253417471244,30.419711715223514]]],[[[122.5676768500067,30.647503749998123],[122.55577847489678,30.676983125570814],[122.54343264030422,30.654079260049855],[122.5676768500067,30.647503749998123]]],[[[121.8203196199546,30.081007360001706],[121.83739533003052,30.102719934977074],[121.82475523006985,30.098438680001152],[121.8203196199546,30.081007360001706]]],[[[122.82824988022787,30.727408834849882],[122.80320760045049,30.720712300332423],[122.83215771510652,30.703223744780075],[122.82824988022787,30.727408834849882]]],[[[122.0260828196665,29.954410790225836],[122.05348636030737,29.956067565365913],[122.04566616965803,29.965705780497444],[122.0260828196665,29.954410790225836]]],[[[122.70109939462145,30.85053330476825],[122.67435338969722,30.863003225118803],[122.66238736038838,30.850413079799864],[122.68499823038405,30.84081523523497],[122.70109939462145,30.85053330476825]]],[[[122.05214441982912,30.59380148495063],[122.07924060546964,30.581560375510946],[122.08566395023115,30.595119880278276],[122.05214441982912,30.59380148495063]]],[[[122.13568320011962,29.947398875158],[122.15722024002207,29.968196030222657],[122.12889821008434,29.958282175581985],[122.13568320011962,29.947398875158]]],[[[122.06941604541419,29.974902830501264],[122.07193598535753,30.00233295510185],[122.06612941004425,29.99727823999882],[122.06941604541419,29.974902830501264]]],[[[122.6698617554157,30.2047887154269],[122.68758594503538,30.20248980546023],[122.66938547985603,30.21137712985069],[122.6698617554157,30.2047887154269]]],[[[122.33622537040458,30.508375415293244],[122.33899746496115,30.529301964813897],[122.31382295966193,30.51957859557575],[122.33622537040458,30.508375415293244]]],[[[122.1286094998286,30.598782204735016],[122.10865700511681,30.61474998512375],[122.09815292541725,30.604456255052185],[122.1286094998286,30.598782204735016]]],[[[122.2886258454065,29.927495764917694],[122.30726718523249,29.943501324926274],[122.28419071462986,29.93768795973159],[122.2886258454065,29.927495764917694]]],[[[122.76246554005274,30.126754255504522],[122.76829925510663,30.140997620044175],[122.75500312489442,30.14252982019508],[122.76246554005274,30.126754255504522]]],[[[122.48171911464544,30.221231010502777],[122.48996050007713,30.231847120548252],[122.46938253047949,30.228169840365865],[122.48171911464544,30.221231010502777]]],[[[122.64268213517244,30.189640430561496],[122.64645256533368,30.2128254754154],[122.63529874973756,30.214155890182212],[122.64268213517244,30.189640430561496]]],[[[122.18654420465134,30.215196100020023],[122.18745319980542,30.232210374709098],[122.17552743044666,30.229528710581576],[122.18654420465134,30.215196100020023]]],[[[122.1046502601015,29.966473605472572],[122.1233870899423,29.975929445287704],[122.11197440989122,29.982273645212615],[122.1046502601015,29.966473605472572]]],[[[122.43067406025978,30.675927575097546],[122.41751510543781,30.68613609530462],[122.40494043475337,30.67384549527344],[122.43067406025978,30.675927575097546]]],[[[122.04257968020818,30.65463835057949],[122.00960821464741,30.656325570468766],[122.03828615488226,30.649208365473726],[122.04257968020818,30.65463835057949]]],[[[122.63558251462143,30.81845374004814],[122.61264941483864,30.827560714855167],[122.60507683992432,30.821406199936234],[122.63558251462143,30.81845374004814]]],[[[122.07890739496042,29.938954574793854],[122.08530869014396,29.95809962489784],[122.07575445010787,29.95233636003502],[122.07890739496042,29.938954574793854]]],[[[122.12304872991501,30.218683980281526],[122.13612030480829,30.21702209969021],[122.14536580039146,30.220068404733126],[122.12304872991501,30.218683980281526]]],[[[122.77390352972418,30.786248899766974],[122.78405218476053,30.792471540129497],[122.77174582500993,30.789651730243236],[122.77390352972418,30.786248899766974]]],[[[122.25571888012223,29.864595355391373],[122.27347419977457,29.87025188511643],[122.25049028020237,29.87639351005248],[122.25571888012223,29.864595355391373]]],[[[122.36532991484376,29.830575055494478],[122.37162251976349,29.8439294752651],[122.35560446007787,29.8394923551881],[122.36532991484376,29.830575055494478]]],[[[122.2548539247689,30.51431345979836],[122.27324758500811,30.526813395022202],[122.25415159472038,30.52018352005348],[122.2548539247689,30.51431345979836]]],[[[122.54099949033423,30.6620504405754],[122.52911464462522,30.67411543038287],[122.52013043986801,30.67351163005776],[122.54099949033423,30.6620504405754]]],[[[122.22446809013036,30.223333575084496],[122.23290678502019,30.234458505355803],[122.22197194534908,30.230303665381882],[122.22446809013036,30.223333575084496]]],[[[122.1903556403006,29.798231349996854],[122.1789866052477,29.790681779740396],[122.19596899537294,29.792460609969226],[122.1903556403006,29.798231349996854]]],[[[121.97183138541016,30.07557861506109],[121.98767674468604,30.076160050146257],[121.98264283000265,30.08672670017711],[121.97183138541016,30.07557861506109]]],[[[122.42356485023777,30.027318330276785],[122.43090347461577,30.032744410526163],[122.42243170535903,30.042845799893826],[122.42356485023777,30.027318330276785]]],[[[122.29034468995553,30.64243797503258],[122.28534225514102,30.652766650060926],[122.27337853978781,30.6401129397604],[122.29034468995553,30.64243797503258]]],[[[122.69852313013837,30.202829890387193],[122.7073132800839,30.20232797515598],[122.70849558460361,30.21165854030943],[122.69852313013837,30.202829890387193]]],[[[122.44700996463826,29.94090684557449],[122.45811805960079,29.945098885105494],[122.45560070520844,29.95032960023093],[122.44700996463826,29.94090684557449]]],[[[122.20526954025718,29.722200325084998],[122.21561764963485,29.726131359774513],[122.19380664476091,29.72859668478924],[122.20526954025718,29.722200325084998]]],[[[122.44837665985506,30.756688310017523],[122.4630073695945,30.745775205161635],[122.46444966002389,30.754587490120628],[122.44837665985506,30.756688310017523]]],[[[122.35609743964517,30.593436364696515],[122.35589099487356,30.601349350092505],[122.35153372470165,30.59906980972397],[122.35609743964517,30.593436364696515]]],[[[122.18653969994728,29.811754854902688],[122.19484335983327,29.81827739488591],[122.1819538302052,29.817847589994358],[122.18653969994728,29.811754854902688]]],[[[122.63704887000938,30.8191325654156],[122.65037551511796,30.822006185337216],[122.64119847502968,30.829196730045112],[122.63704887000938,30.8191325654156]]],[[[121.96985050000069,30.08852809979203],[121.97215628978097,30.10171471056549],[121.96449025462164,30.097470035513766],[121.96985050000069,30.08852809979203]]],[[[122.32166167005005,30.496223079731408],[122.30105382497413,30.50199541515633],[122.29923194959485,30.501304160258826],[122.31009650544945,30.49430117545893],[122.32166167005005,30.496223079731408]]],[[[122.21126241013224,29.640461585533785],[122.22620190479415,29.635442229975013],[122.22673417484236,29.636891724873237],[122.21126241013224,29.640461585533785]]],[[[122.22778834485632,29.735657694746862],[122.22849184492281,29.742179974826],[122.22147923467901,29.74049317492012],[122.22778834485632,29.735657694746862]]],[[[122.32356070006631,29.82775968556109],[122.3195674250967,29.842018969899584],[122.31554244003166,29.841300739837322],[122.32356070006631,29.82775968556109]]],[[[122.38261144466253,30.76155848513605],[122.39083215468031,30.757719965504066],[122.3894220249066,30.763705129987784],[122.38261144466253,30.76155848513605]]],[[[122.15926448536777,29.80313019550215],[122.17498625980807,29.804596655211526],[122.15757433998385,29.805549740528136],[122.15926448536777,29.80313019550215]]],[[[122.14207474035709,29.612598500320587],[122.15237644022056,29.61190087012909],[122.15574090022244,29.620517920365785],[122.14207474035709,29.612598500320587]]],[[[122.3331574546529,30.594735984877843],[122.33191592977641,30.59966377056662],[122.32272264523397,30.592790240477257],[122.3331574546529,30.594735984877843]]],[[[122.24021737483201,29.6574687402902],[122.23896671464217,29.66337136499652],[122.2257465951293,29.66476444542286],[122.24021737483201,29.6574687402902]]],[[[122.44129922467948,29.95707547515309],[122.45445599504819,29.953307580180706],[122.44585268015715,29.959831604944668],[122.44129922467948,29.95707547515309]]],[[[122.22304360987471,29.803193880093545],[122.22498737037085,29.810869830278477],[122.21960180997564,29.805844795500946],[122.22304360987471,29.803193880093545]]],[[[121.96022203981533,30.061259069850223],[121.96967093506566,30.06371931549404],[121.96562960482242,30.065798264778152],[121.96022203981533,30.061259069850223]]],[[[122.03889072502704,29.98371873523149],[122.04960920040435,29.98956285004556],[122.04435333483855,29.991188014914997],[122.03889072502704,29.98371873523149]]],[[[122.71186342965359,30.17735591534324],[122.72356366523104,30.175120385097728],[122.7169679851844,30.181641489762967],[122.71186342965359,30.17735591534324]]],[[[122.15794941483364,30.120348194813403],[122.14579284976026,30.12880047036549],[122.14530390545099,30.125317670374216],[122.15401293025263,30.118902795427744],[122.15794941483364,30.120348194813403]]],[[[122.52010660963242,30.22414698489547],[122.51406876016517,30.233843090286427],[122.5123040654803,30.232965844797945],[122.52010660963242,30.22414698489547]]],[[[122.12560092494277,29.970286804692307],[122.1328329301956,29.963833099717817],[122.14093481009343,29.96664358543319],[122.12560092494277,29.970286804692307]]],[[[121.63329450463777,30.611799095451943],[121.62372044534231,30.61469130975621],[121.61418231036544,30.60986491003763],[121.63329450463777,30.611799095451943]]],[[[122.18977218533814,29.76718225006084],[122.19750514984287,29.76158178047484],[122.1955715399946,29.766997565285465],[122.18977218533814,29.76718225006084]]],[[[122.35931836515044,30.27775645969291],[122.37167872469342,30.28439734056485],[122.35507637007845,30.279444989894444],[122.35931836515044,30.27775645969291]]],[[[121.85710333505097,30.11037698051331],[121.86636141484746,30.111640490216473],[121.86013893546351,30.119031545069788],[121.85710333505097,30.11037698051331]]],[[[122.21462589526891,29.68680691510707],[122.22239049522523,29.693551625407224],[122.20949648517467,29.690064290134956],[122.21462589526891,29.68680691510707]]],[[[122.421617075168,30.62289434989441],[122.42763285527212,30.620005259834898],[122.42808987544743,30.62498521519558],[122.421617075168,30.62289434989441]]],[[[122.32460028037872,30.22407503013858],[122.3286091046266,30.231357040395153],[122.31944796545133,30.227279480064],[122.32460028037872,30.22407503013858]]],[[[122.23065247962825,29.67564189036102],[122.23757394987797,29.67805478490044],[122.22934698507538,29.682422180539277],[122.23065247962825,29.67564189036102]]],[[[122.08748918547758,29.97650118028531],[122.08968424982834,29.984402909766516],[122.08211196539492,29.980001329997435],[122.08748918547758,29.97650118028531]]],[[[122.13596210506716,29.981336955436177],[122.14052324525164,29.988059115236013],[122.12951887539589,29.98601479974326],[122.13596210506716,29.981336955436177]]],[[[122.58263361974582,30.204159945425204],[122.58703539466774,30.19807930981233],[122.58899317469536,30.20758360509933],[122.58263361974582,30.204159945425204]]],[[[122.51201527518481,30.644729440411425],[122.51199673476151,30.65120453036485],[122.5087594352998,30.64979922995053],[122.51201527518481,30.644729440411425]]],[[[122.14476269973886,30.613693645045714],[122.14225490963645,30.619965784993042],[122.13209111990932,30.616934434776397],[122.14476269973886,30.613693645045714]]],[[[122.44047362995411,29.969954540269896],[122.44918561982058,29.97285806534751],[122.44788582966737,29.97551294496651],[122.44047362995411,29.969954540269896]]],[[[122.75977211459144,30.790604849734052],[122.76769590983838,30.797613029917443],[122.75922768480984,30.796351604842755],[122.75977211459144,30.790604849734052]]],[[[122.06782474001977,29.960383839942324],[122.07294284473653,29.96533840024705],[122.06971769511563,29.96560053553634],[122.06782474001977,29.960383839942324]]],[[[122.30014813482865,29.89301830994708],[122.30584105472099,29.897535355472314],[122.29669563479581,29.89584596551896],[122.30014813482865,29.89301830994708]]],[[[122.2132043647897,30.234069075527486],[122.20538865546212,30.23780252017025],[122.20490453961293,30.232139714975915],[122.2132043647897,30.234069075527486]]],[[[122.05111765485594,29.943504819691725],[122.05811605041549,29.9475524397933],[122.0541602447995,29.94832235479288],[122.05111765485594,29.943504819691725]]],[[[122.09872129515168,29.997459930031823],[122.10302614474085,30.00211666545181],[122.09687544474605,30.00253844029686],[122.09872129515168,29.997459930031823]]]]}},{"type":"Feature","properties":{"name":"周口市","adcode":"411600","level":"city","parent_adcode":"410000"},"geometry":{"type":"Polygon","coordinates":[[[114.89038844956735,34.286251435155634],[114.72743041528145,34.2246028450453],[114.47158774977493,34.33267078522863],[114.40170299479746,34.247021045185136],[114.2720791945992,34.27746431502618],[114.32103899005745,33.81254167995462],[114.27917210980513,33.7634375999653],[114.12914230477361,33.81031775995672],[114.08443026004852,33.714878000119654],[114.13196889464882,33.65250978509857],[114.24524900503764,33.70552347522823],[114.27905534542788,33.47474751958242],[114.55654953543274,33.42596179510082],[114.71835317475927,33.30401768536791],[114.67481414995314,33.17193846528801],[114.76638554525675,33.07174255537467],[114.84807500465774,33.055809524789765],[114.92749111012665,33.15656374012457],[115.14804010496698,33.08082413962239],[115.29598604502007,33.14349853512937],[115.3618481450759,33.333387254618174],[115.30830985971227,33.37544866542362],[115.33998663967179,33.50516435475123],[115.63522719028265,33.583457099965244],[115.5571019797726,33.77120498512204],[115.6293191147854,33.86844979042553],[115.54012426522274,33.883912894664434],[115.64975723980479,34.05812151519581],[115.55128784475824,34.092610149638745],[115.45063765490386,33.987322569680884],[115.2459707350614,34.02009334523177],[115.0500417496271,33.938220874693684],[115.13379449032357,34.052656890003504],[115.1183403100573,34.2071830849315],[114.89038844956735,34.286251435155634]]]}},{"type":"Feature","properties":{"name":"珠海市","adcode":"440400","level":"city","parent_adcode":"440000"},"geometry":{"type":"MultiPolygon","coordinates":[[[[113.62419884040423,22.373146270084362],[113.48948934525708,22.410958895037027],[113.50771551485923,22.253552534921596],[113.4237367052848,22.206303724837085],[113.25751003466041,22.39663506455662],[113.15776371472373,22.40127101034892],[113.10575125961304,22.07046228990282],[113.26174554022452,21.87468112513386],[113.2609000003348,22.08329999969527],[113.29852026479841,22.00538357039551],[113.4061311047667,22.00824112482809],[113.36218285515474,22.154080744730663],[113.55468021472018,22.079369429955307],[113.52201580018914,22.173396130027413],[113.62419884040423,22.373146270084362]]],[[[114.29491419993042,22.040069419867905],[114.23414524031068,22.03647996028201],[114.21779549536586,22.02222671489102],[114.29491419993042,22.040069419867905]]],[[[113.64465489520728,22.39713157486233],[113.61651367036961,22.43107803052675],[113.61325369989834,22.392678775105423],[113.64465489520728,22.39713157486233]]],[[[113.19873773995482,21.869540000470693],[113.13347856518374,21.873218414698158],[113.13639686971987,21.837027305166032],[113.19873773995482,21.869540000470693]]],[[[113.13311529483508,21.932576054741162],[113.15069921539657,21.92300679512755],[113.14461440962737,21.940035795315737],[113.13311529483508,21.932576054741162]]],[[[113.76069501506299,21.965430385404034],[113.7676627599285,22.000595075302556],[113.73736185006942,21.992597620184085],[113.76069501506299,21.965430385404034]]],[[[114.07170236467243,21.90144797994037],[114.03557688046874,21.895672975327614],[114.03332052462258,21.883582840475754],[114.07170236467243,21.90144797994037]]],[[[113.74647509494969,21.942752425084393],[113.71025022037145,21.94980620539212],[113.71739731523394,21.925314930339823],[113.74647509494969,21.942752425084393]]],[[[114.2137540401169,22.01233481989607],[114.17783656460585,21.992942485007745],[114.22274422536577,21.998437785175668],[114.2137540401169,22.01233481989607]]],[[[113.81207036975184,22.41800426038833],[113.78180368988842,22.417286425128452],[113.81824220471401,22.40056063046876],[113.81207036975184,22.41800426038833]]],[[[114.15011377003452,21.98278768490377],[114.14747325528651,22.00174189527229],[114.1192115599656,21.985832620279268],[114.15011377003452,21.98278768490377]]],[[[113.81602162030163,22.124015320550654],[113.82334619007463,22.15862275003991],[113.81563929511742,22.15788296053023],[113.81602162030163,22.124015320550654]]],[[[113.71178409506001,22.010654649792286],[113.69767768018085,22.031750480500307],[113.69053718004693,22.023683389976497],[113.71178409506001,22.010654649792286]]],[[[113.70020610522761,21.943759895103142],[113.6887116750039,21.965401650266017],[113.67603053987762,21.944226455286753],[113.70020610522761,21.943759895103142]]],[[[114.05081351023534,22.096424300041463],[114.02326539008573,22.100116189710434],[114.04691268467275,22.089168934898453],[114.05081351023534,22.096424300041463]]],[[[114.00313834505869,21.852399920519986],[114.01115714018988,21.865888215169036],[114.02600376006558,21.875845640164187],[114.00600791533304,21.866373810403104],[114.00313834505869,21.852399920519986]]],[[[113.91500129967028,22.038761075363368],[113.9335377803443,22.041750300436092],[113.91998717526803,22.052043655490365],[113.91500129967028,22.038761075363368]]],[[[113.81149180530258,22.163683420453538],[113.7963987900722,22.17648763499642],[113.80990817472252,22.16028114485897],[113.81149180530258,22.163683420453538]]],[[[113.83114295518328,21.999731820567092],[113.82056230001024,22.006404309911034],[113.83819886508559,22.002484340479953],[113.83114295518328,21.999731820567092]]],[[[113.88185496993094,22.115553799967927],[113.89813265489818,22.121716885425997],[113.89190186487917,22.127674040524596],[113.88185496993094,22.115553799967927]]],[[[113.44182934534808,22.063418850000005],[113.449723425196,22.076266640293284],[113.4354583402303,22.06203969017963],[113.44182934534808,22.063418850000005]]],[[[114.13820427480755,21.96954530986818],[114.13321155536903,21.972336309972775],[114.12240553998379,21.965115235080077],[114.13820427480755,21.96954530986818]]],[[[113.66248902514849,22.026235334992748],[113.66853548472488,22.04312896023339],[113.6614894547746,22.042133745276146],[113.66248902514849,22.026235334992748]]],[[[113.57161109977255,22.204029135236453],[113.5851198000388,22.213022200114494],[113.57205489991372,22.214297599754502],[113.57161109977255,22.204029135236453]]],[[[113.99520969527123,22.03834203985332],[113.99565424005118,22.051632489947508],[113.98921673996063,22.049720200327044],[113.99520969527123,22.03834203985332]]],[[[114.00294364543299,22.028693575148452],[114.01423209043867,22.032486634950317],[114.00925760025814,22.04082045000382],[114.00294364543299,22.028693575148452]]],[[[113.58006535023583,22.277880650471673],[113.58978913046406,22.282962605140142],[113.58400607961698,22.289676175515126],[113.58006535023583,22.277880650471673]]],[[[113.16086902518543,21.94773003051654],[113.16882209516359,21.95588576001984],[113.16091387527524,21.956009090347266],[113.16086902518543,21.94773003051654]]],[[[113.71546880004519,22.143126700037215],[113.70327411540814,22.145575630411088],[113.70286359467923,22.138207394955373],[113.71546880004519,22.143126700037215]]],[[[113.69647031964962,22.097679810275054],[113.70202248484986,22.102957145356015],[113.69637972464466,22.10360988498826],[113.69647031964962,22.097679810275054]]],[[[113.42719961047374,22.08014230012708],[113.43322751973426,22.080392065241654],[113.43485924965466,22.082075935156354],[113.42719961047374,22.08014230012708]]],[[[113.81424112992431,22.004232879743654],[113.8055009696941,22.008459585441585],[113.8004362649217,22.00650466525815],[113.8072997846574,22.001409575091884],[113.81424112992431,22.004232879743654]]],[[[113.90623600968411,22.040793589952273],[113.91363241010765,22.03996742056006],[113.91339788040796,22.043456069741865],[113.90623600968411,22.040793589952273]]],[[[113.97385311512926,22.057371240190605],[113.97698443488378,22.064080939883524],[113.97256030011783,22.06404410545116],[113.97385311512926,22.057371240190605]]],[[[114.02140101544455,22.043945094990193],[114.01074502496294,22.041358955051805],[114.01447300532504,22.03900338509817],[114.02140101544455,22.043945094990193]]],[[[113.6889559803343,22.043976840159075],[113.69703475035351,22.047868489938935],[113.69558064463115,22.048776785420387],[113.6889559803343,22.043976840159075]]],[[[113.60050315959325,22.251510650296325],[113.5946239001729,22.24832980038002],[113.60016030475435,22.24718059001225],[113.60050315959325,22.251510650296325]]]]}},{"type":"Feature","properties":{"name":"株洲市","adcode":"430200","level":"city","parent_adcode":"430000"},"geometry":{"type":"Polygon","coordinates":[[[113.25230398434144,28.0000010503083],[113.16081136964908,28.015664560371192],[113.12777652976308,27.914945584970837],[113.06986189960708,27.950858394799127],[112.99068655973701,27.812785259831912],[113.05325750982627,27.729222740137402],[112.98740338495827,27.676305690255447],[113.0351614748223,27.62759966009628],[112.96467161460339,27.481919394664374],[113.10960092004643,27.208591865322376],[113.25186417539146,27.238536110353266],[113.27447722984039,27.17060773515891],[113.15886862988339,27.117063849716942],[113.28049850030561,26.939867194815236],[113.22510075509581,26.861164234641763],[113.28894077539655,26.76688714982214],[113.33103237464445,26.81407778006553],[113.42152747031662,26.77460503539413],[113.3751599652602,26.70266244541557],[113.42216378473097,26.566263695213422],[113.56074755475595,26.576466959782408],[113.60793659499791,26.286888935575973],[113.7176111650233,26.231479435327742],[113.68576679460193,26.102447800026027],[113.74440790969732,26.050044170402202],[114.0241812551609,26.26965256521379],[114.10431790464759,26.57181390978417],[113.85597730540837,26.663723065267277],[113.82942007987288,26.804941740069296],[113.92178113479156,26.95200165545208],[113.76379762486056,27.121835975350052],[113.86528337482798,27.383051795104336],[113.59765983962996,27.363246090434757],[113.60076689027983,27.63702868482602],[113.75298205507784,27.860310374923927],[113.57109014499429,27.90079247549238],[113.56389812989482,27.96867831545194],[113.40095644528378,27.85706068999889],[113.2679499252489,27.866118999792036],[113.25230398434144,28.0000010503083]]]}},{"type":"Feature","properties":{"name":"驻马店市","adcode":"411700","level":"city","parent_adcode":"410000"},"geometry":{"type":"Polygon","coordinates":[[[114.27905534542788,33.47474751958242],[114.18649231986478,33.4337937551777],[114.04146651986412,33.534030840550884],[113.70998868492995,33.4319908303126],[113.61910774502644,33.31483572019238],[113.62291960965229,33.152358320480175],[113.41191031011283,33.157621369830395],[113.17957405499874,33.070336809796004],[113.08997614008683,32.95358107510657],[113.20150837041501,32.91911255490055],[113.18287057481723,32.720630320432974],[113.2638360997563,32.66514659463968],[113.18380724480858,32.65593949021536],[113.19757933491849,32.573640904704064],[113.39808322466115,32.616173740126044],[113.50853344466282,32.572078890228624],[113.64403824986539,32.71111962017437],[113.80912156470856,32.602358530222034],[113.91486744008034,32.608473269925526],[113.96210906548106,32.504283200109626],[114.05582312523711,32.54682012025239],[114.07716857986611,32.452740774766994],[114.19073402985168,32.49391452053874],[114.41597536966765,32.27997609492087],[114.57444593982837,32.31078868484997],[114.64005336986713,32.38805336017447],[114.56651410464224,32.428867639729845],[114.56457543970487,32.50631769500569],[114.71543979041405,32.5509128098783],[114.78716923477248,32.51207988517859],[114.80966754022484,32.62429993499404],[114.95193229473966,32.664014254654205],[115.1384940145872,32.580258899628575],[115.20209466503684,32.61602962017088],[115.19449567523532,32.857138199768144],[114.88237337043472,32.97529193957138],[114.90615447964558,33.08661745982795],[114.76577443524207,33.0722003246853],[114.67481414995314,33.17193846528801],[114.71835317475927,33.30401768536791],[114.55654953543274,33.42596179510082],[114.27905534542788,33.47474751958242]]]}},{"type":"Feature","properties":{"name":"资阳市","adcode":"512000","level":"city","parent_adcode":"510000"},"geometry":{"type":"Polygon","coordinates":[[[105.06785278967459,30.538229800065267],[104.9816596495732,30.53042596538603],[104.95914356991989,30.609171739584156],[104.87661246019695,30.633066585154836],[104.89626179974232,30.37987557969427],[104.82985730956722,30.363150089904764],[104.8451871999294,30.307734424803925],[104.64594328465495,30.28856855989119],[104.65088187030216,30.243084219661057],[104.48243141008157,30.185627314748842],[104.45280714473398,30.040078899821424],[104.56500135522845,29.999028874682892],[104.56565322971284,29.93907788533619],[104.65049303042906,29.958999795004615],[104.6747962347585,29.904662569921697],[104.67745236983109,29.966309554742224],[104.72432187465483,29.952737710377107],[104.79037700969133,29.85088026970874],[104.95785288540242,29.998478065110646],[105.01868900459397,29.984812079713777],[105.10141951469893,29.84391990467992],[105.21265783489122,29.85054476502893],[105.25039555980732,29.796402840318876],[105.35671289498418,29.835823284916728],[105.43094926519649,29.67895131005497],[105.53578386023702,29.69708714455612],[105.5788154596658,29.821144250107125],[105.73395362525963,29.864752535301307],[105.69755030540233,29.9309100950249],[105.74507472531837,30.036469415031547],[105.40732388978574,30.2986653402333],[105.22724898525252,30.281184759868836],[105.12030754036078,30.345597329952852],[105.06785278967459,30.538229800065267]]]}},{"type":"Feature","properties":{"name":"淄博市","adcode":"370300","level":"city","parent_adcode":"370000"},"geometry":{"type":"Polygon","coordinates":[[[118.4841621597559,36.94322520467949],[118.14539439963187,36.9879534398994],[118.15175566958851,37.06410364476744],[118.03974689030679,37.09761516490801],[118.06824905984627,37.203311295180185],[117.97577638467249,37.209846350129],[117.93520409469329,37.28059519531206],[117.65271641003437,37.274465009752475],[117.54515099032596,37.146318560053544],[117.5733213298156,37.08678803523969],[117.83985578511647,37.06606477027299],[117.95604775460026,36.92246287496175],[117.82415531471611,36.858100585074],[117.84646627519851,36.75030827540661],[117.69409180988919,36.68406660029342],[117.68459002460997,36.60471696461627],[117.74990009471367,36.44470639538389],[117.8271816152394,36.44299181002407],[117.96960370524687,36.26258559524905],[117.89686638977219,36.173605150357446],[117.94718344026364,35.95468474500501],[118.11448011976177,36.03096938502915],[118.25583444020731,35.925713954935134],[118.38453791019651,35.988875944868994],[118.50034703468793,35.965767555528316],[118.48608509465146,36.12920746005631],[118.396113339659,36.13040196028231],[118.38169596979321,36.23866390491531],[118.30114991024027,36.251985125313354],[118.17495660995962,36.56056373972484],[118.22763678470994,36.72449459494965],[118.47644127494493,36.85285627489725],[118.4841621597559,36.94322520467949]]]}},{"type":"Feature","properties":{"name":"自贡市","adcode":"510300","level":"city","parent_adcode":"510000"},"geometry":{"type":"Polygon","coordinates":[[[104.26678107458696,29.636070779642807],[104.13969565043396,29.594564565302505],[104.15449056019128,29.475791330205766],[104.05050168490487,29.4666031798929],[104.16132492030886,29.381446449993746],[104.07319527993826,29.33259960488789],[104.13683234034028,29.312762084902374],[104.15163569473157,29.194843415291416],[104.1887088602258,29.24334199973356],[104.25195699981577,29.21277000543148],[104.2517152602511,29.271736864864465],[104.43868964481135,29.244310250317824],[104.54299607520875,29.14447055467241],[104.68841934497686,29.206812794574887],[104.71663642493115,28.999630079764415],[104.93710594038691,29.063870814586494],[105.07172548983954,28.937954779789322],[105.26489550542328,28.940630914884878],[105.26510731465089,29.018116825231346],[105.18248603979896,29.038784229708483],[105.2623909753633,29.19484590461485],[105.06295943992626,29.34202437042842],[105.04062123987836,29.48417810993186],[104.95877867989225,29.421650505366586],[104.7564211354271,29.460391615580647],[104.70874370036154,29.363860364764093],[104.61685517982278,29.44684372016161],[104.5272296548248,29.421019194780058],[104.48018151496501,29.60882729494375],[104.39155011044932,29.623988360074804],[104.345822560263,29.56424356009228],[104.26678107458696,29.636070779642807]]]}},{"type":"Feature","properties":{"name":"遵义市","adcode":"520300","level":"city","parent_adcode":"520000"},"geometry":{"type":"MultiPolygon","coordinates":[[[[108.06467816516528,29.089235289976727],[107.86313871507969,28.960866325520556],[107.80473183470644,28.98600114014056],[107.80687047019609,29.142651870087775],[107.74688550536183,29.202740899972582],[107.69244537985048,29.14583588022174],[107.59042878526031,29.14709319539469],[107.55742753505274,29.22419654493467],[107.40139267523182,29.191153100335384],[107.35952238475033,29.012533865445562],[107.43579149528136,28.951486500002034],[107.39028216469023,28.861368404628195],[107.24285841508384,28.76450376523661],[107.18689934992511,28.89280455028984],[107.01303687485193,28.88897395548372],[106.98945698984824,28.774839890248813],[106.82825078544545,28.773804525058836],[106.86325810028114,28.629453270552062],[106.75299355970509,28.613241514884066],[106.70448821505914,28.453884570216815],[106.5600756996339,28.48917528481161],[106.64714171002197,28.65445611955431],[106.46996049018452,28.83786580466318],[106.52175065536852,28.57872203459425],[106.47069019469677,28.602543525163583],[106.47505413963688,28.533293304842175],[106.38642555539514,28.57063185037964],[106.36689879973989,28.478737399711292],[105.96359633530267,28.766018979892067],[105.90170410536024,28.606240659678747],[105.74277202470921,28.61988349472756],[105.62142668988986,28.523295375281407],[105.63639717968613,28.315674939746714],[105.7325229198969,28.273993194830155],[105.78459436963453,28.339436905089144],[105.8879133696064,28.240504690139403],[105.87599760520538,28.125628245347286],[106.03098248495377,28.110635394807673],[106.11869221477394,28.170426675350825],[106.22312947494538,28.11882022007717],[106.33919669047492,27.824419680324013],[106.18980709032502,27.75770175033557],[106.06042628514501,27.780852760346647],[106.00011570007956,27.67133645031697],[106.104359265168,27.65761534007595],[106.14629876477625,27.564549304806633],[106.29909164506341,27.60643796034367],[106.33143663029631,27.475396729675367],[106.63277932470612,27.517166164786715],[106.72261205979879,27.409033430248655],[106.73497752029641,27.222230110231465],[106.80514832533498,27.324418215428352],[106.89498744021824,27.26273879026303],[107.0004174152316,27.357155930102124],[107.1919211102711,27.35876120466594],[107.26759376973672,27.488081190494597],[107.35497324961585,27.47124755543041],[107.40725169990611,27.344642200177475],[107.4817488950955,27.383249640558518],[107.45634422990236,27.241754790251434],[107.50182657993275,27.20857796989742],[107.55320858510817,27.270125920474925],[107.65282009487152,27.268719834952492],[107.86632489527773,27.138909165525604],[108.04020037005108,27.261223840008256],[107.95188793528007,27.356116554835182],[107.91539121992889,27.313888864779358],[107.81020681469278,27.3266079800743],[107.76094365992202,27.384854514923973],[107.79882714515668,27.42021582000416],[107.74979060515238,27.466522020075217],[107.90517447542175,27.579195644763274],[107.94605120030269,27.775478825487482],[107.87529705991147,27.869505900576883],[107.92631848011382,28.01448873546684],[107.77518384985484,28.076365895469735],[107.85771021475466,28.206152095243056],[107.8635760598873,28.36267028490579],[107.99365679482526,28.377570935150572],[107.95500697029553,28.412829204903915],[107.97341161485423,28.453297749991236],[108.02921778986916,28.37153809490718],[108.06535641496663,28.526280400520136],[108.02161194003907,28.585874410275892],[108.21063315009985,28.78440783505357],[108.12000790004458,28.87076770046906],[108.06467816516528,29.089235289976727]]],[[[107.95425510019277,27.15749170048167],[107.92365190031501,27.16413960056218],[107.94310560044318,27.14705180000061],[107.95425510019277,27.15749170048167]]],[[[107.90845166521223,27.33591581036643],[107.91291594031844,27.337186664832757],[107.90743423520183,27.33738662009648],[107.90845166521223,27.33591581036643]]]]}},{"type":"Feature","properties":{"name":"三沙市","adcode":"460300","level":"city","parent_adcode":"460000"},"geometry":{"type":"MultiPolygon","coordinates":[[[[114.05457532579067,7.539109654586923],[114.36425270579775,7.639890024005467],[114.55055097554714,7.880941671121263],[114.52922693017877,7.9567375934652205],[114.41044261183708,7.954216928668359],[113.89439621461372,7.61922059065779],[114.05457532579067,7.539109654586923]]],[[[109.9337219596008,7.535526898547573],[109.64940386499643,7.561006654433584],[109.46041719519746,7.316186408176236],[109.70566650710367,7.512276031413762],[109.9337219596008,7.535526898547573]]],[[[116.52020060707241,10.349492651164951],[116.52260404254264,10.429108442100983],[116.46309134768762,10.310756412578428],[116.64408971386922,10.344884885629028],[116.52020060707241,10.349492651164951]]],[[[113.38084122903956,8.238025025834304],[113.35290740225491,8.309874822864856],[113.26380100281403,8.125263721743408],[113.33307379252153,8.20142896507474],[113.31181223834415,8.134739924907649],[113.38084122903956,8.238025025834304]]],[[[109.98458194160338,7.814192196512693],[110.07242036440834,7.879418397640961],[110.07402529812907,7.950878674011619],[109.94329906939657,7.883154925159715],[109.98458194160338,7.814192196512693]]],[[[117.74421521655904,15.23152831837723],[117.71084727138452,15.224400834131245],[117.70838251024475,15.120074559293528],[117.82482811012926,15.110030025964988],[117.72087886526754,15.133001025876695],[117.7355909051962,15.220891727171534],[117.77501715671644,15.173880502683119],[117.8250674035379,15.154809809425217],[117.84044694636952,15.129137880109113],[117.83491876249093,15.161114059666147],[117.74421521655904,15.23152831837723]]],[[[110.48531668311847,8.070910730645778],[110.55061570864808,8.095469194048121],[110.59116788439042,8.1749228444138],[110.45766874811432,8.12986995033799],[110.48531668311847,8.070910730645778]]],[[[111.67797883515516,16.262571295528915],[111.57318543266166,16.21042476858827],[111.56359296244534,16.164784642397365],[111.69587383660831,16.200330434402076],[111.59084125941666,16.19229179483051],[111.67797883515516,16.262571295528915]]],[[[115.88029973234688,9.650487090506886],[115.9195276986444,9.750462747457902],[115.90371225621573,9.798022314678121],[115.83362874297222,9.711560399592827],[115.88029973234688,9.650487090506886]]],[[[114.58948250731191,10.858465821140783],[114.57786862193939,10.91075485465285],[114.46511195025641,10.837676429024043],[114.47335073394925,10.814370364201011],[114.58948250731191,10.858465821140783]]],[[[112.59302046851985,16.071817309521293],[112.45733456593757,16.04576035525622],[112.44136293645045,16.01108172104466],[112.57919228679464,16.016920997506077],[112.59302046851985,16.071817309521293]]],[[[114.70429557598015,11.002708818856945],[114.7892768157725,11.07802375319369],[114.79550041301366,11.106665935484557],[114.76243271190015,11.111831624230149],[114.70429557598015,11.002708818856945]]],[[[111.80836887662241,16.263686240827383],[111.78529805915815,16.27646685536115],[111.6791564236301,16.26244205575631],[111.78488273964678,16.251819960722685],[111.747704475781,16.194723786473617],[111.80836887662241,16.263686240827383]]],[[[113.88946132248213,19.159841099986807],[113.91565984352701,19.22538638327501],[113.80189233476347,19.224943338564287],[113.80637200626313,19.17282487047146],[113.88946132248213,19.159841099986807]]],[[[117.40562379370317,10.673456542485496],[117.36494605641542,10.744155780165158],[117.26351921833736,10.702254908237478],[117.27267666399689,10.687021271414608],[117.40562379370317,10.673456542485496]]],[[[112.53411387445578,16.291022557145368],[112.50454838609915,16.3192531143398],[112.37427072121682,16.27087191390774],[112.40629335975086,16.265222618329233],[112.53411387445578,16.291022557145368]]],[[[114.03275558310372,8.782794677432491],[114.0472289069885,8.83343262041916],[113.9755907905826,8.87981708668923],[114.03275558310372,8.782794677432491]]],[[[111.55467810171308,17.110346836937026],[111.50387101243734,17.118279747712222],[111.44440945483251,17.08256284979575],[111.53184895636429,17.10646396633905],[111.48886930717288,17.060304490659746],[111.55467810171308,17.110346836937026]]],[[[111.69799095761664,7.646771784690145],[111.73382988454159,7.68314387828741],[111.73977134736987,7.725188598575016],[111.6724837220462,7.696428186911362],[111.69799095761664,7.646771784690145]]],[[[112.61672625141546,5.463861399983671],[112.63543836968506,5.516346529768555],[112.58901076563438,5.577463374135448],[112.57903711417157,5.562734435046195],[112.61672625141546,5.463861399983671]]],[[[112.49480853138868,16.495410488403365],[112.57432264947079,16.515058037398546],[112.57941813354012,16.53345658815107],[112.49480853138868,16.495410488403365]]],[[[114.50842891356353,8.131380217822823],[114.59189103204551,8.122615199431948],[114.6206877871117,8.151359384627938],[114.50842891356353,8.131380217822823]]],[[[111.5510978817619,7.526099636489107],[111.59013392554027,7.560834341631619],[111.60263370248344,7.608908031480496],[111.55914721337325,7.604084442143346],[111.5510978817619,7.526099636489107]]],[[[113.96641690441663,7.946448368097776],[113.93579713902682,8.020089779219973],[113.89691812766955,8.01954206871153],[113.90093330023171,7.965442388755264],[113.96641690441663,7.946448368097776]]],[[[117.79459937805893,10.755161831753185],[117.83182733576302,10.80561505668959],[117.82277422495054,10.84247039379369],[117.7693127012202,10.807706069479593],[117.79459937805893,10.755161831753185]]],[[[111.57613745817719,7.77101915530983],[111.61539141937857,7.842249680078737],[111.60512688309922,7.863463273411412],[111.55081551622317,7.814980543117599],[111.57613745817719,7.77101915530983]]],[[[111.97310678165269,16.335459032508368],[112.05664019209121,16.31620526426161],[112.07340236162975,16.348073775184616],[111.97310678165269,16.335459032508368]]],[[[114.48955817197213,10.716672592865905],[114.54908116676245,10.758823656186848],[114.55065828265367,10.797412914074755],[114.48955817197213,10.716672592865905]]],[[[111.93032096424116,8.05998439136664],[112.0086950009736,8.094924096969521],[111.92261224725746,8.09067506200455],[111.93032096424116,8.05998439136664]]],[[[115.58094698401612,9.912183419829034],[115.49839645882957,9.89259327186204],[115.55031763365196,9.872204821795151],[115.58094698401612,9.912183419829034]]],[[[114.26081685421457,10.277259805895369],[114.32204738817643,10.28652262152184],[114.31885334970241,10.297825854979294],[114.26081685421457,10.277259805895369]]],[[[113.63374989594104,8.97883065251267],[113.72623190248032,9.005767724700775],[113.72143644033952,9.019344129528008],[113.63374989594104,8.97883065251267]]],[[[114.59494855972832,8.848162796076224],[114.67828153016853,8.883112592072507],[114.66145432345832,8.901916010415619],[114.59494855972832,8.848162796076224]]],[[[114.70037700589421,16.201170999242265],[114.80284451696093,16.195790047872435],[114.81505134874078,16.209529124769347],[114.70037700589421,16.201170999242265]]],[[[112.6086196824524,5.389488346310202],[112.68079756475584,5.372890395675256],[112.6866425851872,5.407869775769598],[112.6086196824524,5.389488346310202]]],[[[112.71455133527593,5.063668122086199],[112.67980764140964,5.119590103700375],[112.65052610949238,5.114318046740493],[112.65185739570234,5.056807627669912],[112.71455133527593,5.063668122086199]]],[[[111.74722848080978,16.457559971415606],[111.78357301917953,16.51456913805532],[111.73961580332673,16.553700200603828],[111.76069515036096,16.503622406648788],[111.74722848080978,16.457559971415606]]],[[[112.63870483416088,8.822219481044272],[112.53987430195752,8.856441580714431],[112.53354541209114,8.843923640163894],[112.63870483416088,8.822219481044272]]],[[[115.27683825648046,8.35670980990983],[115.19601529027352,8.391210353175325],[115.1759925000539,8.383257596161172],[115.19793465396117,8.354810731330247],[115.27683825648046,8.35670980990983]]],[[[114.63492276457396,9.920592578284925],[114.68185691356575,9.981045976590622],[114.61500902344778,9.976814458620424],[114.63492276457396,9.920592578284925]]],[[[114.63946871430983,11.425259485636786],[114.65788036368792,11.52415531851318],[114.64129472926845,11.53243459777849],[114.61590701179921,11.517399759691216],[114.63946871430983,11.425259485636786]]],[[[115.99189215340027,9.2795023843276],[115.93052068847908,9.317697871359712],[115.91831597999851,9.29425872306166],[115.99189215340027,9.2795023843276]]],[[[113.83940526783886,9.996429285782938],[113.87138306977295,10.11571482957578],[113.85728765180374,10.128968552256936],[113.83940526783886,9.996429285782938]]],[[[114.23170118516168,8.768390011389954],[114.19053288838211,8.774435826152512],[114.21140526184342,8.710646610352853],[114.21057968780246,8.762469517154557],[114.2447062821692,8.726344963749114],[114.23170118516168,8.768390011389954]]],[[[111.63679730934842,7.9053094800485155],[111.7119655615615,7.926714494978],[111.64745622082796,7.934227233500053],[111.63679730934842,7.9053094800485155]]],[[[112.98013888719993,19.4827121990088],[113.03601545125218,19.52033154076804],[112.9886017621617,19.52782597179123],[112.98013888719993,19.4827121990088]]],[[[116.69073879306086,16.3474421660232],[116.74343480217442,16.3235241808963],[116.7204859129946,16.376521492572863],[116.69073879306086,16.3474421660232]]],[[[115.3931537883168,13.926363382264356],[115.41898303244102,13.978800791323522],[115.35742216580036,13.950355665781387],[115.3931537883168,13.926363382264356]]],[[[114.68687024816347,10.328736507883605],[114.74314258496236,10.373909955180352],[114.71330133478887,10.382111770441895],[114.68687024816347,10.328736507883605]]],[[[111.64857750994418,8.635248111011549],[111.70875254649286,8.673372210758941],[111.65774257286154,8.678951561565384],[111.64857750994418,8.635248111011549]]],[[[115.50833372731972,8.51980259591312],[115.55693101595364,8.468036637780642],[115.55500095572961,8.525077531602847],[115.50833372731972,8.51980259591312]]],[[[116.729420545322,11.477793649157604],[116.76820951116008,11.446966733927695],[116.72953478710076,11.515809337431051],[116.729420545322,11.477793649157604]]],[[[112.28844170851812,16.969469042962032],[112.25012107542739,16.998698192067934],[112.19556055947226,16.980326103866673],[112.21044557320465,16.96300118625578],[112.28844170851812,16.969469042962032]]],[[[114.9469193873199,7.515790830182709],[115.01088028639617,7.4904652189947],[115.00985615733589,7.52741162954311],[114.9469193873199,7.515790830182709]]],[[[112.29899929967803,16.96195664977961],[112.34522508057307,16.945997932758416],[112.30009992147427,16.975163806464536],[112.29899929967803,16.96195664977961]]],[[[116.29044539543872,8.860013046664847],[116.30865250660793,8.920223555172981],[116.26967947562741,8.881558603147084],[116.29044539543872,8.860013046664847]]],[[[113.7650179931859,7.638346877306617],[113.82965560782009,7.617710548003458],[113.82725350514522,7.646207754184559],[113.7650179931859,7.638346877306617]]],[[[111.75303506331755,16.061172593840183],[111.82371233865359,16.051236526844264],[111.82484257152754,16.072913864583256],[111.75303506331755,16.061172593840183]]],[[[114.86598842602507,7.976454980213191],[114.91710354839006,7.993280180535976],[114.87948126584786,8.013656742464718],[114.86598842602507,7.976454980213191]]],[[[114.90732295169289,10.869448970593567],[114.9463477062817,10.866840822446022],[114.94973373832147,10.909117952731378],[114.90732295169289,10.869448970593567]]],[[[116.04145856855814,10.097272973768781],[116.0919433372153,10.095349970524751],[116.06928911000443,10.132877379087802],[116.04145856855814,10.097272973768781]]],[[[112.5516995846682,5.619611589303474],[112.55735487332879,5.678225335331035],[112.52748330970701,5.692098016410398],[112.52048572803403,5.645482795794464],[112.5516995846682,5.619611589303474]]],[[[112.63723068165075,5.00644984238636],[112.64375578380248,5.0387005283067765],[112.61013862569712,5.043790718966534],[112.63723068165075,5.00644984238636]]],[[[113.23368501155414,8.099253533124113],[113.27893766394209,8.112643414961667],[113.27664186383106,8.118844891578533],[113.23368501155414,8.099253533124113]]],[[[112.5818802048077,4.9542365353878495],[112.63727519269605,4.987826381982018],[112.59951860899662,4.995232003154456],[112.5818802048077,4.9542365353878495]]],[[[114.44440032791283,16.048367677826093],[114.51735102013356,16.058360906630583],[114.51915753958883,16.066243358244435],[114.44440032791283,16.048367677826093]]],[[[112.5038622978069,9.527508719951527],[112.5628814618101,9.555942583283638],[112.5076037536104,9.546686742799011],[112.5038622978069,9.527508719951527]]],[[[114.81563320920532,7.197333598366924],[114.86725667785345,7.232499179493573],[114.8503126761891,7.245785429753823],[114.81563320920532,7.197333598366924]]],[[[112.90305556286398,4.994142068002077],[112.95429458842455,5.039488435143198],[112.92484530236891,5.051474273818712],[112.90305556286398,4.994142068002077]]],[[[114.67022095972959,7.6092072134421755],[114.71759011079507,7.593320058174186],[114.71439109187543,7.613536977849321],[114.67022095972959,7.6092072134421755]]],[[[114.69140094629665,11.44863411477263],[114.72726984942403,11.483629863427495],[114.69253529986429,11.489856638872823],[114.69140094629665,11.44863411477263]]],[[[113.9709156532349,8.794816397258955],[113.97329596533655,8.843368092063827],[113.95280478841028,8.843962491775642],[113.9709156532349,8.794816397258955]]],[[[115.42329136420517,9.376718045301573],[115.46587827316387,9.360820537038194],[115.44906045087919,9.41955628329589],[115.42329136420517,9.376718045301573]]],[[[114.3033155189961,16.03589666479928],[114.27859372432101,16.062257354293536],[114.2084904349856,16.042441925254707],[114.3033155189961,16.03589666479928]]],[[[112.5243420578397,5.779130315711541],[112.56690023255976,5.798002490822341],[112.54840454873101,5.823169005645127],[112.5243420578397,5.779130315711541]]],[[[112.19879295762894,15.715877280012535],[112.24937402389219,15.713363390707968],[112.24704000169481,15.744773463224817],[112.19879295762894,15.715877280012535]]],[[[112.19934813790633,16.77587888570207],[112.25731715006646,16.77989775807515],[112.20597172841258,16.797693112846957],[112.19934813790633,16.77587888570207]]],[[[112.5622256788721,5.075982644983128],[112.60714525295111,5.111590500101556],[112.55510382977798,5.115220840169684],[112.5622256788721,5.075982644983128]]],[[[114.72656185544531,8.210431809180704],[114.68731125590978,8.186870323406765],[114.73767540749407,8.191305687107842],[114.72656185544531,8.210431809180704]]],[[[110.45818128883548,7.807103457758444],[110.50778300418239,7.80732122409529],[110.50605805053868,7.821595352643442],[110.45818128883548,7.807103457758444]]],[[[114.05497141509875,10.914155783062995],[114.10796850734084,10.931687582515963],[114.09204958621945,10.949219552840134],[114.05497141509875,10.914155783062995]]],[[[117.26296893306983,11.042897128899426],[117.29520862837558,11.079226910293698],[117.27718701856611,11.080396698948562],[117.26296893306983,11.042897128899426]]],[[[117.25377591023016,10.322573127447924],[117.29559265507703,10.345051934699086],[117.27055803572478,10.360164008362347],[117.25377591023016,10.322573127447924]]],[[[113.88939201442997,8.864689332446801],[113.93611924021081,8.874162515687601],[113.90785595488842,8.891180671850577],[113.88939201442997,8.864689332446801]]],[[[111.57373834035218,16.449409178290978],[111.60700095333141,16.465864984781263],[111.5790252514143,16.49287057002084],[111.57373834035218,16.449409178290978]]],[[[114.77313337980172,8.11582393033018],[114.80644041299468,8.159706641848118],[114.78249095699209,8.161052252459513],[114.77313337980172,8.11582393033018]]],[[[116.44960156286186,9.17027565959404],[116.49668998515472,9.165887459938347],[116.48249627128598,9.186802448674143],[116.44960156286186,9.17027565959404]]],[[[116.69537761758306,10.51944229922276],[116.64930267547811,10.49340037352846],[116.70882690503765,10.507129724257425],[116.69537761758306,10.51944229922276]]],[[[112.21768217039596,3.8814730120698755],[112.26120410808323,3.895360706431518],[112.2389675620035,3.9076990748524736],[112.21768217039596,3.8814730120698755]]],[[[112.01006122314698,3.8394995225849584],[112.04815002720204,3.8771930377285457],[112.00915888117754,3.8689409512639372],[112.01006122314698,3.8394995225849584]]],[[[115.32917057885913,10.202190019553825],[115.27766792873194,10.207879722571192],[115.28663741968126,10.173256203311155],[115.32917057885913,10.202190019553825]]],[[[117.65213522945737,11.026486665327411],[117.6866831975716,11.050562311501551],[117.64933974713165,11.048024060462069],[117.65213522945737,11.026486665327411]]],[[[113.57221309425893,6.924249860842451],[113.61910540678912,6.943771333880022],[113.59184876410927,6.963180421339416],[113.57221309425893,6.924249860842451]]],[[[116.70506025562634,9.026033673615188],[116.74569397199923,9.058534526647122],[116.69553742261405,9.050833913454369],[116.70506025562634,9.026033673615188]]],[[[117.35004027373975,10.064882974769546],[117.38576461354614,10.100438188971282],[117.3496033606067,10.106463036939658],[117.35004027373975,10.064882974769546]]],[[[110.6060185736983,7.992911676133019],[110.63683546958134,8.037261698768418],[110.61897104237977,8.042967316188765],[110.6060185736983,7.992911676133019]]],[[[112.46103618717041,5.013494707714642],[112.49475972158393,5.035540341213846],[112.46700716035218,5.042223533389404],[112.46103618717041,5.013494707714642]]],[[[112.34145923065898,8.927924220526393],[112.38808848609483,8.921278909594037],[112.38035977268544,8.948781045608825],[112.34145923065898,8.927924220526393]]],[[[114.33584216638292,10.70095432038562],[114.34772481774621,10.732348581022222],[114.31526713846768,10.695321863713104],[114.33584216638292,10.70095432038562]]],[[[114.17098902672228,9.344010106281416],[114.18986955743424,9.393348040579667],[114.16249974586663,9.386242306437339],[114.17098902672228,9.344010106281416]]],[[[112.89406366530602,7.829164904936476],[112.92762976260349,7.869152682350432],[112.88895680930932,7.85572632940665],[112.89406366530602,7.829164904936476]]],[[[112.17748617744519,8.86845178472214],[112.22171244887045,8.880323073151374],[112.22220472336937,8.888566165496172],[112.17748617744519,8.86845178472214]]],[[[112.25714452250179,8.856665896813752],[112.28103156105772,8.890686680545912],[112.24089478486644,8.87823878369295],[112.25714452250179,8.856665896813752]]],[[[115.25533278008379,8.488068196390202],[115.29199504713381,8.51287186444506],[115.25805573298578,8.517932348698992],[115.25533278008379,8.488068196390202]]],[[[114.70077171294429,9.702342337828668],[114.7107809487818,9.738796165410747],[114.67398407750329,9.729073839386217],[114.70077171294429,9.702342337828668]]],[[[112.6416836657686,16.387646992115037],[112.67440949500224,16.415373670858287],[112.65530348896493,16.42863784186295],[112.6416836657686,16.387646992115037]]],[[[114.89138896333009,16.038184862941137],[114.92318534952437,16.035277418618023],[114.9047648112471,16.057155602848866],[114.89138896333009,16.038184862941137]]],[[[112.83722235442815,8.895910127350533],[112.86863598915966,8.910297935601307],[112.82040177122485,8.920820517952563],[112.83722235442815,8.895910127350533]]],[[[111.53235454802405,16.434329287766445],[111.5340090433827,16.463484222119178],[111.4892231553244,16.444919845374613],[111.53235454802405,16.434329287766445]]],[[[116.4660241340066,9.811580700688808],[116.50492829130769,9.803556576175083],[116.4818249066941,9.824540033895516],[116.4660241340066,9.811580700688808]]],[[[115.75831282747504,10.447381908848058],[115.79801104657258,10.465634933105719],[115.75976381434862,10.472215599870083],[115.75831282747504,10.447381908848058]]],[[[111.69995200847848,16.575711067212012],[111.71815595943002,16.591553877809247],[111.6869952608227,16.593963764116495],[111.69995200847848,16.575711067212012]]],[[[116.18391455761082,9.597350278692431],[116.15071986053317,9.570653385745231],[116.18544206240131,9.567076873698795],[116.18391455761082,9.597350278692431]]],[[[111.45879377910967,8.526754252806597],[111.50507597177875,8.54158953762709],[111.50484495123357,8.552654106301986],[111.45879377910967,8.526754252806597]]],[[[113.65587716360028,9.232981510688205],[113.69273086933424,9.227682277115434],[113.67560552207726,9.245986060908024],[113.65587716360028,9.232981510688205]]],[[[115.791459318193,10.501895976618073],[115.78618277361613,10.538569825137358],[115.76742394455948,10.533223195494145],[115.791459318193,10.501895976618073]]],[[[116.07665558458757,10.806565341517341],[116.10753128354202,10.81560986740152],[116.08354548953275,10.832346280356603],[116.07665558458757,10.806565341517341]]],[[[113.59256954554814,10.243089356988264],[113.63376049624992,10.245362608397727],[113.60634724652823,10.25902659999764],[113.59256954554814,10.243089356988264]]],[[[112.94089847878183,8.411990164814313],[112.98113678033815,8.430984785319652],[112.95120593700449,8.438940510995849],[112.94089847878183,8.411990164814313]]],[[[112.5306421460183,5.952426119869585],[112.57136288528898,5.97259240051892],[112.534617573942,5.97136000106326],[112.5306421460183,5.952426119869585]]],[[[113.85368305842644,7.375382839346628],[113.79703291193937,7.379332284057739],[113.78745080640965,7.373012506122336],[113.85368305842644,7.375382839346628]]],[[[113.94870780002498,15.807504426987748],[113.9661348356542,15.841101755941338],[113.93409826752111,15.837215955352121],[113.94870780002498,15.807504426987748]]],[[[112.24527767762277,3.965329069580946],[112.28060829513674,3.948746482064564],[112.26528124483366,3.976533043964878],[112.24527767762277,3.965329069580946]]],[[[117.1709663955827,10.59276372886302],[117.20552223636219,10.59674532793457],[117.17050141011202,10.62253123103153],[117.1709663955827,10.59276372886302]]],[[[112.3579207037775,5.610993541718642],[112.38084185516755,5.6441733361306206],[112.3457816808799,5.622748792422897],[112.3579207037775,5.610993541718642]]],[[[117.19131030312803,10.71304321327375],[117.20973971591525,10.736706091313124],[117.17684913897665,10.73645231342357],[117.19131030312803,10.71304321327375]]],[[[113.2151858041816,6.297059075815753],[113.24402762967145,6.319107474730231],[113.22667649952086,6.327370630949929],[113.2151858041816,6.297059075815753]]],[[[114.09726974780074,8.102645390972043],[114.12803329949725,8.092368066333222],[114.129077388111,8.115143791053185],[114.09726974780074,8.102645390972043]]],[[[112.86934865601575,16.77474572913212],[112.89936562382456,16.76892479434383],[112.89839373458324,16.789316427111487],[112.86934865601575,16.77474572913212]]],[[[114.60685756302621,15.617180650566638],[114.60306444386902,15.652229222700498],[114.57717842914121,15.627259180067142],[114.60685756302621,15.617180650566638]]],[[[114.98534568985178,11.069291210221252],[115.016502682353,11.09007230968939],[114.98878174757965,11.096990854444414],[114.98534568985178,11.069291210221252]]],[[[115.41533944805713,8.335822567057846],[115.44547284749399,8.351057861331299],[115.43221282236391,8.363978139679432],[115.41533944805713,8.335822567057846]]],[[[116.56287793297031,9.720689417682536],[116.57502292107097,9.7473551338324],[116.54765347013165,9.745682729374494],[116.56287793297031,9.720689417682536]]],[[[117.62924549138643,10.642841103733986],[117.66327403267053,10.645538215516297],[117.6606332490253,10.65286190035647],[117.62924549138643,10.642841103733986]]],[[[114.10052441137259,15.984582365084123],[114.13321977876979,15.995692550970489],[114.10900135263034,16.01282838072524],[114.10052441137259,15.984582365084123]]],[[[113.86924500355417,15.463620646775496],[113.88806327240218,15.492051514465857],[113.8566703931242,15.481445761013106],[113.86924500355417,15.463620646775496]]],[[[116.83084803630788,10.485784568203314],[116.86591580806817,10.479821796838507],[116.86638855019146,10.496712497483827],[116.83084803630788,10.485784568203314]]],[[[114.26953839937767,9.70558421124241],[114.29620249494928,9.724874045900549],[114.28394804766435,9.740532649262377],[114.26953839937767,9.70558421124241]]],[[[111.19160352558231,15.79150075195821],[111.22491069097566,15.78867612620229],[111.22079072131481,15.802563835852368],[111.19160352558231,15.79150075195821]]],[[[112.46808158939393,5.740447365553507],[112.49430408546527,5.764841304282811],[112.49178620407008,5.777177812006471],[112.46808158939393,5.740447365553507]]],[[[112.66706544951091,16.333491677399024],[112.69289040296974,16.35867686034885],[112.67297730306018,16.361081662788536],[112.66706544951091,16.333491677399024]]],[[[112.20328113311791,8.83730671093599],[112.23653713428143,8.854753617085805],[112.22413001089137,8.858670929020207],[112.20328113311791,8.83730671093599]]],[[[114.0073645579281,15.410458187195616],[114.00726973790813,15.431794514605201],[113.97719927392745,15.422951253397684],[114.0073645579281,15.410458187195616]]],[[[113.71982635710071,15.594668491957407],[113.75488291611373,15.610919175679442],[113.71301832643474,15.609946498632041],[113.71982635710071,15.594668491957407]]],[[[116.42865670943968,9.77030251574854],[116.45007749667923,9.79578810643602],[116.43178334642437,9.805639012130769],[116.42865670943968,9.77030251574854]]],[[[113.88940901071737,15.675806242464148],[113.9158767240317,15.661278708345776],[113.91573245568839,15.687148665678421],[113.88940901071737,15.675806242464148]]],[[[115.71854556112885,10.521778775669986],[115.7426364562076,10.537869038325482],[115.71672237903465,10.539174840446606],[115.71854556112885,10.521778775669986]]],[[[117.44761923024339,11.079942734669544],[117.47716554235592,11.076084407469466],[117.48118828631038,11.089077315066106],[117.44761923024339,11.079942734669544]]],[[[114.46237739160335,15.57812452582624],[114.48752438933911,15.595139585623429],[114.45324714593914,15.60116800839694],[114.46237739160335,15.57812452582624]]],[[[114.76388850295211,15.87077998420898],[114.78596307123883,15.90074087299297],[114.75749092826379,15.890815396413473],[114.76388850295211,15.87077998420898]]],[[[112.87440446199639,9.543676157029097],[112.9035779826379,9.551625368915666],[112.90242793500124,9.562458006032216],[112.87440446199639,9.543676157029097]]],[[[114.23058565170652,15.434080161370389],[114.26015394594788,15.446521931142286],[114.24213348367334,15.459356529280456],[114.23058565170652,15.434080161370389]]],[[[114.56661458949179,11.319906715622494],[114.59116738446733,11.329326244410709],[114.57683513363452,11.338606887298056],[114.56661458949179,11.319906715622494]]],[[[115.69645177432994,10.487074879502131],[115.7205427593409,10.50342546711164],[115.70523926318151,10.515168983461876],[115.69645177432994,10.487074879502131]]],[[[111.51625866550506,9.265762173385667],[111.54934001652862,9.276934135502017],[111.55134524478729,9.28697155699183],[111.51625866550506,9.265762173385667]]],[[[112.72326676325054,16.657741862497005],[112.743735270966,16.671413572978054],[112.71718085491261,16.67786335690846],[112.72326676325054,16.657741862497005]]],[[[112.3356888701453,16.82288469177513],[112.34607166367641,16.847530518019028],[112.3243025932901,16.836302779050072],[112.3356888701453,16.82288469177513]]],[[[114.34278224810237,11.049943999715879],[114.32767949231481,11.070987348687254],[114.30841107770914,11.059723432690305],[114.34278224810237,11.049943999715879]]],[[[111.59680833313814,16.537875094959702],[111.62357209337745,16.537402555183803],[111.6290822809226,16.547715349084115],[111.59680833313814,16.537875094959702]]],[[[115.84108104615336,10.840941963600812],[115.86013077711368,10.849699863857666],[115.83787831753034,10.852739685687993],[115.84108104615336,10.840941963600812]]],[[[114.25339380508012,15.528324134051616],[114.27876733664334,15.539357700397602],[114.26090195076449,15.552016718496816],[114.25339380508012,15.528324134051616]]],[[[114.54288182963285,9.873546594999425],[114.55687454772226,9.889809395287386],[114.53832418421382,9.8891945863611],[114.54288182963285,9.873546594999425]]],[[[115.7187144861847,10.447188516836604],[115.73913347812754,10.465438346702399],[115.7266530474003,10.47358056658993],[115.7187144861847,10.447188516836604]]],[[[113.02442767859452,9.660405799687965],[113.03177003336043,9.679892822395914],[113.01317748085614,9.679172878225813],[113.02442767859452,9.660405799687965]]],[[[111.65089420850097,16.567368438802475],[111.67773718012683,16.569887959661685],[111.67474592618362,16.578861487667552],[111.65089420850097,16.567368438802475]]],[[[114.45417475526085,9.896396660377604],[114.47700782615027,9.902126074758598],[114.45552158715157,9.913416861598932],[114.45417475526085,9.896396660377604]]],[[[114.84875587778163,10.818956662020412],[114.86777748064628,10.827470846002768],[114.85243910787858,10.839246594055112],[114.84875587778163,10.818956662020412]]],[[[116.15942880889247,10.61580538131335],[116.17152668510846,10.616309007055065],[116.16588869580676,10.649484339930382],[116.15942880889247,10.61580538131335]]],[[[114.54648920641182,9.941918526618736],[114.5691926400284,9.93705614412579],[114.56729628999187,9.947509203487016],[114.54648920641182,9.941918526618736]]],[[[114.36859401480206,10.172323825783963],[114.36231118821081,10.18588621737507],[114.34300241023311,10.179833317753435],[114.36859401480206,10.172323825783963]]],[[[114.48507052438526,9.910766450711208],[114.50562980786935,9.920455735643714],[114.49695054253357,9.924669474916357],[114.48507052438526,9.910766450711208]]],[[[116.5994168022437,9.716271259810867],[116.59643256840832,9.735960797253028],[116.58760372243387,9.737421696454192],[116.5994168022437,9.716271259810867]]],[[[114.25188370307046,9.826164764392388],[114.26964975882936,9.823669078265425],[114.2653895129157,9.839761582031429],[114.25188370307046,9.826164764392388]]],[[[114.38549469162683,11.45829308086104],[114.39936256582985,11.468599253053128],[114.38123178911587,11.4660539342417],[114.38549469162683,11.45829308086104]]],[[[114.78414342168162,11.149129340546665],[114.80458679784249,11.15469991846652],[114.78339735670272,11.153666606428772],[114.78414342168162,11.149129340546665]]],[[[114.45198404992402,9.823879559194324],[114.47070400128871,9.832170881281172],[114.45450980938028,9.84111005698361],[114.45198404992402,9.823879559194324]]],[[[114.51402299526512,9.933936178312024],[114.53112701509974,9.937306148460038],[114.51756110626013,9.942277607025972],[114.51402299526512,9.933936178312024]]],[[[116.9174614781648,9.456947279993017],[116.93571374159592,9.463245104577936],[116.93073878196924,9.468018851688726],[116.9174614781648,9.456947279993017]]],[[[114.5767531766179,9.874556256665983],[114.59672690881985,9.879988697820181],[114.57935760696807,9.886038394056698],[114.5767531766179,9.874556256665983]]],[[[112.88917266998283,9.571131941985584],[112.90302278077672,9.587926784793353],[112.89089226546571,9.592496452349451],[112.88917266998283,9.571131941985584]]],[[[114.36414230142611,11.09344838173746],[114.38295385683512,11.09134691612735],[114.37917619792324,11.09703742673588],[114.36414230142611,11.09344838173746]]],[[[114.29609225155627,11.390956114233347],[114.3103093307111,11.381320467565558],[114.30725548934936,11.397327368463323],[114.29609225155627,11.390956114233347]]],[[[114.25012492952192,9.770426579023479],[114.26591233918316,9.767368237454264],[114.25403946704785,9.781387587167444],[114.25012492952192,9.770426579023479]]],[[[111.46374950673442,17.06036075944155],[111.469340502862,17.074468736443066],[111.45402801528076,17.07455247321809],[111.46374950673442,17.06036075944155]]],[[[114.34041419196149,9.744953215518535],[114.3553458364413,9.754749176233531],[114.34852680616723,9.76204206738754],[114.34041419196149,9.744953215518535]]],[[[114.04313337010899,10.029661326309224],[114.02986111959501,10.014985892385084],[114.04703974718666,10.018159983896169],[114.04313337010899,10.029661326309224]]],[[[115.36182909563627,10.257093766264347],[115.37278797868237,10.248831932048063],[115.37681432262298,10.256517101183306],[115.36182909563627,10.257093766264347]]],[[[114.39168088786278,9.797033610812548],[114.40940630325838,9.797439663709554],[114.39443669120044,9.805246378017955],[114.39168088786278,9.797033610812548]]],[[[114.34866057402633,11.455749084053025],[114.36456373902536,11.45536614103463],[114.36551865805973,11.460010352495829],[114.34866057402633,11.455749084053025]]],[[[114.22008268716638,11.055208542840035],[114.23220425242437,11.066672562488804],[114.21423079771318,11.06541895522065],[114.22008268716638,11.055208542840035]]],[[[114.28061505943754,11.06098815198169],[114.2944759153313,11.051098797571512],[114.29153522127353,11.0605707487411],[114.28061505943754,11.06098815198169]]],[[[111.70068113562598,16.204233320311516],[111.71710601712903,16.21396832677692],[111.69904962783812,16.211140262912863],[111.70068113562598,16.204233320311516]]],[[[114.35466049728416,11.401838112439009],[114.37169309655917,11.3997467983761],[114.36878500922091,11.408080134990314],[114.35466049728416,11.401838112439009]]],[[[111.71172427885244,16.45568060687458],[111.69363574689226,16.448039087234122],[111.71720526990737,16.4486513852533],[111.71172427885244,16.45568060687458]]],[[[114.5670578851134,10.408145120201198],[114.58301928031563,10.419619066566725],[114.5637270462662,10.414208509515163],[114.5670578851134,10.408145120201198]]],[[[114.35998904066173,10.372441751685528],[114.37348483385802,10.383309014499446],[114.3537518888387,10.375580333465678],[114.35998904066173,10.372441751685528]]],[[[112.95030397185087,9.639403851906309],[112.96589411162404,9.641510938279225],[112.96430548890726,9.644517340403013],[112.95030397185087,9.639403851906309]]],[[[114.38848123492107,9.894886237310061],[114.4030144725399,9.897079918503493],[114.38932276563321,9.90413605233698],[114.38848123492107,9.894886237310061]]],[[[116.51496204806017,9.74633171973312],[116.53655392952032,9.741501113885363],[116.53781583753096,9.744060728319994],[116.51496204806017,9.74633171973312]]],[[[112.97497499709846,9.647142445267662],[112.98642542619257,9.656532867497901],[112.97283428687285,9.652868074402136],[112.97497499709846,9.647142445267662]]],[[[114.57412298968427,9.951105441263167],[114.58759498052405,9.954037556687922],[114.57695307072765,9.960746673620122],[114.57412298968427,9.951105441263167]]],[[[114.50450905924572,9.869511844196325],[114.51795323675253,9.868711649023453],[114.51091412079006,9.874882410195141],[114.50450905924572,9.869511844196325]]],[[[114.47390027817539,10.374152376431084],[114.48608330490072,10.377837954657934],[114.47633757312053,10.382865408611792],[114.47390027817539,10.374152376431084]]],[[[114.32662510016826,9.881481693825151],[114.33188229763005,9.891121073578745],[114.32231085626108,9.888896679638094],[114.32662510016826,9.881481693825151]]],[[[114.52801427174131,10.708456223875658],[114.54023179376236,10.713058139321731],[114.53200872482284,10.717169437719406],[114.52801427174131,10.708456223875658]]],[[[114.3013501073217,9.876931139560497],[114.31114014150444,9.88223366105467],[114.30094225488119,9.884613676380127],[114.3013501073217,9.876931139560497]]],[[[114.21574728131202,10.210885480780348],[114.22928700908824,10.212087094643778],[114.22559445212232,10.218005624759826],[114.21574728131202,10.210885480780348]]],[[[114.32543987105328,11.426131136442848],[114.3368913127839,11.434401538500254],[114.33275603306458,11.436945444476748],[114.32543987105328,11.426131136442848]]],[[[112.99702282134615,9.650826387627717],[113.00707717617081,9.659970263416994],[112.99737827208969,9.660350604696703],[112.99702282134615,9.650826387627717]]],[[[114.36882525298313,11.448960567776055],[114.37096094948834,11.463606253925548],[114.36693620903884,11.464281119578061],[114.36882525298313,11.448960567776055]]],[[[114.39143406532992,11.429948203646745],[114.40002997160593,11.440445250647826],[114.39280058248096,11.441616590633203],[114.39143406532992,11.429948203646745]]],[[[114.41829670512891,10.665530954889732],[114.42847035592229,10.671816839175847],[114.42186366277792,10.675295339508352],[114.41829670512891,10.665530954889732]]],[[[116.16052504019854,10.71606846788552],[116.1724114345401,10.718209849005405],[116.1642429697373,10.723057811768626],[116.16052504019854,10.71606846788552]]],[[[115.81729160832117,10.815765381766994],[115.82975104707327,10.81904900620674],[115.8280419430813,10.822872435214776],[115.81729160832117,10.815765381766994]]],[[[114.18334181577222,11.030328677026887],[114.19319285636527,11.032981640190599],[114.18871186915749,11.036945081950023],[114.18334181577222,11.030328677026887]]],[[[114.25319936086191,11.070302004134248],[114.26318284461263,11.074053467593501],[114.25457258066012,11.079388817939673],[114.25319936086191,11.070302004134248]]],[[[112.87155393306762,9.570877396974367],[112.87923471261195,9.578770100859515],[112.86977497423572,9.577977729788472],[112.87155393306762,9.570877396974367]]],[[[114.55779854806462,10.749969351304571],[114.56638204009914,10.754383571045025],[114.56004465973331,10.757274203441796],[114.55779854806462,10.749969351304571]]],[[[112.93134582155244,9.634808423270158],[112.94254618605771,9.637932551146378],[112.93946029105962,9.639680034605988],[112.93134582155244,9.634808423270158]]],[[[113.01566032376502,9.657470437710572],[113.01988856820287,9.665554333865487],[113.01396153139956,9.664177356699724],[113.01566032376502,9.657470437710572]]],[[[115.79869553227309,10.729602749367416],[115.80668657522529,10.736957106485306],[115.80269114997668,10.73927308738314],[115.79869553227309,10.729602749367416]]],[[[114.20309155653013,11.055118157377137],[114.21102601144139,11.056017023466893],[114.20911302124898,11.060046733569948],[114.20309155653013,11.055118157377137]]],[[[112.92649155004506,9.62161973326414],[112.93001015294624,9.628549394538993],[112.9228591100599,9.625799869368507],[112.92649155004506,9.62161973326414]]],[[[114.49055516668761,9.847406344627132],[114.49489549812881,9.852005506349087],[114.48751076640883,9.854855032533749],[114.49055516668761,9.847406344627132]]],[[[112.63232618390634,16.567252259883958],[112.64043375561334,16.571078892277114],[112.63188360774234,16.57214168768877],[112.63232618390634,16.567252259883958]]],[[[116.64259751646227,9.035331159905127],[116.65056129376876,9.037222600542634],[116.64588625894373,9.039531898578332],[116.64259751646227,9.035331159905127]]],[[[117.82664006868424,15.134047678457648],[117.82594617607526,15.13990896852414],[117.82104110906005,15.13647849108952],[117.82664006868424,15.134047678457648]]],[[[117.81019986723015,15.118519866198938],[117.80950507260104,15.124380220071146],[117.80460089951191,15.12094855463215],[117.81019986723015,15.118519866198938]]],[[[111.58233064304483,16.502870700222672],[111.58873363974573,16.507658521723442],[111.58484941297007,16.509621281297143],[111.58233064304483,16.502870700222672]]],[[[114.57223102474211,10.775290398433185],[114.56574587587158,10.782212034158078],[114.56572005363762,10.776696148508506],[114.57223102474211,10.775290398433185]]],[[[111.91867030289222,8.646229660570441],[111.92148149187739,8.643919229388985],[111.92259555404166,8.64643841929768],[111.91867030289222,8.646229660570441]]],[[[111.71804651823231,16.54307317458739],[111.71877548530045,16.545981765546117],[111.7157902837946,16.544868456114386],[111.71804651823231,16.54307317458739]]],[[[111.6857032246242,16.56568507340745],[111.68680995191778,16.567303682219233],[111.68558738025348,16.567187940371184],[111.6857032246242,16.56568507340745]]]]}},{"type":"Feature","properties":{"name":"济宁市","adcode":"370800","level":"city","parent_adcode":"370000"},"geometry":{"type":"Polygon","coordinates":[[[116.06514350966529,35.965537535029284],[115.90643725507539,35.960542055571466],[115.86648309521888,35.81612126008815],[116.1085002445908,35.68743318469387],[116.11285107022093,35.49002618506057],[116.19809003502723,35.45979589536438],[116.18344096023225,35.30685766035276],[116.27787519978074,35.245722750404695],[116.1074534103468,35.0534071348315],[116.14935383980799,34.94176069959673],[116.40425164969395,34.84907837536679],[116.61730446522893,34.94104984487461],[116.74981386521779,34.90853867032354],[116.79575701977069,34.970983209907274],[116.96360043491222,34.870107155321136],[117.05452864498102,34.64833994513242],[117.13115903476171,34.63385670532284],[117.14897682492074,34.50569408491418],[117.24878407482538,34.4528998050821],[117.26675514543365,34.557386910177854],[117.40573618467727,34.623322064861554],[117.1572920599807,34.78394649513473],[117.18691065510268,34.818982519927545],[117.09777555469816,34.937983830289625],[116.96640950959124,34.93622241543227],[116.80796076957392,35.17537124998336],[117.26124141006323,35.254807150429826],[117.31382889978408,35.320690210085274],[117.45350673015162,35.287251380347016],[117.41911957520836,35.46298308999775],[117.58525206972729,35.56038385033452],[117.58771160490687,35.63348997508234],[117.30102776541924,35.80042635469255],[117.12072917970795,35.76505964468703],[116.99865993470837,35.80898105043531],[116.86862396532388,35.68173645527321],[116.60791863493716,35.70405035024356],[116.68697133515911,35.785306035145595],[116.60429443004398,35.85392998468109],[116.66274938007996,35.93831395502514],[116.2967648999803,35.777387589965485],[116.22665669045398,35.89177309035597],[116.11697470012246,35.88797117492993],[116.06514350966529,35.965537535029284]]]}},{"type":"Feature","properties":{"name":"铁门关市","adcode":"659006","level":"city","parent_adcode":"650000"},"geometry":{"type":"MultiPolygon","coordinates":[[[[85.73736905473817,41.75708776508827],[85.78817597494145,41.82898150839003],[85.5113500900348,41.91257592973551],[85.36858182489141,41.829223585200396],[85.35398149964664,41.75037999983715],[85.61277267971548,41.74253265955468],[85.60467172521999,41.69851042002006],[85.68665891507692,41.74324190538971],[85.68079777519733,41.674600529690736],[85.70136987042326,41.74358203977931],[85.7026579846783,41.68056222996307],[85.78017272009504,41.655005045146765],[85.73736905473817,41.75708776508827]]],[[[89.07468016491362,39.320658100900175],[88.81077566089652,39.31765041904282],[88.8054550055736,38.959943704339196],[89.07011960320813,39.186556975324265],[88.9374072575821,39.19246862587153],[89.07011960320813,39.23385017970361],[89.07468016491362,39.320658100900175]]],[[[86.80338218729736,42.26225846619565],[86.63372929185795,42.292957563775246],[86.63490168306765,42.23039692807811],[86.47897423132275,42.191940938631376],[86.44188166278576,42.255102257638214],[86.37164901252328,42.15252993498183],[86.5552305098804,42.13632577991092],[86.67631242517842,42.23302230003935],[86.79532519495137,42.205112510903746],[86.80338218729736,42.26225846619565]]],[[[84.38127462136805,37.8017260967917],[84.33247661112057,37.87463645354342],[84.08331792328437,37.78606540849944],[84.11691406118052,37.74385414932732],[84.38127462136805,37.8017260967917]]],[[[85.40770504252163,38.21969016181225],[85.36118731312678,38.230580044399574],[85.21600943217288,38.16098850900784],[85.31254132160308,38.12904485341818],[85.25386209432725,38.10010887968588],[85.38368608420654,38.10467225905592],[85.32850328757178,38.152691455607965],[85.40770504252163,38.21969016181225]]],[[[86.55769168185913,41.933828244381004],[86.49859140244428,42.09244354938767],[86.4424964934683,42.10499284265495],[86.52352247310034,41.97493653061139],[86.50786454457858,41.93407354261694],[86.55769168185913,41.933828244381004]]],[[[86.65224238537803,42.32481724521989],[86.49615910286809,42.3490299257798],[86.47107601348853,42.30235900040532],[86.6072847897554,42.238990255063584],[86.61647339513132,42.3020745148271],[86.65224238537803,42.32481724521989]]],[[[86.07492648566875,41.80427287619233],[85.87437555868519,41.777816916117956],[86.09693158762269,41.79682551928232],[86.07492648566875,41.80427287619233]]],[[[87.1229327472031,42.177463811963776],[87.03248160671336,42.21749709461841],[87.00390208669313,42.154750628281704],[87.0782392424905,42.130378033919385],[87.1229327472031,42.177463811963776]]],[[[86.60444938041286,41.89430329030745],[86.58286272167396,41.940663076179305],[86.55717155740047,41.88507281839992],[86.60444938041286,41.89430329030745]]],[[[86.4583064407135,41.88843974891739],[86.50740848840798,41.93044358175456],[86.4587624968841,41.921939102019564],[86.4583064407135,41.88843974891739]]],[[[85.56838883327396,38.063601844726406],[85.51609439238575,38.091811826286005],[85.50940556855124,38.08569274940368],[85.56838883327396,38.063601844726406]]],[[[85.43322689490543,41.930413868305436],[85.40972686969945,41.9475212632957],[85.40504316720853,41.939225905051615],[85.43322689490543,41.930413868305436]]],[[[86.46879573263584,41.99723486162378],[86.48110924924043,42.01808120829094],[86.46940380752994,42.00905816271853],[86.46879573263584,41.99723486162378]]]]}},{"type":"Feature","properties":{"name":"徐州市","adcode":"320300","level":"city","parent_adcode":"320000"},"geometry":{"type":"Polygon","coordinates":[[[116.80889083314548,34.96351541500445],[116.74981386521779,34.90853867032342],[116.43864997511628,34.89688514013716],[116.36212446517197,34.64721151000322],[116.42485382004782,34.65234017006287],[116.56769914539927,34.48661732482975],[116.96544035968486,34.39272573980111],[116.96962821017382,34.28877834034819],[117.0439255652127,34.244751999904906],[117.019967404672,34.16850560534948],[117.14359819020433,34.07987467027988],[117.35248330995682,34.08866928535929],[117.40855754499478,34.022440244821496],[117.50837544467106,34.062285610092886],[117.55875794512315,33.97972915477675],[117.61765001513618,34.03434742969017],[117.75297327509668,33.88744404490677],[117.75320608529262,33.718381540275914],[118.16328965019727,33.750713659807616],[118.16260692536935,33.88283607972136],[118.02690818496478,33.985603875318645],[118.05889455473994,34.06011071483766],[117.99447588995042,34.13856370035455],[118.17945384521886,34.165229240237295],[118.22712276460402,34.101597150388216],[118.47536426484896,34.10051038534607],[118.67055438977332,34.40432389513171],[118.6144066099771,34.46400574526899],[118.16663230973336,34.38178023956647],[118.12160729014442,34.48624538501656],[118.18388751459713,34.54475090483044],[118.07233751456465,34.571159865435504],[118.09576336009104,34.656448399973726],[117.95611488989027,34.680422129577664],[117.78813354482725,34.65502023969236],[117.79140895036278,34.52267579964848],[117.67866976959431,34.54797992963012],[117.58325785996237,34.46327994471375],[117.29938252498357,34.57439203516435],[117.23153385040689,34.44579699463566],[117.14897682492062,34.505694084914126],[117.1227245100282,34.64473642014974],[117.05452864498102,34.64833994513242],[116.96360043491222,34.87010715532102],[116.80889083314548,34.96351541500445]]]}},{"type":"Feature","properties":{"name":"新星市","adcode":"659011","level":"city","parent_adcode":"650000"},"geometry":{"type":"MultiPolygon","coordinates":[[[[93.77581879917966,42.68379216573271],[93.83811963928054,42.80588930987591],[93.71956408113925,42.82107080956689],[93.65294864342087,42.67480599516841],[93.64850113022862,42.76353508132098],[93.53830267320757,42.807514272403296],[93.511236993983,42.65345681330729],[93.66859341786636,42.63191496577576],[93.70772112478284,42.56456314707418],[93.83221299471404,42.540144262918545],[94.03987096215155,42.652304636412964],[94.01588205544442,42.728813339131136],[93.8130560568872,42.603798315307245],[93.77581879917966,42.68379216573271]]],[[[94.15590527442833,42.54505304000753],[94.09639329745102,42.578240888072116],[94.05608296259834,42.53605447704399],[94.11065590716913,42.52121945004001],[94.15590527442833,42.54505304000753]]]]}},{"type":"Feature","properties":{"name":"丹东市","adcode":"210600","level":"city","parent_adcode":"210000"},"geometry":{"type":"MultiPolygon","coordinates":[[[[123.74359306976442,39.76075322498144],[123.7060766949835,39.7457098352408],[123.75577812985694,39.74918679503469],[123.74359306976442,39.76075322498144]]],[[[123.82350918030465,39.78436707018426],[123.80979880527082,39.79325197539845],[123.8038274453803,39.78884830470565],[123.82350918030465,39.78436707018426]]],[[[124.47819587983611,40.13296875050753],[124.47810528033449,40.137734214862235],[124.47731013035843,40.134596535102105],[124.47819587983611,40.13296875050753]]],[[[124.7572184101017,41.12443268492052],[124.50478254467873,41.047525800375524],[124.25750994522798,41.098366490121464],[124.2255509202389,41.039457695416445],[124.08261208967633,41.03356489490403],[124.14701986997125,40.95460385988031],[124.1282799401672,40.84897980487409],[123.68951483504168,40.81388387983719],[123.53925722004476,40.85937960998115],[123.54944929974556,40.71752410005729],[123.72840445480176,40.64555311038782],[123.7630637499924,40.49528680973856],[123.70486099503898,40.30238162471221],[123.55381370963505,40.18814936969778],[123.59899875009239,40.14350186032266],[123.37105863474824,39.969610544890884],[123.48424799994541,39.90114201529184],[123.54360649974024,39.75594896477298],[123.62862535008003,39.83291865527184],[123.83930838997037,39.84172314041069],[124.12376971959702,39.8293939100011],[124.09852480547556,39.778227484910644],[124.14086960974475,39.74643007978443],[124.14029334486202,39.8210243001314],[124.26341822037477,39.932580189823966],[124.26860061492653,39.81940296547464],[124.40948884463478,39.8065916247038],[124.31107045463784,39.914897139691334],[124.36644288033472,39.95022256541921],[124.36600437540176,40.086189339766406],[124.4600109252641,40.12819693514052],[124.47037850046752,40.14931643510556],[124.47119358031955,40.154331705044285],[124.46894899480048,40.15859604557119],[124.4702222648458,40.16072307980636],[124.47059335030292,40.162656400072876],[124.4565193101181,40.12983921500785],[124.40632002494942,40.13336875996049],[124.51292929535089,40.20663010049873],[124.5221849101057,40.16606134035868],[124.89697935491347,40.47915317008284],[125.04128594009421,40.45526211515448],[125.02508747011075,40.52971711055625],[125.28244631524535,40.6514012100979],[125.4131263296166,40.6224251248197],[125.55878147518501,40.76752003052508],[125.68759363543813,40.767161235202934],[125.64208032534691,40.802454150438734],[125.68257152525587,40.89683883014794],[125.518017425464,40.90821194002899],[125.52203243524878,40.985205250322224],[125.34756078999862,40.9981894003206],[125.26891456535498,41.09860695534678],[124.7572184101017,41.12443268492052]]]]}},{"type":"Feature","properties":{"name":"郑州市","adcode":"410100","level":"city","parent_adcode":"410000"},"geometry":{"type":"Polygon","coordinates":[[[113.65529591017821,34.276029515050205],[114.05702396388503,34.31715432241428],[113.9785155494933,34.43460001914323],[114.02345860493071,34.50470639998047],[114.0888888748218,34.47594984011309],[114.14913559992806,34.60695354027371],[114.16797177517732,34.7695557955636],[114.11113987030888,34.81907878515787],[114.1960434950114,34.831880725315244],[114.17809392539445,34.9466867702783],[114.01343411479266,34.96599817517577],[113.887579045037,34.87999610053962],[113.36805751993879,34.981016355120715],[113.14166077522461,34.857064130305446],[112.80789466031037,34.83339282022255],[112.93125241976341,34.7227401097683],[112.82040573993305,34.693121889663516],[112.83035465464373,34.595261060449616],[112.97442744037423,34.53581701983973],[112.90101527993131,34.46915739020154],[112.73093305471679,34.49247318478972],[112.7257013503371,34.35313197965724],[112.83389965534492,34.2990532898775],[113.14694295495353,34.267788644930114],[113.33483556980583,34.40829409529635],[113.65529591017821,34.276029515050205]]]}},{"type":"Feature","properties":{"name":"白杨市","adcode":"659012","level":"city","parent_adcode":"650000"},"geometry":{"type":"MultiPolygon","coordinates":[[[[82.61266222363639,46.304215138960956],[82.45567842541914,45.97723121974508],[82.33868457003695,45.936179164836744],[82.26367187499937,45.61921874999956],[82.53365518224899,45.678435711535826],[82.4550676383904,45.728822191717995],[82.54570375262256,45.81841571656645],[82.63705339533868,45.77151113622301],[82.56944481632223,45.934065353071844],[82.6979852828826,45.97238628207094],[82.63126631044116,46.099739706317564],[82.73996742692589,46.11908950631755],[82.69565584668521,46.12268568202518],[82.70528037334924,46.24404788842577],[82.61266222363639,46.304215138960956]]],[[[82.90066912796249,46.47680987617787],[82.9269642427414,46.67804655370719],[82.91136214262201,46.57308858333431],[82.76543234246941,46.510623322210506],[82.90066912796249,46.47680987617787]]],[[[82.94153726222328,46.75632151112353],[82.94862488319109,46.754755712223414],[82.946243331647,46.762425493797366],[82.94153726222328,46.75632151112353]]],[[[84.75167688468053,47.00596053535048],[84.19287886047113,47.00340100994873],[84.12454463623044,46.97045591363957],[84.22125407039152,46.85827304964948],[84.18854398259617,46.8188865849765],[84.45377819628646,46.82783010357258],[84.5736515104166,46.896543023985885],[84.73863418521967,46.74586147033074],[84.9452820498268,46.86305008019713],[84.75167688468053,47.00596053535048]]],[[[82.9940463720904,47.06221931880276],[82.93529430009215,47.01554073521697],[82.78552781432006,46.68155365681855],[82.87938823618413,46.68516685159557],[82.93361090864619,46.81388989039857],[83.00985778979918,46.80735447954589],[83.05494639889463,46.878241602145806],[83.0453186274944,46.98330219226335],[82.9447782920086,46.92542353368782],[83.01625791976176,47.001866680334274],[82.9940463720904,47.06221931880276]]]]}},{"type":"Feature","properties":{"name":"塔城地区","adcode":"654200","level":"city","parent_adcode":"650000"},"geometry":{"type":"Polygon","coordinates":[[[83.1671915151764,47.2245453451917],[83.02518545964136,47.221794114906515],[83.01625791976176,47.001866680334274],[82.9447782920086,46.92542353368782],[83.0453186274944,46.98330219226335],[83.05494639889463,46.878241602145806],[83.00985778979918,46.80735447954589],[82.93361090864619,46.81388989039857],[82.87938823618413,46.68516685159557],[82.78552781432006,46.68155365681855],[82.61205465370904,46.30503111819718],[82.70528037334924,46.24404788842577],[82.69565584668521,46.12268568202518],[82.73996742692589,46.11908950631755],[82.63126631044116,46.099739706317564],[82.6979852828826,45.97238628207094],[82.56944481632223,45.934065353071844],[82.63705339533868,45.77151113622301],[82.54570375262256,45.81841571656645],[82.4550676383904,45.728822191717995],[82.53365518224899,45.678435711535826],[82.26275001989762,45.61825343504802],[82.27784207465214,45.53871559464909],[82.54466767467363,45.424777845121525],[82.58453000025946,45.2228289247152],[82.65357991008494,45.16666670000831],[83.46532749516786,44.97752880471069],[83.79513715515577,44.758278074773386],[83.74246948008249,44.553402690281985],[83.79056232998767,44.46646863022323],[83.51451260497294,44.466679020320726],[83.4180237598888,44.246456160123785],[83.49958251002488,43.998414240125214],[83.88230890513205,43.95098219047583],[84.31700819507222,43.72021021972597],[84.62734439502793,43.72841024983313],[84.60659791046527,43.658915779939434],[84.77937339476648,43.643159160367134],[84.93284688467605,43.48170964978061],[85.0530822051798,43.56116600980363],[85.35438845995952,43.48016835028915],[85.59471607009073,43.528165075258016],[85.71715238507448,43.63669099519336],[85.78443748510193,43.83874742505378],[85.96828516972488,43.93246282479964],[85.96504755010449,44.00333331498058],[86.09481271023839,44.12400657024716],[85.98358175459441,44.156846955123],[85.9095940154516,44.42738285483506],[86.12833623542906,44.460467939843625],[86.0700395345969,44.5814846300118],[85.95314528003081,44.638554929866245],[85.86594764037142,44.865162685209896],[85.6663107402486,44.91843918512046],[85.66620589458648,45.33379104512073],[87.33350370962859,45.3337734849585],[87.33288742491482,46.00064548020481],[87.03390433032075,46.498695130276076],[87.19849522497469,46.714796650245376],[87.20049804035239,46.848580994817155],[87.02672009525628,46.96514946007966],[87.03748862959662,47.117529020048266],[86.078834664988,47.02485858485585],[85.9522195251111,47.07708059009724],[85.27308334022405,47.067954144967814],[84.73863418521967,46.74586147033074],[84.5736515104166,46.896543023985885],[84.45377819628646,46.82783010357258],[84.18854398259617,46.8188865849765],[84.22125407039152,46.85827304964948],[84.12454463623044,46.97045591363957],[83.6978220552437,47.01482098979693],[83.1671915151764,47.2245453451917]],[[82.94862488319109,46.754755712223414],[82.94217930436821,46.761639373000435],[82.946243331647,46.762425493797366],[82.94862488319109,46.754755712223414]],[[82.94730394669614,46.68593922064872],[82.90066912796249,46.47680987617787],[82.76543234246941,46.510623322210506],[82.91136214262201,46.57308858333431],[82.94730394669614,46.68593922064872]],[[85.57397078522371,46.19929344533631],[85.9028537846745,46.180889764850804],[86.0217177199969,46.067451759591165],[85.63969168542297,45.788392289672515],[85.43140523985994,45.45868703018243],[85.25032952478779,45.394498949766785],[85.20067684036405,45.24326380498064],[85.25684854032801,45.03474384055596],[85.04840155498795,44.93052969049296],[85.00772717037268,44.75432856531114],[85.05184197532697,44.722008914879666],[85.01585927018931,44.617891785477696],[85.20206371546823,44.63518315028222],[85.25239873531342,44.47582990542588],[85.17739301487592,44.32421645992173],[84.99050599495575,44.30844379554486],[84.91498021006868,44.17835339019689],[84.73311884545836,44.12534955483824],[84.8709620246778,44.63174743969273],[84.62407437013616,44.78386980974403],[84.60773270020405,44.99462106501022],[84.51828624191666,44.975080803336425],[84.5386088697037,45.15188370896618],[84.65330291219982,45.15140632004574],[84.65873367701772,45.102220308220694],[84.66643687036532,45.15790933035146],[84.57693787008668,45.309917655575475],[84.80262126535916,45.609136379740164],[84.77153222023583,45.64985470523055],[84.89283382462139,45.63966463011866],[85.12117351504588,45.74142589548876],[85.28561293958569,45.96655638037282],[85.28011148985343,46.089968949907245],[85.57397078522371,46.19929344533631]]]}},{"type":"Feature","properties":{"name":"阿坝藏族羌族自治州","adcode":"513200","level":"city","parent_adcode":"510000"},"geometry":{"type":"Polygon","coordinates":[[[104.43381966034912,33.324400604604236],[104.29353130002954,33.33247269985526],[104.21983477485502,33.40548414038085],[104.10468034961849,33.666136399974896],[103.76337041021634,33.657437225447666],[103.59504632992422,33.73137360520774],[103.54459028471393,33.67326896539049],[103.51824211018527,33.811781295070766],[103.3377946399108,33.743023569582135],[103.26911663482491,33.81152272469404],[103.15833686995063,33.80703191509087],[103.18373749988575,33.90406534463999],[103.12202554534268,33.93526977008389],[103.11651892990477,34.03637424977188],[103.17703969462627,34.080810104602676],[102.8788787098846,34.31462557541005],[102.59630227023365,34.15303651522305],[102.65680943990378,34.07564119538489],[102.4357968598373,34.08807733989737],[102.38982878507045,33.97180059492154],[102.12967560514511,33.96800189547116],[102.31928570027492,33.75946596987865],[102.2845463699191,33.71806986493237],[102.34010807502767,33.730782350425145],[102.33808644043694,33.61292560003647],[102.47643621495939,33.54393869491491],[102.46634632522279,33.45267959548698],[102.23240016043911,33.38817825512245],[102.20684049529268,33.22675370971598],[102.10699222011493,33.29771238471879],[102.07972326032029,33.19480189549113],[101.82452453997558,33.12109657494704],[101.83932591046243,33.19261615980798],[101.76563496468191,33.26605728471594],[101.87586525008129,33.31681929547415],[101.94505194499135,33.443563755163204],[101.84231784968908,33.60503152018857],[101.76847736463873,33.54815449993026],[101.77334694530532,33.45441054041419],[101.65974628506308,33.385189020157206],[101.65236055509558,33.318109350466216],[101.73901076483496,33.269280054730814],[101.63120357498508,33.103355985290534],[101.48684957484807,33.22860597048919],[101.39818544490242,33.22613642045951],[101.38202589487918,33.154433284868276],[101.29510152501541,33.264152130316624],[101.18249890540022,33.272259780264676],[101.11462907966836,33.19769860011035],[101.1840907099184,32.987983520323276],[101.12702808038165,32.99134744522848],[101.11955825480965,32.91330860021179],[101.21914245036385,32.86436331531478],[101.21909796989547,32.7214184053352],[101.12165122992035,32.635555095191535],[101.070595444824,32.68360110480717],[100.9259912047304,32.601859245507846],[100.6861694848339,32.684678970158416],[100.71905560473242,32.62425703553379],[100.66383503046234,32.625137204718264],[100.66873708025213,32.52547028052907],[100.52521267502497,32.34618417495978],[100.5949827349653,32.23293851040397],[100.72037092527802,32.18338812476218],[100.69455702988307,32.135557785163705],[100.78974989973813,32.000164200017885],[101.00918274508768,31.960858974761933],[100.99395186468689,31.868743250400712],[100.85050577961812,31.76641625480635],[101.05926604019567,31.633280340315473],[101.1033843552039,31.471959355439942],[101.2252959499482,31.53408463479808],[101.29838037045778,31.360383980136653],[101.4488441847114,31.436200639947636],[101.4226827696941,31.36644086015763],[101.44858584995706,31.295203100342864],[101.48001031972053,31.37142165998165],[101.64839321027846,31.38300375521918],[101.8519297497582,31.275748700542124],[101.8826721547962,31.16343542970138],[101.96962902975599,31.181698744901208],[102.03685612980662,31.07393676486987],[102.15819287969771,31.14209553558056],[102.19756057546027,30.911931465165022],[102.06375771474677,30.878392209932585],[102.04621724492995,30.66390533006699],[102.17600644484162,30.59528983505789],[102.34712657043491,30.710776450073176],[102.46986947959289,30.691750835332808],[102.4942883601198,30.794609410296115],[102.81199534510915,30.94116050005709],[102.89253460488817,30.904733275320435],[102.8905345252482,30.76605880956645],[103.17459799480166,30.84852541991228],[103.3041715750582,30.813441829976504],[103.51635856469608,30.974909565324253],[103.57055758016826,31.34319421534081],[103.8005088547999,31.43236717540486],[103.98425840000522,31.68357242023109],[104.17062196503173,31.735377415235572],[104.1567559848009,31.82095277055396],[103.9720875653889,31.859178509880387],[103.91805083527788,31.94553535537238],[103.74649321469019,31.958827640083584],[103.84890273027685,32.164266140470026],[104.14989494539549,32.12768282040587],[104.25479119975414,32.21779507558233],[104.18422592508642,32.31185874048855],[104.12714862041258,32.22688751554649],[103.89277617967701,32.34472883986411],[103.90555043510456,32.511174315542284],[103.84393036519423,32.59348146529742],[104.03863402524013,32.65161084996083],[104.1332234104321,32.526540055579176],[104.09252447972102,32.469906980023154],[104.14199755514312,32.47668655524039],[104.18159785965355,32.667236965313734],[104.10247155531806,32.846718634757224],[103.96830094023625,32.84005919997214],[103.97035605478817,33.007584895426646],[104.10777056495967,33.00355801009414],[104.24589682467877,32.879639759867075],[104.36796218011057,32.94740853957251],[104.42274012965333,33.028517160138904],[104.33065254957557,33.045447275371494],[104.3805095203981,33.11018002478835],[104.30002479011205,33.30475507009043],[104.43381966034912,33.324400604604236]]]}}]}